2025-07-27 12:54:06,147 [background-preinit] INFO  o.h.validator.internal.util.Version                - HV000001: Hibernate Validator 8.0.2.Final
2025-07-27 12:54:06,195 [main] INFO  edu.market.notification.App                        - Starting App v1.0.0 using Java 21 with PID 15052 (C:\Users\ja2c\Desktop\Cursos\micro-servicio-archt\k8s\microservices\services\notification-service\target\classes started by ja2c in C:\Users\ja2c\Desktop\Cursos\micro-servicio-archt\k8s\microservices\services\notification-service)
2025-07-27 12:54:06,196 [main] DEBUG edu.market.notification.App                        - Running with Spring Boot v3.4.5, Spring v6.2.6
2025-07-27 12:54:06,197 [main] INFO  edu.market.notification.App                        - The following 1 profile is active: "dev"
2025-07-27 12:54:06,228 [main] INFO  o.s.c.c.c.ConfigServerConfigDataLoader             - Fetching config from server at : http://localhost:8890
2025-07-27 12:54:06,229 [main] INFO  o.s.c.c.c.ConfigServerConfigDataLoader             - Exception on Url - http://localhost:8890:org.springframework.web.client.ResourceAccessException: I/O error on GET request for "http://localhost:8890/notification-service/default": Connection refused: no further information. Will be trying the next url if available
2025-07-27 12:54:06,229 [main] WARN  o.s.c.c.c.ConfigServerConfigDataLoader             - Could not locate PropertySource ([ConfigServerConfigDataResource@437ebf59 uris = array<String>['http://localhost:8890'], optional = true, profiles = 'default']): I/O error on GET request for "http://localhost:8890/notification-service/default": Connection refused: no further information
2025-07-27 12:54:06,229 [main] INFO  o.s.c.c.c.ConfigServerConfigDataLoader             - Fetching config from server at : http://localhost:8890
2025-07-27 12:54:06,229 [main] INFO  o.s.c.c.c.ConfigServerConfigDataLoader             - Exception on Url - http://localhost:8890:org.springframework.web.client.ResourceAccessException: I/O error on GET request for "http://localhost:8890/notification-service/dev": Connection refused: no further information. Will be trying the next url if available
2025-07-27 12:54:06,229 [main] WARN  o.s.c.c.c.ConfigServerConfigDataLoader             - Could not locate PropertySource ([ConfigServerConfigDataResource@1d8e2eea uris = array<String>['http://localhost:8890'], optional = true, profiles = 'dev']): I/O error on GET request for "http://localhost:8890/notification-service/dev": Connection refused: no further information
2025-07-27 12:54:06,229 [main] INFO  o.s.c.c.c.ConfigServerConfigDataLoader             - Fetching config from server at : http://localhost:8890
2025-07-27 12:54:06,230 [main] INFO  o.s.c.c.c.ConfigServerConfigDataLoader             - Exception on Url - http://localhost:8890:org.springframework.web.client.ResourceAccessException: I/O error on GET request for "http://localhost:8890/notification-service/default": Connection refused: no further information. Will be trying the next url if available
2025-07-27 12:54:06,230 [main] WARN  o.s.c.c.c.ConfigServerConfigDataLoader             - Could not locate PropertySource ([ConfigServerConfigDataResource@240139e1 uris = array<String>['http://localhost:8890'], optional = true, profiles = 'default']): I/O error on GET request for "http://localhost:8890/notification-service/default": Connection refused: no further information
2025-07-27 12:54:07,451 [main] INFO  o.s.d.r.c.RepositoryConfigurationDelegate          - Bootstrapping Spring Data JPA repositories in DEFAULT mode.
2025-07-27 12:54:07,631 [main] INFO  o.s.d.r.c.RepositoryConfigurationDelegate          - Finished Spring Data repository scanning in 167 ms. Found 6 JPA repository interfaces.
2025-07-27 12:54:08,043 [main] INFO  o.s.cloud.context.scope.GenericScope               - BeanFactory id=921a32c0-88ab-3c17-b0ec-1657964fe5f2
2025-07-27 12:54:09,095 [main] INFO  o.s.b.w.embedded.tomcat.TomcatWebServer            - Tomcat initialized with port 8080 (http)
2025-07-27 12:54:09,109 [main] INFO  o.apache.coyote.http11.Http11NioProtocol           - Initializing ProtocolHandler ["http-nio-8080"]
2025-07-27 12:54:09,111 [main] INFO  o.apache.catalina.core.StandardService             - Starting service [Tomcat]
2025-07-27 12:54:09,112 [main] INFO  org.apache.catalina.core.StandardEngine            - Starting Servlet engine: [Apache Tomcat/10.1.40]
2025-07-27 12:54:09,190 [main] INFO  o.a.c.c.C.[.[.[/notification-service]              - Initializing Spring embedded WebApplicationContext
2025-07-27 12:54:09,191 [main] INFO  o.s.b.w.s.c.ServletWebServerApplicationContext     - Root WebApplicationContext: initialization completed in 2960 ms
2025-07-27 12:54:09,738 [main] INFO  com.zaxxer.hikari.HikariDataSource                 - HikariPool-1 - Starting...
2025-07-27 12:54:09,936 [main] INFO  com.zaxxer.hikari.pool.HikariPool                  - HikariPool-1 - Added connection conn0: url=jdbc:h2:mem:userdb user=SA
2025-07-27 12:54:09,938 [main] INFO  com.zaxxer.hikari.HikariDataSource                 - HikariPool-1 - Start completed.
2025-07-27 12:54:10,224 [main] INFO  o.hibernate.jpa.internal.util.LogHelper            - HHH000204: Processing PersistenceUnitInfo [name: default]
2025-07-27 12:54:10,300 [main] INFO  org.hibernate.Version                              - HHH000412: Hibernate ORM core version 6.6.13.Final
2025-07-27 12:54:10,370 [main] INFO  o.h.c.internal.RegionFactoryInitiator              - HHH000026: Second-level cache disabled
2025-07-27 12:54:10,676 [main] INFO  o.s.o.j.p.SpringPersistenceUnitInfo                - No LoadTimeWeaver setup: ignoring JPA class transformer
2025-07-27 12:54:10,737 [main] INFO  org.hibernate.orm.connections.pooling              - HHH10001005: Database info:
	Database JDBC URL [Connecting through datasource 'HikariDataSource (HikariPool-1)']
	Database driver: undefined/unknown
	Database version: 2.3.232
	Autocommit mode: undefined/unknown
	Isolation level: undefined/unknown
	Minimum pool size: undefined/unknown
	Maximum pool size: undefined/unknown
2025-07-27 12:54:11,703 [main] INFO  o.h.e.t.j.p.i.JtaPlatformInitiator                 - HHH000489: No JTA platform available (set 'hibernate.transaction.jta.platform' to enable JTA platform integration)
2025-07-27 12:54:11,828 [main] INFO  o.s.o.j.LocalContainerEntityManagerFactoryBean     - Initialized JPA EntityManagerFactory for persistence unit 'default'
2025-07-27 12:54:12,706 [main] INFO  o.s.d.j.r.query.QueryEnhancerFactory               - Hibernate is in classpath; If applicable, HQL parser will be used.
2025-07-27 12:54:14,259 [main] WARN  o.s.b.a.o.j.JpaBaseConfiguration$JpaWebConfiguration - spring.jpa.open-in-view is enabled by default. Therefore, database queries may be performed during view rendering. Explicitly configure spring.jpa.open-in-view to disable this warning
2025-07-27 12:54:14,712 [main] INFO  o.s.b.a.e.web.EndpointLinksResolver                - Exposing 1 endpoint beneath base path '/actuator'
2025-07-27 12:54:15,264 [main] INFO  o.s.b.a.h2.H2ConsoleAutoConfiguration              - H2 console available at '/h2-console'. Database available at 'jdbc:h2:mem:userdb'
2025-07-27 12:54:15,356 [main] INFO  o.s.c.n.e.c.DiscoveryClientOptionalArgsConfiguration - Eureka HTTP Client uses RestTemplate.
2025-07-27 12:54:15,415 [main] WARN  o.s.c.l.c.LoadBalancerCacheAutoConfiguration$LoadBalancerCaffeineWarnLogger - Spring Cloud LoadBalancer is currently working with the default cache. While this cache implementation is useful for development and tests, it's recommended to use Caffeine cache in production.You can switch to using Caffeine cache, by adding it and org.springframework.cache.caffeine.CaffeineCacheManager to the classpath.
2025-07-27 12:54:15,469 [main] INFO  o.s.c.netflix.eureka.InstanceInfoFactory           - Setting initial instance status as: STARTING
2025-07-27 12:54:15,487 [main] INFO  com.netflix.discovery.DiscoveryClient              - Initializing Eureka in region us-east-1
2025-07-27 12:54:15,487 [main] INFO  com.netflix.discovery.DiscoveryClient              - Client configured to neither register nor query for data.
2025-07-27 12:54:15,488 [main] INFO  com.netflix.discovery.DiscoveryClient              - Discovery Client initialized at timestamp 1753635255488 with initial instances count: 0
2025-07-27 12:54:15,495 [main] INFO  o.s.c.n.e.s.EurekaServiceRegistry                  - Registering application NOTIFICATION-SERVICE with eureka with status UP
2025-07-27 12:54:15,496 [main] INFO  o.apache.coyote.http11.Http11NioProtocol           - Starting ProtocolHandler ["http-nio-8080"]
2025-07-27 12:54:15,512 [main] INFO  o.s.b.w.embedded.tomcat.TomcatWebServer            - Tomcat started on port 8080 (http) with context path '/notification-service'
2025-07-27 12:54:15,512 [main] INFO  o.s.c.n.e.s.EurekaAutoServiceRegistration          - Updating port to 8080
2025-07-27 12:54:15,530 [main] INFO  edu.market.notification.App                        - Started App in 10.392 seconds (process running for 10.928)
2025-07-27 12:54:35,815 [http-nio-8080-exec-1] INFO  o.a.c.c.C.[.[.[/notification-service]              - Initializing Spring DispatcherServlet 'dispatcherServlet'
2025-07-27 12:54:35,816 [http-nio-8080-exec-1] INFO  o.s.web.servlet.DispatcherServlet                  - Initializing Servlet 'dispatcherServlet'
2025-07-27 12:54:35,818 [http-nio-8080-exec-1] INFO  o.s.web.servlet.DispatcherServlet                  - Completed initialization in 2 ms
2025-07-27 12:54:36,984 [http-nio-8080-exec-8] INFO  o.springdoc.api.AbstractOpenApiResource            - Init duration for springdoc-openapi is: 835 ms
2025-07-27 12:56:42,612 [http-nio-8080-exec-5] INFO  e.m.n.i.a.i.w.c.NotificationController             - sendNotification - init
2025-07-27 12:56:42,612 [http-nio-8080-exec-5] DEBUG e.m.n.i.a.i.w.c.NotificationController             - sendNotification - Call notificationMapper.toNotificationCommand
2025-07-27 12:56:42,613 [http-nio-8080-exec-5] INFO  e.m.n.i.a.i.w.m.NotificationInputMapper            - toNotificationCommand - init
2025-07-27 12:56:42,613 [http-nio-8080-exec-5] INFO  e.m.n.i.a.i.w.m.NotificationInputMapper            - toNotificationCommand - end
2025-07-27 12:56:42,617 [http-nio-8080-exec-5] DEBUG e.m.n.i.a.i.w.c.NotificationController             - sendNotification - Create ClientContextCommand
2025-07-27 12:56:42,617 [http-nio-8080-exec-5] DEBUG e.m.n.i.a.i.web.util.RequestContextUtil            - Obteniendo IP del cliente
2025-07-27 12:56:42,617 [http-nio-8080-exec-5] DEBUG e.m.n.i.a.i.web.util.RequestContextUtil            - Obteniendo User-Agent del cliente
2025-07-27 12:56:42,618 [http-nio-8080-exec-5] DEBUG e.m.n.i.a.i.web.util.RequestContextUtil            - Obteniendo ruta de la petición
2025-07-27 12:56:42,618 [http-nio-8080-exec-5] DEBUG e.m.n.i.a.i.w.c.NotificationController             - sendNotification - Call sendNotificationUseCase.send
2025-07-27 12:56:42,618 [http-nio-8080-exec-5] INFO  e.m.n.i.a.o.monitoring.LoggingAdapter              - send - Init
2025-07-27 12:56:42,620 [MetricsCollectorAOPExecutor-0] DEBUG e.m.n.i.c.MetricsCollectionAspect                  - MetricsCollectionAspect - Method notification-service.notification.edu.market.notification.infrastructure.adapter.input.web.mapper.NotificationInputMapper.toNotificationCommand executed in 0 ms, success: true
2025-07-27 12:56:42,620 [MetricsCollectorAOPExecutor-1] DEBUG e.m.n.i.c.MetricsCollectionAspect                  - MetricsCollectionAspect - Method notification-service.notification.edu.market.notification.infrastructure.adapter.input.web.util.RequestContextUtil.getClientContext executed in 0 ms, success: true
2025-07-27 12:56:42,625 [http-nio-8080-exec-5] INFO  e.m.n.i.a.o.p.m.NotificationOutputMapper           - toEntity - Init
2025-07-27 12:56:42,625 [http-nio-8080-exec-5] INFO  e.m.n.i.a.o.p.m.NotificationOutputMapper           - toEntity - End
2025-07-27 12:56:42,650 [http-nio-8080-exec-5] DEBUG e.m.n.i.c.ExceptionTrackerAspect                   - trackException - Init
2025-07-27 12:56:42,650 [http-nio-8080-exec-5] DEBUG e.m.n.i.c.ExceptionTrackerAspect                   - trackException - Call exceptionTrackerPort.trackException
2025-07-27 12:56:42,651 [http-nio-8080-exec-5] DEBUG e.m.n.i.a.o.m.ExceptionTrackerAdapter              - trackException - Init
2025-07-27 12:56:42,651 [http-nio-8080-exec-5] DEBUG e.m.n.i.a.o.m.ExceptionTrackerAdapter              - trackException - Call isAvailable - Checking ExceptionTracker Service is available
2025-07-27 12:56:42,651 [http-nio-8080-exec-5] DEBUG e.m.n.i.a.o.m.ExceptionTrackerAdapter              - isAvailable - Init
2025-07-27 12:56:42,651 [http-nio-8080-exec-5] DEBUG e.m.n.i.a.o.m.ExceptionTrackerAdapter              - isAvailable - Return true
2025-07-27 12:56:42,652 [http-nio-8080-exec-5] ERROR e.m.n.i.a.o.m.ExceptionTrackerAdapter              - Exception tracked from $Proxy186.save with context {{method=save, errorType=RuntimeException, class=$Proxy186, layer=infrastructure}}: java.lang.StackOverflowError
java.lang.RuntimeException: java.lang.StackOverflowError
	at org.springframework.data.repository.core.support.RepositoryMethodInvoker$RepositoryFragmentMethodInvoker.lambda$new$0(RepositoryMethodInvoker.java:281)
	at org.springframework.data.repository.core.support.RepositoryMethodInvoker.doInvoke(RepositoryMethodInvoker.java:170)
	at org.springframework.data.repository.core.support.RepositoryMethodInvoker.invoke(RepositoryMethodInvoker.java:158)
	at org.springframework.data.repository.core.support.RepositoryComposition$RepositoryFragments.invoke(RepositoryComposition.java:515)
	at org.springframework.data.repository.core.support.RepositoryComposition.invoke(RepositoryComposition.java:284)
	at org.springframework.data.repository.core.support.RepositoryFactorySupport$ImplementationMethodExecutionInterceptor.invoke(RepositoryFactorySupport.java:731)
	at org.springframework.aop.framework.ReflectiveMethodInvocation.proceed(ReflectiveMethodInvocation.java:184)
	at org.springframework.data.repository.core.support.QueryExecutorMethodInterceptor.doInvoke(QueryExecutorMethodInterceptor.java:174)
	at org.springframework.data.repository.core.support.QueryExecutorMethodInterceptor.invoke(QueryExecutorMethodInterceptor.java:149)
	at org.springframework.aop.framework.ReflectiveMethodInvocation.proceed(ReflectiveMethodInvocation.java:184)
	at org.springframework.data.projection.DefaultMethodInvokingMethodInterceptor.invoke(DefaultMethodInvokingMethodInterceptor.java:69)
	at org.springframework.aop.framework.ReflectiveMethodInvocation.proceed(ReflectiveMethodInvocation.java:184)
	at org.springframework.transaction.interceptor.TransactionAspectSupport.invokeWithinTransaction(TransactionAspectSupport.java:380)
	at org.springframework.transaction.interceptor.TransactionInterceptor.invoke(TransactionInterceptor.java:119)
	at org.springframework.aop.framework.ReflectiveMethodInvocation.proceed(ReflectiveMethodInvocation.java:184)
	at org.springframework.dao.support.PersistenceExceptionTranslationInterceptor.invoke(PersistenceExceptionTranslationInterceptor.java:138)
	at org.springframework.aop.framework.ReflectiveMethodInvocation.proceed(ReflectiveMethodInvocation.java:184)
	at org.springframework.data.jpa.repository.support.CrudMethodMetadataPostProcessor$CrudMethodMetadataPopulatingMethodInterceptor.invoke(CrudMethodMetadataPostProcessor.java:165)
	at org.springframework.aop.framework.ReflectiveMethodInvocation.proceed(ReflectiveMethodInvocation.java:184)
	at org.springframework.aop.framework.JdkDynamicAopProxy.invoke(JdkDynamicAopProxy.java:223)
	at jdk.proxy2/jdk.proxy2.$Proxy186.save(Unknown Source)
	at java.base/jdk.internal.reflect.DirectMethodHandleAccessor.invoke(DirectMethodHandleAccessor.java:103)
	at java.base/java.lang.reflect.Method.invoke(Method.java:580)
	at org.springframework.aop.support.AopUtils.invokeJoinpointUsingReflection(AopUtils.java:359)
	at org.springframework.aop.framework.ReflectiveMethodInvocation.invokeJoinpoint(ReflectiveMethodInvocation.java:196)
	at org.springframework.aop.framework.ReflectiveMethodInvocation.proceed(ReflectiveMethodInvocation.java:163)
	at org.springframework.dao.support.PersistenceExceptionTranslationInterceptor.invoke(PersistenceExceptionTranslationInterceptor.java:138)
	at org.springframework.aop.framework.ReflectiveMethodInvocation.proceed(ReflectiveMethodInvocation.java:184)
	at org.springframework.aop.aspectj.AspectJAfterThrowingAdvice.invoke(AspectJAfterThrowingAdvice.java:64)
	at org.springframework.aop.framework.ReflectiveMethodInvocation.proceed(ReflectiveMethodInvocation.java:184)
	at org.springframework.aop.interceptor.ExposeInvocationInterceptor.invoke(ExposeInvocationInterceptor.java:97)
	at org.springframework.aop.framework.ReflectiveMethodInvocation.proceed(ReflectiveMethodInvocation.java:184)
	at org.springframework.aop.framework.JdkDynamicAopProxy.invoke(JdkDynamicAopProxy.java:223)
	at jdk.proxy2/jdk.proxy2.$Proxy186.save(Unknown Source)
	at edu.market.notification.infrastructure.adapter.output.persistence.NotificationRepositoryAdapter.save(NotificationRepositoryAdapter.java:36)
	at java.base/jdk.internal.reflect.DirectMethodHandleAccessor.invoke(DirectMethodHandleAccessor.java:103)
	at java.base/java.lang.reflect.Method.invoke(Method.java:580)
	at org.springframework.aop.support.AopUtils.invokeJoinpointUsingReflection(AopUtils.java:359)
	at org.springframework.aop.framework.ReflectiveMethodInvocation.invokeJoinpoint(ReflectiveMethodInvocation.java:196)
	at org.springframework.aop.framework.ReflectiveMethodInvocation.proceed(ReflectiveMethodInvocation.java:163)
	at org.springframework.aop.aspectj.AspectJAfterThrowingAdvice.invoke(AspectJAfterThrowingAdvice.java:64)
	at org.springframework.aop.framework.ReflectiveMethodInvocation.proceed(ReflectiveMethodInvocation.java:184)
	at org.springframework.aop.aspectj.AspectJAfterThrowingAdvice.invoke(AspectJAfterThrowingAdvice.java:64)
	at org.springframework.aop.framework.ReflectiveMethodInvocation.proceed(ReflectiveMethodInvocation.java:184)
	at org.springframework.transaction.interceptor.TransactionAspectSupport.invokeWithinTransaction(TransactionAspectSupport.java:380)
	at org.springframework.transaction.interceptor.TransactionInterceptor.invoke(TransactionInterceptor.java:119)
	at org.springframework.aop.framework.ReflectiveMethodInvocation.proceed(ReflectiveMethodInvocation.java:184)
	at org.springframework.aop.interceptor.ExposeInvocationInterceptor.invoke(ExposeInvocationInterceptor.java:97)
	at org.springframework.aop.framework.ReflectiveMethodInvocation.proceed(ReflectiveMethodInvocation.java:184)
	at org.springframework.aop.framework.CglibAopProxy$DynamicAdvisedInterceptor.intercept(CglibAopProxy.java:728)
	at edu.market.notification.infrastructure.adapter.output.persistence.NotificationRepositoryAdapter$$SpringCGLIB$$0.save(<generated>)
	at edu.market.notification.application.usecase.notification.SendNotificationUseCase.send(SendNotificationUseCase.java:76)
	at java.base/jdk.internal.reflect.DirectMethodHandleAccessor.invoke(DirectMethodHandleAccessor.java:103)
	at java.base/java.lang.reflect.Method.invoke(Method.java:580)
	at org.springframework.aop.support.AopUtils.invokeJoinpointUsingReflection(AopUtils.java:359)
	at org.springframework.aop.framework.ReflectiveMethodInvocation.invokeJoinpoint(ReflectiveMethodInvocation.java:196)
	at org.springframework.aop.framework.ReflectiveMethodInvocation.proceed(ReflectiveMethodInvocation.java:163)
	at org.springframework.aop.aspectj.MethodInvocationProceedingJoinPoint.proceed(MethodInvocationProceedingJoinPoint.java:89)
	at edu.market.notification.infrastructure.crosscutting.MetricsCollectionAspect.collectMetrics(MetricsCollectionAspect.java:84)
	at java.base/jdk.internal.reflect.DirectMethodHandleAccessor.invoke(DirectMethodHandleAccessor.java:103)
	at java.base/java.lang.reflect.Method.invoke(Method.java:580)
	at org.springframework.aop.aspectj.AbstractAspectJAdvice.invokeAdviceMethodWithGivenArgs(AbstractAspectJAdvice.java:642)
	at org.springframework.aop.aspectj.AbstractAspectJAdvice.invokeAdviceMethod(AbstractAspectJAdvice.java:632)
	at org.springframework.aop.aspectj.AspectJAroundAdvice.invoke(AspectJAroundAdvice.java:71)
	at org.springframework.aop.framework.ReflectiveMethodInvocation.proceed(ReflectiveMethodInvocation.java:184)
	at org.springframework.aop.aspectj.AspectJAfterThrowingAdvice.invoke(AspectJAfterThrowingAdvice.java:64)
	at org.springframework.aop.framework.ReflectiveMethodInvocation.proceed(ReflectiveMethodInvocation.java:184)
	at org.springframework.aop.interceptor.ExposeInvocationInterceptor.invoke(ExposeInvocationInterceptor.java:97)
	at org.springframework.aop.framework.ReflectiveMethodInvocation.proceed(ReflectiveMethodInvocation.java:184)
	at org.springframework.aop.framework.CglibAopProxy$DynamicAdvisedInterceptor.intercept(CglibAopProxy.java:728)
	at edu.market.notification.application.usecase.notification.SendNotificationUseCase$$SpringCGLIB$$0.send(<generated>)
	at edu.market.notification.infrastructure.adapter.input.web.controller.NotificationController.sendNotification(NotificationController.java:156)
	at java.base/jdk.internal.reflect.DirectMethodHandleAccessor.invoke(DirectMethodHandleAccessor.java:103)
	at java.base/java.lang.reflect.Method.invoke(Method.java:580)
	at org.springframework.aop.support.AopUtils.invokeJoinpointUsingReflection(AopUtils.java:359)
	at org.springframework.aop.framework.ReflectiveMethodInvocation.invokeJoinpoint(ReflectiveMethodInvocation.java:196)
	at org.springframework.aop.framework.ReflectiveMethodInvocation.proceed(ReflectiveMethodInvocation.java:163)
	at org.springframework.aop.aspectj.MethodInvocationProceedingJoinPoint.proceed(MethodInvocationProceedingJoinPoint.java:89)
	at edu.market.notification.infrastructure.crosscutting.MetricsCollectionAspect.collectMetrics(MetricsCollectionAspect.java:84)
	at java.base/jdk.internal.reflect.DirectMethodHandleAccessor.invoke(DirectMethodHandleAccessor.java:103)
	at java.base/java.lang.reflect.Method.invoke(Method.java:580)
	at org.springframework.aop.aspectj.AbstractAspectJAdvice.invokeAdviceMethodWithGivenArgs(AbstractAspectJAdvice.java:642)
	at org.springframework.aop.aspectj.AbstractAspectJAdvice.invokeAdviceMethod(AbstractAspectJAdvice.java:632)
	at org.springframework.aop.aspectj.AspectJAroundAdvice.invoke(AspectJAroundAdvice.java:71)
	at org.springframework.aop.framework.ReflectiveMethodInvocation.proceed(ReflectiveMethodInvocation.java:184)
	at org.springframework.aop.aspectj.AspectJAfterThrowingAdvice.invoke(AspectJAfterThrowingAdvice.java:64)
	at org.springframework.aop.framework.ReflectiveMethodInvocation.proceed(ReflectiveMethodInvocation.java:184)
	at org.springframework.aop.interceptor.ExposeInvocationInterceptor.invoke(ExposeInvocationInterceptor.java:97)
	at org.springframework.aop.framework.ReflectiveMethodInvocation.proceed(ReflectiveMethodInvocation.java:184)
	at org.springframework.aop.framework.CglibAopProxy$DynamicAdvisedInterceptor.intercept(CglibAopProxy.java:728)
	at edu.market.notification.infrastructure.adapter.input.web.controller.NotificationController$$SpringCGLIB$$0.sendNotification(<generated>)
	at java.base/jdk.internal.reflect.DirectMethodHandleAccessor.invoke(DirectMethodHandleAccessor.java:103)
	at java.base/java.lang.reflect.Method.invoke(Method.java:580)
	at org.springframework.web.method.support.InvocableHandlerMethod.doInvoke(InvocableHandlerMethod.java:258)
	at org.springframework.web.method.support.InvocableHandlerMethod.invokeForRequest(InvocableHandlerMethod.java:191)
	at org.springframework.web.servlet.mvc.method.annotation.ServletInvocableHandlerMethod.invokeAndHandle(ServletInvocableHandlerMethod.java:118)
	at org.springframework.web.servlet.mvc.method.annotation.RequestMappingHandlerAdapter.invokeHandlerMethod(RequestMappingHandlerAdapter.java:986)
	at org.springframework.web.servlet.mvc.method.annotation.RequestMappingHandlerAdapter.handleInternal(RequestMappingHandlerAdapter.java:891)
	at org.springframework.web.servlet.mvc.method.AbstractHandlerMethodAdapter.handle(AbstractHandlerMethodAdapter.java:87)
	at org.springframework.web.servlet.DispatcherServlet.doDispatch(DispatcherServlet.java:1089)
	at org.springframework.web.servlet.DispatcherServlet.doService(DispatcherServlet.java:979)
	at org.springframework.web.servlet.FrameworkServlet.processRequest(FrameworkServlet.java:1014)
	at org.springframework.web.servlet.FrameworkServlet.doPost(FrameworkServlet.java:914)
	at jakarta.servlet.http.HttpServlet.service(HttpServlet.java:590)
	at org.springframework.web.servlet.FrameworkServlet.service(FrameworkServlet.java:885)
	at jakarta.servlet.http.HttpServlet.service(HttpServlet.java:658)
	at org.apache.catalina.core.ApplicationFilterChain.internalDoFilter(ApplicationFilterChain.java:195)
	at org.apache.catalina.core.ApplicationFilterChain.doFilter(ApplicationFilterChain.java:140)
	at org.apache.tomcat.websocket.server.WsFilter.doFilter(WsFilter.java:51)
	at org.apache.catalina.core.ApplicationFilterChain.internalDoFilter(ApplicationFilterChain.java:164)
	at org.apache.catalina.core.ApplicationFilterChain.doFilter(ApplicationFilterChain.java:140)
	at org.springframework.web.filter.CompositeFilter$VirtualFilterChain.doFilter(CompositeFilter.java:108)
	at org.springframework.security.web.FilterChainProxy.lambda$doFilterInternal$3(FilterChainProxy.java:231)
	at org.springframework.security.web.ObservationFilterChainDecorator$FilterObservation$SimpleFilterObservation.lambda$wrap$1(ObservationFilterChainDecorator.java:479)
	at org.springframework.security.web.ObservationFilterChainDecorator$AroundFilterObservation$SimpleAroundFilterObservation.lambda$wrap$1(ObservationFilterChainDecorator.java:340)
	at org.springframework.security.web.ObservationFilterChainDecorator.lambda$wrapSecured$0(ObservationFilterChainDecorator.java:82)
	at org.springframework.security.web.ObservationFilterChainDecorator$VirtualFilterChain.doFilter(ObservationFilterChainDecorator.java:128)
	at org.springframework.security.web.access.intercept.AuthorizationFilter.doFilter(AuthorizationFilter.java:101)
	at org.springframework.security.web.ObservationFilterChainDecorator$ObservationFilter.wrapFilter(ObservationFilterChainDecorator.java:240)
	at org.springframework.security.web.ObservationFilterChainDecorator$ObservationFilter.doFilter(ObservationFilterChainDecorator.java:227)
	at org.springframework.security.web.ObservationFilterChainDecorator$VirtualFilterChain.doFilter(ObservationFilterChainDecorator.java:137)
	at org.springframework.security.web.access.ExceptionTranslationFilter.doFilter(ExceptionTranslationFilter.java:126)
	at org.springframework.security.web.access.ExceptionTranslationFilter.doFilter(ExceptionTranslationFilter.java:120)
	at org.springframework.security.web.ObservationFilterChainDecorator$ObservationFilter.wrapFilter(ObservationFilterChainDecorator.java:240)
	at org.springframework.security.web.ObservationFilterChainDecorator$ObservationFilter.doFilter(ObservationFilterChainDecorator.java:227)
	at org.springframework.security.web.ObservationFilterChainDecorator$VirtualFilterChain.doFilter(ObservationFilterChainDecorator.java:137)
	at org.springframework.security.web.authentication.AnonymousAuthenticationFilter.doFilter(AnonymousAuthenticationFilter.java:100)
	at org.springframework.security.web.ObservationFilterChainDecorator$ObservationFilter.wrapFilter(ObservationFilterChainDecorator.java:240)
	at org.springframework.security.web.ObservationFilterChainDecorator$ObservationFilter.doFilter(ObservationFilterChainDecorator.java:227)
	at org.springframework.security.web.ObservationFilterChainDecorator$VirtualFilterChain.doFilter(ObservationFilterChainDecorator.java:137)
	at org.springframework.security.web.servletapi.SecurityContextHolderAwareRequestFilter.doFilter(SecurityContextHolderAwareRequestFilter.java:179)
	at org.springframework.security.web.ObservationFilterChainDecorator$ObservationFilter.wrapFilter(ObservationFilterChainDecorator.java:240)
	at org.springframework.security.web.ObservationFilterChainDecorator$ObservationFilter.doFilter(ObservationFilterChainDecorator.java:227)
	at org.springframework.security.web.ObservationFilterChainDecorator$VirtualFilterChain.doFilter(ObservationFilterChainDecorator.java:137)
	at org.springframework.security.web.savedrequest.RequestCacheAwareFilter.doFilter(RequestCacheAwareFilter.java:63)
	at org.springframework.security.web.ObservationFilterChainDecorator$ObservationFilter.wrapFilter(ObservationFilterChainDecorator.java:240)
	at org.springframework.security.web.ObservationFilterChainDecorator$ObservationFilter.doFilter(ObservationFilterChainDecorator.java:227)
	at org.springframework.security.web.ObservationFilterChainDecorator$VirtualFilterChain.doFilter(ObservationFilterChainDecorator.java:137)
	at org.springframework.security.web.authentication.logout.LogoutFilter.doFilter(LogoutFilter.java:107)
	at org.springframework.security.web.authentication.logout.LogoutFilter.doFilter(LogoutFilter.java:93)
	at org.springframework.security.web.ObservationFilterChainDecorator$ObservationFilter.wrapFilter(ObservationFilterChainDecorator.java:240)
	at org.springframework.security.web.ObservationFilterChainDecorator$ObservationFilter.doFilter(ObservationFilterChainDecorator.java:227)
	at org.springframework.security.web.ObservationFilterChainDecorator$VirtualFilterChain.doFilter(ObservationFilterChainDecorator.java:137)
	at org.springframework.security.web.header.HeaderWriterFilter.doHeadersAfter(HeaderWriterFilter.java:90)
	at org.springframework.security.web.header.HeaderWriterFilter.doFilterInternal(HeaderWriterFilter.java:75)
	at org.springframework.web.filter.OncePerRequestFilter.doFilter(OncePerRequestFilter.java:116)
	at org.springframework.security.web.ObservationFilterChainDecorator$ObservationFilter.wrapFilter(ObservationFilterChainDecorator.java:240)
	at org.springframework.security.web.ObservationFilterChainDecorator$ObservationFilter.doFilter(ObservationFilterChainDecorator.java:227)
	at org.springframework.security.web.ObservationFilterChainDecorator$VirtualFilterChain.doFilter(ObservationFilterChainDecorator.java:137)
	at org.springframework.security.web.context.SecurityContextHolderFilter.doFilter(SecurityContextHolderFilter.java:82)
	at org.springframework.security.web.context.SecurityContextHolderFilter.doFilter(SecurityContextHolderFilter.java:69)
	at org.springframework.security.web.ObservationFilterChainDecorator$ObservationFilter.wrapFilter(ObservationFilterChainDecorator.java:240)
	at org.springframework.security.web.ObservationFilterChainDecorator$ObservationFilter.doFilter(ObservationFilterChainDecorator.java:227)
	at org.springframework.security.web.ObservationFilterChainDecorator$VirtualFilterChain.doFilter(ObservationFilterChainDecorator.java:137)
	at org.springframework.security.web.context.request.async.WebAsyncManagerIntegrationFilter.doFilterInternal(WebAsyncManagerIntegrationFilter.java:62)
	at org.springframework.web.filter.OncePerRequestFilter.doFilter(OncePerRequestFilter.java:116)
	at org.springframework.security.web.ObservationFilterChainDecorator$ObservationFilter.wrapFilter(ObservationFilterChainDecorator.java:240)
	at org.springframework.security.web.ObservationFilterChainDecorator$ObservationFilter.doFilter(ObservationFilterChainDecorator.java:227)
	at org.springframework.security.web.ObservationFilterChainDecorator$VirtualFilterChain.doFilter(ObservationFilterChainDecorator.java:137)
	at org.springframework.security.web.session.DisableEncodeUrlFilter.doFilterInternal(DisableEncodeUrlFilter.java:42)
	at org.springframework.web.filter.OncePerRequestFilter.doFilter(OncePerRequestFilter.java:116)
	at org.springframework.security.web.ObservationFilterChainDecorator$ObservationFilter.wrapFilter(ObservationFilterChainDecorator.java:240)
	at org.springframework.security.web.ObservationFilterChainDecorator$AroundFilterObservation$SimpleAroundFilterObservation.lambda$wrap$0(ObservationFilterChainDecorator.java:323)
	at org.springframework.security.web.ObservationFilterChainDecorator$ObservationFilter.doFilter(ObservationFilterChainDecorator.java:224)
	at org.springframework.security.web.ObservationFilterChainDecorator$VirtualFilterChain.doFilter(ObservationFilterChainDecorator.java:137)
	at org.springframework.security.web.FilterChainProxy.doFilterInternal(FilterChainProxy.java:233)
	at org.springframework.security.web.FilterChainProxy.doFilter(FilterChainProxy.java:191)
	at org.springframework.web.filter.CompositeFilter$VirtualFilterChain.doFilter(CompositeFilter.java:113)
	at org.springframework.web.servlet.handler.HandlerMappingIntrospector.lambda$createCacheFilter$3(HandlerMappingIntrospector.java:243)
	at org.springframework.web.filter.CompositeFilter$VirtualFilterChain.doFilter(CompositeFilter.java:113)
	at org.springframework.web.filter.CompositeFilter.doFilter(CompositeFilter.java:74)
	at org.springframework.security.config.annotation.web.configuration.WebMvcSecurityConfiguration$CompositeFilterChainProxy.doFilter(WebMvcSecurityConfiguration.java:238)
	at org.springframework.web.filter.DelegatingFilterProxy.invokeDelegate(DelegatingFilterProxy.java:362)
	at org.springframework.web.filter.DelegatingFilterProxy.doFilter(DelegatingFilterProxy.java:278)
	at org.apache.catalina.core.ApplicationFilterChain.internalDoFilter(ApplicationFilterChain.java:164)
	at org.apache.catalina.core.ApplicationFilterChain.doFilter(ApplicationFilterChain.java:140)
	at org.springframework.web.filter.RequestContextFilter.doFilterInternal(RequestContextFilter.java:100)
	at org.springframework.web.filter.OncePerRequestFilter.doFilter(OncePerRequestFilter.java:116)
	at org.apache.catalina.core.ApplicationFilterChain.internalDoFilter(ApplicationFilterChain.java:164)
	at org.apache.catalina.core.ApplicationFilterChain.doFilter(ApplicationFilterChain.java:140)
	at org.springframework.web.filter.FormContentFilter.doFilterInternal(FormContentFilter.java:93)
	at org.springframework.web.filter.OncePerRequestFilter.doFilter(OncePerRequestFilter.java:116)
	at org.apache.catalina.core.ApplicationFilterChain.internalDoFilter(ApplicationFilterChain.java:164)
	at org.apache.catalina.core.ApplicationFilterChain.doFilter(ApplicationFilterChain.java:140)
	at org.springframework.web.filter.ServerHttpObservationFilter.doFilterInternal(ServerHttpObservationFilter.java:114)
	at org.springframework.web.filter.OncePerRequestFilter.doFilter(OncePerRequestFilter.java:116)
	at org.apache.catalina.core.ApplicationFilterChain.internalDoFilter(ApplicationFilterChain.java:164)
	at org.apache.catalina.core.ApplicationFilterChain.doFilter(ApplicationFilterChain.java:140)
	at org.springframework.web.filter.CharacterEncodingFilter.doFilterInternal(CharacterEncodingFilter.java:201)
	at org.springframework.web.filter.OncePerRequestFilter.doFilter(OncePerRequestFilter.java:116)
	at org.apache.catalina.core.ApplicationFilterChain.internalDoFilter(ApplicationFilterChain.java:164)
	at org.apache.catalina.core.ApplicationFilterChain.doFilter(ApplicationFilterChain.java:140)
	at org.apache.catalina.core.StandardWrapperValve.invoke(StandardWrapperValve.java:167)
	at org.apache.catalina.core.StandardContextValve.invoke(StandardContextValve.java:90)
	at org.apache.catalina.authenticator.AuthenticatorBase.invoke(AuthenticatorBase.java:483)
	at org.apache.catalina.core.StandardHostValve.invoke(StandardHostValve.java:116)
	at org.apache.catalina.valves.ErrorReportValve.invoke(ErrorReportValve.java:93)
	at org.apache.catalina.core.StandardEngineValve.invoke(StandardEngineValve.java:74)
	at org.apache.catalina.connector.CoyoteAdapter.service(CoyoteAdapter.java:344)
	at org.apache.coyote.http11.Http11Processor.service(Http11Processor.java:398)
	at org.apache.coyote.AbstractProcessorLight.process(AbstractProcessorLight.java:63)
	at org.apache.coyote.AbstractProtocol$ConnectionHandler.process(AbstractProtocol.java:903)
	at org.apache.tomcat.util.net.NioEndpoint$SocketProcessor.doRun(NioEndpoint.java:1740)
	at org.apache.tomcat.util.net.SocketProcessorBase.run(SocketProcessorBase.java:52)
	at org.apache.tomcat.util.threads.ThreadPoolExecutor.runWorker(ThreadPoolExecutor.java:1189)
	at org.apache.tomcat.util.threads.ThreadPoolExecutor$Worker.run(ThreadPoolExecutor.java:658)
	at org.apache.tomcat.util.threads.TaskThread$WrappingRunnable.run(TaskThread.java:63)
	at java.base/java.lang.Thread.run(Thread.java:1583)
Caused by: java.lang.StackOverflowError: null
	at edu.market.notification.infrastructure.adapter.output.persistence.entity.NotificationChannelEntity.hashCode(NotificationChannelEntity.java:13)
	at java.base/java.util.AbstractSet.hashCode(AbstractSet.java:124)
	at edu.market.notification.infrastructure.adapter.output.persistence.entity.NotificationEntity.hashCode(NotificationEntity.java:21)
	at edu.market.notification.infrastructure.adapter.output.persistence.entity.NotificationChannelEntity.hashCode(NotificationChannelEntity.java:13)
	at java.base/java.util.AbstractSet.hashCode(AbstractSet.java:124)
	at edu.market.notification.infrastructure.adapter.output.persistence.entity.NotificationEntity.hashCode(NotificationEntity.java:21)
	at edu.market.notification.infrastructure.adapter.output.persistence.entity.NotificationChannelEntity.hashCode(NotificationChannelEntity.java:13)
	at java.base/java.util.AbstractSet.hashCode(AbstractSet.java:124)
	at edu.market.notification.infrastructure.adapter.output.persistence.entity.NotificationEntity.hashCode(NotificationEntity.java:21)
	at edu.market.notification.infrastructure.adapter.output.persistence.entity.NotificationChannelEntity.hashCode(NotificationChannelEntity.java:13)
	at java.base/java.util.AbstractSet.hashCode(AbstractSet.java:124)
	at edu.market.notification.infrastructure.adapter.output.persistence.entity.NotificationEntity.hashCode(NotificationEntity.java:21)
	at edu.market.notification.infrastructure.adapter.output.persistence.entity.NotificationChannelEntity.hashCode(NotificationChannelEntity.java:13)
	at java.base/java.util.AbstractSet.hashCode(AbstractSet.java:124)
	at edu.market.notification.infrastructure.adapter.output.persistence.entity.NotificationEntity.hashCode(NotificationEntity.java:21)
	at edu.market.notification.infrastructure.adapter.output.persistence.entity.NotificationChannelEntity.hashCode(NotificationChannelEntity.java:13)
	at java.base/java.util.AbstractSet.hashCode(AbstractSet.java:124)
	at edu.market.notification.infrastructure.adapter.output.persistence.entity.NotificationEntity.hashCode(NotificationEntity.java:21)
	at edu.market.notification.infrastructure.adapter.output.persistence.entity.NotificationChannelEntity.hashCode(NotificationChannelEntity.java:13)
	at java.base/java.util.AbstractSet.hashCode(AbstractSet.java:124)
	at edu.market.notification.infrastructure.adapter.output.persistence.entity.NotificationEntity.hashCode(NotificationEntity.java:21)
	at edu.market.notification.infrastructure.adapter.output.persistence.entity.NotificationChannelEntity.hashCode(NotificationChannelEntity.java:13)
	at java.base/java.util.AbstractSet.hashCode(AbstractSet.java:124)
	at edu.market.notification.infrastructure.adapter.output.persistence.entity.NotificationEntity.hashCode(NotificationEntity.java:21)
	at edu.market.notification.infrastructure.adapter.output.persistence.entity.NotificationChannelEntity.hashCode(NotificationChannelEntity.java:13)
	at java.base/java.util.AbstractSet.hashCode(AbstractSet.java:124)
	at edu.market.notification.infrastructure.adapter.output.persistence.entity.NotificationEntity.hashCode(NotificationEntity.java:21)
	at edu.market.notification.infrastructure.adapter.output.persistence.entity.NotificationChannelEntity.hashCode(NotificationChannelEntity.java:13)
	at java.base/java.util.AbstractSet.hashCode(AbstractSet.java:124)
	at edu.market.notification.infrastructure.adapter.output.persistence.entity.NotificationEntity.hashCode(NotificationEntity.java:21)
	at edu.market.notification.infrastructure.adapter.output.persistence.entity.NotificationChannelEntity.hashCode(NotificationChannelEntity.java:13)
	at java.base/java.util.AbstractSet.hashCode(AbstractSet.java:124)
	at edu.market.notification.infrastructure.adapter.output.persistence.entity.NotificationEntity.hashCode(NotificationEntity.java:21)
	at edu.market.notification.infrastructure.adapter.output.persistence.entity.NotificationChannelEntity.hashCode(NotificationChannelEntity.java:13)
	at java.base/java.util.AbstractSet.hashCode(AbstractSet.java:124)
	at edu.market.notification.infrastructure.adapter.output.persistence.entity.NotificationEntity.hashCode(NotificationEntity.java:21)
	at edu.market.notification.infrastructure.adapter.output.persistence.entity.NotificationChannelEntity.hashCode(NotificationChannelEntity.java:13)
	at java.base/java.util.AbstractSet.hashCode(AbstractSet.java:124)
	at edu.market.notification.infrastructure.adapter.output.persistence.entity.NotificationEntity.hashCode(NotificationEntity.java:21)
	at edu.market.notification.infrastructure.adapter.output.persistence.entity.NotificationChannelEntity.hashCode(NotificationChannelEntity.java:13)
	at java.base/java.util.AbstractSet.hashCode(AbstractSet.java:124)
	at edu.market.notification.infrastructure.adapter.output.persistence.entity.NotificationEntity.hashCode(NotificationEntity.java:21)
	at edu.market.notification.infrastructure.adapter.output.persistence.entity.NotificationChannelEntity.hashCode(NotificationChannelEntity.java:13)
	at java.base/java.util.AbstractSet.hashCode(AbstractSet.java:124)
	at edu.market.notification.infrastructure.adapter.output.persistence.entity.NotificationEntity.hashCode(NotificationEntity.java:21)
	at edu.market.notification.infrastructure.adapter.output.persistence.entity.NotificationChannelEntity.hashCode(NotificationChannelEntity.java:13)
	at java.base/java.util.AbstractSet.hashCode(AbstractSet.java:124)
	at edu.market.notification.infrastructure.adapter.output.persistence.entity.NotificationEntity.hashCode(NotificationEntity.java:21)
	at edu.market.notification.infrastructure.adapter.output.persistence.entity.NotificationChannelEntity.hashCode(NotificationChannelEntity.java:13)
	at java.base/java.util.AbstractSet.hashCode(AbstractSet.java:124)
	at edu.market.notification.infrastructure.adapter.output.persistence.entity.NotificationEntity.hashCode(NotificationEntity.java:21)
	at edu.market.notification.infrastructure.adapter.output.persistence.entity.NotificationChannelEntity.hashCode(NotificationChannelEntity.java:13)
	at java.base/java.util.AbstractSet.hashCode(AbstractSet.java:124)
	at edu.market.notification.infrastructure.adapter.output.persistence.entity.NotificationEntity.hashCode(NotificationEntity.java:21)
	at edu.market.notification.infrastructure.adapter.output.persistence.entity.NotificationChannelEntity.hashCode(NotificationChannelEntity.java:13)
	at java.base/java.util.AbstractSet.hashCode(AbstractSet.java:124)
	at edu.market.notification.infrastructure.adapter.output.persistence.entity.NotificationEntity.hashCode(NotificationEntity.java:21)
	at edu.market.notification.infrastructure.adapter.output.persistence.entity.NotificationChannelEntity.hashCode(NotificationChannelEntity.java:13)
	at java.base/java.util.AbstractSet.hashCode(AbstractSet.java:124)
	at edu.market.notification.infrastructure.adapter.output.persistence.entity.NotificationEntity.hashCode(NotificationEntity.java:21)
	at edu.market.notification.infrastructure.adapter.output.persistence.entity.NotificationChannelEntity.hashCode(NotificationChannelEntity.java:13)
	at java.base/java.util.AbstractSet.hashCode(AbstractSet.java:124)
	at edu.market.notification.infrastructure.adapter.output.persistence.entity.NotificationEntity.hashCode(NotificationEntity.java:21)
	at edu.market.notification.infrastructure.adapter.output.persistence.entity.NotificationChannelEntity.hashCode(NotificationChannelEntity.java:13)
	at java.base/java.util.AbstractSet.hashCode(AbstractSet.java:124)
	at edu.market.notification.infrastructure.adapter.output.persistence.entity.NotificationEntity.hashCode(NotificationEntity.java:21)
	at edu.market.notification.infrastructure.adapter.output.persistence.entity.NotificationChannelEntity.hashCode(NotificationChannelEntity.java:13)
	at java.base/java.util.AbstractSet.hashCode(AbstractSet.java:124)
	at edu.market.notification.infrastructure.adapter.output.persistence.entity.NotificationEntity.hashCode(NotificationEntity.java:21)
	at edu.market.notification.infrastructure.adapter.output.persistence.entity.NotificationChannelEntity.hashCode(NotificationChannelEntity.java:13)
	at java.base/java.util.AbstractSet.hashCode(AbstractSet.java:124)
	at edu.market.notification.infrastructure.adapter.output.persistence.entity.NotificationEntity.hashCode(NotificationEntity.java:21)
	at edu.market.notification.infrastructure.adapter.output.persistence.entity.NotificationChannelEntity.hashCode(NotificationChannelEntity.java:13)
	at java.base/java.util.AbstractSet.hashCode(AbstractSet.java:124)
	at edu.market.notification.infrastructure.adapter.output.persistence.entity.NotificationEntity.hashCode(NotificationEntity.java:21)
	at edu.market.notification.infrastructure.adapter.output.persistence.entity.NotificationChannelEntity.hashCode(NotificationChannelEntity.java:13)
	at java.base/java.util.AbstractSet.hashCode(AbstractSet.java:124)
	at edu.market.notification.infrastructure.adapter.output.persistence.entity.NotificationEntity.hashCode(NotificationEntity.java:21)
	at edu.market.notification.infrastructure.adapter.output.persistence.entity.NotificationChannelEntity.hashCode(NotificationChannelEntity.java:13)
	at java.base/java.util.AbstractSet.hashCode(AbstractSet.java:124)
	at edu.market.notification.infrastructure.adapter.output.persistence.entity.NotificationEntity.hashCode(NotificationEntity.java:21)
	at edu.market.notification.infrastructure.adapter.output.persistence.entity.NotificationChannelEntity.hashCode(NotificationChannelEntity.java:13)
	at java.base/java.util.AbstractSet.hashCode(AbstractSet.java:124)
	at edu.market.notification.infrastructure.adapter.output.persistence.entity.NotificationEntity.hashCode(NotificationEntity.java:21)
	at edu.market.notification.infrastructure.adapter.output.persistence.entity.NotificationChannelEntity.hashCode(NotificationChannelEntity.java:13)
	at java.base/java.util.AbstractSet.hashCode(AbstractSet.java:124)
	at edu.market.notification.infrastructure.adapter.output.persistence.entity.NotificationEntity.hashCode(NotificationEntity.java:21)
	at edu.market.notification.infrastructure.adapter.output.persistence.entity.NotificationChannelEntity.hashCode(NotificationChannelEntity.java:13)
	at java.base/java.util.AbstractSet.hashCode(AbstractSet.java:124)
	at edu.market.notification.infrastructure.adapter.output.persistence.entity.NotificationEntity.hashCode(NotificationEntity.java:21)
	at edu.market.notification.infrastructure.adapter.output.persistence.entity.NotificationChannelEntity.hashCode(NotificationChannelEntity.java:13)
	at java.base/java.util.AbstractSet.hashCode(AbstractSet.java:124)
	at edu.market.notification.infrastructure.adapter.output.persistence.entity.NotificationEntity.hashCode(NotificationEntity.java:21)
	at edu.market.notification.infrastructure.adapter.output.persistence.entity.NotificationChannelEntity.hashCode(NotificationChannelEntity.java:13)
	at java.base/java.util.AbstractSet.hashCode(AbstractSet.java:124)
	at edu.market.notification.infrastructure.adapter.output.persistence.entity.NotificationEntity.hashCode(NotificationEntity.java:21)
	at edu.market.notification.infrastructure.adapter.output.persistence.entity.NotificationChannelEntity.hashCode(NotificationChannelEntity.java:13)
	at java.base/java.util.AbstractSet.hashCode(AbstractSet.java:124)
	at edu.market.notification.infrastructure.adapter.output.persistence.entity.NotificationEntity.hashCode(NotificationEntity.java:21)
	at edu.market.notification.infrastructure.adapter.output.persistence.entity.NotificationChannelEntity.hashCode(NotificationChannelEntity.java:13)
	at java.base/java.util.AbstractSet.hashCode(AbstractSet.java:124)
	at edu.market.notification.infrastructure.adapter.output.persistence.entity.NotificationEntity.hashCode(NotificationEntity.java:21)
	at edu.market.notification.infrastructure.adapter.output.persistence.entity.NotificationChannelEntity.hashCode(NotificationChannelEntity.java:13)
	at java.base/java.util.AbstractSet.hashCode(AbstractSet.java:124)
	at edu.market.notification.infrastructure.adapter.output.persistence.entity.NotificationEntity.hashCode(NotificationEntity.java:21)
	at edu.market.notification.infrastructure.adapter.output.persistence.entity.NotificationChannelEntity.hashCode(NotificationChannelEntity.java:13)
	at java.base/java.util.AbstractSet.hashCode(AbstractSet.java:124)
	at edu.market.notification.infrastructure.adapter.output.persistence.entity.NotificationEntity.hashCode(NotificationEntity.java:21)
	at edu.market.notification.infrastructure.adapter.output.persistence.entity.NotificationChannelEntity.hashCode(NotificationChannelEntity.java:13)
	at java.base/java.util.AbstractSet.hashCode(AbstractSet.java:124)
	at edu.market.notification.infrastructure.adapter.output.persistence.entity.NotificationEntity.hashCode(NotificationEntity.java:21)
	at edu.market.notification.infrastructure.adapter.output.persistence.entity.NotificationChannelEntity.hashCode(NotificationChannelEntity.java:13)
	at java.base/java.util.AbstractSet.hashCode(AbstractSet.java:124)
	at edu.market.notification.infrastructure.adapter.output.persistence.entity.NotificationEntity.hashCode(NotificationEntity.java:21)
	at edu.market.notification.infrastructure.adapter.output.persistence.entity.NotificationChannelEntity.hashCode(NotificationChannelEntity.java:13)
	at java.base/java.util.AbstractSet.hashCode(AbstractSet.java:124)
	at edu.market.notification.infrastructure.adapter.output.persistence.entity.NotificationEntity.hashCode(NotificationEntity.java:21)
	at edu.market.notification.infrastructure.adapter.output.persistence.entity.NotificationChannelEntity.hashCode(NotificationChannelEntity.java:13)
	at java.base/java.util.AbstractSet.hashCode(AbstractSet.java:124)
	at edu.market.notification.infrastructure.adapter.output.persistence.entity.NotificationEntity.hashCode(NotificationEntity.java:21)
	at edu.market.notification.infrastructure.adapter.output.persistence.entity.NotificationChannelEntity.hashCode(NotificationChannelEntity.java:13)
	at java.base/java.util.AbstractSet.hashCode(AbstractSet.java:124)
	at edu.market.notification.infrastructure.adapter.output.persistence.entity.NotificationEntity.hashCode(NotificationEntity.java:21)
	at edu.market.notification.infrastructure.adapter.output.persistence.entity.NotificationChannelEntity.hashCode(NotificationChannelEntity.java:13)
	at java.base/java.util.AbstractSet.hashCode(AbstractSet.java:124)
	at edu.market.notification.infrastructure.adapter.output.persistence.entity.NotificationEntity.hashCode(NotificationEntity.java:21)
	at edu.market.notification.infrastructure.adapter.output.persistence.entity.NotificationChannelEntity.hashCode(NotificationChannelEntity.java:13)
	at java.base/java.util.AbstractSet.hashCode(AbstractSet.java:124)
	at edu.market.notification.infrastructure.adapter.output.persistence.entity.NotificationEntity.hashCode(NotificationEntity.java:21)
	at edu.market.notification.infrastructure.adapter.output.persistence.entity.NotificationChannelEntity.hashCode(NotificationChannelEntity.java:13)
	at java.base/java.util.AbstractSet.hashCode(AbstractSet.java:124)
	at edu.market.notification.infrastructure.adapter.output.persistence.entity.NotificationEntity.hashCode(NotificationEntity.java:21)
	at edu.market.notification.infrastructure.adapter.output.persistence.entity.NotificationChannelEntity.hashCode(NotificationChannelEntity.java:13)
	at java.base/java.util.AbstractSet.hashCode(AbstractSet.java:124)
	at edu.market.notification.infrastructure.adapter.output.persistence.entity.NotificationEntity.hashCode(NotificationEntity.java:21)
	at edu.market.notification.infrastructure.adapter.output.persistence.entity.NotificationChannelEntity.hashCode(NotificationChannelEntity.java:13)
	at java.base/java.util.AbstractSet.hashCode(AbstractSet.java:124)
	at edu.market.notification.infrastructure.adapter.output.persistence.entity.NotificationEntity.hashCode(NotificationEntity.java:21)
	at edu.market.notification.infrastructure.adapter.output.persistence.entity.NotificationChannelEntity.hashCode(NotificationChannelEntity.java:13)
	at java.base/java.util.AbstractSet.hashCode(AbstractSet.java:124)
	at edu.market.notification.infrastructure.adapter.output.persistence.entity.NotificationEntity.hashCode(NotificationEntity.java:21)
	at edu.market.notification.infrastructure.adapter.output.persistence.entity.NotificationChannelEntity.hashCode(NotificationChannelEntity.java:13)
	at java.base/java.util.AbstractSet.hashCode(AbstractSet.java:124)
	at edu.market.notification.infrastructure.adapter.output.persistence.entity.NotificationEntity.hashCode(NotificationEntity.java:21)
	at edu.market.notification.infrastructure.adapter.output.persistence.entity.NotificationChannelEntity.hashCode(NotificationChannelEntity.java:13)
	at java.base/java.util.AbstractSet.hashCode(AbstractSet.java:124)
	at edu.market.notification.infrastructure.adapter.output.persistence.entity.NotificationEntity.hashCode(NotificationEntity.java:21)
	at edu.market.notification.infrastructure.adapter.output.persistence.entity.NotificationChannelEntity.hashCode(NotificationChannelEntity.java:13)
	at java.base/java.util.AbstractSet.hashCode(AbstractSet.java:124)
	at edu.market.notification.infrastructure.adapter.output.persistence.entity.NotificationEntity.hashCode(NotificationEntity.java:21)
	at edu.market.notification.infrastructure.adapter.output.persistence.entity.NotificationChannelEntity.hashCode(NotificationChannelEntity.java:13)
	at java.base/java.util.AbstractSet.hashCode(AbstractSet.java:124)
	at edu.market.notification.infrastructure.adapter.output.persistence.entity.NotificationEntity.hashCode(NotificationEntity.java:21)
	at edu.market.notification.infrastructure.adapter.output.persistence.entity.NotificationChannelEntity.hashCode(NotificationChannelEntity.java:13)
	at java.base/java.util.AbstractSet.hashCode(AbstractSet.java:124)
	at edu.market.notification.infrastructure.adapter.output.persistence.entity.NotificationEntity.hashCode(NotificationEntity.java:21)
	at edu.market.notification.infrastructure.adapter.output.persistence.entity.NotificationChannelEntity.hashCode(NotificationChannelEntity.java:13)
	at java.base/java.util.AbstractSet.hashCode(AbstractSet.java:124)
	at edu.market.notification.infrastructure.adapter.output.persistence.entity.NotificationEntity.hashCode(NotificationEntity.java:21)
	at edu.market.notification.infrastructure.adapter.output.persistence.entity.NotificationChannelEntity.hashCode(NotificationChannelEntity.java:13)
	at java.base/java.util.AbstractSet.hashCode(AbstractSet.java:124)
	at edu.market.notification.infrastructure.adapter.output.persistence.entity.NotificationEntity.hashCode(NotificationEntity.java:21)
	at edu.market.notification.infrastructure.adapter.output.persistence.entity.NotificationChannelEntity.hashCode(NotificationChannelEntity.java:13)
	at java.base/java.util.AbstractSet.hashCode(AbstractSet.java:124)
	at edu.market.notification.infrastructure.adapter.output.persistence.entity.NotificationEntity.hashCode(NotificationEntity.java:21)
	at edu.market.notification.infrastructure.adapter.output.persistence.entity.NotificationChannelEntity.hashCode(NotificationChannelEntity.java:13)
	at java.base/java.util.AbstractSet.hashCode(AbstractSet.java:124)
	at edu.market.notification.infrastructure.adapter.output.persistence.entity.NotificationEntity.hashCode(NotificationEntity.java:21)
	at edu.market.notification.infrastructure.adapter.output.persistence.entity.NotificationChannelEntity.hashCode(NotificationChannelEntity.java:13)
	at java.base/java.util.AbstractSet.hashCode(AbstractSet.java:124)
	at edu.market.notification.infrastructure.adapter.output.persistence.entity.NotificationEntity.hashCode(NotificationEntity.java:21)
	at edu.market.notification.infrastructure.adapter.output.persistence.entity.NotificationChannelEntity.hashCode(NotificationChannelEntity.java:13)
	at java.base/java.util.AbstractSet.hashCode(AbstractSet.java:124)
	at edu.market.notification.infrastructure.adapter.output.persistence.entity.NotificationEntity.hashCode(NotificationEntity.java:21)
	at edu.market.notification.infrastructure.adapter.output.persistence.entity.NotificationChannelEntity.hashCode(NotificationChannelEntity.java:13)
	at java.base/java.util.AbstractSet.hashCode(AbstractSet.java:124)
	at edu.market.notification.infrastructure.adapter.output.persistence.entity.NotificationEntity.hashCode(NotificationEntity.java:21)
	at edu.market.notification.infrastructure.adapter.output.persistence.entity.NotificationChannelEntity.hashCode(NotificationChannelEntity.java:13)
	at java.base/java.util.AbstractSet.hashCode(AbstractSet.java:124)
	at edu.market.notification.infrastructure.adapter.output.persistence.entity.NotificationEntity.hashCode(NotificationEntity.java:21)
	at edu.market.notification.infrastructure.adapter.output.persistence.entity.NotificationChannelEntity.hashCode(NotificationChannelEntity.java:13)
	at java.base/java.util.AbstractSet.hashCode(AbstractSet.java:124)
	at edu.market.notification.infrastructure.adapter.output.persistence.entity.NotificationEntity.hashCode(NotificationEntity.java:21)
	at edu.market.notification.infrastructure.adapter.output.persistence.entity.NotificationChannelEntity.hashCode(NotificationChannelEntity.java:13)
	at java.base/java.util.AbstractSet.hashCode(AbstractSet.java:124)
	at edu.market.notification.infrastructure.adapter.output.persistence.entity.NotificationEntity.hashCode(NotificationEntity.java:21)
	at edu.market.notification.infrastructure.adapter.output.persistence.entity.NotificationChannelEntity.hashCode(NotificationChannelEntity.java:13)
	at java.base/java.util.AbstractSet.hashCode(AbstractSet.java:124)
	at edu.market.notification.infrastructure.adapter.output.persistence.entity.NotificationEntity.hashCode(NotificationEntity.java:21)
	at edu.market.notification.infrastructure.adapter.output.persistence.entity.NotificationChannelEntity.hashCode(NotificationChannelEntity.java:13)
	at java.base/java.util.AbstractSet.hashCode(AbstractSet.java:124)
	at edu.market.notification.infrastructure.adapter.output.persistence.entity.NotificationEntity.hashCode(NotificationEntity.java:21)
	at edu.market.notification.infrastructure.adapter.output.persistence.entity.NotificationChannelEntity.hashCode(NotificationChannelEntity.java:13)
	at java.base/java.util.AbstractSet.hashCode(AbstractSet.java:124)
	at edu.market.notification.infrastructure.adapter.output.persistence.entity.NotificationEntity.hashCode(NotificationEntity.java:21)
	at edu.market.notification.infrastructure.adapter.output.persistence.entity.NotificationChannelEntity.hashCode(NotificationChannelEntity.java:13)
	at java.base/java.util.AbstractSet.hashCode(AbstractSet.java:124)
	at edu.market.notification.infrastructure.adapter.output.persistence.entity.NotificationEntity.hashCode(NotificationEntity.java:21)
	at edu.market.notification.infrastructure.adapter.output.persistence.entity.NotificationChannelEntity.hashCode(NotificationChannelEntity.java:13)
	at java.base/java.util.AbstractSet.hashCode(AbstractSet.java:124)
	at edu.market.notification.infrastructure.adapter.output.persistence.entity.NotificationEntity.hashCode(NotificationEntity.java:21)
	at edu.market.notification.infrastructure.adapter.output.persistence.entity.NotificationChannelEntity.hashCode(NotificationChannelEntity.java:13)
	at java.base/java.util.AbstractSet.hashCode(AbstractSet.java:124)
	at edu.market.notification.infrastructure.adapter.output.persistence.entity.NotificationEntity.hashCode(NotificationEntity.java:21)
	at edu.market.notification.infrastructure.adapter.output.persistence.entity.NotificationChannelEntity.hashCode(NotificationChannelEntity.java:13)
	at java.base/java.util.AbstractSet.hashCode(AbstractSet.java:124)
	at edu.market.notification.infrastructure.adapter.output.persistence.entity.NotificationEntity.hashCode(NotificationEntity.java:21)
	at edu.market.notification.infrastructure.adapter.output.persistence.entity.NotificationChannelEntity.hashCode(NotificationChannelEntity.java:13)
	at java.base/java.util.AbstractSet.hashCode(AbstractSet.java:124)
	at edu.market.notification.infrastructure.adapter.output.persistence.entity.NotificationEntity.hashCode(NotificationEntity.java:21)
	at edu.market.notification.infrastructure.adapter.output.persistence.entity.NotificationChannelEntity.hashCode(NotificationChannelEntity.java:13)
	at java.base/java.util.AbstractSet.hashCode(AbstractSet.java:124)
	at edu.market.notification.infrastructure.adapter.output.persistence.entity.NotificationEntity.hashCode(NotificationEntity.java:21)
	at edu.market.notification.infrastructure.adapter.output.persistence.entity.NotificationChannelEntity.hashCode(NotificationChannelEntity.java:13)
	at java.base/java.util.AbstractSet.hashCode(AbstractSet.java:124)
	at edu.market.notification.infrastructure.adapter.output.persistence.entity.NotificationEntity.hashCode(NotificationEntity.java:21)
	at edu.market.notification.infrastructure.adapter.output.persistence.entity.NotificationChannelEntity.hashCode(NotificationChannelEntity.java:13)
	at java.base/java.util.AbstractSet.hashCode(AbstractSet.java:124)
	at edu.market.notification.infrastructure.adapter.output.persistence.entity.NotificationEntity.hashCode(NotificationEntity.java:21)
	at edu.market.notification.infrastructure.adapter.output.persistence.entity.NotificationChannelEntity.hashCode(NotificationChannelEntity.java:13)
	at java.base/java.util.AbstractSet.hashCode(AbstractSet.java:124)
	at edu.market.notification.infrastructure.adapter.output.persistence.entity.NotificationEntity.hashCode(NotificationEntity.java:21)
	at edu.market.notification.infrastructure.adapter.output.persistence.entity.NotificationChannelEntity.hashCode(NotificationChannelEntity.java:13)
	at java.base/java.util.AbstractSet.hashCode(AbstractSet.java:124)
	at edu.market.notification.infrastructure.adapter.output.persistence.entity.NotificationEntity.hashCode(NotificationEntity.java:21)
	at edu.market.notification.infrastructure.adapter.output.persistence.entity.NotificationChannelEntity.hashCode(NotificationChannelEntity.java:13)
	at java.base/java.util.AbstractSet.hashCode(AbstractSet.java:124)
	at edu.market.notification.infrastructure.adapter.output.persistence.entity.NotificationEntity.hashCode(NotificationEntity.java:21)
	at edu.market.notification.infrastructure.adapter.output.persistence.entity.NotificationChannelEntity.hashCode(NotificationChannelEntity.java:13)
	at java.base/java.util.AbstractSet.hashCode(AbstractSet.java:124)
	at edu.market.notification.infrastructure.adapter.output.persistence.entity.NotificationEntity.hashCode(NotificationEntity.java:21)
	at edu.market.notification.infrastructure.adapter.output.persistence.entity.NotificationChannelEntity.hashCode(NotificationChannelEntity.java:13)
	at java.base/java.util.AbstractSet.hashCode(AbstractSet.java:124)
	at edu.market.notification.infrastructure.adapter.output.persistence.entity.NotificationEntity.hashCode(NotificationEntity.java:21)
	at edu.market.notification.infrastructure.adapter.output.persistence.entity.NotificationChannelEntity.hashCode(NotificationChannelEntity.java:13)
	at java.base/java.util.AbstractSet.hashCode(AbstractSet.java:124)
	at edu.market.notification.infrastructure.adapter.output.persistence.entity.NotificationEntity.hashCode(NotificationEntity.java:21)
	at edu.market.notification.infrastructure.adapter.output.persistence.entity.NotificationChannelEntity.hashCode(NotificationChannelEntity.java:13)
	at java.base/java.util.AbstractSet.hashCode(AbstractSet.java:124)
	at edu.market.notification.infrastructure.adapter.output.persistence.entity.NotificationEntity.hashCode(NotificationEntity.java:21)
	at edu.market.notification.infrastructure.adapter.output.persistence.entity.NotificationChannelEntity.hashCode(NotificationChannelEntity.java:13)
	at java.base/java.util.AbstractSet.hashCode(AbstractSet.java:124)
	at edu.market.notification.infrastructure.adapter.output.persistence.entity.NotificationEntity.hashCode(NotificationEntity.java:21)
	at edu.market.notification.infrastructure.adapter.output.persistence.entity.NotificationChannelEntity.hashCode(NotificationChannelEntity.java:13)
	at java.base/java.util.AbstractSet.hashCode(AbstractSet.java:124)
	at edu.market.notification.infrastructure.adapter.output.persistence.entity.NotificationEntity.hashCode(NotificationEntity.java:21)
	at edu.market.notification.infrastructure.adapter.output.persistence.entity.NotificationChannelEntity.hashCode(NotificationChannelEntity.java:13)
	at java.base/java.util.AbstractSet.hashCode(AbstractSet.java:124)
	at edu.market.notification.infrastructure.adapter.output.persistence.entity.NotificationEntity.hashCode(NotificationEntity.java:21)
	at edu.market.notification.infrastructure.adapter.output.persistence.entity.NotificationChannelEntity.hashCode(NotificationChannelEntity.java:13)
	at java.base/java.util.AbstractSet.hashCode(AbstractSet.java:124)
	at edu.market.notification.infrastructure.adapter.output.persistence.entity.NotificationEntity.hashCode(NotificationEntity.java:21)
	at edu.market.notification.infrastructure.adapter.output.persistence.entity.NotificationChannelEntity.hashCode(NotificationChannelEntity.java:13)
	at java.base/java.util.AbstractSet.hashCode(AbstractSet.java:124)
	at edu.market.notification.infrastructure.adapter.output.persistence.entity.NotificationEntity.hashCode(NotificationEntity.java:21)
	at edu.market.notification.infrastructure.adapter.output.persistence.entity.NotificationChannelEntity.hashCode(NotificationChannelEntity.java:13)
	at java.base/java.util.AbstractSet.hashCode(AbstractSet.java:124)
	at edu.market.notification.infrastructure.adapter.output.persistence.entity.NotificationEntity.hashCode(NotificationEntity.java:21)
	at edu.market.notification.infrastructure.adapter.output.persistence.entity.NotificationChannelEntity.hashCode(NotificationChannelEntity.java:13)
	at java.base/java.util.AbstractSet.hashCode(AbstractSet.java:124)
	at edu.market.notification.infrastructure.adapter.output.persistence.entity.NotificationEntity.hashCode(NotificationEntity.java:21)
	at edu.market.notification.infrastructure.adapter.output.persistence.entity.NotificationChannelEntity.hashCode(NotificationChannelEntity.java:13)
	at java.base/java.util.AbstractSet.hashCode(AbstractSet.java:124)
	at edu.market.notification.infrastructure.adapter.output.persistence.entity.NotificationEntity.hashCode(NotificationEntity.java:21)
	at edu.market.notification.infrastructure.adapter.output.persistence.entity.NotificationChannelEntity.hashCode(NotificationChannelEntity.java:13)
	at java.base/java.util.AbstractSet.hashCode(AbstractSet.java:124)
	at edu.market.notification.infrastructure.adapter.output.persistence.entity.NotificationEntity.hashCode(NotificationEntity.java:21)
	at edu.market.notification.infrastructure.adapter.output.persistence.entity.NotificationChannelEntity.hashCode(NotificationChannelEntity.java:13)
	at java.base/java.util.AbstractSet.hashCode(AbstractSet.java:124)
	at edu.market.notification.infrastructure.adapter.output.persistence.entity.NotificationEntity.hashCode(NotificationEntity.java:21)
	at edu.market.notification.infrastructure.adapter.output.persistence.entity.NotificationChannelEntity.hashCode(NotificationChannelEntity.java:13)
	at java.base/java.util.AbstractSet.hashCode(AbstractSet.java:124)
	at edu.market.notification.infrastructure.adapter.output.persistence.entity.NotificationEntity.hashCode(NotificationEntity.java:21)
	at edu.market.notification.infrastructure.adapter.output.persistence.entity.NotificationChannelEntity.hashCode(NotificationChannelEntity.java:13)
	at java.base/java.util.AbstractSet.hashCode(AbstractSet.java:124)
	at edu.market.notification.infrastructure.adapter.output.persistence.entity.NotificationEntity.hashCode(NotificationEntity.java:21)
	at edu.market.notification.infrastructure.adapter.output.persistence.entity.NotificationChannelEntity.hashCode(NotificationChannelEntity.java:13)
	at java.base/java.util.AbstractSet.hashCode(AbstractSet.java:124)
	at edu.market.notification.infrastructure.adapter.output.persistence.entity.NotificationEntity.hashCode(NotificationEntity.java:21)
	at edu.market.notification.infrastructure.adapter.output.persistence.entity.NotificationChannelEntity.hashCode(NotificationChannelEntity.java:13)
	at java.base/java.util.AbstractSet.hashCode(AbstractSet.java:124)
	at edu.market.notification.infrastructure.adapter.output.persistence.entity.NotificationEntity.hashCode(NotificationEntity.java:21)
	at edu.market.notification.infrastructure.adapter.output.persistence.entity.NotificationChannelEntity.hashCode(NotificationChannelEntity.java:13)
	at java.base/java.util.AbstractSet.hashCode(AbstractSet.java:124)
	at edu.market.notification.infrastructure.adapter.output.persistence.entity.NotificationEntity.hashCode(NotificationEntity.java:21)
	at edu.market.notification.infrastructure.adapter.output.persistence.entity.NotificationChannelEntity.hashCode(NotificationChannelEntity.java:13)
	at java.base/java.util.AbstractSet.hashCode(AbstractSet.java:124)
	at edu.market.notification.infrastructure.adapter.output.persistence.entity.NotificationEntity.hashCode(NotificationEntity.java:21)
	at edu.market.notification.infrastructure.adapter.output.persistence.entity.NotificationChannelEntity.hashCode(NotificationChannelEntity.java:13)
	at java.base/java.util.AbstractSet.hashCode(AbstractSet.java:124)
	at edu.market.notification.infrastructure.adapter.output.persistence.entity.NotificationEntity.hashCode(NotificationEntity.java:21)
	at edu.market.notification.infrastructure.adapter.output.persistence.entity.NotificationChannelEntity.hashCode(NotificationChannelEntity.java:13)
	at java.base/java.util.AbstractSet.hashCode(AbstractSet.java:124)
	at edu.market.notification.infrastructure.adapter.output.persistence.entity.NotificationEntity.hashCode(NotificationEntity.java:21)
	at edu.market.notification.infrastructure.adapter.output.persistence.entity.NotificationChannelEntity.hashCode(NotificationChannelEntity.java:13)
	at java.base/java.util.AbstractSet.hashCode(AbstractSet.java:124)
	at edu.market.notification.infrastructure.adapter.output.persistence.entity.NotificationEntity.hashCode(NotificationEntity.java:21)
	at edu.market.notification.infrastructure.adapter.output.persistence.entity.NotificationChannelEntity.hashCode(NotificationChannelEntity.java:13)
	at java.base/java.util.AbstractSet.hashCode(AbstractSet.java:124)
	at edu.market.notification.infrastructure.adapter.output.persistence.entity.NotificationEntity.hashCode(NotificationEntity.java:21)
	at edu.market.notification.infrastructure.adapter.output.persistence.entity.NotificationChannelEntity.hashCode(NotificationChannelEntity.java:13)
	at java.base/java.util.AbstractSet.hashCode(AbstractSet.java:124)
	at edu.market.notification.infrastructure.adapter.output.persistence.entity.NotificationEntity.hashCode(NotificationEntity.java:21)
	at edu.market.notification.infrastructure.adapter.output.persistence.entity.NotificationChannelEntity.hashCode(NotificationChannelEntity.java:13)
	at java.base/java.util.AbstractSet.hashCode(AbstractSet.java:124)
	at edu.market.notification.infrastructure.adapter.output.persistence.entity.NotificationEntity.hashCode(NotificationEntity.java:21)
	at edu.market.notification.infrastructure.adapter.output.persistence.entity.NotificationChannelEntity.hashCode(NotificationChannelEntity.java:13)
	at java.base/java.util.AbstractSet.hashCode(AbstractSet.java:124)
	at edu.market.notification.infrastructure.adapter.output.persistence.entity.NotificationEntity.hashCode(NotificationEntity.java:21)
	at edu.market.notification.infrastructure.adapter.output.persistence.entity.NotificationChannelEntity.hashCode(NotificationChannelEntity.java:13)
	at java.base/java.util.AbstractSet.hashCode(AbstractSet.java:124)
	at edu.market.notification.infrastructure.adapter.output.persistence.entity.NotificationEntity.hashCode(NotificationEntity.java:21)
	at edu.market.notification.infrastructure.adapter.output.persistence.entity.NotificationChannelEntity.hashCode(NotificationChannelEntity.java:13)
	at java.base/java.util.AbstractSet.hashCode(AbstractSet.java:124)
	at edu.market.notification.infrastructure.adapter.output.persistence.entity.NotificationEntity.hashCode(NotificationEntity.java:21)
	at edu.market.notification.infrastructure.adapter.output.persistence.entity.NotificationChannelEntity.hashCode(NotificationChannelEntity.java:13)
	at java.base/java.util.AbstractSet.hashCode(AbstractSet.java:124)
	at edu.market.notification.infrastructure.adapter.output.persistence.entity.NotificationEntity.hashCode(NotificationEntity.java:21)
	at edu.market.notification.infrastructure.adapter.output.persistence.entity.NotificationChannelEntity.hashCode(NotificationChannelEntity.java:13)
	at java.base/java.util.AbstractSet.hashCode(AbstractSet.java:124)
	at edu.market.notification.infrastructure.adapter.output.persistence.entity.NotificationEntity.hashCode(NotificationEntity.java:21)
	at edu.market.notification.infrastructure.adapter.output.persistence.entity.NotificationChannelEntity.hashCode(NotificationChannelEntity.java:13)
	at java.base/java.util.AbstractSet.hashCode(AbstractSet.java:124)
	at edu.market.notification.infrastructure.adapter.output.persistence.entity.NotificationEntity.hashCode(NotificationEntity.java:21)
	at edu.market.notification.infrastructure.adapter.output.persistence.entity.NotificationChannelEntity.hashCode(NotificationChannelEntity.java:13)
	at java.base/java.util.AbstractSet.hashCode(AbstractSet.java:124)
	at edu.market.notification.infrastructure.adapter.output.persistence.entity.NotificationEntity.hashCode(NotificationEntity.java:21)
	at edu.market.notification.infrastructure.adapter.output.persistence.entity.NotificationChannelEntity.hashCode(NotificationChannelEntity.java:13)
	at java.base/java.util.AbstractSet.hashCode(AbstractSet.java:124)
	at edu.market.notification.infrastructure.adapter.output.persistence.entity.NotificationEntity.hashCode(NotificationEntity.java:21)
	at edu.market.notification.infrastructure.adapter.output.persistence.entity.NotificationChannelEntity.hashCode(NotificationChannelEntity.java:13)
	at java.base/java.util.AbstractSet.hashCode(AbstractSet.java:124)
	at edu.market.notification.infrastructure.adapter.output.persistence.entity.NotificationEntity.hashCode(NotificationEntity.java:21)
	at edu.market.notification.infrastructure.adapter.output.persistence.entity.NotificationChannelEntity.hashCode(NotificationChannelEntity.java:13)
	at java.base/java.util.AbstractSet.hashCode(AbstractSet.java:124)
	at edu.market.notification.infrastructure.adapter.output.persistence.entity.NotificationEntity.hashCode(NotificationEntity.java:21)
	at edu.market.notification.infrastructure.adapter.output.persistence.entity.NotificationChannelEntity.hashCode(NotificationChannelEntity.java:13)
	at java.base/java.util.AbstractSet.hashCode(AbstractSet.java:124)
	at edu.market.notification.infrastructure.adapter.output.persistence.entity.NotificationEntity.hashCode(NotificationEntity.java:21)
	at edu.market.notification.infrastructure.adapter.output.persistence.entity.NotificationChannelEntity.hashCode(NotificationChannelEntity.java:13)
	at java.base/java.util.AbstractSet.hashCode(AbstractSet.java:124)
	at edu.market.notification.infrastructure.adapter.output.persistence.entity.NotificationEntity.hashCode(NotificationEntity.java:21)
	at edu.market.notification.infrastructure.adapter.output.persistence.entity.NotificationChannelEntity.hashCode(NotificationChannelEntity.java:13)
	at java.base/java.util.AbstractSet.hashCode(AbstractSet.java:124)
	at edu.market.notification.infrastructure.adapter.output.persistence.entity.NotificationEntity.hashCode(NotificationEntity.java:21)
	at edu.market.notification.infrastructure.adapter.output.persistence.entity.NotificationChannelEntity.hashCode(NotificationChannelEntity.java:13)
	at java.base/java.util.AbstractSet.hashCode(AbstractSet.java:124)
	at edu.market.notification.infrastructure.adapter.output.persistence.entity.NotificationEntity.hashCode(NotificationEntity.java:21)
	at edu.market.notification.infrastructure.adapter.output.persistence.entity.NotificationChannelEntity.hashCode(NotificationChannelEntity.java:13)
	at java.base/java.util.AbstractSet.hashCode(AbstractSet.java:124)
	at edu.market.notification.infrastructure.adapter.output.persistence.entity.NotificationEntity.hashCode(NotificationEntity.java:21)
	at edu.market.notification.infrastructure.adapter.output.persistence.entity.NotificationChannelEntity.hashCode(NotificationChannelEntity.java:13)
	at java.base/java.util.AbstractSet.hashCode(AbstractSet.java:124)
	at edu.market.notification.infrastructure.adapter.output.persistence.entity.NotificationEntity.hashCode(NotificationEntity.java:21)
	at edu.market.notification.infrastructure.adapter.output.persistence.entity.NotificationChannelEntity.hashCode(NotificationChannelEntity.java:13)
	at java.base/java.util.AbstractSet.hashCode(AbstractSet.java:124)
	at edu.market.notification.infrastructure.adapter.output.persistence.entity.NotificationEntity.hashCode(NotificationEntity.java:21)
	at edu.market.notification.infrastructure.adapter.output.persistence.entity.NotificationChannelEntity.hashCode(NotificationChannelEntity.java:13)
	at java.base/java.util.AbstractSet.hashCode(AbstractSet.java:124)
	at edu.market.notification.infrastructure.adapter.output.persistence.entity.NotificationEntity.hashCode(NotificationEntity.java:21)
	at edu.market.notification.infrastructure.adapter.output.persistence.entity.NotificationChannelEntity.hashCode(NotificationChannelEntity.java:13)
	at java.base/java.util.AbstractSet.hashCode(AbstractSet.java:124)
	at edu.market.notification.infrastructure.adapter.output.persistence.entity.NotificationEntity.hashCode(NotificationEntity.java:21)
	at edu.market.notification.infrastructure.adapter.output.persistence.entity.NotificationChannelEntity.hashCode(NotificationChannelEntity.java:13)
	at java.base/java.util.AbstractSet.hashCode(AbstractSet.java:124)
	at edu.market.notification.infrastructure.adapter.output.persistence.entity.NotificationEntity.hashCode(NotificationEntity.java:21)
	at edu.market.notification.infrastructure.adapter.output.persistence.entity.NotificationChannelEntity.hashCode(NotificationChannelEntity.java:13)
	at java.base/java.util.AbstractSet.hashCode(AbstractSet.java:124)
	at edu.market.notification.infrastructure.adapter.output.persistence.entity.NotificationEntity.hashCode(NotificationEntity.java:21)
	at edu.market.notification.infrastructure.adapter.output.persistence.entity.NotificationChannelEntity.hashCode(NotificationChannelEntity.java:13)
	at java.base/java.util.AbstractSet.hashCode(AbstractSet.java:124)
	at edu.market.notification.infrastructure.adapter.output.persistence.entity.NotificationEntity.hashCode(NotificationEntity.java:21)
	at edu.market.notification.infrastructure.adapter.output.persistence.entity.NotificationChannelEntity.hashCode(NotificationChannelEntity.java:13)
	at java.base/java.util.AbstractSet.hashCode(AbstractSet.java:124)
	at edu.market.notification.infrastructure.adapter.output.persistence.entity.NotificationEntity.hashCode(NotificationEntity.java:21)
	at edu.market.notification.infrastructure.adapter.output.persistence.entity.NotificationChannelEntity.hashCode(NotificationChannelEntity.java:13)
	at java.base/java.util.AbstractSet.hashCode(AbstractSet.java:124)
	at edu.market.notification.infrastructure.adapter.output.persistence.entity.NotificationEntity.hashCode(NotificationEntity.java:21)
	at edu.market.notification.infrastructure.adapter.output.persistence.entity.NotificationChannelEntity.hashCode(NotificationChannelEntity.java:13)
	at java.base/java.util.AbstractSet.hashCode(AbstractSet.java:124)
	at edu.market.notification.infrastructure.adapter.output.persistence.entity.NotificationEntity.hashCode(NotificationEntity.java:21)
	at edu.market.notification.infrastructure.adapter.output.persistence.entity.NotificationChannelEntity.hashCode(NotificationChannelEntity.java:13)
	at java.base/java.util.AbstractSet.hashCode(AbstractSet.java:124)
	at edu.market.notification.infrastructure.adapter.output.persistence.entity.NotificationEntity.hashCode(NotificationEntity.java:21)
	at edu.market.notification.infrastructure.adapter.output.persistence.entity.NotificationChannelEntity.hashCode(NotificationChannelEntity.java:13)
	at java.base/java.util.AbstractSet.hashCode(AbstractSet.java:124)
	at edu.market.notification.infrastructure.adapter.output.persistence.entity.NotificationEntity.hashCode(NotificationEntity.java:21)
	at edu.market.notification.infrastructure.adapter.output.persistence.entity.NotificationChannelEntity.hashCode(NotificationChannelEntity.java:13)
	at java.base/java.util.AbstractSet.hashCode(AbstractSet.java:124)
	at edu.market.notification.infrastructure.adapter.output.persistence.entity.NotificationEntity.hashCode(NotificationEntity.java:21)
	at edu.market.notification.infrastructure.adapter.output.persistence.entity.NotificationChannelEntity.hashCode(NotificationChannelEntity.java:13)
	at java.base/java.util.AbstractSet.hashCode(AbstractSet.java:124)
	at edu.market.notification.infrastructure.adapter.output.persistence.entity.NotificationEntity.hashCode(NotificationEntity.java:21)
	at edu.market.notification.infrastructure.adapter.output.persistence.entity.NotificationChannelEntity.hashCode(NotificationChannelEntity.java:13)
	at java.base/java.util.AbstractSet.hashCode(AbstractSet.java:124)
	at edu.market.notification.infrastructure.adapter.output.persistence.entity.NotificationEntity.hashCode(NotificationEntity.java:21)
	at edu.market.notification.infrastructure.adapter.output.persistence.entity.NotificationChannelEntity.hashCode(NotificationChannelEntity.java:13)
	at java.base/java.util.AbstractSet.hashCode(AbstractSet.java:124)
	at edu.market.notification.infrastructure.adapter.output.persistence.entity.NotificationEntity.hashCode(NotificationEntity.java:21)
	at edu.market.notification.infrastructure.adapter.output.persistence.entity.NotificationChannelEntity.hashCode(NotificationChannelEntity.java:13)
	at java.base/java.util.AbstractSet.hashCode(AbstractSet.java:124)
	at edu.market.notification.infrastructure.adapter.output.persistence.entity.NotificationEntity.hashCode(NotificationEntity.java:21)
	at edu.market.notification.infrastructure.adapter.output.persistence.entity.NotificationChannelEntity.hashCode(NotificationChannelEntity.java:13)
	at java.base/java.util.AbstractSet.hashCode(AbstractSet.java:124)
	at edu.market.notification.infrastructure.adapter.output.persistence.entity.NotificationEntity.hashCode(NotificationEntity.java:21)
	at edu.market.notification.infrastructure.adapter.output.persistence.entity.NotificationChannelEntity.hashCode(NotificationChannelEntity.java:13)
	at java.base/java.util.AbstractSet.hashCode(AbstractSet.java:124)
	at edu.market.notification.infrastructure.adapter.output.persistence.entity.NotificationEntity.hashCode(NotificationEntity.java:21)
	at edu.market.notification.infrastructure.adapter.output.persistence.entity.NotificationChannelEntity.hashCode(NotificationChannelEntity.java:13)
	at java.base/java.util.AbstractSet.hashCode(AbstractSet.java:124)
	at edu.market.notification.infrastructure.adapter.output.persistence.entity.NotificationEntity.hashCode(NotificationEntity.java:21)
	at edu.market.notification.infrastructure.adapter.output.persistence.entity.NotificationChannelEntity.hashCode(NotificationChannelEntity.java:13)
	at java.base/java.util.AbstractSet.hashCode(AbstractSet.java:124)
	at edu.market.notification.infrastructure.adapter.output.persistence.entity.NotificationEntity.hashCode(NotificationEntity.java:21)
	at edu.market.notification.infrastructure.adapter.output.persistence.entity.NotificationChannelEntity.hashCode(NotificationChannelEntity.java:13)
	at java.base/java.util.AbstractSet.hashCode(AbstractSet.java:124)
	at edu.market.notification.infrastructure.adapter.output.persistence.entity.NotificationEntity.hashCode(NotificationEntity.java:21)
	at edu.market.notification.infrastructure.adapter.output.persistence.entity.NotificationChannelEntity.hashCode(NotificationChannelEntity.java:13)
	at java.base/java.util.AbstractSet.hashCode(AbstractSet.java:124)
	at edu.market.notification.infrastructure.adapter.output.persistence.entity.NotificationEntity.hashCode(NotificationEntity.java:21)
	at edu.market.notification.infrastructure.adapter.output.persistence.entity.NotificationChannelEntity.hashCode(NotificationChannelEntity.java:13)
	at java.base/java.util.AbstractSet.hashCode(AbstractSet.java:124)
	at edu.market.notification.infrastructure.adapter.output.persistence.entity.NotificationEntity.hashCode(NotificationEntity.java:21)
	at edu.market.notification.infrastructure.adapter.output.persistence.entity.NotificationChannelEntity.hashCode(NotificationChannelEntity.java:13)
	at java.base/java.util.AbstractSet.hashCode(AbstractSet.java:124)
	at edu.market.notification.infrastructure.adapter.output.persistence.entity.NotificationEntity.hashCode(NotificationEntity.java:21)
	at edu.market.notification.infrastructure.adapter.output.persistence.entity.NotificationChannelEntity.hashCode(NotificationChannelEntity.java:13)
	at java.base/java.util.AbstractSet.hashCode(AbstractSet.java:124)
	at edu.market.notification.infrastructure.adapter.output.persistence.entity.NotificationEntity.hashCode(NotificationEntity.java:21)
	at edu.market.notification.infrastructure.adapter.output.persistence.entity.NotificationChannelEntity.hashCode(NotificationChannelEntity.java:13)
	at java.base/java.util.AbstractSet.hashCode(AbstractSet.java:124)
	at edu.market.notification.infrastructure.adapter.output.persistence.entity.NotificationEntity.hashCode(NotificationEntity.java:21)
	at edu.market.notification.infrastructure.adapter.output.persistence.entity.NotificationChannelEntity.hashCode(NotificationChannelEntity.java:13)
	at java.base/java.util.AbstractSet.hashCode(AbstractSet.java:124)
	at edu.market.notification.infrastructure.adapter.output.persistence.entity.NotificationEntity.hashCode(NotificationEntity.java:21)
	at edu.market.notification.infrastructure.adapter.output.persistence.entity.NotificationChannelEntity.hashCode(NotificationChannelEntity.java:13)
	at java.base/java.util.AbstractSet.hashCode(AbstractSet.java:124)
	at edu.market.notification.infrastructure.adapter.output.persistence.entity.NotificationEntity.hashCode(NotificationEntity.java:21)
	at edu.market.notification.infrastructure.adapter.output.persistence.entity.NotificationChannelEntity.hashCode(NotificationChannelEntity.java:13)
	at java.base/java.util.AbstractSet.hashCode(AbstractSet.java:124)
	at edu.market.notification.infrastructure.adapter.output.persistence.entity.NotificationEntity.hashCode(NotificationEntity.java:21)
	at edu.market.notification.infrastructure.adapter.output.persistence.entity.NotificationChannelEntity.hashCode(NotificationChannelEntity.java:13)
	at java.base/java.util.AbstractSet.hashCode(AbstractSet.java:124)
	at edu.market.notification.infrastructure.adapter.output.persistence.entity.NotificationEntity.hashCode(NotificationEntity.java:21)
	at edu.market.notification.infrastructure.adapter.output.persistence.entity.NotificationChannelEntity.hashCode(NotificationChannelEntity.java:13)
	at java.base/java.util.AbstractSet.hashCode(AbstractSet.java:124)
	at edu.market.notification.infrastructure.adapter.output.persistence.entity.NotificationEntity.hashCode(NotificationEntity.java:21)
	at edu.market.notification.infrastructure.adapter.output.persistence.entity.NotificationChannelEntity.hashCode(NotificationChannelEntity.java:13)
	at java.base/java.util.AbstractSet.hashCode(AbstractSet.java:124)
	at edu.market.notification.infrastructure.adapter.output.persistence.entity.NotificationEntity.hashCode(NotificationEntity.java:21)
	at edu.market.notification.infrastructure.adapter.output.persistence.entity.NotificationChannelEntity.hashCode(NotificationChannelEntity.java:13)
	at java.base/java.util.AbstractSet.hashCode(AbstractSet.java:124)
	at edu.market.notification.infrastructure.adapter.output.persistence.entity.NotificationEntity.hashCode(NotificationEntity.java:21)
	at edu.market.notification.infrastructure.adapter.output.persistence.entity.NotificationChannelEntity.hashCode(NotificationChannelEntity.java:13)
	at java.base/java.util.AbstractSet.hashCode(AbstractSet.java:124)
	at edu.market.notification.infrastructure.adapter.output.persistence.entity.NotificationEntity.hashCode(NotificationEntity.java:21)
	at edu.market.notification.infrastructure.adapter.output.persistence.entity.NotificationChannelEntity.hashCode(NotificationChannelEntity.java:13)
	at java.base/java.util.AbstractSet.hashCode(AbstractSet.java:124)
	at edu.market.notification.infrastructure.adapter.output.persistence.entity.NotificationEntity.hashCode(NotificationEntity.java:21)
	at edu.market.notification.infrastructure.adapter.output.persistence.entity.NotificationChannelEntity.hashCode(NotificationChannelEntity.java:13)
	at java.base/java.util.AbstractSet.hashCode(AbstractSet.java:124)
	at edu.market.notification.infrastructure.adapter.output.persistence.entity.NotificationEntity.hashCode(NotificationEntity.java:21)
	at edu.market.notification.infrastructure.adapter.output.persistence.entity.NotificationChannelEntity.hashCode(NotificationChannelEntity.java:13)
	at java.base/java.util.AbstractSet.hashCode(AbstractSet.java:124)
	at edu.market.notification.infrastructure.adapter.output.persistence.entity.NotificationEntity.hashCode(NotificationEntity.java:21)
	at edu.market.notification.infrastructure.adapter.output.persistence.entity.NotificationChannelEntity.hashCode(NotificationChannelEntity.java:13)
	at java.base/java.util.AbstractSet.hashCode(AbstractSet.java:124)
	at edu.market.notification.infrastructure.adapter.output.persistence.entity.NotificationEntity.hashCode(NotificationEntity.java:21)
	at edu.market.notification.infrastructure.adapter.output.persistence.entity.NotificationChannelEntity.hashCode(NotificationChannelEntity.java:13)
	at java.base/java.util.AbstractSet.hashCode(AbstractSet.java:124)
	at edu.market.notification.infrastructure.adapter.output.persistence.entity.NotificationEntity.hashCode(NotificationEntity.java:21)
	at edu.market.notification.infrastructure.adapter.output.persistence.entity.NotificationChannelEntity.hashCode(NotificationChannelEntity.java:13)
	at java.base/java.util.AbstractSet.hashCode(AbstractSet.java:124)
	at edu.market.notification.infrastructure.adapter.output.persistence.entity.NotificationEntity.hashCode(NotificationEntity.java:21)
	at edu.market.notification.infrastructure.adapter.output.persistence.entity.NotificationChannelEntity.hashCode(NotificationChannelEntity.java:13)
	at java.base/java.util.AbstractSet.hashCode(AbstractSet.java:124)
	at edu.market.notification.infrastructure.adapter.output.persistence.entity.NotificationEntity.hashCode(NotificationEntity.java:21)
	at edu.market.notification.infrastructure.adapter.output.persistence.entity.NotificationChannelEntity.hashCode(NotificationChannelEntity.java:13)
	at java.base/java.util.AbstractSet.hashCode(AbstractSet.java:124)
	at edu.market.notification.infrastructure.adapter.output.persistence.entity.NotificationEntity.hashCode(NotificationEntity.java:21)
	at edu.market.notification.infrastructure.adapter.output.persistence.entity.NotificationChannelEntity.hashCode(NotificationChannelEntity.java:13)
	at java.base/java.util.AbstractSet.hashCode(AbstractSet.java:124)
	at edu.market.notification.infrastructure.adapter.output.persistence.entity.NotificationEntity.hashCode(NotificationEntity.java:21)
	at edu.market.notification.infrastructure.adapter.output.persistence.entity.NotificationChannelEntity.hashCode(NotificationChannelEntity.java:13)
	at java.base/java.util.AbstractSet.hashCode(AbstractSet.java:124)
	at edu.market.notification.infrastructure.adapter.output.persistence.entity.NotificationEntity.hashCode(NotificationEntity.java:21)
	at edu.market.notification.infrastructure.adapter.output.persistence.entity.NotificationChannelEntity.hashCode(NotificationChannelEntity.java:13)
	at java.base/java.util.AbstractSet.hashCode(AbstractSet.java:124)
	at edu.market.notification.infrastructure.adapter.output.persistence.entity.NotificationEntity.hashCode(NotificationEntity.java:21)
	at edu.market.notification.infrastructure.adapter.output.persistence.entity.NotificationChannelEntity.hashCode(NotificationChannelEntity.java:13)
	at java.base/java.util.AbstractSet.hashCode(AbstractSet.java:124)
	at edu.market.notification.infrastructure.adapter.output.persistence.entity.NotificationEntity.hashCode(NotificationEntity.java:21)
	at edu.market.notification.infrastructure.adapter.output.persistence.entity.NotificationChannelEntity.hashCode(NotificationChannelEntity.java:13)
	at java.base/java.util.AbstractSet.hashCode(AbstractSet.java:124)
	at edu.market.notification.infrastructure.adapter.output.persistence.entity.NotificationEntity.hashCode(NotificationEntity.java:21)
	at edu.market.notification.infrastructure.adapter.output.persistence.entity.NotificationChannelEntity.hashCode(NotificationChannelEntity.java:13)
	at java.base/java.util.AbstractSet.hashCode(AbstractSet.java:124)
	at edu.market.notification.infrastructure.adapter.output.persistence.entity.NotificationEntity.hashCode(NotificationEntity.java:21)
	at edu.market.notification.infrastructure.adapter.output.persistence.entity.NotificationChannelEntity.hashCode(NotificationChannelEntity.java:13)
	at java.base/java.util.AbstractSet.hashCode(AbstractSet.java:124)
	at edu.market.notification.infrastructure.adapter.output.persistence.entity.NotificationEntity.hashCode(NotificationEntity.java:21)
	at edu.market.notification.infrastructure.adapter.output.persistence.entity.NotificationChannelEntity.hashCode(NotificationChannelEntity.java:13)
	at java.base/java.util.AbstractSet.hashCode(AbstractSet.java:124)
	at edu.market.notification.infrastructure.adapter.output.persistence.entity.NotificationEntity.hashCode(NotificationEntity.java:21)
	at edu.market.notification.infrastructure.adapter.output.persistence.entity.NotificationChannelEntity.hashCode(NotificationChannelEntity.java:13)
	at java.base/java.util.AbstractSet.hashCode(AbstractSet.java:124)
	at edu.market.notification.infrastructure.adapter.output.persistence.entity.NotificationEntity.hashCode(NotificationEntity.java:21)
	at edu.market.notification.infrastructure.adapter.output.persistence.entity.NotificationChannelEntity.hashCode(NotificationChannelEntity.java:13)
	at java.base/java.util.AbstractSet.hashCode(AbstractSet.java:124)
	at edu.market.notification.infrastructure.adapter.output.persistence.entity.NotificationEntity.hashCode(NotificationEntity.java:21)
	at edu.market.notification.infrastructure.adapter.output.persistence.entity.NotificationChannelEntity.hashCode(NotificationChannelEntity.java:13)
	at java.base/java.util.AbstractSet.hashCode(AbstractSet.java:124)
	at edu.market.notification.infrastructure.adapter.output.persistence.entity.NotificationEntity.hashCode(NotificationEntity.java:21)
	at edu.market.notification.infrastructure.adapter.output.persistence.entity.NotificationChannelEntity.hashCode(NotificationChannelEntity.java:13)
	at java.base/java.util.AbstractSet.hashCode(AbstractSet.java:124)
	at edu.market.notification.infrastructure.adapter.output.persistence.entity.NotificationEntity.hashCode(NotificationEntity.java:21)
	at edu.market.notification.infrastructure.adapter.output.persistence.entity.NotificationChannelEntity.hashCode(NotificationChannelEntity.java:13)
	at java.base/java.util.AbstractSet.hashCode(AbstractSet.java:124)
	at edu.market.notification.infrastructure.adapter.output.persistence.entity.NotificationEntity.hashCode(NotificationEntity.java:21)
	at edu.market.notification.infrastructure.adapter.output.persistence.entity.NotificationChannelEntity.hashCode(NotificationChannelEntity.java:13)
	at java.base/java.util.AbstractSet.hashCode(AbstractSet.java:124)
	at edu.market.notification.infrastructure.adapter.output.persistence.entity.NotificationEntity.hashCode(NotificationEntity.java:21)
	at edu.market.notification.infrastructure.adapter.output.persistence.entity.NotificationChannelEntity.hashCode(NotificationChannelEntity.java:13)
	at java.base/java.util.AbstractSet.hashCode(AbstractSet.java:124)
	at edu.market.notification.infrastructure.adapter.output.persistence.entity.NotificationEntity.hashCode(NotificationEntity.java:21)
	at edu.market.notification.infrastructure.adapter.output.persistence.entity.NotificationChannelEntity.hashCode(NotificationChannelEntity.java:13)
	at java.base/java.util.AbstractSet.hashCode(AbstractSet.java:124)
	at edu.market.notification.infrastructure.adapter.output.persistence.entity.NotificationEntity.hashCode(NotificationEntity.java:21)
	at edu.market.notification.infrastructure.adapter.output.persistence.entity.NotificationChannelEntity.hashCode(NotificationChannelEntity.java:13)
	at java.base/java.util.AbstractSet.hashCode(AbstractSet.java:124)
	at edu.market.notification.infrastructure.adapter.output.persistence.entity.NotificationEntity.hashCode(NotificationEntity.java:21)
	at edu.market.notification.infrastructure.adapter.output.persistence.entity.NotificationChannelEntity.hashCode(NotificationChannelEntity.java:13)
	at java.base/java.util.AbstractSet.hashCode(AbstractSet.java:124)
	at edu.market.notification.infrastructure.adapter.output.persistence.entity.NotificationEntity.hashCode(NotificationEntity.java:21)
	at edu.market.notification.infrastructure.adapter.output.persistence.entity.NotificationChannelEntity.hashCode(NotificationChannelEntity.java:13)
	at java.base/java.util.AbstractSet.hashCode(AbstractSet.java:124)
	at edu.market.notification.infrastructure.adapter.output.persistence.entity.NotificationEntity.hashCode(NotificationEntity.java:21)
	at edu.market.notification.infrastructure.adapter.output.persistence.entity.NotificationChannelEntity.hashCode(NotificationChannelEntity.java:13)
	at java.base/java.util.AbstractSet.hashCode(AbstractSet.java:124)
	at edu.market.notification.infrastructure.adapter.output.persistence.entity.NotificationEntity.hashCode(NotificationEntity.java:21)
	at edu.market.notification.infrastructure.adapter.output.persistence.entity.NotificationChannelEntity.hashCode(NotificationChannelEntity.java:13)
	at java.base/java.util.AbstractSet.hashCode(AbstractSet.java:124)
	at edu.market.notification.infrastructure.adapter.output.persistence.entity.NotificationEntity.hashCode(NotificationEntity.java:21)
	at edu.market.notification.infrastructure.adapter.output.persistence.entity.NotificationChannelEntity.hashCode(NotificationChannelEntity.java:13)
	at java.base/java.util.AbstractSet.hashCode(AbstractSet.java:124)
	at edu.market.notification.infrastructure.adapter.output.persistence.entity.NotificationEntity.hashCode(NotificationEntity.java:21)
	at edu.market.notification.infrastructure.adapter.output.persistence.entity.NotificationChannelEntity.hashCode(NotificationChannelEntity.java:13)
	at java.base/java.util.AbstractSet.hashCode(AbstractSet.java:124)
	at edu.market.notification.infrastructure.adapter.output.persistence.entity.NotificationEntity.hashCode(NotificationEntity.java:21)
	at edu.market.notification.infrastructure.adapter.output.persistence.entity.NotificationChannelEntity.hashCode(NotificationChannelEntity.java:13)
	at java.base/java.util.AbstractSet.hashCode(AbstractSet.java:124)
	at edu.market.notification.infrastructure.adapter.output.persistence.entity.NotificationEntity.hashCode(NotificationEntity.java:21)
	at edu.market.notification.infrastructure.adapter.output.persistence.entity.NotificationChannelEntity.hashCode(NotificationChannelEntity.java:13)
	at java.base/java.util.AbstractSet.hashCode(AbstractSet.java:124)
	at edu.market.notification.infrastructure.adapter.output.persistence.entity.NotificationEntity.hashCode(NotificationEntity.java:21)
	at edu.market.notification.infrastructure.adapter.output.persistence.entity.NotificationChannelEntity.hashCode(NotificationChannelEntity.java:13)
	at java.base/java.util.AbstractSet.hashCode(AbstractSet.java:124)
	at edu.market.notification.infrastructure.adapter.output.persistence.entity.NotificationEntity.hashCode(NotificationEntity.java:21)
	at edu.market.notification.infrastructure.adapter.output.persistence.entity.NotificationChannelEntity.hashCode(NotificationChannelEntity.java:13)
	at java.base/java.util.AbstractSet.hashCode(AbstractSet.java:124)
	at edu.market.notification.infrastructure.adapter.output.persistence.entity.NotificationEntity.hashCode(NotificationEntity.java:21)
	at edu.market.notification.infrastructure.adapter.output.persistence.entity.NotificationChannelEntity.hashCode(NotificationChannelEntity.java:13)
	at java.base/java.util.AbstractSet.hashCode(AbstractSet.java:124)
	at edu.market.notification.infrastructure.adapter.output.persistence.entity.NotificationEntity.hashCode(NotificationEntity.java:21)
	at edu.market.notification.infrastructure.adapter.output.persistence.entity.NotificationChannelEntity.hashCode(NotificationChannelEntity.java:13)
	at java.base/java.util.AbstractSet.hashCode(AbstractSet.java:124)
	at edu.market.notification.infrastructure.adapter.output.persistence.entity.NotificationEntity.hashCode(NotificationEntity.java:21)
	at edu.market.notification.infrastructure.adapter.output.persistence.entity.NotificationChannelEntity.hashCode(NotificationChannelEntity.java:13)
	at java.base/java.util.AbstractSet.hashCode(AbstractSet.java:124)
	at edu.market.notification.infrastructure.adapter.output.persistence.entity.NotificationEntity.hashCode(NotificationEntity.java:21)
	at edu.market.notification.infrastructure.adapter.output.persistence.entity.NotificationChannelEntity.hashCode(NotificationChannelEntity.java:13)
	at java.base/java.util.AbstractSet.hashCode(AbstractSet.java:124)
	at edu.market.notification.infrastructure.adapter.output.persistence.entity.NotificationEntity.hashCode(NotificationEntity.java:21)
	at edu.market.notification.infrastructure.adapter.output.persistence.entity.NotificationChannelEntity.hashCode(NotificationChannelEntity.java:13)
	at java.base/java.util.AbstractSet.hashCode(AbstractSet.java:124)
	at edu.market.notification.infrastructure.adapter.output.persistence.entity.NotificationEntity.hashCode(NotificationEntity.java:21)
	at edu.market.notification.infrastructure.adapter.output.persistence.entity.NotificationChannelEntity.hashCode(NotificationChannelEntity.java:13)
	at java.base/java.util.AbstractSet.hashCode(AbstractSet.java:124)
	at edu.market.notification.infrastructure.adapter.output.persistence.entity.NotificationEntity.hashCode(NotificationEntity.java:21)
	at edu.market.notification.infrastructure.adapter.output.persistence.entity.NotificationChannelEntity.hashCode(NotificationChannelEntity.java:13)
	at java.base/java.util.AbstractSet.hashCode(AbstractSet.java:124)
	at edu.market.notification.infrastructure.adapter.output.persistence.entity.NotificationEntity.hashCode(NotificationEntity.java:21)
	at edu.market.notification.infrastructure.adapter.output.persistence.entity.NotificationChannelEntity.hashCode(NotificationChannelEntity.java:13)
	at java.base/java.util.AbstractSet.hashCode(AbstractSet.java:124)
	at edu.market.notification.infrastructure.adapter.output.persistence.entity.NotificationEntity.hashCode(NotificationEntity.java:21)
	at edu.market.notification.infrastructure.adapter.output.persistence.entity.NotificationChannelEntity.hashCode(NotificationChannelEntity.java:13)
	at java.base/java.util.AbstractSet.hashCode(AbstractSet.java:124)
	at edu.market.notification.infrastructure.adapter.output.persistence.entity.NotificationEntity.hashCode(NotificationEntity.java:21)
	at edu.market.notification.infrastructure.adapter.output.persistence.entity.NotificationChannelEntity.hashCode(NotificationChannelEntity.java:13)
	at java.base/java.util.AbstractSet.hashCode(AbstractSet.java:124)
	at edu.market.notification.infrastructure.adapter.output.persistence.entity.NotificationEntity.hashCode(NotificationEntity.java:21)
	at edu.market.notification.infrastructure.adapter.output.persistence.entity.NotificationChannelEntity.hashCode(NotificationChannelEntity.java:13)
	at java.base/java.util.AbstractSet.hashCode(AbstractSet.java:124)
	at edu.market.notification.infrastructure.adapter.output.persistence.entity.NotificationEntity.hashCode(NotificationEntity.java:21)
	at edu.market.notification.infrastructure.adapter.output.persistence.entity.NotificationChannelEntity.hashCode(NotificationChannelEntity.java:13)
	at java.base/java.util.AbstractSet.hashCode(AbstractSet.java:124)
	at edu.market.notification.infrastructure.adapter.output.persistence.entity.NotificationEntity.hashCode(NotificationEntity.java:21)
	at edu.market.notification.infrastructure.adapter.output.persistence.entity.NotificationChannelEntity.hashCode(NotificationChannelEntity.java:13)
	at java.base/java.util.AbstractSet.hashCode(AbstractSet.java:124)
	at edu.market.notification.infrastructure.adapter.output.persistence.entity.NotificationEntity.hashCode(NotificationEntity.java:21)
	at edu.market.notification.infrastructure.adapter.output.persistence.entity.NotificationChannelEntity.hashCode(NotificationChannelEntity.java:13)
	at java.base/java.util.AbstractSet.hashCode(AbstractSet.java:124)
	at edu.market.notification.infrastructure.adapter.output.persistence.entity.NotificationEntity.hashCode(NotificationEntity.java:21)
	at edu.market.notification.infrastructure.adapter.output.persistence.entity.NotificationChannelEntity.hashCode(NotificationChannelEntity.java:13)
	at java.base/java.util.AbstractSet.hashCode(AbstractSet.java:124)
	at edu.market.notification.infrastructure.adapter.output.persistence.entity.NotificationEntity.hashCode(NotificationEntity.java:21)
	at edu.market.notification.infrastructure.adapter.output.persistence.entity.NotificationChannelEntity.hashCode(NotificationChannelEntity.java:13)
	at java.base/java.util.AbstractSet.hashCode(AbstractSet.java:124)
	at edu.market.notification.infrastructure.adapter.output.persistence.entity.NotificationEntity.hashCode(NotificationEntity.java:21)
	at edu.market.notification.infrastructure.adapter.output.persistence.entity.NotificationChannelEntity.hashCode(NotificationChannelEntity.java:13)
	at java.base/java.util.AbstractSet.hashCode(AbstractSet.java:124)
	at edu.market.notification.infrastructure.adapter.output.persistence.entity.NotificationEntity.hashCode(NotificationEntity.java:21)
	at edu.market.notification.infrastructure.adapter.output.persistence.entity.NotificationChannelEntity.hashCode(NotificationChannelEntity.java:13)
	at java.base/java.util.AbstractSet.hashCode(AbstractSet.java:124)
	at edu.market.notification.infrastructure.adapter.output.persistence.entity.NotificationEntity.hashCode(NotificationEntity.java:21)
	at edu.market.notification.infrastructure.adapter.output.persistence.entity.NotificationChannelEntity.hashCode(NotificationChannelEntity.java:13)
	at java.base/java.util.AbstractSet.hashCode(AbstractSet.java:124)
	at edu.market.notification.infrastructure.adapter.output.persistence.entity.NotificationEntity.hashCode(NotificationEntity.java:21)
	at edu.market.notification.infrastructure.adapter.output.persistence.entity.NotificationChannelEntity.hashCode(NotificationChannelEntity.java:13)
	at java.base/java.util.AbstractSet.hashCode(AbstractSet.java:124)
	at edu.market.notification.infrastructure.adapter.output.persistence.entity.NotificationEntity.hashCode(NotificationEntity.java:21)
	at edu.market.notification.infrastructure.adapter.output.persistence.entity.NotificationChannelEntity.hashCode(NotificationChannelEntity.java:13)
	at java.base/java.util.AbstractSet.hashCode(AbstractSet.java:124)
	at edu.market.notification.infrastructure.adapter.output.persistence.entity.NotificationEntity.hashCode(NotificationEntity.java:21)
	at edu.market.notification.infrastructure.adapter.output.persistence.entity.NotificationChannelEntity.hashCode(NotificationChannelEntity.java:13)
	at java.base/java.util.AbstractSet.hashCode(AbstractSet.java:124)
	at edu.market.notification.infrastructure.adapter.output.persistence.entity.NotificationEntity.hashCode(NotificationEntity.java:21)
	at edu.market.notification.infrastructure.adapter.output.persistence.entity.NotificationChannelEntity.hashCode(NotificationChannelEntity.java:13)
	at java.base/java.util.AbstractSet.hashCode(AbstractSet.java:124)
	at edu.market.notification.infrastructure.adapter.output.persistence.entity.NotificationEntity.hashCode(NotificationEntity.java:21)
	at edu.market.notification.infrastructure.adapter.output.persistence.entity.NotificationChannelEntity.hashCode(NotificationChannelEntity.java:13)
	at java.base/java.util.AbstractSet.hashCode(AbstractSet.java:124)
	at edu.market.notification.infrastructure.adapter.output.persistence.entity.NotificationEntity.hashCode(NotificationEntity.java:21)
	at edu.market.notification.infrastructure.adapter.output.persistence.entity.NotificationChannelEntity.hashCode(NotificationChannelEntity.java:13)
	at java.base/java.util.AbstractSet.hashCode(AbstractSet.java:124)
	at edu.market.notification.infrastructure.adapter.output.persistence.entity.NotificationEntity.hashCode(NotificationEntity.java:21)
	at edu.market.notification.infrastructure.adapter.output.persistence.entity.NotificationChannelEntity.hashCode(NotificationChannelEntity.java:13)
	at java.base/java.util.AbstractSet.hashCode(AbstractSet.java:124)
	at edu.market.notification.infrastructure.adapter.output.persistence.entity.NotificationEntity.hashCode(NotificationEntity.java:21)
	at edu.market.notification.infrastructure.adapter.output.persistence.entity.NotificationChannelEntity.hashCode(NotificationChannelEntity.java:13)
	at java.base/java.util.AbstractSet.hashCode(AbstractSet.java:124)
	at edu.market.notification.infrastructure.adapter.output.persistence.entity.NotificationEntity.hashCode(NotificationEntity.java:21)
	at edu.market.notification.infrastructure.adapter.output.persistence.entity.NotificationChannelEntity.hashCode(NotificationChannelEntity.java:13)
	at java.base/java.util.AbstractSet.hashCode(AbstractSet.java:124)
	at edu.market.notification.infrastructure.adapter.output.persistence.entity.NotificationEntity.hashCode(NotificationEntity.java:21)
	at edu.market.notification.infrastructure.adapter.output.persistence.entity.NotificationChannelEntity.hashCode(NotificationChannelEntity.java:13)
	at java.base/java.util.AbstractSet.hashCode(AbstractSet.java:124)
	at edu.market.notification.infrastructure.adapter.output.persistence.entity.NotificationEntity.hashCode(NotificationEntity.java:21)
	at edu.market.notification.infrastructure.adapter.output.persistence.entity.NotificationChannelEntity.hashCode(NotificationChannelEntity.java:13)
	at java.base/java.util.AbstractSet.hashCode(AbstractSet.java:124)
	at edu.market.notification.infrastructure.adapter.output.persistence.entity.NotificationEntity.hashCode(NotificationEntity.java:21)
	at edu.market.notification.infrastructure.adapter.output.persistence.entity.NotificationChannelEntity.hashCode(NotificationChannelEntity.java:13)
	at java.base/java.util.AbstractSet.hashCode(AbstractSet.java:124)
	at edu.market.notification.infrastructure.adapter.output.persistence.entity.NotificationEntity.hashCode(NotificationEntity.java:21)
	at edu.market.notification.infrastructure.adapter.output.persistence.entity.NotificationChannelEntity.hashCode(NotificationChannelEntity.java:13)
	at java.base/java.util.AbstractSet.hashCode(AbstractSet.java:124)
	at edu.market.notification.infrastructure.adapter.output.persistence.entity.NotificationEntity.hashCode(NotificationEntity.java:21)
	at edu.market.notification.infrastructure.adapter.output.persistence.entity.NotificationChannelEntity.hashCode(NotificationChannelEntity.java:13)
	at java.base/java.util.AbstractSet.hashCode(AbstractSet.java:124)
	at edu.market.notification.infrastructure.adapter.output.persistence.entity.NotificationEntity.hashCode(NotificationEntity.java:21)
	at edu.market.notification.infrastructure.adapter.output.persistence.entity.NotificationChannelEntity.hashCode(NotificationChannelEntity.java:13)
	at java.base/java.util.AbstractSet.hashCode(AbstractSet.java:124)
	at edu.market.notification.infrastructure.adapter.output.persistence.entity.NotificationEntity.hashCode(NotificationEntity.java:21)
	at edu.market.notification.infrastructure.adapter.output.persistence.entity.NotificationChannelEntity.hashCode(NotificationChannelEntity.java:13)
	at java.base/java.util.AbstractSet.hashCode(AbstractSet.java:124)
	at edu.market.notification.infrastructure.adapter.output.persistence.entity.NotificationEntity.hashCode(NotificationEntity.java:21)
	at edu.market.notification.infrastructure.adapter.output.persistence.entity.NotificationChannelEntity.hashCode(NotificationChannelEntity.java:13)
	at java.base/java.util.AbstractSet.hashCode(AbstractSet.java:124)
	at edu.market.notification.infrastructure.adapter.output.persistence.entity.NotificationEntity.hashCode(NotificationEntity.java:21)
	at edu.market.notification.infrastructure.adapter.output.persistence.entity.NotificationChannelEntity.hashCode(NotificationChannelEntity.java:13)
	at java.base/java.util.AbstractSet.hashCode(AbstractSet.java:124)
	at edu.market.notification.infrastructure.adapter.output.persistence.entity.NotificationEntity.hashCode(NotificationEntity.java:21)
	at edu.market.notification.infrastructure.adapter.output.persistence.entity.NotificationChannelEntity.hashCode(NotificationChannelEntity.java:13)
	at java.base/java.util.AbstractSet.hashCode(AbstractSet.java:124)
	at edu.market.notification.infrastructure.adapter.output.persistence.entity.NotificationEntity.hashCode(NotificationEntity.java:21)
	at edu.market.notification.infrastructure.adapter.output.persistence.entity.NotificationChannelEntity.hashCode(NotificationChannelEntity.java:13)
	at java.base/java.util.AbstractSet.hashCode(AbstractSet.java:124)
	at edu.market.notification.infrastructure.adapter.output.persistence.entity.NotificationEntity.hashCode(NotificationEntity.java:21)
	at edu.market.notification.infrastructure.adapter.output.persistence.entity.NotificationChannelEntity.hashCode(NotificationChannelEntity.java:13)
	at java.base/java.util.AbstractSet.hashCode(AbstractSet.java:124)
	at edu.market.notification.infrastructure.adapter.output.persistence.entity.NotificationEntity.hashCode(NotificationEntity.java:21)
	at edu.market.notification.infrastructure.adapter.output.persistence.entity.NotificationChannelEntity.hashCode(NotificationChannelEntity.java:13)
	at java.base/java.util.AbstractSet.hashCode(AbstractSet.java:124)
	at edu.market.notification.infrastructure.adapter.output.persistence.entity.NotificationEntity.hashCode(NotificationEntity.java:21)
	at edu.market.notification.infrastructure.adapter.output.persistence.entity.NotificationChannelEntity.hashCode(NotificationChannelEntity.java:13)
	at java.base/java.util.AbstractSet.hashCode(AbstractSet.java:124)
	at edu.market.notification.infrastructure.adapter.output.persistence.entity.NotificationEntity.hashCode(NotificationEntity.java:21)
	at edu.market.notification.infrastructure.adapter.output.persistence.entity.NotificationChannelEntity.hashCode(NotificationChannelEntity.java:13)
	at java.base/java.util.AbstractSet.hashCode(AbstractSet.java:124)
	at edu.market.notification.infrastructure.adapter.output.persistence.entity.NotificationEntity.hashCode(NotificationEntity.java:21)
	at edu.market.notification.infrastructure.adapter.output.persistence.entity.NotificationChannelEntity.hashCode(NotificationChannelEntity.java:13)
	at java.base/java.util.AbstractSet.hashCode(AbstractSet.java:124)
	at edu.market.notification.infrastructure.adapter.output.persistence.entity.NotificationEntity.hashCode(NotificationEntity.java:21)
	at edu.market.notification.infrastructure.adapter.output.persistence.entity.NotificationChannelEntity.hashCode(NotificationChannelEntity.java:13)
	at java.base/java.util.AbstractSet.hashCode(AbstractSet.java:124)
	at edu.market.notification.infrastructure.adapter.output.persistence.entity.NotificationEntity.hashCode(NotificationEntity.java:21)
	at edu.market.notification.infrastructure.adapter.output.persistence.entity.NotificationChannelEntity.hashCode(NotificationChannelEntity.java:13)
	at java.base/java.util.AbstractSet.hashCode(AbstractSet.java:124)
	at edu.market.notification.infrastructure.adapter.output.persistence.entity.NotificationEntity.hashCode(NotificationEntity.java:21)
	at edu.market.notification.infrastructure.adapter.output.persistence.entity.NotificationChannelEntity.hashCode(NotificationChannelEntity.java:13)
	at java.base/java.util.AbstractSet.hashCode(AbstractSet.java:124)
	at edu.market.notification.infrastructure.adapter.output.persistence.entity.NotificationEntity.hashCode(NotificationEntity.java:21)
	at edu.market.notification.infrastructure.adapter.output.persistence.entity.NotificationChannelEntity.hashCode(NotificationChannelEntity.java:13)
	at java.base/java.util.AbstractSet.hashCode(AbstractSet.java:124)
	at edu.market.notification.infrastructure.adapter.output.persistence.entity.NotificationEntity.hashCode(NotificationEntity.java:21)
	at edu.market.notification.infrastructure.adapter.output.persistence.entity.NotificationChannelEntity.hashCode(NotificationChannelEntity.java:13)
	at java.base/java.util.AbstractSet.hashCode(AbstractSet.java:124)
	at edu.market.notification.infrastructure.adapter.output.persistence.entity.NotificationEntity.hashCode(NotificationEntity.java:21)
	at edu.market.notification.infrastructure.adapter.output.persistence.entity.NotificationChannelEntity.hashCode(NotificationChannelEntity.java:13)
	at java.base/java.util.AbstractSet.hashCode(AbstractSet.java:124)
	at edu.market.notification.infrastructure.adapter.output.persistence.entity.NotificationEntity.hashCode(NotificationEntity.java:21)
	at edu.market.notification.infrastructure.adapter.output.persistence.entity.NotificationChannelEntity.hashCode(NotificationChannelEntity.java:13)
	at java.base/java.util.AbstractSet.hashCode(AbstractSet.java:124)
	at edu.market.notification.infrastructure.adapter.output.persistence.entity.NotificationEntity.hashCode(NotificationEntity.java:21)
	at edu.market.notification.infrastructure.adapter.output.persistence.entity.NotificationChannelEntity.hashCode(NotificationChannelEntity.java:13)
	at java.base/java.util.AbstractSet.hashCode(AbstractSet.java:124)
	at edu.market.notification.infrastructure.adapter.output.persistence.entity.NotificationEntity.hashCode(NotificationEntity.java:21)
	at edu.market.notification.infrastructure.adapter.output.persistence.entity.NotificationChannelEntity.hashCode(NotificationChannelEntity.java:13)
	at java.base/java.util.AbstractSet.hashCode(AbstractSet.java:124)
	at edu.market.notification.infrastructure.adapter.output.persistence.entity.NotificationEntity.hashCode(NotificationEntity.java:21)
	at edu.market.notification.infrastructure.adapter.output.persistence.entity.NotificationChannelEntity.hashCode(NotificationChannelEntity.java:13)
	at java.base/java.util.AbstractSet.hashCode(AbstractSet.java:124)
	at edu.market.notification.infrastructure.adapter.output.persistence.entity.NotificationEntity.hashCode(NotificationEntity.java:21)
	at edu.market.notification.infrastructure.adapter.output.persistence.entity.NotificationChannelEntity.hashCode(NotificationChannelEntity.java:13)
	at java.base/java.util.AbstractSet.hashCode(AbstractSet.java:124)
	at edu.market.notification.infrastructure.adapter.output.persistence.entity.NotificationEntity.hashCode(NotificationEntity.java:21)
	at edu.market.notification.infrastructure.adapter.output.persistence.entity.NotificationChannelEntity.hashCode(NotificationChannelEntity.java:13)
	at java.base/java.util.AbstractSet.hashCode(AbstractSet.java:124)
	at edu.market.notification.infrastructure.adapter.output.persistence.entity.NotificationEntity.hashCode(NotificationEntity.java:21)
	at edu.market.notification.infrastructure.adapter.output.persistence.entity.NotificationChannelEntity.hashCode(NotificationChannelEntity.java:13)
	at java.base/java.util.AbstractSet.hashCode(AbstractSet.java:124)
	at edu.market.notification.infrastructure.adapter.output.persistence.entity.NotificationEntity.hashCode(NotificationEntity.java:21)
	at edu.market.notification.infrastructure.adapter.output.persistence.entity.NotificationChannelEntity.hashCode(NotificationChannelEntity.java:13)
	at java.base/java.util.AbstractSet.hashCode(AbstractSet.java:124)
	at edu.market.notification.infrastructure.adapter.output.persistence.entity.NotificationEntity.hashCode(NotificationEntity.java:21)
	at edu.market.notification.infrastructure.adapter.output.persistence.entity.NotificationChannelEntity.hashCode(NotificationChannelEntity.java:13)
	at java.base/java.util.AbstractSet.hashCode(AbstractSet.java:124)
	at edu.market.notification.infrastructure.adapter.output.persistence.entity.NotificationEntity.hashCode(NotificationEntity.java:21)
	at edu.market.notification.infrastructure.adapter.output.persistence.entity.NotificationChannelEntity.hashCode(NotificationChannelEntity.java:13)
	at java.base/java.util.AbstractSet.hashCode(AbstractSet.java:124)
	at edu.market.notification.infrastructure.adapter.output.persistence.entity.NotificationEntity.hashCode(NotificationEntity.java:21)
	at edu.market.notification.infrastructure.adapter.output.persistence.entity.NotificationChannelEntity.hashCode(NotificationChannelEntity.java:13)
	at java.base/java.util.AbstractSet.hashCode(AbstractSet.java:124)
	at edu.market.notification.infrastructure.adapter.output.persistence.entity.NotificationEntity.hashCode(NotificationEntity.java:21)
	at edu.market.notification.infrastructure.adapter.output.persistence.entity.NotificationChannelEntity.hashCode(NotificationChannelEntity.java:13)
	at java.base/java.util.AbstractSet.hashCode(AbstractSet.java:124)
	at edu.market.notification.infrastructure.adapter.output.persistence.entity.NotificationEntity.hashCode(NotificationEntity.java:21)
	at edu.market.notification.infrastructure.adapter.output.persistence.entity.NotificationChannelEntity.hashCode(NotificationChannelEntity.java:13)
	at java.base/java.util.AbstractSet.hashCode(AbstractSet.java:124)
	at edu.market.notification.infrastructure.adapter.output.persistence.entity.NotificationEntity.hashCode(NotificationEntity.java:21)
	at edu.market.notification.infrastructure.adapter.output.persistence.entity.NotificationChannelEntity.hashCode(NotificationChannelEntity.java:13)
	at java.base/java.util.AbstractSet.hashCode(AbstractSet.java:124)
	at edu.market.notification.infrastructure.adapter.output.persistence.entity.NotificationEntity.hashCode(NotificationEntity.java:21)
	at edu.market.notification.infrastructure.adapter.output.persistence.entity.NotificationChannelEntity.hashCode(NotificationChannelEntity.java:13)
	at java.base/java.util.AbstractSet.hashCode(AbstractSet.java:124)
	at edu.market.notification.infrastructure.adapter.output.persistence.entity.NotificationEntity.hashCode(NotificationEntity.java:21)
	at edu.market.notification.infrastructure.adapter.output.persistence.entity.NotificationChannelEntity.hashCode(NotificationChannelEntity.java:13)
	at java.base/java.util.AbstractSet.hashCode(AbstractSet.java:124)
	at edu.market.notification.infrastructure.adapter.output.persistence.entity.NotificationEntity.hashCode(NotificationEntity.java:21)
	at edu.market.notification.infrastructure.adapter.output.persistence.entity.NotificationChannelEntity.hashCode(NotificationChannelEntity.java:13)
	at java.base/java.util.AbstractSet.hashCode(AbstractSet.java:124)
	at edu.market.notification.infrastructure.adapter.output.persistence.entity.NotificationEntity.hashCode(NotificationEntity.java:21)
	at edu.market.notification.infrastructure.adapter.output.persistence.entity.NotificationChannelEntity.hashCode(NotificationChannelEntity.java:13)
	at java.base/java.util.AbstractSet.hashCode(AbstractSet.java:124)
	at edu.market.notification.infrastructure.adapter.output.persistence.entity.NotificationEntity.hashCode(NotificationEntity.java:21)
	at edu.market.notification.infrastructure.adapter.output.persistence.entity.NotificationChannelEntity.hashCode(NotificationChannelEntity.java:13)
	at java.base/java.util.AbstractSet.hashCode(AbstractSet.java:124)
	at edu.market.notification.infrastructure.adapter.output.persistence.entity.NotificationEntity.hashCode(NotificationEntity.java:21)
	at edu.market.notification.infrastructure.adapter.output.persistence.entity.NotificationChannelEntity.hashCode(NotificationChannelEntity.java:13)
	at java.base/java.util.AbstractSet.hashCode(AbstractSet.java:124)
	at edu.market.notification.infrastructure.adapter.output.persistence.entity.NotificationEntity.hashCode(NotificationEntity.java:21)
	at edu.market.notification.infrastructure.adapter.output.persistence.entity.NotificationChannelEntity.hashCode(NotificationChannelEntity.java:13)
	at java.base/java.util.AbstractSet.hashCode(AbstractSet.java:124)
	at edu.market.notification.infrastructure.adapter.output.persistence.entity.NotificationEntity.hashCode(NotificationEntity.java:21)
	at edu.market.notification.infrastructure.adapter.output.persistence.entity.NotificationChannelEntity.hashCode(NotificationChannelEntity.java:13)
	at java.base/java.util.AbstractSet.hashCode(AbstractSet.java:124)
	at edu.market.notification.infrastructure.adapter.output.persistence.entity.NotificationEntity.hashCode(NotificationEntity.java:21)
	at edu.market.notification.infrastructure.adapter.output.persistence.entity.NotificationChannelEntity.hashCode(NotificationChannelEntity.java:13)
	at java.base/java.util.AbstractSet.hashCode(AbstractSet.java:124)
	at edu.market.notification.infrastructure.adapter.output.persistence.entity.NotificationEntity.hashCode(NotificationEntity.java:21)
	at edu.market.notification.infrastructure.adapter.output.persistence.entity.NotificationChannelEntity.hashCode(NotificationChannelEntity.java:13)
	at java.base/java.util.AbstractSet.hashCode(AbstractSet.java:124)
	at edu.market.notification.infrastructure.adapter.output.persistence.entity.NotificationEntity.hashCode(NotificationEntity.java:21)
	at edu.market.notification.infrastructure.adapter.output.persistence.entity.NotificationChannelEntity.hashCode(NotificationChannelEntity.java:13)
	at java.base/java.util.AbstractSet.hashCode(AbstractSet.java:124)
	at edu.market.notification.infrastructure.adapter.output.persistence.entity.NotificationEntity.hashCode(NotificationEntity.java:21)
	at edu.market.notification.infrastructure.adapter.output.persistence.entity.NotificationChannelEntity.hashCode(NotificationChannelEntity.java:13)
	at java.base/java.util.AbstractSet.hashCode(AbstractSet.java:124)
	at edu.market.notification.infrastructure.adapter.output.persistence.entity.NotificationEntity.hashCode(NotificationEntity.java:21)
	at edu.market.notification.infrastructure.adapter.output.persistence.entity.NotificationChannelEntity.hashCode(NotificationChannelEntity.java:13)
	at java.base/java.util.AbstractSet.hashCode(AbstractSet.java:124)
	at edu.market.notification.infrastructure.adapter.output.persistence.entity.NotificationEntity.hashCode(NotificationEntity.java:21)
	at edu.market.notification.infrastructure.adapter.output.persistence.entity.NotificationChannelEntity.hashCode(NotificationChannelEntity.java:13)
	at java.base/java.util.AbstractSet.hashCode(AbstractSet.java:124)
	at edu.market.notification.infrastructure.adapter.output.persistence.entity.NotificationEntity.hashCode(NotificationEntity.java:21)
	at edu.market.notification.infrastructure.adapter.output.persistence.entity.NotificationChannelEntity.hashCode(NotificationChannelEntity.java:13)
	at java.base/java.util.AbstractSet.hashCode(AbstractSet.java:124)
	at edu.market.notification.infrastructure.adapter.output.persistence.entity.NotificationEntity.hashCode(NotificationEntity.java:21)
	at edu.market.notification.infrastructure.adapter.output.persistence.entity.NotificationChannelEntity.hashCode(NotificationChannelEntity.java:13)
	at java.base/java.util.AbstractSet.hashCode(AbstractSet.java:124)
	at edu.market.notification.infrastructure.adapter.output.persistence.entity.NotificationEntity.hashCode(NotificationEntity.java:21)
	at edu.market.notification.infrastructure.adapter.output.persistence.entity.NotificationChannelEntity.hashCode(NotificationChannelEntity.java:13)
	at java.base/java.util.AbstractSet.hashCode(AbstractSet.java:124)
	at edu.market.notification.infrastructure.adapter.output.persistence.entity.NotificationEntity.hashCode(NotificationEntity.java:21)
	at edu.market.notification.infrastructure.adapter.output.persistence.entity.NotificationChannelEntity.hashCode(NotificationChannelEntity.java:13)
	at java.base/java.util.AbstractSet.hashCode(AbstractSet.java:124)
	at edu.market.notification.infrastructure.adapter.output.persistence.entity.NotificationEntity.hashCode(NotificationEntity.java:21)
	at edu.market.notification.infrastructure.adapter.output.persistence.entity.NotificationChannelEntity.hashCode(NotificationChannelEntity.java:13)
	at java.base/java.util.AbstractSet.hashCode(AbstractSet.java:124)
	at edu.market.notification.infrastructure.adapter.output.persistence.entity.NotificationEntity.hashCode(NotificationEntity.java:21)
	at edu.market.notification.infrastructure.adapter.output.persistence.entity.NotificationChannelEntity.hashCode(NotificationChannelEntity.java:13)
	at java.base/java.util.AbstractSet.hashCode(AbstractSet.java:124)
	at edu.market.notification.infrastructure.adapter.output.persistence.entity.NotificationEntity.hashCode(NotificationEntity.java:21)
	at edu.market.notification.infrastructure.adapter.output.persistence.entity.NotificationChannelEntity.hashCode(NotificationChannelEntity.java:13)
	at java.base/java.util.AbstractSet.hashCode(AbstractSet.java:124)
	at edu.market.notification.infrastructure.adapter.output.persistence.entity.NotificationEntity.hashCode(NotificationEntity.java:21)
	at edu.market.notification.infrastructure.adapter.output.persistence.entity.NotificationChannelEntity.hashCode(NotificationChannelEntity.java:13)
	at java.base/java.util.AbstractSet.hashCode(AbstractSet.java:124)
	at edu.market.notification.infrastructure.adapter.output.persistence.entity.NotificationEntity.hashCode(NotificationEntity.java:21)
	at edu.market.notification.infrastructure.adapter.output.persistence.entity.NotificationChannelEntity.hashCode(NotificationChannelEntity.java:13)
	at java.base/java.util.AbstractSet.hashCode(AbstractSet.java:124)
	at edu.market.notification.infrastructure.adapter.output.persistence.entity.NotificationEntity.hashCode(NotificationEntity.java:21)
	at edu.market.notification.infrastructure.adapter.output.persistence.entity.NotificationChannelEntity.hashCode(NotificationChannelEntity.java:13)
	at java.base/java.util.AbstractSet.hashCode(AbstractSet.java:124)
	at edu.market.notification.infrastructure.adapter.output.persistence.entity.NotificationEntity.hashCode(NotificationEntity.java:21)
	at edu.market.notification.infrastructure.adapter.output.persistence.entity.NotificationChannelEntity.hashCode(NotificationChannelEntity.java:13)
	at java.base/java.util.AbstractSet.hashCode(AbstractSet.java:124)
	at edu.market.notification.infrastructure.adapter.output.persistence.entity.NotificationEntity.hashCode(NotificationEntity.java:21)
	at edu.market.notification.infrastructure.adapter.output.persistence.entity.NotificationChannelEntity.hashCode(NotificationChannelEntity.java:13)
	at java.base/java.util.AbstractSet.hashCode(AbstractSet.java:124)
	at edu.market.notification.infrastructure.adapter.output.persistence.entity.NotificationEntity.hashCode(NotificationEntity.java:21)
	at edu.market.notification.infrastructure.adapter.output.persistence.entity.NotificationChannelEntity.hashCode(NotificationChannelEntity.java:13)
	at java.base/java.util.AbstractSet.hashCode(AbstractSet.java:124)
	at edu.market.notification.infrastructure.adapter.output.persistence.entity.NotificationEntity.hashCode(NotificationEntity.java:21)
	at edu.market.notification.infrastructure.adapter.output.persistence.entity.NotificationChannelEntity.hashCode(NotificationChannelEntity.java:13)
	at java.base/java.util.AbstractSet.hashCode(AbstractSet.java:124)
	at edu.market.notification.infrastructure.adapter.output.persistence.entity.NotificationEntity.hashCode(NotificationEntity.java:21)
	at edu.market.notification.infrastructure.adapter.output.persistence.entity.NotificationChannelEntity.hashCode(NotificationChannelEntity.java:13)
	at java.base/java.util.AbstractSet.hashCode(AbstractSet.java:124)
	at edu.market.notification.infrastructure.adapter.output.persistence.entity.NotificationEntity.hashCode(NotificationEntity.java:21)
	at edu.market.notification.infrastructure.adapter.output.persistence.entity.NotificationChannelEntity.hashCode(NotificationChannelEntity.java:13)
	at java.base/java.util.AbstractSet.hashCode(AbstractSet.java:124)
	at edu.market.notification.infrastructure.adapter.output.persistence.entity.NotificationEntity.hashCode(NotificationEntity.java:21)
	at edu.market.notification.infrastructure.adapter.output.persistence.entity.NotificationChannelEntity.hashCode(NotificationChannelEntity.java:13)
	at java.base/java.util.AbstractSet.hashCode(AbstractSet.java:124)
	at edu.market.notification.infrastructure.adapter.output.persistence.entity.NotificationEntity.hashCode(NotificationEntity.java:21)
	at edu.market.notification.infrastructure.adapter.output.persistence.entity.NotificationChannelEntity.hashCode(NotificationChannelEntity.java:13)
	at java.base/java.util.AbstractSet.hashCode(AbstractSet.java:124)
	at edu.market.notification.infrastructure.adapter.output.persistence.entity.NotificationEntity.hashCode(NotificationEntity.java:21)
	at edu.market.notification.infrastructure.adapter.output.persistence.entity.NotificationChannelEntity.hashCode(NotificationChannelEntity.java:13)
	at java.base/java.util.AbstractSet.hashCode(AbstractSet.java:124)
	at edu.market.notification.infrastructure.adapter.output.persistence.entity.NotificationEntity.hashCode(NotificationEntity.java:21)
	at edu.market.notification.infrastructure.adapter.output.persistence.entity.NotificationChannelEntity.hashCode(NotificationChannelEntity.java:13)
	at java.base/java.util.AbstractSet.hashCode(AbstractSet.java:124)
	at edu.market.notification.infrastructure.adapter.output.persistence.entity.NotificationEntity.hashCode(NotificationEntity.java:21)
	at edu.market.notification.infrastructure.adapter.output.persistence.entity.NotificationChannelEntity.hashCode(NotificationChannelEntity.java:13)
	at java.base/java.util.AbstractSet.hashCode(AbstractSet.java:124)
	at edu.market.notification.infrastructure.adapter.output.persistence.entity.NotificationEntity.hashCode(NotificationEntity.java:21)
	at edu.market.notification.infrastructure.adapter.output.persistence.entity.NotificationChannelEntity.hashCode(NotificationChannelEntity.java:13)
	at java.base/java.util.AbstractSet.hashCode(AbstractSet.java:124)
	at edu.market.notification.infrastructure.adapter.output.persistence.entity.NotificationEntity.hashCode(NotificationEntity.java:21)
	at edu.market.notification.infrastructure.adapter.output.persistence.entity.NotificationChannelEntity.hashCode(NotificationChannelEntity.java:13)
	at java.base/java.util.AbstractSet.hashCode(AbstractSet.java:124)
	at edu.market.notification.infrastructure.adapter.output.persistence.entity.NotificationEntity.hashCode(NotificationEntity.java:21)
	at edu.market.notification.infrastructure.adapter.output.persistence.entity.NotificationChannelEntity.hashCode(NotificationChannelEntity.java:13)
	at java.base/java.util.AbstractSet.hashCode(AbstractSet.java:124)
	at edu.market.notification.infrastructure.adapter.output.persistence.entity.NotificationEntity.hashCode(NotificationEntity.java:21)
	at edu.market.notification.infrastructure.adapter.output.persistence.entity.NotificationChannelEntity.hashCode(NotificationChannelEntity.java:13)
	at java.base/java.util.AbstractSet.hashCode(AbstractSet.java:124)
	at edu.market.notification.infrastructure.adapter.output.persistence.entity.NotificationEntity.hashCode(NotificationEntity.java:21)
	at edu.market.notification.infrastructure.adapter.output.persistence.entity.NotificationChannelEntity.hashCode(NotificationChannelEntity.java:13)
	at java.base/java.util.AbstractSet.hashCode(AbstractSet.java:124)
	at edu.market.notification.infrastructure.adapter.output.persistence.entity.NotificationEntity.hashCode(NotificationEntity.java:21)
	at edu.market.notification.infrastructure.adapter.output.persistence.entity.NotificationChannelEntity.hashCode(NotificationChannelEntity.java:13)
	at java.base/java.util.AbstractSet.hashCode(AbstractSet.java:124)
	at edu.market.notification.infrastructure.adapter.output.persistence.entity.NotificationEntity.hashCode(NotificationEntity.java:21)
	at edu.market.notification.infrastructure.adapter.output.persistence.entity.NotificationChannelEntity.hashCode(NotificationChannelEntity.java:13)
	at java.base/java.util.AbstractSet.hashCode(AbstractSet.java:124)
	at edu.market.notification.infrastructure.adapter.output.persistence.entity.NotificationEntity.hashCode(NotificationEntity.java:21)
	at edu.market.notification.infrastructure.adapter.output.persistence.entity.NotificationChannelEntity.hashCode(NotificationChannelEntity.java:13)
	at java.base/java.util.AbstractSet.hashCode(AbstractSet.java:124)
	at edu.market.notification.infrastructure.adapter.output.persistence.entity.NotificationEntity.hashCode(NotificationEntity.java:21)
	at edu.market.notification.infrastructure.adapter.output.persistence.entity.NotificationChannelEntity.hashCode(NotificationChannelEntity.java:13)
	at java.base/java.util.AbstractSet.hashCode(AbstractSet.java:124)
	at edu.market.notification.infrastructure.adapter.output.persistence.entity.NotificationEntity.hashCode(NotificationEntity.java:21)
	at edu.market.notification.infrastructure.adapter.output.persistence.entity.NotificationChannelEntity.hashCode(NotificationChannelEntity.java:13)
	at java.base/java.util.AbstractSet.hashCode(AbstractSet.java:124)
	at edu.market.notification.infrastructure.adapter.output.persistence.entity.NotificationEntity.hashCode(NotificationEntity.java:21)
	at edu.market.notification.infrastructure.adapter.output.persistence.entity.NotificationChannelEntity.hashCode(NotificationChannelEntity.java:13)
	at java.base/java.util.AbstractSet.hashCode(AbstractSet.java:124)
	at edu.market.notification.infrastructure.adapter.output.persistence.entity.NotificationEntity.hashCode(NotificationEntity.java:21)
	at edu.market.notification.infrastructure.adapter.output.persistence.entity.NotificationChannelEntity.hashCode(NotificationChannelEntity.java:13)
	at java.base/java.util.AbstractSet.hashCode(AbstractSet.java:124)
	at edu.market.notification.infrastructure.adapter.output.persistence.entity.NotificationEntity.hashCode(NotificationEntity.java:21)
	at edu.market.notification.infrastructure.adapter.output.persistence.entity.NotificationChannelEntity.hashCode(NotificationChannelEntity.java:13)
	at java.base/java.util.AbstractSet.hashCode(AbstractSet.java:124)
	at edu.market.notification.infrastructure.adapter.output.persistence.entity.NotificationEntity.hashCode(NotificationEntity.java:21)
	at edu.market.notification.infrastructure.adapter.output.persistence.entity.NotificationChannelEntity.hashCode(NotificationChannelEntity.java:13)
	at java.base/java.util.AbstractSet.hashCode(AbstractSet.java:124)
	at edu.market.notification.infrastructure.adapter.output.persistence.entity.NotificationEntity.hashCode(NotificationEntity.java:21)
	at edu.market.notification.infrastructure.adapter.output.persistence.entity.NotificationChannelEntity.hashCode(NotificationChannelEntity.java:13)
	at java.base/java.util.AbstractSet.hashCode(AbstractSet.java:124)
	at edu.market.notification.infrastructure.adapter.output.persistence.entity.NotificationEntity.hashCode(NotificationEntity.java:21)
	at edu.market.notification.infrastructure.adapter.output.persistence.entity.NotificationChannelEntity.hashCode(NotificationChannelEntity.java:13)
	at java.base/java.util.AbstractSet.hashCode(AbstractSet.java:124)
	at edu.market.notification.infrastructure.adapter.output.persistence.entity.NotificationEntity.hashCode(NotificationEntity.java:21)
	at edu.market.notification.infrastructure.adapter.output.persistence.entity.NotificationChannelEntity.hashCode(NotificationChannelEntity.java:13)
	at java.base/java.util.AbstractSet.hashCode(AbstractSet.java:124)
	at edu.market.notification.infrastructure.adapter.output.persistence.entity.NotificationEntity.hashCode(NotificationEntity.java:21)
	at edu.market.notification.infrastructure.adapter.output.persistence.entity.NotificationChannelEntity.hashCode(NotificationChannelEntity.java:13)
	at java.base/java.util.AbstractSet.hashCode(AbstractSet.java:124)
	at edu.market.notification.infrastructure.adapter.output.persistence.entity.NotificationEntity.hashCode(NotificationEntity.java:21)
	at edu.market.notification.infrastructure.adapter.output.persistence.entity.NotificationChannelEntity.hashCode(NotificationChannelEntity.java:13)
	at java.base/java.util.AbstractSet.hashCode(AbstractSet.java:124)
	at edu.market.notification.infrastructure.adapter.output.persistence.entity.NotificationEntity.hashCode(NotificationEntity.java:21)
	at edu.market.notification.infrastructure.adapter.output.persistence.entity.NotificationChannelEntity.hashCode(NotificationChannelEntity.java:13)
	at java.base/java.util.AbstractSet.hashCode(AbstractSet.java:124)
	at edu.market.notification.infrastructure.adapter.output.persistence.entity.NotificationEntity.hashCode(NotificationEntity.java:21)
	at edu.market.notification.infrastructure.adapter.output.persistence.entity.NotificationChannelEntity.hashCode(NotificationChannelEntity.java:13)
	at java.base/java.util.AbstractSet.hashCode(AbstractSet.java:124)
	at edu.market.notification.infrastructure.adapter.output.persistence.entity.NotificationEntity.hashCode(NotificationEntity.java:21)
	at edu.market.notification.infrastructure.adapter.output.persistence.entity.NotificationChannelEntity.hashCode(NotificationChannelEntity.java:13)
	at java.base/java.util.AbstractSet.hashCode(AbstractSet.java:124)
	at edu.market.notification.infrastructure.adapter.output.persistence.entity.NotificationEntity.hashCode(NotificationEntity.java:21)
	at edu.market.notification.infrastructure.adapter.output.persistence.entity.NotificationChannelEntity.hashCode(NotificationChannelEntity.java:13)
	at java.base/java.util.AbstractSet.hashCode(AbstractSet.java:124)
	at edu.market.notification.infrastructure.adapter.output.persistence.entity.NotificationEntity.hashCode(NotificationEntity.java:21)
	at edu.market.notification.infrastructure.adapter.output.persistence.entity.NotificationChannelEntity.hashCode(NotificationChannelEntity.java:13)
	at java.base/java.util.AbstractSet.hashCode(AbstractSet.java:124)
	at edu.market.notification.infrastructure.adapter.output.persistence.entity.NotificationEntity.hashCode(NotificationEntity.java:21)
	at edu.market.notification.infrastructure.adapter.output.persistence.entity.NotificationChannelEntity.hashCode(NotificationChannelEntity.java:13)
	at java.base/java.util.AbstractSet.hashCode(AbstractSet.java:124)
	at edu.market.notification.infrastructure.adapter.output.persistence.entity.NotificationEntity.hashCode(NotificationEntity.java:21)
	at edu.market.notification.infrastructure.adapter.output.persistence.entity.NotificationChannelEntity.hashCode(NotificationChannelEntity.java:13)
	at java.base/java.util.AbstractSet.hashCode(AbstractSet.java:124)
	at edu.market.notification.infrastructure.adapter.output.persistence.entity.NotificationEntity.hashCode(NotificationEntity.java:21)
	at edu.market.notification.infrastructure.adapter.output.persistence.entity.NotificationChannelEntity.hashCode(NotificationChannelEntity.java:13)
	at java.base/java.util.AbstractSet.hashCode(AbstractSet.java:124)
	at edu.market.notification.infrastructure.adapter.output.persistence.entity.NotificationEntity.hashCode(NotificationEntity.java:21)
	at edu.market.notification.infrastructure.adapter.output.persistence.entity.NotificationChannelEntity.hashCode(NotificationChannelEntity.java:13)
	at java.base/java.util.AbstractSet.hashCode(AbstractSet.java:124)
	at edu.market.notification.infrastructure.adapter.output.persistence.entity.NotificationEntity.hashCode(NotificationEntity.java:21)
	at edu.market.notification.infrastructure.adapter.output.persistence.entity.NotificationChannelEntity.hashCode(NotificationChannelEntity.java:13)
	at java.base/java.util.AbstractSet.hashCode(AbstractSet.java:124)
	at edu.market.notification.infrastructure.adapter.output.persistence.entity.NotificationEntity.hashCode(NotificationEntity.java:21)
	at edu.market.notification.infrastructure.adapter.output.persistence.entity.NotificationChannelEntity.hashCode(NotificationChannelEntity.java:13)
	at java.base/java.util.AbstractSet.hashCode(AbstractSet.java:124)
	at edu.market.notification.infrastructure.adapter.output.persistence.entity.NotificationEntity.hashCode(NotificationEntity.java:21)
	at edu.market.notification.infrastructure.adapter.output.persistence.entity.NotificationChannelEntity.hashCode(NotificationChannelEntity.java:13)
	at java.base/java.util.AbstractSet.hashCode(AbstractSet.java:124)
	at edu.market.notification.infrastructure.adapter.output.persistence.entity.NotificationEntity.hashCode(NotificationEntity.java:21)
	at edu.market.notification.infrastructure.adapter.output.persistence.entity.NotificationChannelEntity.hashCode(NotificationChannelEntity.java:13)
	at java.base/java.util.AbstractSet.hashCode(AbstractSet.java:124)
	at edu.market.notification.infrastructure.adapter.output.persistence.entity.NotificationEntity.hashCode(NotificationEntity.java:21)
	at edu.market.notification.infrastructure.adapter.output.persistence.entity.NotificationChannelEntity.hashCode(NotificationChannelEntity.java:13)
	at java.base/java.util.AbstractSet.hashCode(AbstractSet.java:124)
	at edu.market.notification.infrastructure.adapter.output.persistence.entity.NotificationEntity.hashCode(NotificationEntity.java:21)
	at edu.market.notification.infrastructure.adapter.output.persistence.entity.NotificationChannelEntity.hashCode(NotificationChannelEntity.java:13)
	at java.base/java.util.AbstractSet.hashCode(AbstractSet.java:124)
	at edu.market.notification.infrastructure.adapter.output.persistence.entity.NotificationEntity.hashCode(NotificationEntity.java:21)
	at edu.market.notification.infrastructure.adapter.output.persistence.entity.NotificationChannelEntity.hashCode(NotificationChannelEntity.java:13)
	at java.base/java.util.AbstractSet.hashCode(AbstractSet.java:124)
	at edu.market.notification.infrastructure.adapter.output.persistence.entity.NotificationEntity.hashCode(NotificationEntity.java:21)
	at edu.market.notification.infrastructure.adapter.output.persistence.entity.NotificationChannelEntity.hashCode(NotificationChannelEntity.java:13)
	at java.base/java.util.AbstractSet.hashCode(AbstractSet.java:124)
	at edu.market.notification.infrastructure.adapter.output.persistence.entity.NotificationEntity.hashCode(NotificationEntity.java:21)
	at edu.market.notification.infrastructure.adapter.output.persistence.entity.NotificationChannelEntity.hashCode(NotificationChannelEntity.java:13)
	at java.base/java.util.AbstractSet.hashCode(AbstractSet.java:124)
	at edu.market.notification.infrastructure.adapter.output.persistence.entity.NotificationEntity.hashCode(NotificationEntity.java:21)
	at edu.market.notification.infrastructure.adapter.output.persistence.entity.NotificationChannelEntity.hashCode(NotificationChannelEntity.java:13)
	at java.base/java.util.AbstractSet.hashCode(AbstractSet.java:124)
	at edu.market.notification.infrastructure.adapter.output.persistence.entity.NotificationEntity.hashCode(NotificationEntity.java:21)
	at edu.market.notification.infrastructure.adapter.output.persistence.entity.NotificationChannelEntity.hashCode(NotificationChannelEntity.java:13)
	at java.base/java.util.AbstractSet.hashCode(AbstractSet.java:124)
	at edu.market.notification.infrastructure.adapter.output.persistence.entity.NotificationEntity.hashCode(NotificationEntity.java:21)
	at edu.market.notification.infrastructure.adapter.output.persistence.entity.NotificationChannelEntity.hashCode(NotificationChannelEntity.java:13)
	at java.base/java.util.AbstractSet.hashCode(AbstractSet.java:124)
	at edu.market.notification.infrastructure.adapter.output.persistence.entity.NotificationEntity.hashCode(NotificationEntity.java:21)
	at edu.market.notification.infrastructure.adapter.output.persistence.entity.NotificationChannelEntity.hashCode(NotificationChannelEntity.java:13)
	at java.base/java.util.AbstractSet.hashCode(AbstractSet.java:124)
	at edu.market.notification.infrastructure.adapter.output.persistence.entity.NotificationEntity.hashCode(NotificationEntity.java:21)
	at edu.market.notification.infrastructure.adapter.output.persistence.entity.NotificationChannelEntity.hashCode(NotificationChannelEntity.java:13)
	at java.base/java.util.AbstractSet.hashCode(AbstractSet.java:124)
	at edu.market.notification.infrastructure.adapter.output.persistence.entity.NotificationEntity.hashCode(NotificationEntity.java:21)
	at edu.market.notification.infrastructure.adapter.output.persistence.entity.NotificationChannelEntity.hashCode(NotificationChannelEntity.java:13)
	at java.base/java.util.AbstractSet.hashCode(AbstractSet.java:124)
	at edu.market.notification.infrastructure.adapter.output.persistence.entity.NotificationEntity.hashCode(NotificationEntity.java:21)
	at edu.market.notification.infrastructure.adapter.output.persistence.entity.NotificationChannelEntity.hashCode(NotificationChannelEntity.java:13)
	at java.base/java.util.AbstractSet.hashCode(AbstractSet.java:124)
	at edu.market.notification.infrastructure.adapter.output.persistence.entity.NotificationEntity.hashCode(NotificationEntity.java:21)
	at edu.market.notification.infrastructure.adapter.output.persistence.entity.NotificationChannelEntity.hashCode(NotificationChannelEntity.java:13)
	at java.base/java.util.AbstractSet.hashCode(AbstractSet.java:124)
	at edu.market.notification.infrastructure.adapter.output.persistence.entity.NotificationEntity.hashCode(NotificationEntity.java:21)
	at edu.market.notification.infrastructure.adapter.output.persistence.entity.NotificationChannelEntity.hashCode(NotificationChannelEntity.java:13)
	at java.base/java.util.AbstractSet.hashCode(AbstractSet.java:124)
	at edu.market.notification.infrastructure.adapter.output.persistence.entity.NotificationEntity.hashCode(NotificationEntity.java:21)
	at edu.market.notification.infrastructure.adapter.output.persistence.entity.NotificationChannelEntity.hashCode(NotificationChannelEntity.java:13)
	at java.base/java.util.AbstractSet.hashCode(AbstractSet.java:124)
	at edu.market.notification.infrastructure.adapter.output.persistence.entity.NotificationEntity.hashCode(NotificationEntity.java:21)
	at edu.market.notification.infrastructure.adapter.output.persistence.entity.NotificationChannelEntity.hashCode(NotificationChannelEntity.java:13)
	at java.base/java.util.AbstractSet.hashCode(AbstractSet.java:124)
	at edu.market.notification.infrastructure.adapter.output.persistence.entity.NotificationEntity.hashCode(NotificationEntity.java:21)
	at edu.market.notification.infrastructure.adapter.output.persistence.entity.NotificationChannelEntity.hashCode(NotificationChannelEntity.java:13)
	at java.base/java.util.AbstractSet.hashCode(AbstractSet.java:124)
	at edu.market.notification.infrastructure.adapter.output.persistence.entity.NotificationEntity.hashCode(NotificationEntity.java:21)
	at edu.market.notification.infrastructure.adapter.output.persistence.entity.NotificationChannelEntity.hashCode(NotificationChannelEntity.java:13)
	at java.base/java.util.AbstractSet.hashCode(AbstractSet.java:124)
	at edu.market.notification.infrastructure.adapter.output.persistence.entity.NotificationEntity.hashCode(NotificationEntity.java:21)
	at edu.market.notification.infrastructure.adapter.output.persistence.entity.NotificationChannelEntity.hashCode(NotificationChannelEntity.java:13)
	at java.base/java.util.AbstractSet.hashCode(AbstractSet.java:124)
	at edu.market.notification.infrastructure.adapter.output.persistence.entity.NotificationEntity.hashCode(NotificationEntity.java:21)
	at edu.market.notification.infrastructure.adapter.output.persistence.entity.NotificationChannelEntity.hashCode(NotificationChannelEntity.java:13)
	at java.base/java.util.AbstractSet.hashCode(AbstractSet.java:124)
	at edu.market.notification.infrastructure.adapter.output.persistence.entity.NotificationEntity.hashCode(NotificationEntity.java:21)
	at edu.market.notification.infrastructure.adapter.output.persistence.entity.NotificationChannelEntity.hashCode(NotificationChannelEntity.java:13)
	at java.base/java.util.AbstractSet.hashCode(AbstractSet.java:124)
	at edu.market.notification.infrastructure.adapter.output.persistence.entity.NotificationEntity.hashCode(NotificationEntity.java:21)
	at edu.market.notification.infrastructure.adapter.output.persistence.entity.NotificationChannelEntity.hashCode(NotificationChannelEntity.java:13)
	at java.base/java.util.AbstractSet.hashCode(AbstractSet.java:124)
	at edu.market.notification.infrastructure.adapter.output.persistence.entity.NotificationEntity.hashCode(NotificationEntity.java:21)
	at edu.market.notification.infrastructure.adapter.output.persistence.entity.NotificationChannelEntity.hashCode(NotificationChannelEntity.java:13)
	at java.base/java.util.AbstractSet.hashCode(AbstractSet.java:124)
	at edu.market.notification.infrastructure.adapter.output.persistence.entity.NotificationEntity.hashCode(NotificationEntity.java:21)
	at edu.market.notification.infrastructure.adapter.output.persistence.entity.NotificationChannelEntity.hashCode(NotificationChannelEntity.java:13)
2025-07-27 12:56:42,666 [http-nio-8080-exec-5] DEBUG e.m.n.i.c.ExceptionTrackerAspect                   - trackException - Init
2025-07-27 12:56:42,666 [http-nio-8080-exec-5] DEBUG e.m.n.i.c.ExceptionTrackerAspect                   - trackException - Call exceptionTrackerPort.trackException
2025-07-27 12:56:42,666 [http-nio-8080-exec-5] DEBUG e.m.n.i.a.o.m.ExceptionTrackerAdapter              - trackException - Init
2025-07-27 12:56:42,666 [http-nio-8080-exec-5] DEBUG e.m.n.i.a.o.m.ExceptionTrackerAdapter              - trackException - Call isAvailable - Checking ExceptionTracker Service is available
2025-07-27 12:56:42,666 [http-nio-8080-exec-5] DEBUG e.m.n.i.a.o.m.ExceptionTrackerAdapter              - isAvailable - Init
2025-07-27 12:56:42,666 [http-nio-8080-exec-5] DEBUG e.m.n.i.a.o.m.ExceptionTrackerAdapter              - isAvailable - Return true
2025-07-27 12:56:42,666 [http-nio-8080-exec-5] ERROR e.m.n.i.a.o.m.ExceptionTrackerAdapter              - Exception tracked from NotificationRepositoryAdapter.save with context {{method=save, errorType=RuntimeException, class=NotificationRepositoryAdapter, layer=infrastructure}}: java.lang.StackOverflowError
java.lang.RuntimeException: java.lang.StackOverflowError
	at org.springframework.data.repository.core.support.RepositoryMethodInvoker$RepositoryFragmentMethodInvoker.lambda$new$0(RepositoryMethodInvoker.java:281)
	at org.springframework.data.repository.core.support.RepositoryMethodInvoker.doInvoke(RepositoryMethodInvoker.java:170)
	at org.springframework.data.repository.core.support.RepositoryMethodInvoker.invoke(RepositoryMethodInvoker.java:158)
	at org.springframework.data.repository.core.support.RepositoryComposition$RepositoryFragments.invoke(RepositoryComposition.java:515)
	at org.springframework.data.repository.core.support.RepositoryComposition.invoke(RepositoryComposition.java:284)
	at org.springframework.data.repository.core.support.RepositoryFactorySupport$ImplementationMethodExecutionInterceptor.invoke(RepositoryFactorySupport.java:731)
	at org.springframework.aop.framework.ReflectiveMethodInvocation.proceed(ReflectiveMethodInvocation.java:184)
	at org.springframework.data.repository.core.support.QueryExecutorMethodInterceptor.doInvoke(QueryExecutorMethodInterceptor.java:174)
	at org.springframework.data.repository.core.support.QueryExecutorMethodInterceptor.invoke(QueryExecutorMethodInterceptor.java:149)
	at org.springframework.aop.framework.ReflectiveMethodInvocation.proceed(ReflectiveMethodInvocation.java:184)
	at org.springframework.data.projection.DefaultMethodInvokingMethodInterceptor.invoke(DefaultMethodInvokingMethodInterceptor.java:69)
	at org.springframework.aop.framework.ReflectiveMethodInvocation.proceed(ReflectiveMethodInvocation.java:184)
	at org.springframework.transaction.interceptor.TransactionAspectSupport.invokeWithinTransaction(TransactionAspectSupport.java:380)
	at org.springframework.transaction.interceptor.TransactionInterceptor.invoke(TransactionInterceptor.java:119)
	at org.springframework.aop.framework.ReflectiveMethodInvocation.proceed(ReflectiveMethodInvocation.java:184)
	at org.springframework.dao.support.PersistenceExceptionTranslationInterceptor.invoke(PersistenceExceptionTranslationInterceptor.java:138)
	at org.springframework.aop.framework.ReflectiveMethodInvocation.proceed(ReflectiveMethodInvocation.java:184)
	at org.springframework.data.jpa.repository.support.CrudMethodMetadataPostProcessor$CrudMethodMetadataPopulatingMethodInterceptor.invoke(CrudMethodMetadataPostProcessor.java:165)
	at org.springframework.aop.framework.ReflectiveMethodInvocation.proceed(ReflectiveMethodInvocation.java:184)
	at org.springframework.aop.framework.JdkDynamicAopProxy.invoke(JdkDynamicAopProxy.java:223)
	at jdk.proxy2/jdk.proxy2.$Proxy186.save(Unknown Source)
	at java.base/jdk.internal.reflect.DirectMethodHandleAccessor.invoke(DirectMethodHandleAccessor.java:103)
	at java.base/java.lang.reflect.Method.invoke(Method.java:580)
	at org.springframework.aop.support.AopUtils.invokeJoinpointUsingReflection(AopUtils.java:359)
	at org.springframework.aop.framework.ReflectiveMethodInvocation.invokeJoinpoint(ReflectiveMethodInvocation.java:196)
	at org.springframework.aop.framework.ReflectiveMethodInvocation.proceed(ReflectiveMethodInvocation.java:163)
	at org.springframework.dao.support.PersistenceExceptionTranslationInterceptor.invoke(PersistenceExceptionTranslationInterceptor.java:138)
	at org.springframework.aop.framework.ReflectiveMethodInvocation.proceed(ReflectiveMethodInvocation.java:184)
	at org.springframework.aop.aspectj.AspectJAfterThrowingAdvice.invoke(AspectJAfterThrowingAdvice.java:64)
	at org.springframework.aop.framework.ReflectiveMethodInvocation.proceed(ReflectiveMethodInvocation.java:184)
	at org.springframework.aop.interceptor.ExposeInvocationInterceptor.invoke(ExposeInvocationInterceptor.java:97)
	at org.springframework.aop.framework.ReflectiveMethodInvocation.proceed(ReflectiveMethodInvocation.java:184)
	at org.springframework.aop.framework.JdkDynamicAopProxy.invoke(JdkDynamicAopProxy.java:223)
	at jdk.proxy2/jdk.proxy2.$Proxy186.save(Unknown Source)
	at edu.market.notification.infrastructure.adapter.output.persistence.NotificationRepositoryAdapter.save(NotificationRepositoryAdapter.java:36)
	at java.base/jdk.internal.reflect.DirectMethodHandleAccessor.invoke(DirectMethodHandleAccessor.java:103)
	at java.base/java.lang.reflect.Method.invoke(Method.java:580)
	at org.springframework.aop.support.AopUtils.invokeJoinpointUsingReflection(AopUtils.java:359)
	at org.springframework.aop.framework.ReflectiveMethodInvocation.invokeJoinpoint(ReflectiveMethodInvocation.java:196)
	at org.springframework.aop.framework.ReflectiveMethodInvocation.proceed(ReflectiveMethodInvocation.java:163)
	at org.springframework.aop.aspectj.AspectJAfterThrowingAdvice.invoke(AspectJAfterThrowingAdvice.java:64)
	at org.springframework.aop.framework.ReflectiveMethodInvocation.proceed(ReflectiveMethodInvocation.java:184)
	at org.springframework.aop.aspectj.AspectJAfterThrowingAdvice.invoke(AspectJAfterThrowingAdvice.java:64)
	at org.springframework.aop.framework.ReflectiveMethodInvocation.proceed(ReflectiveMethodInvocation.java:184)
	at org.springframework.transaction.interceptor.TransactionAspectSupport.invokeWithinTransaction(TransactionAspectSupport.java:380)
	at org.springframework.transaction.interceptor.TransactionInterceptor.invoke(TransactionInterceptor.java:119)
	at org.springframework.aop.framework.ReflectiveMethodInvocation.proceed(ReflectiveMethodInvocation.java:184)
	at org.springframework.aop.interceptor.ExposeInvocationInterceptor.invoke(ExposeInvocationInterceptor.java:97)
	at org.springframework.aop.framework.ReflectiveMethodInvocation.proceed(ReflectiveMethodInvocation.java:184)
	at org.springframework.aop.framework.CglibAopProxy$DynamicAdvisedInterceptor.intercept(CglibAopProxy.java:728)
	at edu.market.notification.infrastructure.adapter.output.persistence.NotificationRepositoryAdapter$$SpringCGLIB$$0.save(<generated>)
	at edu.market.notification.application.usecase.notification.SendNotificationUseCase.send(SendNotificationUseCase.java:76)
	at java.base/jdk.internal.reflect.DirectMethodHandleAccessor.invoke(DirectMethodHandleAccessor.java:103)
	at java.base/java.lang.reflect.Method.invoke(Method.java:580)
	at org.springframework.aop.support.AopUtils.invokeJoinpointUsingReflection(AopUtils.java:359)
	at org.springframework.aop.framework.ReflectiveMethodInvocation.invokeJoinpoint(ReflectiveMethodInvocation.java:196)
	at org.springframework.aop.framework.ReflectiveMethodInvocation.proceed(ReflectiveMethodInvocation.java:163)
	at org.springframework.aop.aspectj.MethodInvocationProceedingJoinPoint.proceed(MethodInvocationProceedingJoinPoint.java:89)
	at edu.market.notification.infrastructure.crosscutting.MetricsCollectionAspect.collectMetrics(MetricsCollectionAspect.java:84)
	at java.base/jdk.internal.reflect.DirectMethodHandleAccessor.invoke(DirectMethodHandleAccessor.java:103)
	at java.base/java.lang.reflect.Method.invoke(Method.java:580)
	at org.springframework.aop.aspectj.AbstractAspectJAdvice.invokeAdviceMethodWithGivenArgs(AbstractAspectJAdvice.java:642)
	at org.springframework.aop.aspectj.AbstractAspectJAdvice.invokeAdviceMethod(AbstractAspectJAdvice.java:632)
	at org.springframework.aop.aspectj.AspectJAroundAdvice.invoke(AspectJAroundAdvice.java:71)
	at org.springframework.aop.framework.ReflectiveMethodInvocation.proceed(ReflectiveMethodInvocation.java:184)
	at org.springframework.aop.aspectj.AspectJAfterThrowingAdvice.invoke(AspectJAfterThrowingAdvice.java:64)
	at org.springframework.aop.framework.ReflectiveMethodInvocation.proceed(ReflectiveMethodInvocation.java:184)
	at org.springframework.aop.interceptor.ExposeInvocationInterceptor.invoke(ExposeInvocationInterceptor.java:97)
	at org.springframework.aop.framework.ReflectiveMethodInvocation.proceed(ReflectiveMethodInvocation.java:184)
	at org.springframework.aop.framework.CglibAopProxy$DynamicAdvisedInterceptor.intercept(CglibAopProxy.java:728)
	at edu.market.notification.application.usecase.notification.SendNotificationUseCase$$SpringCGLIB$$0.send(<generated>)
	at edu.market.notification.infrastructure.adapter.input.web.controller.NotificationController.sendNotification(NotificationController.java:156)
	at java.base/jdk.internal.reflect.DirectMethodHandleAccessor.invoke(DirectMethodHandleAccessor.java:103)
	at java.base/java.lang.reflect.Method.invoke(Method.java:580)
	at org.springframework.aop.support.AopUtils.invokeJoinpointUsingReflection(AopUtils.java:359)
	at org.springframework.aop.framework.ReflectiveMethodInvocation.invokeJoinpoint(ReflectiveMethodInvocation.java:196)
	at org.springframework.aop.framework.ReflectiveMethodInvocation.proceed(ReflectiveMethodInvocation.java:163)
	at org.springframework.aop.aspectj.MethodInvocationProceedingJoinPoint.proceed(MethodInvocationProceedingJoinPoint.java:89)
	at edu.market.notification.infrastructure.crosscutting.MetricsCollectionAspect.collectMetrics(MetricsCollectionAspect.java:84)
	at java.base/jdk.internal.reflect.DirectMethodHandleAccessor.invoke(DirectMethodHandleAccessor.java:103)
	at java.base/java.lang.reflect.Method.invoke(Method.java:580)
	at org.springframework.aop.aspectj.AbstractAspectJAdvice.invokeAdviceMethodWithGivenArgs(AbstractAspectJAdvice.java:642)
	at org.springframework.aop.aspectj.AbstractAspectJAdvice.invokeAdviceMethod(AbstractAspectJAdvice.java:632)
	at org.springframework.aop.aspectj.AspectJAroundAdvice.invoke(AspectJAroundAdvice.java:71)
	at org.springframework.aop.framework.ReflectiveMethodInvocation.proceed(ReflectiveMethodInvocation.java:184)
	at org.springframework.aop.aspectj.AspectJAfterThrowingAdvice.invoke(AspectJAfterThrowingAdvice.java:64)
	at org.springframework.aop.framework.ReflectiveMethodInvocation.proceed(ReflectiveMethodInvocation.java:184)
	at org.springframework.aop.interceptor.ExposeInvocationInterceptor.invoke(ExposeInvocationInterceptor.java:97)
	at org.springframework.aop.framework.ReflectiveMethodInvocation.proceed(ReflectiveMethodInvocation.java:184)
	at org.springframework.aop.framework.CglibAopProxy$DynamicAdvisedInterceptor.intercept(CglibAopProxy.java:728)
	at edu.market.notification.infrastructure.adapter.input.web.controller.NotificationController$$SpringCGLIB$$0.sendNotification(<generated>)
	at java.base/jdk.internal.reflect.DirectMethodHandleAccessor.invoke(DirectMethodHandleAccessor.java:103)
	at java.base/java.lang.reflect.Method.invoke(Method.java:580)
	at org.springframework.web.method.support.InvocableHandlerMethod.doInvoke(InvocableHandlerMethod.java:258)
	at org.springframework.web.method.support.InvocableHandlerMethod.invokeForRequest(InvocableHandlerMethod.java:191)
	at org.springframework.web.servlet.mvc.method.annotation.ServletInvocableHandlerMethod.invokeAndHandle(ServletInvocableHandlerMethod.java:118)
	at org.springframework.web.servlet.mvc.method.annotation.RequestMappingHandlerAdapter.invokeHandlerMethod(RequestMappingHandlerAdapter.java:986)
	at org.springframework.web.servlet.mvc.method.annotation.RequestMappingHandlerAdapter.handleInternal(RequestMappingHandlerAdapter.java:891)
	at org.springframework.web.servlet.mvc.method.AbstractHandlerMethodAdapter.handle(AbstractHandlerMethodAdapter.java:87)
	at org.springframework.web.servlet.DispatcherServlet.doDispatch(DispatcherServlet.java:1089)
	at org.springframework.web.servlet.DispatcherServlet.doService(DispatcherServlet.java:979)
	at org.springframework.web.servlet.FrameworkServlet.processRequest(FrameworkServlet.java:1014)
	at org.springframework.web.servlet.FrameworkServlet.doPost(FrameworkServlet.java:914)
	at jakarta.servlet.http.HttpServlet.service(HttpServlet.java:590)
	at org.springframework.web.servlet.FrameworkServlet.service(FrameworkServlet.java:885)
	at jakarta.servlet.http.HttpServlet.service(HttpServlet.java:658)
	at org.apache.catalina.core.ApplicationFilterChain.internalDoFilter(ApplicationFilterChain.java:195)
	at org.apache.catalina.core.ApplicationFilterChain.doFilter(ApplicationFilterChain.java:140)
	at org.apache.tomcat.websocket.server.WsFilter.doFilter(WsFilter.java:51)
	at org.apache.catalina.core.ApplicationFilterChain.internalDoFilter(ApplicationFilterChain.java:164)
	at org.apache.catalina.core.ApplicationFilterChain.doFilter(ApplicationFilterChain.java:140)
	at org.springframework.web.filter.CompositeFilter$VirtualFilterChain.doFilter(CompositeFilter.java:108)
	at org.springframework.security.web.FilterChainProxy.lambda$doFilterInternal$3(FilterChainProxy.java:231)
	at org.springframework.security.web.ObservationFilterChainDecorator$FilterObservation$SimpleFilterObservation.lambda$wrap$1(ObservationFilterChainDecorator.java:479)
	at org.springframework.security.web.ObservationFilterChainDecorator$AroundFilterObservation$SimpleAroundFilterObservation.lambda$wrap$1(ObservationFilterChainDecorator.java:340)
	at org.springframework.security.web.ObservationFilterChainDecorator.lambda$wrapSecured$0(ObservationFilterChainDecorator.java:82)
	at org.springframework.security.web.ObservationFilterChainDecorator$VirtualFilterChain.doFilter(ObservationFilterChainDecorator.java:128)
	at org.springframework.security.web.access.intercept.AuthorizationFilter.doFilter(AuthorizationFilter.java:101)
	at org.springframework.security.web.ObservationFilterChainDecorator$ObservationFilter.wrapFilter(ObservationFilterChainDecorator.java:240)
	at org.springframework.security.web.ObservationFilterChainDecorator$ObservationFilter.doFilter(ObservationFilterChainDecorator.java:227)
	at org.springframework.security.web.ObservationFilterChainDecorator$VirtualFilterChain.doFilter(ObservationFilterChainDecorator.java:137)
	at org.springframework.security.web.access.ExceptionTranslationFilter.doFilter(ExceptionTranslationFilter.java:126)
	at org.springframework.security.web.access.ExceptionTranslationFilter.doFilter(ExceptionTranslationFilter.java:120)
	at org.springframework.security.web.ObservationFilterChainDecorator$ObservationFilter.wrapFilter(ObservationFilterChainDecorator.java:240)
	at org.springframework.security.web.ObservationFilterChainDecorator$ObservationFilter.doFilter(ObservationFilterChainDecorator.java:227)
	at org.springframework.security.web.ObservationFilterChainDecorator$VirtualFilterChain.doFilter(ObservationFilterChainDecorator.java:137)
	at org.springframework.security.web.authentication.AnonymousAuthenticationFilter.doFilter(AnonymousAuthenticationFilter.java:100)
	at org.springframework.security.web.ObservationFilterChainDecorator$ObservationFilter.wrapFilter(ObservationFilterChainDecorator.java:240)
	at org.springframework.security.web.ObservationFilterChainDecorator$ObservationFilter.doFilter(ObservationFilterChainDecorator.java:227)
	at org.springframework.security.web.ObservationFilterChainDecorator$VirtualFilterChain.doFilter(ObservationFilterChainDecorator.java:137)
	at org.springframework.security.web.servletapi.SecurityContextHolderAwareRequestFilter.doFilter(SecurityContextHolderAwareRequestFilter.java:179)
	at org.springframework.security.web.ObservationFilterChainDecorator$ObservationFilter.wrapFilter(ObservationFilterChainDecorator.java:240)
	at org.springframework.security.web.ObservationFilterChainDecorator$ObservationFilter.doFilter(ObservationFilterChainDecorator.java:227)
	at org.springframework.security.web.ObservationFilterChainDecorator$VirtualFilterChain.doFilter(ObservationFilterChainDecorator.java:137)
	at org.springframework.security.web.savedrequest.RequestCacheAwareFilter.doFilter(RequestCacheAwareFilter.java:63)
	at org.springframework.security.web.ObservationFilterChainDecorator$ObservationFilter.wrapFilter(ObservationFilterChainDecorator.java:240)
	at org.springframework.security.web.ObservationFilterChainDecorator$ObservationFilter.doFilter(ObservationFilterChainDecorator.java:227)
	at org.springframework.security.web.ObservationFilterChainDecorator$VirtualFilterChain.doFilter(ObservationFilterChainDecorator.java:137)
	at org.springframework.security.web.authentication.logout.LogoutFilter.doFilter(LogoutFilter.java:107)
	at org.springframework.security.web.authentication.logout.LogoutFilter.doFilter(LogoutFilter.java:93)
	at org.springframework.security.web.ObservationFilterChainDecorator$ObservationFilter.wrapFilter(ObservationFilterChainDecorator.java:240)
	at org.springframework.security.web.ObservationFilterChainDecorator$ObservationFilter.doFilter(ObservationFilterChainDecorator.java:227)
	at org.springframework.security.web.ObservationFilterChainDecorator$VirtualFilterChain.doFilter(ObservationFilterChainDecorator.java:137)
	at org.springframework.security.web.header.HeaderWriterFilter.doHeadersAfter(HeaderWriterFilter.java:90)
	at org.springframework.security.web.header.HeaderWriterFilter.doFilterInternal(HeaderWriterFilter.java:75)
	at org.springframework.web.filter.OncePerRequestFilter.doFilter(OncePerRequestFilter.java:116)
	at org.springframework.security.web.ObservationFilterChainDecorator$ObservationFilter.wrapFilter(ObservationFilterChainDecorator.java:240)
	at org.springframework.security.web.ObservationFilterChainDecorator$ObservationFilter.doFilter(ObservationFilterChainDecorator.java:227)
	at org.springframework.security.web.ObservationFilterChainDecorator$VirtualFilterChain.doFilter(ObservationFilterChainDecorator.java:137)
	at org.springframework.security.web.context.SecurityContextHolderFilter.doFilter(SecurityContextHolderFilter.java:82)
	at org.springframework.security.web.context.SecurityContextHolderFilter.doFilter(SecurityContextHolderFilter.java:69)
	at org.springframework.security.web.ObservationFilterChainDecorator$ObservationFilter.wrapFilter(ObservationFilterChainDecorator.java:240)
	at org.springframework.security.web.ObservationFilterChainDecorator$ObservationFilter.doFilter(ObservationFilterChainDecorator.java:227)
	at org.springframework.security.web.ObservationFilterChainDecorator$VirtualFilterChain.doFilter(ObservationFilterChainDecorator.java:137)
	at org.springframework.security.web.context.request.async.WebAsyncManagerIntegrationFilter.doFilterInternal(WebAsyncManagerIntegrationFilter.java:62)
	at org.springframework.web.filter.OncePerRequestFilter.doFilter(OncePerRequestFilter.java:116)
	at org.springframework.security.web.ObservationFilterChainDecorator$ObservationFilter.wrapFilter(ObservationFilterChainDecorator.java:240)
	at org.springframework.security.web.ObservationFilterChainDecorator$ObservationFilter.doFilter(ObservationFilterChainDecorator.java:227)
	at org.springframework.security.web.ObservationFilterChainDecorator$VirtualFilterChain.doFilter(ObservationFilterChainDecorator.java:137)
	at org.springframework.security.web.session.DisableEncodeUrlFilter.doFilterInternal(DisableEncodeUrlFilter.java:42)
	at org.springframework.web.filter.OncePerRequestFilter.doFilter(OncePerRequestFilter.java:116)
	at org.springframework.security.web.ObservationFilterChainDecorator$ObservationFilter.wrapFilter(ObservationFilterChainDecorator.java:240)
	at org.springframework.security.web.ObservationFilterChainDecorator$AroundFilterObservation$SimpleAroundFilterObservation.lambda$wrap$0(ObservationFilterChainDecorator.java:323)
	at org.springframework.security.web.ObservationFilterChainDecorator$ObservationFilter.doFilter(ObservationFilterChainDecorator.java:224)
	at org.springframework.security.web.ObservationFilterChainDecorator$VirtualFilterChain.doFilter(ObservationFilterChainDecorator.java:137)
	at org.springframework.security.web.FilterChainProxy.doFilterInternal(FilterChainProxy.java:233)
	at org.springframework.security.web.FilterChainProxy.doFilter(FilterChainProxy.java:191)
	at org.springframework.web.filter.CompositeFilter$VirtualFilterChain.doFilter(CompositeFilter.java:113)
	at org.springframework.web.servlet.handler.HandlerMappingIntrospector.lambda$createCacheFilter$3(HandlerMappingIntrospector.java:243)
	at org.springframework.web.filter.CompositeFilter$VirtualFilterChain.doFilter(CompositeFilter.java:113)
	at org.springframework.web.filter.CompositeFilter.doFilter(CompositeFilter.java:74)
	at org.springframework.security.config.annotation.web.configuration.WebMvcSecurityConfiguration$CompositeFilterChainProxy.doFilter(WebMvcSecurityConfiguration.java:238)
	at org.springframework.web.filter.DelegatingFilterProxy.invokeDelegate(DelegatingFilterProxy.java:362)
	at org.springframework.web.filter.DelegatingFilterProxy.doFilter(DelegatingFilterProxy.java:278)
	at org.apache.catalina.core.ApplicationFilterChain.internalDoFilter(ApplicationFilterChain.java:164)
	at org.apache.catalina.core.ApplicationFilterChain.doFilter(ApplicationFilterChain.java:140)
	at org.springframework.web.filter.RequestContextFilter.doFilterInternal(RequestContextFilter.java:100)
	at org.springframework.web.filter.OncePerRequestFilter.doFilter(OncePerRequestFilter.java:116)
	at org.apache.catalina.core.ApplicationFilterChain.internalDoFilter(ApplicationFilterChain.java:164)
	at org.apache.catalina.core.ApplicationFilterChain.doFilter(ApplicationFilterChain.java:140)
	at org.springframework.web.filter.FormContentFilter.doFilterInternal(FormContentFilter.java:93)
	at org.springframework.web.filter.OncePerRequestFilter.doFilter(OncePerRequestFilter.java:116)
	at org.apache.catalina.core.ApplicationFilterChain.internalDoFilter(ApplicationFilterChain.java:164)
	at org.apache.catalina.core.ApplicationFilterChain.doFilter(ApplicationFilterChain.java:140)
	at org.springframework.web.filter.ServerHttpObservationFilter.doFilterInternal(ServerHttpObservationFilter.java:114)
	at org.springframework.web.filter.OncePerRequestFilter.doFilter(OncePerRequestFilter.java:116)
	at org.apache.catalina.core.ApplicationFilterChain.internalDoFilter(ApplicationFilterChain.java:164)
	at org.apache.catalina.core.ApplicationFilterChain.doFilter(ApplicationFilterChain.java:140)
	at org.springframework.web.filter.CharacterEncodingFilter.doFilterInternal(CharacterEncodingFilter.java:201)
	at org.springframework.web.filter.OncePerRequestFilter.doFilter(OncePerRequestFilter.java:116)
	at org.apache.catalina.core.ApplicationFilterChain.internalDoFilter(ApplicationFilterChain.java:164)
	at org.apache.catalina.core.ApplicationFilterChain.doFilter(ApplicationFilterChain.java:140)
	at org.apache.catalina.core.StandardWrapperValve.invoke(StandardWrapperValve.java:167)
	at org.apache.catalina.core.StandardContextValve.invoke(StandardContextValve.java:90)
	at org.apache.catalina.authenticator.AuthenticatorBase.invoke(AuthenticatorBase.java:483)
	at org.apache.catalina.core.StandardHostValve.invoke(StandardHostValve.java:116)
	at org.apache.catalina.valves.ErrorReportValve.invoke(ErrorReportValve.java:93)
	at org.apache.catalina.core.StandardEngineValve.invoke(StandardEngineValve.java:74)
	at org.apache.catalina.connector.CoyoteAdapter.service(CoyoteAdapter.java:344)
	at org.apache.coyote.http11.Http11Processor.service(Http11Processor.java:398)
	at org.apache.coyote.AbstractProcessorLight.process(AbstractProcessorLight.java:63)
	at org.apache.coyote.AbstractProtocol$ConnectionHandler.process(AbstractProtocol.java:903)
	at org.apache.tomcat.util.net.NioEndpoint$SocketProcessor.doRun(NioEndpoint.java:1740)
	at org.apache.tomcat.util.net.SocketProcessorBase.run(SocketProcessorBase.java:52)
	at org.apache.tomcat.util.threads.ThreadPoolExecutor.runWorker(ThreadPoolExecutor.java:1189)
	at org.apache.tomcat.util.threads.ThreadPoolExecutor$Worker.run(ThreadPoolExecutor.java:658)
	at org.apache.tomcat.util.threads.TaskThread$WrappingRunnable.run(TaskThread.java:63)
	at java.base/java.lang.Thread.run(Thread.java:1583)
Caused by: java.lang.StackOverflowError: null
	at edu.market.notification.infrastructure.adapter.output.persistence.entity.NotificationChannelEntity.hashCode(NotificationChannelEntity.java:13)
	at java.base/java.util.AbstractSet.hashCode(AbstractSet.java:124)
	at edu.market.notification.infrastructure.adapter.output.persistence.entity.NotificationEntity.hashCode(NotificationEntity.java:21)
	at edu.market.notification.infrastructure.adapter.output.persistence.entity.NotificationChannelEntity.hashCode(NotificationChannelEntity.java:13)
	at java.base/java.util.AbstractSet.hashCode(AbstractSet.java:124)
	at edu.market.notification.infrastructure.adapter.output.persistence.entity.NotificationEntity.hashCode(NotificationEntity.java:21)
	at edu.market.notification.infrastructure.adapter.output.persistence.entity.NotificationChannelEntity.hashCode(NotificationChannelEntity.java:13)
	at java.base/java.util.AbstractSet.hashCode(AbstractSet.java:124)
	at edu.market.notification.infrastructure.adapter.output.persistence.entity.NotificationEntity.hashCode(NotificationEntity.java:21)
	at edu.market.notification.infrastructure.adapter.output.persistence.entity.NotificationChannelEntity.hashCode(NotificationChannelEntity.java:13)
	at java.base/java.util.AbstractSet.hashCode(AbstractSet.java:124)
	at edu.market.notification.infrastructure.adapter.output.persistence.entity.NotificationEntity.hashCode(NotificationEntity.java:21)
	at edu.market.notification.infrastructure.adapter.output.persistence.entity.NotificationChannelEntity.hashCode(NotificationChannelEntity.java:13)
	at java.base/java.util.AbstractSet.hashCode(AbstractSet.java:124)
	at edu.market.notification.infrastructure.adapter.output.persistence.entity.NotificationEntity.hashCode(NotificationEntity.java:21)
	at edu.market.notification.infrastructure.adapter.output.persistence.entity.NotificationChannelEntity.hashCode(NotificationChannelEntity.java:13)
	at java.base/java.util.AbstractSet.hashCode(AbstractSet.java:124)
	at edu.market.notification.infrastructure.adapter.output.persistence.entity.NotificationEntity.hashCode(NotificationEntity.java:21)
	at edu.market.notification.infrastructure.adapter.output.persistence.entity.NotificationChannelEntity.hashCode(NotificationChannelEntity.java:13)
	at java.base/java.util.AbstractSet.hashCode(AbstractSet.java:124)
	at edu.market.notification.infrastructure.adapter.output.persistence.entity.NotificationEntity.hashCode(NotificationEntity.java:21)
	at edu.market.notification.infrastructure.adapter.output.persistence.entity.NotificationChannelEntity.hashCode(NotificationChannelEntity.java:13)
	at java.base/java.util.AbstractSet.hashCode(AbstractSet.java:124)
	at edu.market.notification.infrastructure.adapter.output.persistence.entity.NotificationEntity.hashCode(NotificationEntity.java:21)
	at edu.market.notification.infrastructure.adapter.output.persistence.entity.NotificationChannelEntity.hashCode(NotificationChannelEntity.java:13)
	at java.base/java.util.AbstractSet.hashCode(AbstractSet.java:124)
	at edu.market.notification.infrastructure.adapter.output.persistence.entity.NotificationEntity.hashCode(NotificationEntity.java:21)
	at edu.market.notification.infrastructure.adapter.output.persistence.entity.NotificationChannelEntity.hashCode(NotificationChannelEntity.java:13)
	at java.base/java.util.AbstractSet.hashCode(AbstractSet.java:124)
	at edu.market.notification.infrastructure.adapter.output.persistence.entity.NotificationEntity.hashCode(NotificationEntity.java:21)
	at edu.market.notification.infrastructure.adapter.output.persistence.entity.NotificationChannelEntity.hashCode(NotificationChannelEntity.java:13)
	at java.base/java.util.AbstractSet.hashCode(AbstractSet.java:124)
	at edu.market.notification.infrastructure.adapter.output.persistence.entity.NotificationEntity.hashCode(NotificationEntity.java:21)
	at edu.market.notification.infrastructure.adapter.output.persistence.entity.NotificationChannelEntity.hashCode(NotificationChannelEntity.java:13)
	at java.base/java.util.AbstractSet.hashCode(AbstractSet.java:124)
	at edu.market.notification.infrastructure.adapter.output.persistence.entity.NotificationEntity.hashCode(NotificationEntity.java:21)
	at edu.market.notification.infrastructure.adapter.output.persistence.entity.NotificationChannelEntity.hashCode(NotificationChannelEntity.java:13)
	at java.base/java.util.AbstractSet.hashCode(AbstractSet.java:124)
	at edu.market.notification.infrastructure.adapter.output.persistence.entity.NotificationEntity.hashCode(NotificationEntity.java:21)
	at edu.market.notification.infrastructure.adapter.output.persistence.entity.NotificationChannelEntity.hashCode(NotificationChannelEntity.java:13)
	at java.base/java.util.AbstractSet.hashCode(AbstractSet.java:124)
	at edu.market.notification.infrastructure.adapter.output.persistence.entity.NotificationEntity.hashCode(NotificationEntity.java:21)
	at edu.market.notification.infrastructure.adapter.output.persistence.entity.NotificationChannelEntity.hashCode(NotificationChannelEntity.java:13)
	at java.base/java.util.AbstractSet.hashCode(AbstractSet.java:124)
	at edu.market.notification.infrastructure.adapter.output.persistence.entity.NotificationEntity.hashCode(NotificationEntity.java:21)
	at edu.market.notification.infrastructure.adapter.output.persistence.entity.NotificationChannelEntity.hashCode(NotificationChannelEntity.java:13)
	at java.base/java.util.AbstractSet.hashCode(AbstractSet.java:124)
	at edu.market.notification.infrastructure.adapter.output.persistence.entity.NotificationEntity.hashCode(NotificationEntity.java:21)
	at edu.market.notification.infrastructure.adapter.output.persistence.entity.NotificationChannelEntity.hashCode(NotificationChannelEntity.java:13)
	at java.base/java.util.AbstractSet.hashCode(AbstractSet.java:124)
	at edu.market.notification.infrastructure.adapter.output.persistence.entity.NotificationEntity.hashCode(NotificationEntity.java:21)
	at edu.market.notification.infrastructure.adapter.output.persistence.entity.NotificationChannelEntity.hashCode(NotificationChannelEntity.java:13)
	at java.base/java.util.AbstractSet.hashCode(AbstractSet.java:124)
	at edu.market.notification.infrastructure.adapter.output.persistence.entity.NotificationEntity.hashCode(NotificationEntity.java:21)
	at edu.market.notification.infrastructure.adapter.output.persistence.entity.NotificationChannelEntity.hashCode(NotificationChannelEntity.java:13)
	at java.base/java.util.AbstractSet.hashCode(AbstractSet.java:124)
	at edu.market.notification.infrastructure.adapter.output.persistence.entity.NotificationEntity.hashCode(NotificationEntity.java:21)
	at edu.market.notification.infrastructure.adapter.output.persistence.entity.NotificationChannelEntity.hashCode(NotificationChannelEntity.java:13)
	at java.base/java.util.AbstractSet.hashCode(AbstractSet.java:124)
	at edu.market.notification.infrastructure.adapter.output.persistence.entity.NotificationEntity.hashCode(NotificationEntity.java:21)
	at edu.market.notification.infrastructure.adapter.output.persistence.entity.NotificationChannelEntity.hashCode(NotificationChannelEntity.java:13)
	at java.base/java.util.AbstractSet.hashCode(AbstractSet.java:124)
	at edu.market.notification.infrastructure.adapter.output.persistence.entity.NotificationEntity.hashCode(NotificationEntity.java:21)
	at edu.market.notification.infrastructure.adapter.output.persistence.entity.NotificationChannelEntity.hashCode(NotificationChannelEntity.java:13)
	at java.base/java.util.AbstractSet.hashCode(AbstractSet.java:124)
	at edu.market.notification.infrastructure.adapter.output.persistence.entity.NotificationEntity.hashCode(NotificationEntity.java:21)
	at edu.market.notification.infrastructure.adapter.output.persistence.entity.NotificationChannelEntity.hashCode(NotificationChannelEntity.java:13)
	at java.base/java.util.AbstractSet.hashCode(AbstractSet.java:124)
	at edu.market.notification.infrastructure.adapter.output.persistence.entity.NotificationEntity.hashCode(NotificationEntity.java:21)
	at edu.market.notification.infrastructure.adapter.output.persistence.entity.NotificationChannelEntity.hashCode(NotificationChannelEntity.java:13)
	at java.base/java.util.AbstractSet.hashCode(AbstractSet.java:124)
	at edu.market.notification.infrastructure.adapter.output.persistence.entity.NotificationEntity.hashCode(NotificationEntity.java:21)
	at edu.market.notification.infrastructure.adapter.output.persistence.entity.NotificationChannelEntity.hashCode(NotificationChannelEntity.java:13)
	at java.base/java.util.AbstractSet.hashCode(AbstractSet.java:124)
	at edu.market.notification.infrastructure.adapter.output.persistence.entity.NotificationEntity.hashCode(NotificationEntity.java:21)
	at edu.market.notification.infrastructure.adapter.output.persistence.entity.NotificationChannelEntity.hashCode(NotificationChannelEntity.java:13)
	at java.base/java.util.AbstractSet.hashCode(AbstractSet.java:124)
	at edu.market.notification.infrastructure.adapter.output.persistence.entity.NotificationEntity.hashCode(NotificationEntity.java:21)
	at edu.market.notification.infrastructure.adapter.output.persistence.entity.NotificationChannelEntity.hashCode(NotificationChannelEntity.java:13)
	at java.base/java.util.AbstractSet.hashCode(AbstractSet.java:124)
	at edu.market.notification.infrastructure.adapter.output.persistence.entity.NotificationEntity.hashCode(NotificationEntity.java:21)
	at edu.market.notification.infrastructure.adapter.output.persistence.entity.NotificationChannelEntity.hashCode(NotificationChannelEntity.java:13)
	at java.base/java.util.AbstractSet.hashCode(AbstractSet.java:124)
	at edu.market.notification.infrastructure.adapter.output.persistence.entity.NotificationEntity.hashCode(NotificationEntity.java:21)
	at edu.market.notification.infrastructure.adapter.output.persistence.entity.NotificationChannelEntity.hashCode(NotificationChannelEntity.java:13)
	at java.base/java.util.AbstractSet.hashCode(AbstractSet.java:124)
	at edu.market.notification.infrastructure.adapter.output.persistence.entity.NotificationEntity.hashCode(NotificationEntity.java:21)
	at edu.market.notification.infrastructure.adapter.output.persistence.entity.NotificationChannelEntity.hashCode(NotificationChannelEntity.java:13)
	at java.base/java.util.AbstractSet.hashCode(AbstractSet.java:124)
	at edu.market.notification.infrastructure.adapter.output.persistence.entity.NotificationEntity.hashCode(NotificationEntity.java:21)
	at edu.market.notification.infrastructure.adapter.output.persistence.entity.NotificationChannelEntity.hashCode(NotificationChannelEntity.java:13)
	at java.base/java.util.AbstractSet.hashCode(AbstractSet.java:124)
	at edu.market.notification.infrastructure.adapter.output.persistence.entity.NotificationEntity.hashCode(NotificationEntity.java:21)
	at edu.market.notification.infrastructure.adapter.output.persistence.entity.NotificationChannelEntity.hashCode(NotificationChannelEntity.java:13)
	at java.base/java.util.AbstractSet.hashCode(AbstractSet.java:124)
	at edu.market.notification.infrastructure.adapter.output.persistence.entity.NotificationEntity.hashCode(NotificationEntity.java:21)
	at edu.market.notification.infrastructure.adapter.output.persistence.entity.NotificationChannelEntity.hashCode(NotificationChannelEntity.java:13)
	at java.base/java.util.AbstractSet.hashCode(AbstractSet.java:124)
	at edu.market.notification.infrastructure.adapter.output.persistence.entity.NotificationEntity.hashCode(NotificationEntity.java:21)
	at edu.market.notification.infrastructure.adapter.output.persistence.entity.NotificationChannelEntity.hashCode(NotificationChannelEntity.java:13)
	at java.base/java.util.AbstractSet.hashCode(AbstractSet.java:124)
	at edu.market.notification.infrastructure.adapter.output.persistence.entity.NotificationEntity.hashCode(NotificationEntity.java:21)
	at edu.market.notification.infrastructure.adapter.output.persistence.entity.NotificationChannelEntity.hashCode(NotificationChannelEntity.java:13)
	at java.base/java.util.AbstractSet.hashCode(AbstractSet.java:124)
	at edu.market.notification.infrastructure.adapter.output.persistence.entity.NotificationEntity.hashCode(NotificationEntity.java:21)
	at edu.market.notification.infrastructure.adapter.output.persistence.entity.NotificationChannelEntity.hashCode(NotificationChannelEntity.java:13)
	at java.base/java.util.AbstractSet.hashCode(AbstractSet.java:124)
	at edu.market.notification.infrastructure.adapter.output.persistence.entity.NotificationEntity.hashCode(NotificationEntity.java:21)
	at edu.market.notification.infrastructure.adapter.output.persistence.entity.NotificationChannelEntity.hashCode(NotificationChannelEntity.java:13)
	at java.base/java.util.AbstractSet.hashCode(AbstractSet.java:124)
	at edu.market.notification.infrastructure.adapter.output.persistence.entity.NotificationEntity.hashCode(NotificationEntity.java:21)
	at edu.market.notification.infrastructure.adapter.output.persistence.entity.NotificationChannelEntity.hashCode(NotificationChannelEntity.java:13)
	at java.base/java.util.AbstractSet.hashCode(AbstractSet.java:124)
	at edu.market.notification.infrastructure.adapter.output.persistence.entity.NotificationEntity.hashCode(NotificationEntity.java:21)
	at edu.market.notification.infrastructure.adapter.output.persistence.entity.NotificationChannelEntity.hashCode(NotificationChannelEntity.java:13)
	at java.base/java.util.AbstractSet.hashCode(AbstractSet.java:124)
	at edu.market.notification.infrastructure.adapter.output.persistence.entity.NotificationEntity.hashCode(NotificationEntity.java:21)
	at edu.market.notification.infrastructure.adapter.output.persistence.entity.NotificationChannelEntity.hashCode(NotificationChannelEntity.java:13)
	at java.base/java.util.AbstractSet.hashCode(AbstractSet.java:124)
	at edu.market.notification.infrastructure.adapter.output.persistence.entity.NotificationEntity.hashCode(NotificationEntity.java:21)
	at edu.market.notification.infrastructure.adapter.output.persistence.entity.NotificationChannelEntity.hashCode(NotificationChannelEntity.java:13)
	at java.base/java.util.AbstractSet.hashCode(AbstractSet.java:124)
	at edu.market.notification.infrastructure.adapter.output.persistence.entity.NotificationEntity.hashCode(NotificationEntity.java:21)
	at edu.market.notification.infrastructure.adapter.output.persistence.entity.NotificationChannelEntity.hashCode(NotificationChannelEntity.java:13)
	at java.base/java.util.AbstractSet.hashCode(AbstractSet.java:124)
	at edu.market.notification.infrastructure.adapter.output.persistence.entity.NotificationEntity.hashCode(NotificationEntity.java:21)
	at edu.market.notification.infrastructure.adapter.output.persistence.entity.NotificationChannelEntity.hashCode(NotificationChannelEntity.java:13)
	at java.base/java.util.AbstractSet.hashCode(AbstractSet.java:124)
	at edu.market.notification.infrastructure.adapter.output.persistence.entity.NotificationEntity.hashCode(NotificationEntity.java:21)
	at edu.market.notification.infrastructure.adapter.output.persistence.entity.NotificationChannelEntity.hashCode(NotificationChannelEntity.java:13)
	at java.base/java.util.AbstractSet.hashCode(AbstractSet.java:124)
	at edu.market.notification.infrastructure.adapter.output.persistence.entity.NotificationEntity.hashCode(NotificationEntity.java:21)
	at edu.market.notification.infrastructure.adapter.output.persistence.entity.NotificationChannelEntity.hashCode(NotificationChannelEntity.java:13)
	at java.base/java.util.AbstractSet.hashCode(AbstractSet.java:124)
	at edu.market.notification.infrastructure.adapter.output.persistence.entity.NotificationEntity.hashCode(NotificationEntity.java:21)
	at edu.market.notification.infrastructure.adapter.output.persistence.entity.NotificationChannelEntity.hashCode(NotificationChannelEntity.java:13)
	at java.base/java.util.AbstractSet.hashCode(AbstractSet.java:124)
	at edu.market.notification.infrastructure.adapter.output.persistence.entity.NotificationEntity.hashCode(NotificationEntity.java:21)
	at edu.market.notification.infrastructure.adapter.output.persistence.entity.NotificationChannelEntity.hashCode(NotificationChannelEntity.java:13)
	at java.base/java.util.AbstractSet.hashCode(AbstractSet.java:124)
	at edu.market.notification.infrastructure.adapter.output.persistence.entity.NotificationEntity.hashCode(NotificationEntity.java:21)
	at edu.market.notification.infrastructure.adapter.output.persistence.entity.NotificationChannelEntity.hashCode(NotificationChannelEntity.java:13)
	at java.base/java.util.AbstractSet.hashCode(AbstractSet.java:124)
	at edu.market.notification.infrastructure.adapter.output.persistence.entity.NotificationEntity.hashCode(NotificationEntity.java:21)
	at edu.market.notification.infrastructure.adapter.output.persistence.entity.NotificationChannelEntity.hashCode(NotificationChannelEntity.java:13)
	at java.base/java.util.AbstractSet.hashCode(AbstractSet.java:124)
	at edu.market.notification.infrastructure.adapter.output.persistence.entity.NotificationEntity.hashCode(NotificationEntity.java:21)
	at edu.market.notification.infrastructure.adapter.output.persistence.entity.NotificationChannelEntity.hashCode(NotificationChannelEntity.java:13)
	at java.base/java.util.AbstractSet.hashCode(AbstractSet.java:124)
	at edu.market.notification.infrastructure.adapter.output.persistence.entity.NotificationEntity.hashCode(NotificationEntity.java:21)
	at edu.market.notification.infrastructure.adapter.output.persistence.entity.NotificationChannelEntity.hashCode(NotificationChannelEntity.java:13)
	at java.base/java.util.AbstractSet.hashCode(AbstractSet.java:124)
	at edu.market.notification.infrastructure.adapter.output.persistence.entity.NotificationEntity.hashCode(NotificationEntity.java:21)
	at edu.market.notification.infrastructure.adapter.output.persistence.entity.NotificationChannelEntity.hashCode(NotificationChannelEntity.java:13)
	at java.base/java.util.AbstractSet.hashCode(AbstractSet.java:124)
	at edu.market.notification.infrastructure.adapter.output.persistence.entity.NotificationEntity.hashCode(NotificationEntity.java:21)
	at edu.market.notification.infrastructure.adapter.output.persistence.entity.NotificationChannelEntity.hashCode(NotificationChannelEntity.java:13)
	at java.base/java.util.AbstractSet.hashCode(AbstractSet.java:124)
	at edu.market.notification.infrastructure.adapter.output.persistence.entity.NotificationEntity.hashCode(NotificationEntity.java:21)
	at edu.market.notification.infrastructure.adapter.output.persistence.entity.NotificationChannelEntity.hashCode(NotificationChannelEntity.java:13)
	at java.base/java.util.AbstractSet.hashCode(AbstractSet.java:124)
	at edu.market.notification.infrastructure.adapter.output.persistence.entity.NotificationEntity.hashCode(NotificationEntity.java:21)
	at edu.market.notification.infrastructure.adapter.output.persistence.entity.NotificationChannelEntity.hashCode(NotificationChannelEntity.java:13)
	at java.base/java.util.AbstractSet.hashCode(AbstractSet.java:124)
	at edu.market.notification.infrastructure.adapter.output.persistence.entity.NotificationEntity.hashCode(NotificationEntity.java:21)
	at edu.market.notification.infrastructure.adapter.output.persistence.entity.NotificationChannelEntity.hashCode(NotificationChannelEntity.java:13)
	at java.base/java.util.AbstractSet.hashCode(AbstractSet.java:124)
	at edu.market.notification.infrastructure.adapter.output.persistence.entity.NotificationEntity.hashCode(NotificationEntity.java:21)
	at edu.market.notification.infrastructure.adapter.output.persistence.entity.NotificationChannelEntity.hashCode(NotificationChannelEntity.java:13)
	at java.base/java.util.AbstractSet.hashCode(AbstractSet.java:124)
	at edu.market.notification.infrastructure.adapter.output.persistence.entity.NotificationEntity.hashCode(NotificationEntity.java:21)
	at edu.market.notification.infrastructure.adapter.output.persistence.entity.NotificationChannelEntity.hashCode(NotificationChannelEntity.java:13)
	at java.base/java.util.AbstractSet.hashCode(AbstractSet.java:124)
	at edu.market.notification.infrastructure.adapter.output.persistence.entity.NotificationEntity.hashCode(NotificationEntity.java:21)
	at edu.market.notification.infrastructure.adapter.output.persistence.entity.NotificationChannelEntity.hashCode(NotificationChannelEntity.java:13)
	at java.base/java.util.AbstractSet.hashCode(AbstractSet.java:124)
	at edu.market.notification.infrastructure.adapter.output.persistence.entity.NotificationEntity.hashCode(NotificationEntity.java:21)
	at edu.market.notification.infrastructure.adapter.output.persistence.entity.NotificationChannelEntity.hashCode(NotificationChannelEntity.java:13)
	at java.base/java.util.AbstractSet.hashCode(AbstractSet.java:124)
	at edu.market.notification.infrastructure.adapter.output.persistence.entity.NotificationEntity.hashCode(NotificationEntity.java:21)
	at edu.market.notification.infrastructure.adapter.output.persistence.entity.NotificationChannelEntity.hashCode(NotificationChannelEntity.java:13)
	at java.base/java.util.AbstractSet.hashCode(AbstractSet.java:124)
	at edu.market.notification.infrastructure.adapter.output.persistence.entity.NotificationEntity.hashCode(NotificationEntity.java:21)
	at edu.market.notification.infrastructure.adapter.output.persistence.entity.NotificationChannelEntity.hashCode(NotificationChannelEntity.java:13)
	at java.base/java.util.AbstractSet.hashCode(AbstractSet.java:124)
	at edu.market.notification.infrastructure.adapter.output.persistence.entity.NotificationEntity.hashCode(NotificationEntity.java:21)
	at edu.market.notification.infrastructure.adapter.output.persistence.entity.NotificationChannelEntity.hashCode(NotificationChannelEntity.java:13)
	at java.base/java.util.AbstractSet.hashCode(AbstractSet.java:124)
	at edu.market.notification.infrastructure.adapter.output.persistence.entity.NotificationEntity.hashCode(NotificationEntity.java:21)
	at edu.market.notification.infrastructure.adapter.output.persistence.entity.NotificationChannelEntity.hashCode(NotificationChannelEntity.java:13)
	at java.base/java.util.AbstractSet.hashCode(AbstractSet.java:124)
	at edu.market.notification.infrastructure.adapter.output.persistence.entity.NotificationEntity.hashCode(NotificationEntity.java:21)
	at edu.market.notification.infrastructure.adapter.output.persistence.entity.NotificationChannelEntity.hashCode(NotificationChannelEntity.java:13)
	at java.base/java.util.AbstractSet.hashCode(AbstractSet.java:124)
	at edu.market.notification.infrastructure.adapter.output.persistence.entity.NotificationEntity.hashCode(NotificationEntity.java:21)
	at edu.market.notification.infrastructure.adapter.output.persistence.entity.NotificationChannelEntity.hashCode(NotificationChannelEntity.java:13)
	at java.base/java.util.AbstractSet.hashCode(AbstractSet.java:124)
	at edu.market.notification.infrastructure.adapter.output.persistence.entity.NotificationEntity.hashCode(NotificationEntity.java:21)
	at edu.market.notification.infrastructure.adapter.output.persistence.entity.NotificationChannelEntity.hashCode(NotificationChannelEntity.java:13)
	at java.base/java.util.AbstractSet.hashCode(AbstractSet.java:124)
	at edu.market.notification.infrastructure.adapter.output.persistence.entity.NotificationEntity.hashCode(NotificationEntity.java:21)
	at edu.market.notification.infrastructure.adapter.output.persistence.entity.NotificationChannelEntity.hashCode(NotificationChannelEntity.java:13)
	at java.base/java.util.AbstractSet.hashCode(AbstractSet.java:124)
	at edu.market.notification.infrastructure.adapter.output.persistence.entity.NotificationEntity.hashCode(NotificationEntity.java:21)
	at edu.market.notification.infrastructure.adapter.output.persistence.entity.NotificationChannelEntity.hashCode(NotificationChannelEntity.java:13)
	at java.base/java.util.AbstractSet.hashCode(AbstractSet.java:124)
	at edu.market.notification.infrastructure.adapter.output.persistence.entity.NotificationEntity.hashCode(NotificationEntity.java:21)
	at edu.market.notification.infrastructure.adapter.output.persistence.entity.NotificationChannelEntity.hashCode(NotificationChannelEntity.java:13)
	at java.base/java.util.AbstractSet.hashCode(AbstractSet.java:124)
	at edu.market.notification.infrastructure.adapter.output.persistence.entity.NotificationEntity.hashCode(NotificationEntity.java:21)
	at edu.market.notification.infrastructure.adapter.output.persistence.entity.NotificationChannelEntity.hashCode(NotificationChannelEntity.java:13)
	at java.base/java.util.AbstractSet.hashCode(AbstractSet.java:124)
	at edu.market.notification.infrastructure.adapter.output.persistence.entity.NotificationEntity.hashCode(NotificationEntity.java:21)
	at edu.market.notification.infrastructure.adapter.output.persistence.entity.NotificationChannelEntity.hashCode(NotificationChannelEntity.java:13)
	at java.base/java.util.AbstractSet.hashCode(AbstractSet.java:124)
	at edu.market.notification.infrastructure.adapter.output.persistence.entity.NotificationEntity.hashCode(NotificationEntity.java:21)
	at edu.market.notification.infrastructure.adapter.output.persistence.entity.NotificationChannelEntity.hashCode(NotificationChannelEntity.java:13)
	at java.base/java.util.AbstractSet.hashCode(AbstractSet.java:124)
	at edu.market.notification.infrastructure.adapter.output.persistence.entity.NotificationEntity.hashCode(NotificationEntity.java:21)
	at edu.market.notification.infrastructure.adapter.output.persistence.entity.NotificationChannelEntity.hashCode(NotificationChannelEntity.java:13)
	at java.base/java.util.AbstractSet.hashCode(AbstractSet.java:124)
	at edu.market.notification.infrastructure.adapter.output.persistence.entity.NotificationEntity.hashCode(NotificationEntity.java:21)
	at edu.market.notification.infrastructure.adapter.output.persistence.entity.NotificationChannelEntity.hashCode(NotificationChannelEntity.java:13)
	at java.base/java.util.AbstractSet.hashCode(AbstractSet.java:124)
	at edu.market.notification.infrastructure.adapter.output.persistence.entity.NotificationEntity.hashCode(NotificationEntity.java:21)
	at edu.market.notification.infrastructure.adapter.output.persistence.entity.NotificationChannelEntity.hashCode(NotificationChannelEntity.java:13)
	at java.base/java.util.AbstractSet.hashCode(AbstractSet.java:124)
	at edu.market.notification.infrastructure.adapter.output.persistence.entity.NotificationEntity.hashCode(NotificationEntity.java:21)
	at edu.market.notification.infrastructure.adapter.output.persistence.entity.NotificationChannelEntity.hashCode(NotificationChannelEntity.java:13)
	at java.base/java.util.AbstractSet.hashCode(AbstractSet.java:124)
	at edu.market.notification.infrastructure.adapter.output.persistence.entity.NotificationEntity.hashCode(NotificationEntity.java:21)
	at edu.market.notification.infrastructure.adapter.output.persistence.entity.NotificationChannelEntity.hashCode(NotificationChannelEntity.java:13)
	at java.base/java.util.AbstractSet.hashCode(AbstractSet.java:124)
	at edu.market.notification.infrastructure.adapter.output.persistence.entity.NotificationEntity.hashCode(NotificationEntity.java:21)
	at edu.market.notification.infrastructure.adapter.output.persistence.entity.NotificationChannelEntity.hashCode(NotificationChannelEntity.java:13)
	at java.base/java.util.AbstractSet.hashCode(AbstractSet.java:124)
	at edu.market.notification.infrastructure.adapter.output.persistence.entity.NotificationEntity.hashCode(NotificationEntity.java:21)
	at edu.market.notification.infrastructure.adapter.output.persistence.entity.NotificationChannelEntity.hashCode(NotificationChannelEntity.java:13)
	at java.base/java.util.AbstractSet.hashCode(AbstractSet.java:124)
	at edu.market.notification.infrastructure.adapter.output.persistence.entity.NotificationEntity.hashCode(NotificationEntity.java:21)
	at edu.market.notification.infrastructure.adapter.output.persistence.entity.NotificationChannelEntity.hashCode(NotificationChannelEntity.java:13)
	at java.base/java.util.AbstractSet.hashCode(AbstractSet.java:124)
	at edu.market.notification.infrastructure.adapter.output.persistence.entity.NotificationEntity.hashCode(NotificationEntity.java:21)
	at edu.market.notification.infrastructure.adapter.output.persistence.entity.NotificationChannelEntity.hashCode(NotificationChannelEntity.java:13)
	at java.base/java.util.AbstractSet.hashCode(AbstractSet.java:124)
	at edu.market.notification.infrastructure.adapter.output.persistence.entity.NotificationEntity.hashCode(NotificationEntity.java:21)
	at edu.market.notification.infrastructure.adapter.output.persistence.entity.NotificationChannelEntity.hashCode(NotificationChannelEntity.java:13)
	at java.base/java.util.AbstractSet.hashCode(AbstractSet.java:124)
	at edu.market.notification.infrastructure.adapter.output.persistence.entity.NotificationEntity.hashCode(NotificationEntity.java:21)
	at edu.market.notification.infrastructure.adapter.output.persistence.entity.NotificationChannelEntity.hashCode(NotificationChannelEntity.java:13)
	at java.base/java.util.AbstractSet.hashCode(AbstractSet.java:124)
	at edu.market.notification.infrastructure.adapter.output.persistence.entity.NotificationEntity.hashCode(NotificationEntity.java:21)
	at edu.market.notification.infrastructure.adapter.output.persistence.entity.NotificationChannelEntity.hashCode(NotificationChannelEntity.java:13)
	at java.base/java.util.AbstractSet.hashCode(AbstractSet.java:124)
	at edu.market.notification.infrastructure.adapter.output.persistence.entity.NotificationEntity.hashCode(NotificationEntity.java:21)
	at edu.market.notification.infrastructure.adapter.output.persistence.entity.NotificationChannelEntity.hashCode(NotificationChannelEntity.java:13)
	at java.base/java.util.AbstractSet.hashCode(AbstractSet.java:124)
	at edu.market.notification.infrastructure.adapter.output.persistence.entity.NotificationEntity.hashCode(NotificationEntity.java:21)
	at edu.market.notification.infrastructure.adapter.output.persistence.entity.NotificationChannelEntity.hashCode(NotificationChannelEntity.java:13)
	at java.base/java.util.AbstractSet.hashCode(AbstractSet.java:124)
	at edu.market.notification.infrastructure.adapter.output.persistence.entity.NotificationEntity.hashCode(NotificationEntity.java:21)
	at edu.market.notification.infrastructure.adapter.output.persistence.entity.NotificationChannelEntity.hashCode(NotificationChannelEntity.java:13)
	at java.base/java.util.AbstractSet.hashCode(AbstractSet.java:124)
	at edu.market.notification.infrastructure.adapter.output.persistence.entity.NotificationEntity.hashCode(NotificationEntity.java:21)
	at edu.market.notification.infrastructure.adapter.output.persistence.entity.NotificationChannelEntity.hashCode(NotificationChannelEntity.java:13)
	at java.base/java.util.AbstractSet.hashCode(AbstractSet.java:124)
	at edu.market.notification.infrastructure.adapter.output.persistence.entity.NotificationEntity.hashCode(NotificationEntity.java:21)
	at edu.market.notification.infrastructure.adapter.output.persistence.entity.NotificationChannelEntity.hashCode(NotificationChannelEntity.java:13)
	at java.base/java.util.AbstractSet.hashCode(AbstractSet.java:124)
	at edu.market.notification.infrastructure.adapter.output.persistence.entity.NotificationEntity.hashCode(NotificationEntity.java:21)
	at edu.market.notification.infrastructure.adapter.output.persistence.entity.NotificationChannelEntity.hashCode(NotificationChannelEntity.java:13)
	at java.base/java.util.AbstractSet.hashCode(AbstractSet.java:124)
	at edu.market.notification.infrastructure.adapter.output.persistence.entity.NotificationEntity.hashCode(NotificationEntity.java:21)
	at edu.market.notification.infrastructure.adapter.output.persistence.entity.NotificationChannelEntity.hashCode(NotificationChannelEntity.java:13)
	at java.base/java.util.AbstractSet.hashCode(AbstractSet.java:124)
	at edu.market.notification.infrastructure.adapter.output.persistence.entity.NotificationEntity.hashCode(NotificationEntity.java:21)
	at edu.market.notification.infrastructure.adapter.output.persistence.entity.NotificationChannelEntity.hashCode(NotificationChannelEntity.java:13)
	at java.base/java.util.AbstractSet.hashCode(AbstractSet.java:124)
	at edu.market.notification.infrastructure.adapter.output.persistence.entity.NotificationEntity.hashCode(NotificationEntity.java:21)
	at edu.market.notification.infrastructure.adapter.output.persistence.entity.NotificationChannelEntity.hashCode(NotificationChannelEntity.java:13)
	at java.base/java.util.AbstractSet.hashCode(AbstractSet.java:124)
	at edu.market.notification.infrastructure.adapter.output.persistence.entity.NotificationEntity.hashCode(NotificationEntity.java:21)
	at edu.market.notification.infrastructure.adapter.output.persistence.entity.NotificationChannelEntity.hashCode(NotificationChannelEntity.java:13)
	at java.base/java.util.AbstractSet.hashCode(AbstractSet.java:124)
	at edu.market.notification.infrastructure.adapter.output.persistence.entity.NotificationEntity.hashCode(NotificationEntity.java:21)
	at edu.market.notification.infrastructure.adapter.output.persistence.entity.NotificationChannelEntity.hashCode(NotificationChannelEntity.java:13)
	at java.base/java.util.AbstractSet.hashCode(AbstractSet.java:124)
	at edu.market.notification.infrastructure.adapter.output.persistence.entity.NotificationEntity.hashCode(NotificationEntity.java:21)
	at edu.market.notification.infrastructure.adapter.output.persistence.entity.NotificationChannelEntity.hashCode(NotificationChannelEntity.java:13)
	at java.base/java.util.AbstractSet.hashCode(AbstractSet.java:124)
	at edu.market.notification.infrastructure.adapter.output.persistence.entity.NotificationEntity.hashCode(NotificationEntity.java:21)
	at edu.market.notification.infrastructure.adapter.output.persistence.entity.NotificationChannelEntity.hashCode(NotificationChannelEntity.java:13)
	at java.base/java.util.AbstractSet.hashCode(AbstractSet.java:124)
	at edu.market.notification.infrastructure.adapter.output.persistence.entity.NotificationEntity.hashCode(NotificationEntity.java:21)
	at edu.market.notification.infrastructure.adapter.output.persistence.entity.NotificationChannelEntity.hashCode(NotificationChannelEntity.java:13)
	at java.base/java.util.AbstractSet.hashCode(AbstractSet.java:124)
	at edu.market.notification.infrastructure.adapter.output.persistence.entity.NotificationEntity.hashCode(NotificationEntity.java:21)
	at edu.market.notification.infrastructure.adapter.output.persistence.entity.NotificationChannelEntity.hashCode(NotificationChannelEntity.java:13)
	at java.base/java.util.AbstractSet.hashCode(AbstractSet.java:124)
	at edu.market.notification.infrastructure.adapter.output.persistence.entity.NotificationEntity.hashCode(NotificationEntity.java:21)
	at edu.market.notification.infrastructure.adapter.output.persistence.entity.NotificationChannelEntity.hashCode(NotificationChannelEntity.java:13)
	at java.base/java.util.AbstractSet.hashCode(AbstractSet.java:124)
	at edu.market.notification.infrastructure.adapter.output.persistence.entity.NotificationEntity.hashCode(NotificationEntity.java:21)
	at edu.market.notification.infrastructure.adapter.output.persistence.entity.NotificationChannelEntity.hashCode(NotificationChannelEntity.java:13)
	at java.base/java.util.AbstractSet.hashCode(AbstractSet.java:124)
	at edu.market.notification.infrastructure.adapter.output.persistence.entity.NotificationEntity.hashCode(NotificationEntity.java:21)
	at edu.market.notification.infrastructure.adapter.output.persistence.entity.NotificationChannelEntity.hashCode(NotificationChannelEntity.java:13)
	at java.base/java.util.AbstractSet.hashCode(AbstractSet.java:124)
	at edu.market.notification.infrastructure.adapter.output.persistence.entity.NotificationEntity.hashCode(NotificationEntity.java:21)
	at edu.market.notification.infrastructure.adapter.output.persistence.entity.NotificationChannelEntity.hashCode(NotificationChannelEntity.java:13)
	at java.base/java.util.AbstractSet.hashCode(AbstractSet.java:124)
	at edu.market.notification.infrastructure.adapter.output.persistence.entity.NotificationEntity.hashCode(NotificationEntity.java:21)
	at edu.market.notification.infrastructure.adapter.output.persistence.entity.NotificationChannelEntity.hashCode(NotificationChannelEntity.java:13)
	at java.base/java.util.AbstractSet.hashCode(AbstractSet.java:124)
	at edu.market.notification.infrastructure.adapter.output.persistence.entity.NotificationEntity.hashCode(NotificationEntity.java:21)
	at edu.market.notification.infrastructure.adapter.output.persistence.entity.NotificationChannelEntity.hashCode(NotificationChannelEntity.java:13)
	at java.base/java.util.AbstractSet.hashCode(AbstractSet.java:124)
	at edu.market.notification.infrastructure.adapter.output.persistence.entity.NotificationEntity.hashCode(NotificationEntity.java:21)
	at edu.market.notification.infrastructure.adapter.output.persistence.entity.NotificationChannelEntity.hashCode(NotificationChannelEntity.java:13)
	at java.base/java.util.AbstractSet.hashCode(AbstractSet.java:124)
	at edu.market.notification.infrastructure.adapter.output.persistence.entity.NotificationEntity.hashCode(NotificationEntity.java:21)
	at edu.market.notification.infrastructure.adapter.output.persistence.entity.NotificationChannelEntity.hashCode(NotificationChannelEntity.java:13)
	at java.base/java.util.AbstractSet.hashCode(AbstractSet.java:124)
	at edu.market.notification.infrastructure.adapter.output.persistence.entity.NotificationEntity.hashCode(NotificationEntity.java:21)
	at edu.market.notification.infrastructure.adapter.output.persistence.entity.NotificationChannelEntity.hashCode(NotificationChannelEntity.java:13)
	at java.base/java.util.AbstractSet.hashCode(AbstractSet.java:124)
	at edu.market.notification.infrastructure.adapter.output.persistence.entity.NotificationEntity.hashCode(NotificationEntity.java:21)
	at edu.market.notification.infrastructure.adapter.output.persistence.entity.NotificationChannelEntity.hashCode(NotificationChannelEntity.java:13)
	at java.base/java.util.AbstractSet.hashCode(AbstractSet.java:124)
	at edu.market.notification.infrastructure.adapter.output.persistence.entity.NotificationEntity.hashCode(NotificationEntity.java:21)
	at edu.market.notification.infrastructure.adapter.output.persistence.entity.NotificationChannelEntity.hashCode(NotificationChannelEntity.java:13)
	at java.base/java.util.AbstractSet.hashCode(AbstractSet.java:124)
	at edu.market.notification.infrastructure.adapter.output.persistence.entity.NotificationEntity.hashCode(NotificationEntity.java:21)
	at edu.market.notification.infrastructure.adapter.output.persistence.entity.NotificationChannelEntity.hashCode(NotificationChannelEntity.java:13)
	at java.base/java.util.AbstractSet.hashCode(AbstractSet.java:124)
	at edu.market.notification.infrastructure.adapter.output.persistence.entity.NotificationEntity.hashCode(NotificationEntity.java:21)
	at edu.market.notification.infrastructure.adapter.output.persistence.entity.NotificationChannelEntity.hashCode(NotificationChannelEntity.java:13)
	at java.base/java.util.AbstractSet.hashCode(AbstractSet.java:124)
	at edu.market.notification.infrastructure.adapter.output.persistence.entity.NotificationEntity.hashCode(NotificationEntity.java:21)
	at edu.market.notification.infrastructure.adapter.output.persistence.entity.NotificationChannelEntity.hashCode(NotificationChannelEntity.java:13)
	at java.base/java.util.AbstractSet.hashCode(AbstractSet.java:124)
	at edu.market.notification.infrastructure.adapter.output.persistence.entity.NotificationEntity.hashCode(NotificationEntity.java:21)
	at edu.market.notification.infrastructure.adapter.output.persistence.entity.NotificationChannelEntity.hashCode(NotificationChannelEntity.java:13)
	at java.base/java.util.AbstractSet.hashCode(AbstractSet.java:124)
	at edu.market.notification.infrastructure.adapter.output.persistence.entity.NotificationEntity.hashCode(NotificationEntity.java:21)
	at edu.market.notification.infrastructure.adapter.output.persistence.entity.NotificationChannelEntity.hashCode(NotificationChannelEntity.java:13)
	at java.base/java.util.AbstractSet.hashCode(AbstractSet.java:124)
	at edu.market.notification.infrastructure.adapter.output.persistence.entity.NotificationEntity.hashCode(NotificationEntity.java:21)
	at edu.market.notification.infrastructure.adapter.output.persistence.entity.NotificationChannelEntity.hashCode(NotificationChannelEntity.java:13)
	at java.base/java.util.AbstractSet.hashCode(AbstractSet.java:124)
	at edu.market.notification.infrastructure.adapter.output.persistence.entity.NotificationEntity.hashCode(NotificationEntity.java:21)
	at edu.market.notification.infrastructure.adapter.output.persistence.entity.NotificationChannelEntity.hashCode(NotificationChannelEntity.java:13)
	at java.base/java.util.AbstractSet.hashCode(AbstractSet.java:124)
	at edu.market.notification.infrastructure.adapter.output.persistence.entity.NotificationEntity.hashCode(NotificationEntity.java:21)
	at edu.market.notification.infrastructure.adapter.output.persistence.entity.NotificationChannelEntity.hashCode(NotificationChannelEntity.java:13)
	at java.base/java.util.AbstractSet.hashCode(AbstractSet.java:124)
	at edu.market.notification.infrastructure.adapter.output.persistence.entity.NotificationEntity.hashCode(NotificationEntity.java:21)
	at edu.market.notification.infrastructure.adapter.output.persistence.entity.NotificationChannelEntity.hashCode(NotificationChannelEntity.java:13)
	at java.base/java.util.AbstractSet.hashCode(AbstractSet.java:124)
	at edu.market.notification.infrastructure.adapter.output.persistence.entity.NotificationEntity.hashCode(NotificationEntity.java:21)
	at edu.market.notification.infrastructure.adapter.output.persistence.entity.NotificationChannelEntity.hashCode(NotificationChannelEntity.java:13)
	at java.base/java.util.AbstractSet.hashCode(AbstractSet.java:124)
	at edu.market.notification.infrastructure.adapter.output.persistence.entity.NotificationEntity.hashCode(NotificationEntity.java:21)
	at edu.market.notification.infrastructure.adapter.output.persistence.entity.NotificationChannelEntity.hashCode(NotificationChannelEntity.java:13)
	at java.base/java.util.AbstractSet.hashCode(AbstractSet.java:124)
	at edu.market.notification.infrastructure.adapter.output.persistence.entity.NotificationEntity.hashCode(NotificationEntity.java:21)
	at edu.market.notification.infrastructure.adapter.output.persistence.entity.NotificationChannelEntity.hashCode(NotificationChannelEntity.java:13)
	at java.base/java.util.AbstractSet.hashCode(AbstractSet.java:124)
	at edu.market.notification.infrastructure.adapter.output.persistence.entity.NotificationEntity.hashCode(NotificationEntity.java:21)
	at edu.market.notification.infrastructure.adapter.output.persistence.entity.NotificationChannelEntity.hashCode(NotificationChannelEntity.java:13)
	at java.base/java.util.AbstractSet.hashCode(AbstractSet.java:124)
	at edu.market.notification.infrastructure.adapter.output.persistence.entity.NotificationEntity.hashCode(NotificationEntity.java:21)
	at edu.market.notification.infrastructure.adapter.output.persistence.entity.NotificationChannelEntity.hashCode(NotificationChannelEntity.java:13)
	at java.base/java.util.AbstractSet.hashCode(AbstractSet.java:124)
	at edu.market.notification.infrastructure.adapter.output.persistence.entity.NotificationEntity.hashCode(NotificationEntity.java:21)
	at edu.market.notification.infrastructure.adapter.output.persistence.entity.NotificationChannelEntity.hashCode(NotificationChannelEntity.java:13)
	at java.base/java.util.AbstractSet.hashCode(AbstractSet.java:124)
	at edu.market.notification.infrastructure.adapter.output.persistence.entity.NotificationEntity.hashCode(NotificationEntity.java:21)
	at edu.market.notification.infrastructure.adapter.output.persistence.entity.NotificationChannelEntity.hashCode(NotificationChannelEntity.java:13)
	at java.base/java.util.AbstractSet.hashCode(AbstractSet.java:124)
	at edu.market.notification.infrastructure.adapter.output.persistence.entity.NotificationEntity.hashCode(NotificationEntity.java:21)
	at edu.market.notification.infrastructure.adapter.output.persistence.entity.NotificationChannelEntity.hashCode(NotificationChannelEntity.java:13)
	at java.base/java.util.AbstractSet.hashCode(AbstractSet.java:124)
	at edu.market.notification.infrastructure.adapter.output.persistence.entity.NotificationEntity.hashCode(NotificationEntity.java:21)
	at edu.market.notification.infrastructure.adapter.output.persistence.entity.NotificationChannelEntity.hashCode(NotificationChannelEntity.java:13)
	at java.base/java.util.AbstractSet.hashCode(AbstractSet.java:124)
	at edu.market.notification.infrastructure.adapter.output.persistence.entity.NotificationEntity.hashCode(NotificationEntity.java:21)
	at edu.market.notification.infrastructure.adapter.output.persistence.entity.NotificationChannelEntity.hashCode(NotificationChannelEntity.java:13)
	at java.base/java.util.AbstractSet.hashCode(AbstractSet.java:124)
	at edu.market.notification.infrastructure.adapter.output.persistence.entity.NotificationEntity.hashCode(NotificationEntity.java:21)
	at edu.market.notification.infrastructure.adapter.output.persistence.entity.NotificationChannelEntity.hashCode(NotificationChannelEntity.java:13)
	at java.base/java.util.AbstractSet.hashCode(AbstractSet.java:124)
	at edu.market.notification.infrastructure.adapter.output.persistence.entity.NotificationEntity.hashCode(NotificationEntity.java:21)
	at edu.market.notification.infrastructure.adapter.output.persistence.entity.NotificationChannelEntity.hashCode(NotificationChannelEntity.java:13)
	at java.base/java.util.AbstractSet.hashCode(AbstractSet.java:124)
	at edu.market.notification.infrastructure.adapter.output.persistence.entity.NotificationEntity.hashCode(NotificationEntity.java:21)
	at edu.market.notification.infrastructure.adapter.output.persistence.entity.NotificationChannelEntity.hashCode(NotificationChannelEntity.java:13)
	at java.base/java.util.AbstractSet.hashCode(AbstractSet.java:124)
	at edu.market.notification.infrastructure.adapter.output.persistence.entity.NotificationEntity.hashCode(NotificationEntity.java:21)
	at edu.market.notification.infrastructure.adapter.output.persistence.entity.NotificationChannelEntity.hashCode(NotificationChannelEntity.java:13)
	at java.base/java.util.AbstractSet.hashCode(AbstractSet.java:124)
	at edu.market.notification.infrastructure.adapter.output.persistence.entity.NotificationEntity.hashCode(NotificationEntity.java:21)
	at edu.market.notification.infrastructure.adapter.output.persistence.entity.NotificationChannelEntity.hashCode(NotificationChannelEntity.java:13)
	at java.base/java.util.AbstractSet.hashCode(AbstractSet.java:124)
	at edu.market.notification.infrastructure.adapter.output.persistence.entity.NotificationEntity.hashCode(NotificationEntity.java:21)
	at edu.market.notification.infrastructure.adapter.output.persistence.entity.NotificationChannelEntity.hashCode(NotificationChannelEntity.java:13)
	at java.base/java.util.AbstractSet.hashCode(AbstractSet.java:124)
	at edu.market.notification.infrastructure.adapter.output.persistence.entity.NotificationEntity.hashCode(NotificationEntity.java:21)
	at edu.market.notification.infrastructure.adapter.output.persistence.entity.NotificationChannelEntity.hashCode(NotificationChannelEntity.java:13)
	at java.base/java.util.AbstractSet.hashCode(AbstractSet.java:124)
	at edu.market.notification.infrastructure.adapter.output.persistence.entity.NotificationEntity.hashCode(NotificationEntity.java:21)
	at edu.market.notification.infrastructure.adapter.output.persistence.entity.NotificationChannelEntity.hashCode(NotificationChannelEntity.java:13)
	at java.base/java.util.AbstractSet.hashCode(AbstractSet.java:124)
	at edu.market.notification.infrastructure.adapter.output.persistence.entity.NotificationEntity.hashCode(NotificationEntity.java:21)
	at edu.market.notification.infrastructure.adapter.output.persistence.entity.NotificationChannelEntity.hashCode(NotificationChannelEntity.java:13)
	at java.base/java.util.AbstractSet.hashCode(AbstractSet.java:124)
	at edu.market.notification.infrastructure.adapter.output.persistence.entity.NotificationEntity.hashCode(NotificationEntity.java:21)
	at edu.market.notification.infrastructure.adapter.output.persistence.entity.NotificationChannelEntity.hashCode(NotificationChannelEntity.java:13)
	at java.base/java.util.AbstractSet.hashCode(AbstractSet.java:124)
	at edu.market.notification.infrastructure.adapter.output.persistence.entity.NotificationEntity.hashCode(NotificationEntity.java:21)
	at edu.market.notification.infrastructure.adapter.output.persistence.entity.NotificationChannelEntity.hashCode(NotificationChannelEntity.java:13)
	at java.base/java.util.AbstractSet.hashCode(AbstractSet.java:124)
	at edu.market.notification.infrastructure.adapter.output.persistence.entity.NotificationEntity.hashCode(NotificationEntity.java:21)
	at edu.market.notification.infrastructure.adapter.output.persistence.entity.NotificationChannelEntity.hashCode(NotificationChannelEntity.java:13)
	at java.base/java.util.AbstractSet.hashCode(AbstractSet.java:124)
	at edu.market.notification.infrastructure.adapter.output.persistence.entity.NotificationEntity.hashCode(NotificationEntity.java:21)
	at edu.market.notification.infrastructure.adapter.output.persistence.entity.NotificationChannelEntity.hashCode(NotificationChannelEntity.java:13)
	at java.base/java.util.AbstractSet.hashCode(AbstractSet.java:124)
	at edu.market.notification.infrastructure.adapter.output.persistence.entity.NotificationEntity.hashCode(NotificationEntity.java:21)
	at edu.market.notification.infrastructure.adapter.output.persistence.entity.NotificationChannelEntity.hashCode(NotificationChannelEntity.java:13)
	at java.base/java.util.AbstractSet.hashCode(AbstractSet.java:124)
	at edu.market.notification.infrastructure.adapter.output.persistence.entity.NotificationEntity.hashCode(NotificationEntity.java:21)
	at edu.market.notification.infrastructure.adapter.output.persistence.entity.NotificationChannelEntity.hashCode(NotificationChannelEntity.java:13)
	at java.base/java.util.AbstractSet.hashCode(AbstractSet.java:124)
	at edu.market.notification.infrastructure.adapter.output.persistence.entity.NotificationEntity.hashCode(NotificationEntity.java:21)
	at edu.market.notification.infrastructure.adapter.output.persistence.entity.NotificationChannelEntity.hashCode(NotificationChannelEntity.java:13)
	at java.base/java.util.AbstractSet.hashCode(AbstractSet.java:124)
	at edu.market.notification.infrastructure.adapter.output.persistence.entity.NotificationEntity.hashCode(NotificationEntity.java:21)
	at edu.market.notification.infrastructure.adapter.output.persistence.entity.NotificationChannelEntity.hashCode(NotificationChannelEntity.java:13)
	at java.base/java.util.AbstractSet.hashCode(AbstractSet.java:124)
	at edu.market.notification.infrastructure.adapter.output.persistence.entity.NotificationEntity.hashCode(NotificationEntity.java:21)
	at edu.market.notification.infrastructure.adapter.output.persistence.entity.NotificationChannelEntity.hashCode(NotificationChannelEntity.java:13)
	at java.base/java.util.AbstractSet.hashCode(AbstractSet.java:124)
	at edu.market.notification.infrastructure.adapter.output.persistence.entity.NotificationEntity.hashCode(NotificationEntity.java:21)
	at edu.market.notification.infrastructure.adapter.output.persistence.entity.NotificationChannelEntity.hashCode(NotificationChannelEntity.java:13)
	at java.base/java.util.AbstractSet.hashCode(AbstractSet.java:124)
	at edu.market.notification.infrastructure.adapter.output.persistence.entity.NotificationEntity.hashCode(NotificationEntity.java:21)
	at edu.market.notification.infrastructure.adapter.output.persistence.entity.NotificationChannelEntity.hashCode(NotificationChannelEntity.java:13)
	at java.base/java.util.AbstractSet.hashCode(AbstractSet.java:124)
	at edu.market.notification.infrastructure.adapter.output.persistence.entity.NotificationEntity.hashCode(NotificationEntity.java:21)
	at edu.market.notification.infrastructure.adapter.output.persistence.entity.NotificationChannelEntity.hashCode(NotificationChannelEntity.java:13)
	at java.base/java.util.AbstractSet.hashCode(AbstractSet.java:124)
	at edu.market.notification.infrastructure.adapter.output.persistence.entity.NotificationEntity.hashCode(NotificationEntity.java:21)
	at edu.market.notification.infrastructure.adapter.output.persistence.entity.NotificationChannelEntity.hashCode(NotificationChannelEntity.java:13)
	at java.base/java.util.AbstractSet.hashCode(AbstractSet.java:124)
	at edu.market.notification.infrastructure.adapter.output.persistence.entity.NotificationEntity.hashCode(NotificationEntity.java:21)
	at edu.market.notification.infrastructure.adapter.output.persistence.entity.NotificationChannelEntity.hashCode(NotificationChannelEntity.java:13)
	at java.base/java.util.AbstractSet.hashCode(AbstractSet.java:124)
	at edu.market.notification.infrastructure.adapter.output.persistence.entity.NotificationEntity.hashCode(NotificationEntity.java:21)
	at edu.market.notification.infrastructure.adapter.output.persistence.entity.NotificationChannelEntity.hashCode(NotificationChannelEntity.java:13)
	at java.base/java.util.AbstractSet.hashCode(AbstractSet.java:124)
	at edu.market.notification.infrastructure.adapter.output.persistence.entity.NotificationEntity.hashCode(NotificationEntity.java:21)
	at edu.market.notification.infrastructure.adapter.output.persistence.entity.NotificationChannelEntity.hashCode(NotificationChannelEntity.java:13)
	at java.base/java.util.AbstractSet.hashCode(AbstractSet.java:124)
	at edu.market.notification.infrastructure.adapter.output.persistence.entity.NotificationEntity.hashCode(NotificationEntity.java:21)
	at edu.market.notification.infrastructure.adapter.output.persistence.entity.NotificationChannelEntity.hashCode(NotificationChannelEntity.java:13)
	at java.base/java.util.AbstractSet.hashCode(AbstractSet.java:124)
	at edu.market.notification.infrastructure.adapter.output.persistence.entity.NotificationEntity.hashCode(NotificationEntity.java:21)
	at edu.market.notification.infrastructure.adapter.output.persistence.entity.NotificationChannelEntity.hashCode(NotificationChannelEntity.java:13)
	at java.base/java.util.AbstractSet.hashCode(AbstractSet.java:124)
	at edu.market.notification.infrastructure.adapter.output.persistence.entity.NotificationEntity.hashCode(NotificationEntity.java:21)
	at edu.market.notification.infrastructure.adapter.output.persistence.entity.NotificationChannelEntity.hashCode(NotificationChannelEntity.java:13)
	at java.base/java.util.AbstractSet.hashCode(AbstractSet.java:124)
	at edu.market.notification.infrastructure.adapter.output.persistence.entity.NotificationEntity.hashCode(NotificationEntity.java:21)
	at edu.market.notification.infrastructure.adapter.output.persistence.entity.NotificationChannelEntity.hashCode(NotificationChannelEntity.java:13)
	at java.base/java.util.AbstractSet.hashCode(AbstractSet.java:124)
	at edu.market.notification.infrastructure.adapter.output.persistence.entity.NotificationEntity.hashCode(NotificationEntity.java:21)
	at edu.market.notification.infrastructure.adapter.output.persistence.entity.NotificationChannelEntity.hashCode(NotificationChannelEntity.java:13)
	at java.base/java.util.AbstractSet.hashCode(AbstractSet.java:124)
	at edu.market.notification.infrastructure.adapter.output.persistence.entity.NotificationEntity.hashCode(NotificationEntity.java:21)
	at edu.market.notification.infrastructure.adapter.output.persistence.entity.NotificationChannelEntity.hashCode(NotificationChannelEntity.java:13)
	at java.base/java.util.AbstractSet.hashCode(AbstractSet.java:124)
	at edu.market.notification.infrastructure.adapter.output.persistence.entity.NotificationEntity.hashCode(NotificationEntity.java:21)
	at edu.market.notification.infrastructure.adapter.output.persistence.entity.NotificationChannelEntity.hashCode(NotificationChannelEntity.java:13)
	at java.base/java.util.AbstractSet.hashCode(AbstractSet.java:124)
	at edu.market.notification.infrastructure.adapter.output.persistence.entity.NotificationEntity.hashCode(NotificationEntity.java:21)
	at edu.market.notification.infrastructure.adapter.output.persistence.entity.NotificationChannelEntity.hashCode(NotificationChannelEntity.java:13)
	at java.base/java.util.AbstractSet.hashCode(AbstractSet.java:124)
	at edu.market.notification.infrastructure.adapter.output.persistence.entity.NotificationEntity.hashCode(NotificationEntity.java:21)
	at edu.market.notification.infrastructure.adapter.output.persistence.entity.NotificationChannelEntity.hashCode(NotificationChannelEntity.java:13)
	at java.base/java.util.AbstractSet.hashCode(AbstractSet.java:124)
	at edu.market.notification.infrastructure.adapter.output.persistence.entity.NotificationEntity.hashCode(NotificationEntity.java:21)
	at edu.market.notification.infrastructure.adapter.output.persistence.entity.NotificationChannelEntity.hashCode(NotificationChannelEntity.java:13)
	at java.base/java.util.AbstractSet.hashCode(AbstractSet.java:124)
	at edu.market.notification.infrastructure.adapter.output.persistence.entity.NotificationEntity.hashCode(NotificationEntity.java:21)
	at edu.market.notification.infrastructure.adapter.output.persistence.entity.NotificationChannelEntity.hashCode(NotificationChannelEntity.java:13)
	at java.base/java.util.AbstractSet.hashCode(AbstractSet.java:124)
	at edu.market.notification.infrastructure.adapter.output.persistence.entity.NotificationEntity.hashCode(NotificationEntity.java:21)
	at edu.market.notification.infrastructure.adapter.output.persistence.entity.NotificationChannelEntity.hashCode(NotificationChannelEntity.java:13)
	at java.base/java.util.AbstractSet.hashCode(AbstractSet.java:124)
	at edu.market.notification.infrastructure.adapter.output.persistence.entity.NotificationEntity.hashCode(NotificationEntity.java:21)
	at edu.market.notification.infrastructure.adapter.output.persistence.entity.NotificationChannelEntity.hashCode(NotificationChannelEntity.java:13)
	at java.base/java.util.AbstractSet.hashCode(AbstractSet.java:124)
	at edu.market.notification.infrastructure.adapter.output.persistence.entity.NotificationEntity.hashCode(NotificationEntity.java:21)
	at edu.market.notification.infrastructure.adapter.output.persistence.entity.NotificationChannelEntity.hashCode(NotificationChannelEntity.java:13)
	at java.base/java.util.AbstractSet.hashCode(AbstractSet.java:124)
	at edu.market.notification.infrastructure.adapter.output.persistence.entity.NotificationEntity.hashCode(NotificationEntity.java:21)
	at edu.market.notification.infrastructure.adapter.output.persistence.entity.NotificationChannelEntity.hashCode(NotificationChannelEntity.java:13)
	at java.base/java.util.AbstractSet.hashCode(AbstractSet.java:124)
	at edu.market.notification.infrastructure.adapter.output.persistence.entity.NotificationEntity.hashCode(NotificationEntity.java:21)
	at edu.market.notification.infrastructure.adapter.output.persistence.entity.NotificationChannelEntity.hashCode(NotificationChannelEntity.java:13)
	at java.base/java.util.AbstractSet.hashCode(AbstractSet.java:124)
	at edu.market.notification.infrastructure.adapter.output.persistence.entity.NotificationEntity.hashCode(NotificationEntity.java:21)
	at edu.market.notification.infrastructure.adapter.output.persistence.entity.NotificationChannelEntity.hashCode(NotificationChannelEntity.java:13)
	at java.base/java.util.AbstractSet.hashCode(AbstractSet.java:124)
	at edu.market.notification.infrastructure.adapter.output.persistence.entity.NotificationEntity.hashCode(NotificationEntity.java:21)
	at edu.market.notification.infrastructure.adapter.output.persistence.entity.NotificationChannelEntity.hashCode(NotificationChannelEntity.java:13)
	at java.base/java.util.AbstractSet.hashCode(AbstractSet.java:124)
	at edu.market.notification.infrastructure.adapter.output.persistence.entity.NotificationEntity.hashCode(NotificationEntity.java:21)
	at edu.market.notification.infrastructure.adapter.output.persistence.entity.NotificationChannelEntity.hashCode(NotificationChannelEntity.java:13)
	at java.base/java.util.AbstractSet.hashCode(AbstractSet.java:124)
	at edu.market.notification.infrastructure.adapter.output.persistence.entity.NotificationEntity.hashCode(NotificationEntity.java:21)
	at edu.market.notification.infrastructure.adapter.output.persistence.entity.NotificationChannelEntity.hashCode(NotificationChannelEntity.java:13)
	at java.base/java.util.AbstractSet.hashCode(AbstractSet.java:124)
	at edu.market.notification.infrastructure.adapter.output.persistence.entity.NotificationEntity.hashCode(NotificationEntity.java:21)
	at edu.market.notification.infrastructure.adapter.output.persistence.entity.NotificationChannelEntity.hashCode(NotificationChannelEntity.java:13)
	at java.base/java.util.AbstractSet.hashCode(AbstractSet.java:124)
	at edu.market.notification.infrastructure.adapter.output.persistence.entity.NotificationEntity.hashCode(NotificationEntity.java:21)
	at edu.market.notification.infrastructure.adapter.output.persistence.entity.NotificationChannelEntity.hashCode(NotificationChannelEntity.java:13)
	at java.base/java.util.AbstractSet.hashCode(AbstractSet.java:124)
	at edu.market.notification.infrastructure.adapter.output.persistence.entity.NotificationEntity.hashCode(NotificationEntity.java:21)
	at edu.market.notification.infrastructure.adapter.output.persistence.entity.NotificationChannelEntity.hashCode(NotificationChannelEntity.java:13)
	at java.base/java.util.AbstractSet.hashCode(AbstractSet.java:124)
	at edu.market.notification.infrastructure.adapter.output.persistence.entity.NotificationEntity.hashCode(NotificationEntity.java:21)
	at edu.market.notification.infrastructure.adapter.output.persistence.entity.NotificationChannelEntity.hashCode(NotificationChannelEntity.java:13)
	at java.base/java.util.AbstractSet.hashCode(AbstractSet.java:124)
	at edu.market.notification.infrastructure.adapter.output.persistence.entity.NotificationEntity.hashCode(NotificationEntity.java:21)
	at edu.market.notification.infrastructure.adapter.output.persistence.entity.NotificationChannelEntity.hashCode(NotificationChannelEntity.java:13)
	at java.base/java.util.AbstractSet.hashCode(AbstractSet.java:124)
	at edu.market.notification.infrastructure.adapter.output.persistence.entity.NotificationEntity.hashCode(NotificationEntity.java:21)
	at edu.market.notification.infrastructure.adapter.output.persistence.entity.NotificationChannelEntity.hashCode(NotificationChannelEntity.java:13)
	at java.base/java.util.AbstractSet.hashCode(AbstractSet.java:124)
	at edu.market.notification.infrastructure.adapter.output.persistence.entity.NotificationEntity.hashCode(NotificationEntity.java:21)
	at edu.market.notification.infrastructure.adapter.output.persistence.entity.NotificationChannelEntity.hashCode(NotificationChannelEntity.java:13)
	at java.base/java.util.AbstractSet.hashCode(AbstractSet.java:124)
	at edu.market.notification.infrastructure.adapter.output.persistence.entity.NotificationEntity.hashCode(NotificationEntity.java:21)
	at edu.market.notification.infrastructure.adapter.output.persistence.entity.NotificationChannelEntity.hashCode(NotificationChannelEntity.java:13)
	at java.base/java.util.AbstractSet.hashCode(AbstractSet.java:124)
	at edu.market.notification.infrastructure.adapter.output.persistence.entity.NotificationEntity.hashCode(NotificationEntity.java:21)
	at edu.market.notification.infrastructure.adapter.output.persistence.entity.NotificationChannelEntity.hashCode(NotificationChannelEntity.java:13)
	at java.base/java.util.AbstractSet.hashCode(AbstractSet.java:124)
	at edu.market.notification.infrastructure.adapter.output.persistence.entity.NotificationEntity.hashCode(NotificationEntity.java:21)
	at edu.market.notification.infrastructure.adapter.output.persistence.entity.NotificationChannelEntity.hashCode(NotificationChannelEntity.java:13)
	at java.base/java.util.AbstractSet.hashCode(AbstractSet.java:124)
	at edu.market.notification.infrastructure.adapter.output.persistence.entity.NotificationEntity.hashCode(NotificationEntity.java:21)
	at edu.market.notification.infrastructure.adapter.output.persistence.entity.NotificationChannelEntity.hashCode(NotificationChannelEntity.java:13)
	at java.base/java.util.AbstractSet.hashCode(AbstractSet.java:124)
	at edu.market.notification.infrastructure.adapter.output.persistence.entity.NotificationEntity.hashCode(NotificationEntity.java:21)
	at edu.market.notification.infrastructure.adapter.output.persistence.entity.NotificationChannelEntity.hashCode(NotificationChannelEntity.java:13)
	at java.base/java.util.AbstractSet.hashCode(AbstractSet.java:124)
	at edu.market.notification.infrastructure.adapter.output.persistence.entity.NotificationEntity.hashCode(NotificationEntity.java:21)
	at edu.market.notification.infrastructure.adapter.output.persistence.entity.NotificationChannelEntity.hashCode(NotificationChannelEntity.java:13)
	at java.base/java.util.AbstractSet.hashCode(AbstractSet.java:124)
	at edu.market.notification.infrastructure.adapter.output.persistence.entity.NotificationEntity.hashCode(NotificationEntity.java:21)
	at edu.market.notification.infrastructure.adapter.output.persistence.entity.NotificationChannelEntity.hashCode(NotificationChannelEntity.java:13)
	at java.base/java.util.AbstractSet.hashCode(AbstractSet.java:124)
	at edu.market.notification.infrastructure.adapter.output.persistence.entity.NotificationEntity.hashCode(NotificationEntity.java:21)
	at edu.market.notification.infrastructure.adapter.output.persistence.entity.NotificationChannelEntity.hashCode(NotificationChannelEntity.java:13)
	at java.base/java.util.AbstractSet.hashCode(AbstractSet.java:124)
	at edu.market.notification.infrastructure.adapter.output.persistence.entity.NotificationEntity.hashCode(NotificationEntity.java:21)
	at edu.market.notification.infrastructure.adapter.output.persistence.entity.NotificationChannelEntity.hashCode(NotificationChannelEntity.java:13)
	at java.base/java.util.AbstractSet.hashCode(AbstractSet.java:124)
	at edu.market.notification.infrastructure.adapter.output.persistence.entity.NotificationEntity.hashCode(NotificationEntity.java:21)
	at edu.market.notification.infrastructure.adapter.output.persistence.entity.NotificationChannelEntity.hashCode(NotificationChannelEntity.java:13)
	at java.base/java.util.AbstractSet.hashCode(AbstractSet.java:124)
	at edu.market.notification.infrastructure.adapter.output.persistence.entity.NotificationEntity.hashCode(NotificationEntity.java:21)
	at edu.market.notification.infrastructure.adapter.output.persistence.entity.NotificationChannelEntity.hashCode(NotificationChannelEntity.java:13)
	at java.base/java.util.AbstractSet.hashCode(AbstractSet.java:124)
	at edu.market.notification.infrastructure.adapter.output.persistence.entity.NotificationEntity.hashCode(NotificationEntity.java:21)
	at edu.market.notification.infrastructure.adapter.output.persistence.entity.NotificationChannelEntity.hashCode(NotificationChannelEntity.java:13)
	at java.base/java.util.AbstractSet.hashCode(AbstractSet.java:124)
	at edu.market.notification.infrastructure.adapter.output.persistence.entity.NotificationEntity.hashCode(NotificationEntity.java:21)
	at edu.market.notification.infrastructure.adapter.output.persistence.entity.NotificationChannelEntity.hashCode(NotificationChannelEntity.java:13)
	at java.base/java.util.AbstractSet.hashCode(AbstractSet.java:124)
	at edu.market.notification.infrastructure.adapter.output.persistence.entity.NotificationEntity.hashCode(NotificationEntity.java:21)
	at edu.market.notification.infrastructure.adapter.output.persistence.entity.NotificationChannelEntity.hashCode(NotificationChannelEntity.java:13)
	at java.base/java.util.AbstractSet.hashCode(AbstractSet.java:124)
	at edu.market.notification.infrastructure.adapter.output.persistence.entity.NotificationEntity.hashCode(NotificationEntity.java:21)
	at edu.market.notification.infrastructure.adapter.output.persistence.entity.NotificationChannelEntity.hashCode(NotificationChannelEntity.java:13)
	at java.base/java.util.AbstractSet.hashCode(AbstractSet.java:124)
	at edu.market.notification.infrastructure.adapter.output.persistence.entity.NotificationEntity.hashCode(NotificationEntity.java:21)
	at edu.market.notification.infrastructure.adapter.output.persistence.entity.NotificationChannelEntity.hashCode(NotificationChannelEntity.java:13)
	at java.base/java.util.AbstractSet.hashCode(AbstractSet.java:124)
	at edu.market.notification.infrastructure.adapter.output.persistence.entity.NotificationEntity.hashCode(NotificationEntity.java:21)
	at edu.market.notification.infrastructure.adapter.output.persistence.entity.NotificationChannelEntity.hashCode(NotificationChannelEntity.java:13)
	at java.base/java.util.AbstractSet.hashCode(AbstractSet.java:124)
	at edu.market.notification.infrastructure.adapter.output.persistence.entity.NotificationEntity.hashCode(NotificationEntity.java:21)
	at edu.market.notification.infrastructure.adapter.output.persistence.entity.NotificationChannelEntity.hashCode(NotificationChannelEntity.java:13)
	at java.base/java.util.AbstractSet.hashCode(AbstractSet.java:124)
	at edu.market.notification.infrastructure.adapter.output.persistence.entity.NotificationEntity.hashCode(NotificationEntity.java:21)
	at edu.market.notification.infrastructure.adapter.output.persistence.entity.NotificationChannelEntity.hashCode(NotificationChannelEntity.java:13)
	at java.base/java.util.AbstractSet.hashCode(AbstractSet.java:124)
	at edu.market.notification.infrastructure.adapter.output.persistence.entity.NotificationEntity.hashCode(NotificationEntity.java:21)
	at edu.market.notification.infrastructure.adapter.output.persistence.entity.NotificationChannelEntity.hashCode(NotificationChannelEntity.java:13)
	at java.base/java.util.AbstractSet.hashCode(AbstractSet.java:124)
	at edu.market.notification.infrastructure.adapter.output.persistence.entity.NotificationEntity.hashCode(NotificationEntity.java:21)
	at edu.market.notification.infrastructure.adapter.output.persistence.entity.NotificationChannelEntity.hashCode(NotificationChannelEntity.java:13)
	at java.base/java.util.AbstractSet.hashCode(AbstractSet.java:124)
	at edu.market.notification.infrastructure.adapter.output.persistence.entity.NotificationEntity.hashCode(NotificationEntity.java:21)
	at edu.market.notification.infrastructure.adapter.output.persistence.entity.NotificationChannelEntity.hashCode(NotificationChannelEntity.java:13)
	at java.base/java.util.AbstractSet.hashCode(AbstractSet.java:124)
	at edu.market.notification.infrastructure.adapter.output.persistence.entity.NotificationEntity.hashCode(NotificationEntity.java:21)
	at edu.market.notification.infrastructure.adapter.output.persistence.entity.NotificationChannelEntity.hashCode(NotificationChannelEntity.java:13)
	at java.base/java.util.AbstractSet.hashCode(AbstractSet.java:124)
	at edu.market.notification.infrastructure.adapter.output.persistence.entity.NotificationEntity.hashCode(NotificationEntity.java:21)
	at edu.market.notification.infrastructure.adapter.output.persistence.entity.NotificationChannelEntity.hashCode(NotificationChannelEntity.java:13)
	at java.base/java.util.AbstractSet.hashCode(AbstractSet.java:124)
	at edu.market.notification.infrastructure.adapter.output.persistence.entity.NotificationEntity.hashCode(NotificationEntity.java:21)
	at edu.market.notification.infrastructure.adapter.output.persistence.entity.NotificationChannelEntity.hashCode(NotificationChannelEntity.java:13)
	at java.base/java.util.AbstractSet.hashCode(AbstractSet.java:124)
	at edu.market.notification.infrastructure.adapter.output.persistence.entity.NotificationEntity.hashCode(NotificationEntity.java:21)
	at edu.market.notification.infrastructure.adapter.output.persistence.entity.NotificationChannelEntity.hashCode(NotificationChannelEntity.java:13)
	at java.base/java.util.AbstractSet.hashCode(AbstractSet.java:124)
	at edu.market.notification.infrastructure.adapter.output.persistence.entity.NotificationEntity.hashCode(NotificationEntity.java:21)
	at edu.market.notification.infrastructure.adapter.output.persistence.entity.NotificationChannelEntity.hashCode(NotificationChannelEntity.java:13)
	at java.base/java.util.AbstractSet.hashCode(AbstractSet.java:124)
	at edu.market.notification.infrastructure.adapter.output.persistence.entity.NotificationEntity.hashCode(NotificationEntity.java:21)
	at edu.market.notification.infrastructure.adapter.output.persistence.entity.NotificationChannelEntity.hashCode(NotificationChannelEntity.java:13)
	at java.base/java.util.AbstractSet.hashCode(AbstractSet.java:124)
	at edu.market.notification.infrastructure.adapter.output.persistence.entity.NotificationEntity.hashCode(NotificationEntity.java:21)
	at edu.market.notification.infrastructure.adapter.output.persistence.entity.NotificationChannelEntity.hashCode(NotificationChannelEntity.java:13)
	at java.base/java.util.AbstractSet.hashCode(AbstractSet.java:124)
	at edu.market.notification.infrastructure.adapter.output.persistence.entity.NotificationEntity.hashCode(NotificationEntity.java:21)
	at edu.market.notification.infrastructure.adapter.output.persistence.entity.NotificationChannelEntity.hashCode(NotificationChannelEntity.java:13)
	at java.base/java.util.AbstractSet.hashCode(AbstractSet.java:124)
	at edu.market.notification.infrastructure.adapter.output.persistence.entity.NotificationEntity.hashCode(NotificationEntity.java:21)
	at edu.market.notification.infrastructure.adapter.output.persistence.entity.NotificationChannelEntity.hashCode(NotificationChannelEntity.java:13)
	at java.base/java.util.AbstractSet.hashCode(AbstractSet.java:124)
	at edu.market.notification.infrastructure.adapter.output.persistence.entity.NotificationEntity.hashCode(NotificationEntity.java:21)
	at edu.market.notification.infrastructure.adapter.output.persistence.entity.NotificationChannelEntity.hashCode(NotificationChannelEntity.java:13)
	at java.base/java.util.AbstractSet.hashCode(AbstractSet.java:124)
	at edu.market.notification.infrastructure.adapter.output.persistence.entity.NotificationEntity.hashCode(NotificationEntity.java:21)
	at edu.market.notification.infrastructure.adapter.output.persistence.entity.NotificationChannelEntity.hashCode(NotificationChannelEntity.java:13)
	at java.base/java.util.AbstractSet.hashCode(AbstractSet.java:124)
	at edu.market.notification.infrastructure.adapter.output.persistence.entity.NotificationEntity.hashCode(NotificationEntity.java:21)
	at edu.market.notification.infrastructure.adapter.output.persistence.entity.NotificationChannelEntity.hashCode(NotificationChannelEntity.java:13)
	at java.base/java.util.AbstractSet.hashCode(AbstractSet.java:124)
	at edu.market.notification.infrastructure.adapter.output.persistence.entity.NotificationEntity.hashCode(NotificationEntity.java:21)
	at edu.market.notification.infrastructure.adapter.output.persistence.entity.NotificationChannelEntity.hashCode(NotificationChannelEntity.java:13)
	at java.base/java.util.AbstractSet.hashCode(AbstractSet.java:124)
	at edu.market.notification.infrastructure.adapter.output.persistence.entity.NotificationEntity.hashCode(NotificationEntity.java:21)
	at edu.market.notification.infrastructure.adapter.output.persistence.entity.NotificationChannelEntity.hashCode(NotificationChannelEntity.java:13)
	at java.base/java.util.AbstractSet.hashCode(AbstractSet.java:124)
	at edu.market.notification.infrastructure.adapter.output.persistence.entity.NotificationEntity.hashCode(NotificationEntity.java:21)
	at edu.market.notification.infrastructure.adapter.output.persistence.entity.NotificationChannelEntity.hashCode(NotificationChannelEntity.java:13)
	at java.base/java.util.AbstractSet.hashCode(AbstractSet.java:124)
	at edu.market.notification.infrastructure.adapter.output.persistence.entity.NotificationEntity.hashCode(NotificationEntity.java:21)
	at edu.market.notification.infrastructure.adapter.output.persistence.entity.NotificationChannelEntity.hashCode(NotificationChannelEntity.java:13)
	at java.base/java.util.AbstractSet.hashCode(AbstractSet.java:124)
	at edu.market.notification.infrastructure.adapter.output.persistence.entity.NotificationEntity.hashCode(NotificationEntity.java:21)
	at edu.market.notification.infrastructure.adapter.output.persistence.entity.NotificationChannelEntity.hashCode(NotificationChannelEntity.java:13)
	at java.base/java.util.AbstractSet.hashCode(AbstractSet.java:124)
	at edu.market.notification.infrastructure.adapter.output.persistence.entity.NotificationEntity.hashCode(NotificationEntity.java:21)
	at edu.market.notification.infrastructure.adapter.output.persistence.entity.NotificationChannelEntity.hashCode(NotificationChannelEntity.java:13)
	at java.base/java.util.AbstractSet.hashCode(AbstractSet.java:124)
	at edu.market.notification.infrastructure.adapter.output.persistence.entity.NotificationEntity.hashCode(NotificationEntity.java:21)
	at edu.market.notification.infrastructure.adapter.output.persistence.entity.NotificationChannelEntity.hashCode(NotificationChannelEntity.java:13)
	at java.base/java.util.AbstractSet.hashCode(AbstractSet.java:124)
	at edu.market.notification.infrastructure.adapter.output.persistence.entity.NotificationEntity.hashCode(NotificationEntity.java:21)
	at edu.market.notification.infrastructure.adapter.output.persistence.entity.NotificationChannelEntity.hashCode(NotificationChannelEntity.java:13)
	at java.base/java.util.AbstractSet.hashCode(AbstractSet.java:124)
	at edu.market.notification.infrastructure.adapter.output.persistence.entity.NotificationEntity.hashCode(NotificationEntity.java:21)
	at edu.market.notification.infrastructure.adapter.output.persistence.entity.NotificationChannelEntity.hashCode(NotificationChannelEntity.java:13)
	at java.base/java.util.AbstractSet.hashCode(AbstractSet.java:124)
	at edu.market.notification.infrastructure.adapter.output.persistence.entity.NotificationEntity.hashCode(NotificationEntity.java:21)
	at edu.market.notification.infrastructure.adapter.output.persistence.entity.NotificationChannelEntity.hashCode(NotificationChannelEntity.java:13)
	at java.base/java.util.AbstractSet.hashCode(AbstractSet.java:124)
	at edu.market.notification.infrastructure.adapter.output.persistence.entity.NotificationEntity.hashCode(NotificationEntity.java:21)
	at edu.market.notification.infrastructure.adapter.output.persistence.entity.NotificationChannelEntity.hashCode(NotificationChannelEntity.java:13)
	at java.base/java.util.AbstractSet.hashCode(AbstractSet.java:124)
	at edu.market.notification.infrastructure.adapter.output.persistence.entity.NotificationEntity.hashCode(NotificationEntity.java:21)
	at edu.market.notification.infrastructure.adapter.output.persistence.entity.NotificationChannelEntity.hashCode(NotificationChannelEntity.java:13)
	at java.base/java.util.AbstractSet.hashCode(AbstractSet.java:124)
	at edu.market.notification.infrastructure.adapter.output.persistence.entity.NotificationEntity.hashCode(NotificationEntity.java:21)
	at edu.market.notification.infrastructure.adapter.output.persistence.entity.NotificationChannelEntity.hashCode(NotificationChannelEntity.java:13)
	at java.base/java.util.AbstractSet.hashCode(AbstractSet.java:124)
	at edu.market.notification.infrastructure.adapter.output.persistence.entity.NotificationEntity.hashCode(NotificationEntity.java:21)
	at edu.market.notification.infrastructure.adapter.output.persistence.entity.NotificationChannelEntity.hashCode(NotificationChannelEntity.java:13)
	at java.base/java.util.AbstractSet.hashCode(AbstractSet.java:124)
	at edu.market.notification.infrastructure.adapter.output.persistence.entity.NotificationEntity.hashCode(NotificationEntity.java:21)
	at edu.market.notification.infrastructure.adapter.output.persistence.entity.NotificationChannelEntity.hashCode(NotificationChannelEntity.java:13)
	at java.base/java.util.AbstractSet.hashCode(AbstractSet.java:124)
	at edu.market.notification.infrastructure.adapter.output.persistence.entity.NotificationEntity.hashCode(NotificationEntity.java:21)
	at edu.market.notification.infrastructure.adapter.output.persistence.entity.NotificationChannelEntity.hashCode(NotificationChannelEntity.java:13)
	at java.base/java.util.AbstractSet.hashCode(AbstractSet.java:124)
	at edu.market.notification.infrastructure.adapter.output.persistence.entity.NotificationEntity.hashCode(NotificationEntity.java:21)
	at edu.market.notification.infrastructure.adapter.output.persistence.entity.NotificationChannelEntity.hashCode(NotificationChannelEntity.java:13)
	at java.base/java.util.AbstractSet.hashCode(AbstractSet.java:124)
	at edu.market.notification.infrastructure.adapter.output.persistence.entity.NotificationEntity.hashCode(NotificationEntity.java:21)
	at edu.market.notification.infrastructure.adapter.output.persistence.entity.NotificationChannelEntity.hashCode(NotificationChannelEntity.java:13)
	at java.base/java.util.AbstractSet.hashCode(AbstractSet.java:124)
	at edu.market.notification.infrastructure.adapter.output.persistence.entity.NotificationEntity.hashCode(NotificationEntity.java:21)
	at edu.market.notification.infrastructure.adapter.output.persistence.entity.NotificationChannelEntity.hashCode(NotificationChannelEntity.java:13)
	at java.base/java.util.AbstractSet.hashCode(AbstractSet.java:124)
	at edu.market.notification.infrastructure.adapter.output.persistence.entity.NotificationEntity.hashCode(NotificationEntity.java:21)
	at edu.market.notification.infrastructure.adapter.output.persistence.entity.NotificationChannelEntity.hashCode(NotificationChannelEntity.java:13)
	at java.base/java.util.AbstractSet.hashCode(AbstractSet.java:124)
	at edu.market.notification.infrastructure.adapter.output.persistence.entity.NotificationEntity.hashCode(NotificationEntity.java:21)
	at edu.market.notification.infrastructure.adapter.output.persistence.entity.NotificationChannelEntity.hashCode(NotificationChannelEntity.java:13)
	at java.base/java.util.AbstractSet.hashCode(AbstractSet.java:124)
	at edu.market.notification.infrastructure.adapter.output.persistence.entity.NotificationEntity.hashCode(NotificationEntity.java:21)
	at edu.market.notification.infrastructure.adapter.output.persistence.entity.NotificationChannelEntity.hashCode(NotificationChannelEntity.java:13)
	at java.base/java.util.AbstractSet.hashCode(AbstractSet.java:124)
	at edu.market.notification.infrastructure.adapter.output.persistence.entity.NotificationEntity.hashCode(NotificationEntity.java:21)
	at edu.market.notification.infrastructure.adapter.output.persistence.entity.NotificationChannelEntity.hashCode(NotificationChannelEntity.java:13)
	at java.base/java.util.AbstractSet.hashCode(AbstractSet.java:124)
	at edu.market.notification.infrastructure.adapter.output.persistence.entity.NotificationEntity.hashCode(NotificationEntity.java:21)
	at edu.market.notification.infrastructure.adapter.output.persistence.entity.NotificationChannelEntity.hashCode(NotificationChannelEntity.java:13)
	at java.base/java.util.AbstractSet.hashCode(AbstractSet.java:124)
	at edu.market.notification.infrastructure.adapter.output.persistence.entity.NotificationEntity.hashCode(NotificationEntity.java:21)
	at edu.market.notification.infrastructure.adapter.output.persistence.entity.NotificationChannelEntity.hashCode(NotificationChannelEntity.java:13)
	at java.base/java.util.AbstractSet.hashCode(AbstractSet.java:124)
	at edu.market.notification.infrastructure.adapter.output.persistence.entity.NotificationEntity.hashCode(NotificationEntity.java:21)
	at edu.market.notification.infrastructure.adapter.output.persistence.entity.NotificationChannelEntity.hashCode(NotificationChannelEntity.java:13)
	at java.base/java.util.AbstractSet.hashCode(AbstractSet.java:124)
	at edu.market.notification.infrastructure.adapter.output.persistence.entity.NotificationEntity.hashCode(NotificationEntity.java:21)
	at edu.market.notification.infrastructure.adapter.output.persistence.entity.NotificationChannelEntity.hashCode(NotificationChannelEntity.java:13)
	at java.base/java.util.AbstractSet.hashCode(AbstractSet.java:124)
	at edu.market.notification.infrastructure.adapter.output.persistence.entity.NotificationEntity.hashCode(NotificationEntity.java:21)
	at edu.market.notification.infrastructure.adapter.output.persistence.entity.NotificationChannelEntity.hashCode(NotificationChannelEntity.java:13)
	at java.base/java.util.AbstractSet.hashCode(AbstractSet.java:124)
	at edu.market.notification.infrastructure.adapter.output.persistence.entity.NotificationEntity.hashCode(NotificationEntity.java:21)
	at edu.market.notification.infrastructure.adapter.output.persistence.entity.NotificationChannelEntity.hashCode(NotificationChannelEntity.java:13)
	at java.base/java.util.AbstractSet.hashCode(AbstractSet.java:124)
	at edu.market.notification.infrastructure.adapter.output.persistence.entity.NotificationEntity.hashCode(NotificationEntity.java:21)
	at edu.market.notification.infrastructure.adapter.output.persistence.entity.NotificationChannelEntity.hashCode(NotificationChannelEntity.java:13)
	at java.base/java.util.AbstractSet.hashCode(AbstractSet.java:124)
	at edu.market.notification.infrastructure.adapter.output.persistence.entity.NotificationEntity.hashCode(NotificationEntity.java:21)
	at edu.market.notification.infrastructure.adapter.output.persistence.entity.NotificationChannelEntity.hashCode(NotificationChannelEntity.java:13)
	at java.base/java.util.AbstractSet.hashCode(AbstractSet.java:124)
	at edu.market.notification.infrastructure.adapter.output.persistence.entity.NotificationEntity.hashCode(NotificationEntity.java:21)
	at edu.market.notification.infrastructure.adapter.output.persistence.entity.NotificationChannelEntity.hashCode(NotificationChannelEntity.java:13)
	at java.base/java.util.AbstractSet.hashCode(AbstractSet.java:124)
	at edu.market.notification.infrastructure.adapter.output.persistence.entity.NotificationEntity.hashCode(NotificationEntity.java:21)
	at edu.market.notification.infrastructure.adapter.output.persistence.entity.NotificationChannelEntity.hashCode(NotificationChannelEntity.java:13)
	at java.base/java.util.AbstractSet.hashCode(AbstractSet.java:124)
	at edu.market.notification.infrastructure.adapter.output.persistence.entity.NotificationEntity.hashCode(NotificationEntity.java:21)
	at edu.market.notification.infrastructure.adapter.output.persistence.entity.NotificationChannelEntity.hashCode(NotificationChannelEntity.java:13)
	at java.base/java.util.AbstractSet.hashCode(AbstractSet.java:124)
	at edu.market.notification.infrastructure.adapter.output.persistence.entity.NotificationEntity.hashCode(NotificationEntity.java:21)
	at edu.market.notification.infrastructure.adapter.output.persistence.entity.NotificationChannelEntity.hashCode(NotificationChannelEntity.java:13)
	at java.base/java.util.AbstractSet.hashCode(AbstractSet.java:124)
	at edu.market.notification.infrastructure.adapter.output.persistence.entity.NotificationEntity.hashCode(NotificationEntity.java:21)
	at edu.market.notification.infrastructure.adapter.output.persistence.entity.NotificationChannelEntity.hashCode(NotificationChannelEntity.java:13)
	at java.base/java.util.AbstractSet.hashCode(AbstractSet.java:124)
	at edu.market.notification.infrastructure.adapter.output.persistence.entity.NotificationEntity.hashCode(NotificationEntity.java:21)
	at edu.market.notification.infrastructure.adapter.output.persistence.entity.NotificationChannelEntity.hashCode(NotificationChannelEntity.java:13)
	at java.base/java.util.AbstractSet.hashCode(AbstractSet.java:124)
	at edu.market.notification.infrastructure.adapter.output.persistence.entity.NotificationEntity.hashCode(NotificationEntity.java:21)
	at edu.market.notification.infrastructure.adapter.output.persistence.entity.NotificationChannelEntity.hashCode(NotificationChannelEntity.java:13)
	at java.base/java.util.AbstractSet.hashCode(AbstractSet.java:124)
	at edu.market.notification.infrastructure.adapter.output.persistence.entity.NotificationEntity.hashCode(NotificationEntity.java:21)
	at edu.market.notification.infrastructure.adapter.output.persistence.entity.NotificationChannelEntity.hashCode(NotificationChannelEntity.java:13)
	at java.base/java.util.AbstractSet.hashCode(AbstractSet.java:124)
	at edu.market.notification.infrastructure.adapter.output.persistence.entity.NotificationEntity.hashCode(NotificationEntity.java:21)
	at edu.market.notification.infrastructure.adapter.output.persistence.entity.NotificationChannelEntity.hashCode(NotificationChannelEntity.java:13)
	at java.base/java.util.AbstractSet.hashCode(AbstractSet.java:124)
	at edu.market.notification.infrastructure.adapter.output.persistence.entity.NotificationEntity.hashCode(NotificationEntity.java:21)
	at edu.market.notification.infrastructure.adapter.output.persistence.entity.NotificationChannelEntity.hashCode(NotificationChannelEntity.java:13)
	at java.base/java.util.AbstractSet.hashCode(AbstractSet.java:124)
	at edu.market.notification.infrastructure.adapter.output.persistence.entity.NotificationEntity.hashCode(NotificationEntity.java:21)
	at edu.market.notification.infrastructure.adapter.output.persistence.entity.NotificationChannelEntity.hashCode(NotificationChannelEntity.java:13)
	at java.base/java.util.AbstractSet.hashCode(AbstractSet.java:124)
	at edu.market.notification.infrastructure.adapter.output.persistence.entity.NotificationEntity.hashCode(NotificationEntity.java:21)
	at edu.market.notification.infrastructure.adapter.output.persistence.entity.NotificationChannelEntity.hashCode(NotificationChannelEntity.java:13)
	at java.base/java.util.AbstractSet.hashCode(AbstractSet.java:124)
	at edu.market.notification.infrastructure.adapter.output.persistence.entity.NotificationEntity.hashCode(NotificationEntity.java:21)
	at edu.market.notification.infrastructure.adapter.output.persistence.entity.NotificationChannelEntity.hashCode(NotificationChannelEntity.java:13)
	at java.base/java.util.AbstractSet.hashCode(AbstractSet.java:124)
	at edu.market.notification.infrastructure.adapter.output.persistence.entity.NotificationEntity.hashCode(NotificationEntity.java:21)
	at edu.market.notification.infrastructure.adapter.output.persistence.entity.NotificationChannelEntity.hashCode(NotificationChannelEntity.java:13)
	at java.base/java.util.AbstractSet.hashCode(AbstractSet.java:124)
	at edu.market.notification.infrastructure.adapter.output.persistence.entity.NotificationEntity.hashCode(NotificationEntity.java:21)
	at edu.market.notification.infrastructure.adapter.output.persistence.entity.NotificationChannelEntity.hashCode(NotificationChannelEntity.java:13)
	at java.base/java.util.AbstractSet.hashCode(AbstractSet.java:124)
	at edu.market.notification.infrastructure.adapter.output.persistence.entity.NotificationEntity.hashCode(NotificationEntity.java:21)
	at edu.market.notification.infrastructure.adapter.output.persistence.entity.NotificationChannelEntity.hashCode(NotificationChannelEntity.java:13)
	at java.base/java.util.AbstractSet.hashCode(AbstractSet.java:124)
	at edu.market.notification.infrastructure.adapter.output.persistence.entity.NotificationEntity.hashCode(NotificationEntity.java:21)
	at edu.market.notification.infrastructure.adapter.output.persistence.entity.NotificationChannelEntity.hashCode(NotificationChannelEntity.java:13)
	at java.base/java.util.AbstractSet.hashCode(AbstractSet.java:124)
	at edu.market.notification.infrastructure.adapter.output.persistence.entity.NotificationEntity.hashCode(NotificationEntity.java:21)
	at edu.market.notification.infrastructure.adapter.output.persistence.entity.NotificationChannelEntity.hashCode(NotificationChannelEntity.java:13)
	at java.base/java.util.AbstractSet.hashCode(AbstractSet.java:124)
	at edu.market.notification.infrastructure.adapter.output.persistence.entity.NotificationEntity.hashCode(NotificationEntity.java:21)
	at edu.market.notification.infrastructure.adapter.output.persistence.entity.NotificationChannelEntity.hashCode(NotificationChannelEntity.java:13)
	at java.base/java.util.AbstractSet.hashCode(AbstractSet.java:124)
	at edu.market.notification.infrastructure.adapter.output.persistence.entity.NotificationEntity.hashCode(NotificationEntity.java:21)
	at edu.market.notification.infrastructure.adapter.output.persistence.entity.NotificationChannelEntity.hashCode(NotificationChannelEntity.java:13)
	at java.base/java.util.AbstractSet.hashCode(AbstractSet.java:124)
	at edu.market.notification.infrastructure.adapter.output.persistence.entity.NotificationEntity.hashCode(NotificationEntity.java:21)
	at edu.market.notification.infrastructure.adapter.output.persistence.entity.NotificationChannelEntity.hashCode(NotificationChannelEntity.java:13)
	at java.base/java.util.AbstractSet.hashCode(AbstractSet.java:124)
	at edu.market.notification.infrastructure.adapter.output.persistence.entity.NotificationEntity.hashCode(NotificationEntity.java:21)
	at edu.market.notification.infrastructure.adapter.output.persistence.entity.NotificationChannelEntity.hashCode(NotificationChannelEntity.java:13)
	at java.base/java.util.AbstractSet.hashCode(AbstractSet.java:124)
	at edu.market.notification.infrastructure.adapter.output.persistence.entity.NotificationEntity.hashCode(NotificationEntity.java:21)
	at edu.market.notification.infrastructure.adapter.output.persistence.entity.NotificationChannelEntity.hashCode(NotificationChannelEntity.java:13)
	at java.base/java.util.AbstractSet.hashCode(AbstractSet.java:124)
	at edu.market.notification.infrastructure.adapter.output.persistence.entity.NotificationEntity.hashCode(NotificationEntity.java:21)
	at edu.market.notification.infrastructure.adapter.output.persistence.entity.NotificationChannelEntity.hashCode(NotificationChannelEntity.java:13)
	at java.base/java.util.AbstractSet.hashCode(AbstractSet.java:124)
	at edu.market.notification.infrastructure.adapter.output.persistence.entity.NotificationEntity.hashCode(NotificationEntity.java:21)
	at edu.market.notification.infrastructure.adapter.output.persistence.entity.NotificationChannelEntity.hashCode(NotificationChannelEntity.java:13)
	at java.base/java.util.AbstractSet.hashCode(AbstractSet.java:124)
	at edu.market.notification.infrastructure.adapter.output.persistence.entity.NotificationEntity.hashCode(NotificationEntity.java:21)
	at edu.market.notification.infrastructure.adapter.output.persistence.entity.NotificationChannelEntity.hashCode(NotificationChannelEntity.java:13)
	at java.base/java.util.AbstractSet.hashCode(AbstractSet.java:124)
	at edu.market.notification.infrastructure.adapter.output.persistence.entity.NotificationEntity.hashCode(NotificationEntity.java:21)
	at edu.market.notification.infrastructure.adapter.output.persistence.entity.NotificationChannelEntity.hashCode(NotificationChannelEntity.java:13)
	at java.base/java.util.AbstractSet.hashCode(AbstractSet.java:124)
	at edu.market.notification.infrastructure.adapter.output.persistence.entity.NotificationEntity.hashCode(NotificationEntity.java:21)
	at edu.market.notification.infrastructure.adapter.output.persistence.entity.NotificationChannelEntity.hashCode(NotificationChannelEntity.java:13)
	at java.base/java.util.AbstractSet.hashCode(AbstractSet.java:124)
	at edu.market.notification.infrastructure.adapter.output.persistence.entity.NotificationEntity.hashCode(NotificationEntity.java:21)
	at edu.market.notification.infrastructure.adapter.output.persistence.entity.NotificationChannelEntity.hashCode(NotificationChannelEntity.java:13)
	at java.base/java.util.AbstractSet.hashCode(AbstractSet.java:124)
	at edu.market.notification.infrastructure.adapter.output.persistence.entity.NotificationEntity.hashCode(NotificationEntity.java:21)
	at edu.market.notification.infrastructure.adapter.output.persistence.entity.NotificationChannelEntity.hashCode(NotificationChannelEntity.java:13)
	at java.base/java.util.AbstractSet.hashCode(AbstractSet.java:124)
	at edu.market.notification.infrastructure.adapter.output.persistence.entity.NotificationEntity.hashCode(NotificationEntity.java:21)
	at edu.market.notification.infrastructure.adapter.output.persistence.entity.NotificationChannelEntity.hashCode(NotificationChannelEntity.java:13)
	at java.base/java.util.AbstractSet.hashCode(AbstractSet.java:124)
	at edu.market.notification.infrastructure.adapter.output.persistence.entity.NotificationEntity.hashCode(NotificationEntity.java:21)
	at edu.market.notification.infrastructure.adapter.output.persistence.entity.NotificationChannelEntity.hashCode(NotificationChannelEntity.java:13)
	at java.base/java.util.AbstractSet.hashCode(AbstractSet.java:124)
	at edu.market.notification.infrastructure.adapter.output.persistence.entity.NotificationEntity.hashCode(NotificationEntity.java:21)
	at edu.market.notification.infrastructure.adapter.output.persistence.entity.NotificationChannelEntity.hashCode(NotificationChannelEntity.java:13)
	at java.base/java.util.AbstractSet.hashCode(AbstractSet.java:124)
	at edu.market.notification.infrastructure.adapter.output.persistence.entity.NotificationEntity.hashCode(NotificationEntity.java:21)
	at edu.market.notification.infrastructure.adapter.output.persistence.entity.NotificationChannelEntity.hashCode(NotificationChannelEntity.java:13)
	at java.base/java.util.AbstractSet.hashCode(AbstractSet.java:124)
	at edu.market.notification.infrastructure.adapter.output.persistence.entity.NotificationEntity.hashCode(NotificationEntity.java:21)
	at edu.market.notification.infrastructure.adapter.output.persistence.entity.NotificationChannelEntity.hashCode(NotificationChannelEntity.java:13)
	at java.base/java.util.AbstractSet.hashCode(AbstractSet.java:124)
	at edu.market.notification.infrastructure.adapter.output.persistence.entity.NotificationEntity.hashCode(NotificationEntity.java:21)
	at edu.market.notification.infrastructure.adapter.output.persistence.entity.NotificationChannelEntity.hashCode(NotificationChannelEntity.java:13)
	at java.base/java.util.AbstractSet.hashCode(AbstractSet.java:124)
	at edu.market.notification.infrastructure.adapter.output.persistence.entity.NotificationEntity.hashCode(NotificationEntity.java:21)
	at edu.market.notification.infrastructure.adapter.output.persistence.entity.NotificationChannelEntity.hashCode(NotificationChannelEntity.java:13)
	at java.base/java.util.AbstractSet.hashCode(AbstractSet.java:124)
	at edu.market.notification.infrastructure.adapter.output.persistence.entity.NotificationEntity.hashCode(NotificationEntity.java:21)
	at edu.market.notification.infrastructure.adapter.output.persistence.entity.NotificationChannelEntity.hashCode(NotificationChannelEntity.java:13)
	at java.base/java.util.AbstractSet.hashCode(AbstractSet.java:124)
	at edu.market.notification.infrastructure.adapter.output.persistence.entity.NotificationEntity.hashCode(NotificationEntity.java:21)
	at edu.market.notification.infrastructure.adapter.output.persistence.entity.NotificationChannelEntity.hashCode(NotificationChannelEntity.java:13)
	at java.base/java.util.AbstractSet.hashCode(AbstractSet.java:124)
	at edu.market.notification.infrastructure.adapter.output.persistence.entity.NotificationEntity.hashCode(NotificationEntity.java:21)
	at edu.market.notification.infrastructure.adapter.output.persistence.entity.NotificationChannelEntity.hashCode(NotificationChannelEntity.java:13)
	at java.base/java.util.AbstractSet.hashCode(AbstractSet.java:124)
	at edu.market.notification.infrastructure.adapter.output.persistence.entity.NotificationEntity.hashCode(NotificationEntity.java:21)
	at edu.market.notification.infrastructure.adapter.output.persistence.entity.NotificationChannelEntity.hashCode(NotificationChannelEntity.java:13)
	at java.base/java.util.AbstractSet.hashCode(AbstractSet.java:124)
	at edu.market.notification.infrastructure.adapter.output.persistence.entity.NotificationEntity.hashCode(NotificationEntity.java:21)
	at edu.market.notification.infrastructure.adapter.output.persistence.entity.NotificationChannelEntity.hashCode(NotificationChannelEntity.java:13)
	at java.base/java.util.AbstractSet.hashCode(AbstractSet.java:124)
	at edu.market.notification.infrastructure.adapter.output.persistence.entity.NotificationEntity.hashCode(NotificationEntity.java:21)
	at edu.market.notification.infrastructure.adapter.output.persistence.entity.NotificationChannelEntity.hashCode(NotificationChannelEntity.java:13)
	at java.base/java.util.AbstractSet.hashCode(AbstractSet.java:124)
	at edu.market.notification.infrastructure.adapter.output.persistence.entity.NotificationEntity.hashCode(NotificationEntity.java:21)
	at edu.market.notification.infrastructure.adapter.output.persistence.entity.NotificationChannelEntity.hashCode(NotificationChannelEntity.java:13)
	at java.base/java.util.AbstractSet.hashCode(AbstractSet.java:124)
	at edu.market.notification.infrastructure.adapter.output.persistence.entity.NotificationEntity.hashCode(NotificationEntity.java:21)
	at edu.market.notification.infrastructure.adapter.output.persistence.entity.NotificationChannelEntity.hashCode(NotificationChannelEntity.java:13)
	at java.base/java.util.AbstractSet.hashCode(AbstractSet.java:124)
	at edu.market.notification.infrastructure.adapter.output.persistence.entity.NotificationEntity.hashCode(NotificationEntity.java:21)
	at edu.market.notification.infrastructure.adapter.output.persistence.entity.NotificationChannelEntity.hashCode(NotificationChannelEntity.java:13)
	at java.base/java.util.AbstractSet.hashCode(AbstractSet.java:124)
	at edu.market.notification.infrastructure.adapter.output.persistence.entity.NotificationEntity.hashCode(NotificationEntity.java:21)
	at edu.market.notification.infrastructure.adapter.output.persistence.entity.NotificationChannelEntity.hashCode(NotificationChannelEntity.java:13)
	at java.base/java.util.AbstractSet.hashCode(AbstractSet.java:124)
	at edu.market.notification.infrastructure.adapter.output.persistence.entity.NotificationEntity.hashCode(NotificationEntity.java:21)
	at edu.market.notification.infrastructure.adapter.output.persistence.entity.NotificationChannelEntity.hashCode(NotificationChannelEntity.java:13)
	at java.base/java.util.AbstractSet.hashCode(AbstractSet.java:124)
	at edu.market.notification.infrastructure.adapter.output.persistence.entity.NotificationEntity.hashCode(NotificationEntity.java:21)
	at edu.market.notification.infrastructure.adapter.output.persistence.entity.NotificationChannelEntity.hashCode(NotificationChannelEntity.java:13)
	at java.base/java.util.AbstractSet.hashCode(AbstractSet.java:124)
	at edu.market.notification.infrastructure.adapter.output.persistence.entity.NotificationEntity.hashCode(NotificationEntity.java:21)
	at edu.market.notification.infrastructure.adapter.output.persistence.entity.NotificationChannelEntity.hashCode(NotificationChannelEntity.java:13)
	at java.base/java.util.AbstractSet.hashCode(AbstractSet.java:124)
	at edu.market.notification.infrastructure.adapter.output.persistence.entity.NotificationEntity.hashCode(NotificationEntity.java:21)
	at edu.market.notification.infrastructure.adapter.output.persistence.entity.NotificationChannelEntity.hashCode(NotificationChannelEntity.java:13)
	at java.base/java.util.AbstractSet.hashCode(AbstractSet.java:124)
	at edu.market.notification.infrastructure.adapter.output.persistence.entity.NotificationEntity.hashCode(NotificationEntity.java:21)
	at edu.market.notification.infrastructure.adapter.output.persistence.entity.NotificationChannelEntity.hashCode(NotificationChannelEntity.java:13)
	at java.base/java.util.AbstractSet.hashCode(AbstractSet.java:124)
	at edu.market.notification.infrastructure.adapter.output.persistence.entity.NotificationEntity.hashCode(NotificationEntity.java:21)
	at edu.market.notification.infrastructure.adapter.output.persistence.entity.NotificationChannelEntity.hashCode(NotificationChannelEntity.java:13)
	at java.base/java.util.AbstractSet.hashCode(AbstractSet.java:124)
	at edu.market.notification.infrastructure.adapter.output.persistence.entity.NotificationEntity.hashCode(NotificationEntity.java:21)
	at edu.market.notification.infrastructure.adapter.output.persistence.entity.NotificationChannelEntity.hashCode(NotificationChannelEntity.java:13)
	at java.base/java.util.AbstractSet.hashCode(AbstractSet.java:124)
	at edu.market.notification.infrastructure.adapter.output.persistence.entity.NotificationEntity.hashCode(NotificationEntity.java:21)
	at edu.market.notification.infrastructure.adapter.output.persistence.entity.NotificationChannelEntity.hashCode(NotificationChannelEntity.java:13)
	at java.base/java.util.AbstractSet.hashCode(AbstractSet.java:124)
	at edu.market.notification.infrastructure.adapter.output.persistence.entity.NotificationEntity.hashCode(NotificationEntity.java:21)
	at edu.market.notification.infrastructure.adapter.output.persistence.entity.NotificationChannelEntity.hashCode(NotificationChannelEntity.java:13)
	at java.base/java.util.AbstractSet.hashCode(AbstractSet.java:124)
	at edu.market.notification.infrastructure.adapter.output.persistence.entity.NotificationEntity.hashCode(NotificationEntity.java:21)
	at edu.market.notification.infrastructure.adapter.output.persistence.entity.NotificationChannelEntity.hashCode(NotificationChannelEntity.java:13)
	at java.base/java.util.AbstractSet.hashCode(AbstractSet.java:124)
	at edu.market.notification.infrastructure.adapter.output.persistence.entity.NotificationEntity.hashCode(NotificationEntity.java:21)
	at edu.market.notification.infrastructure.adapter.output.persistence.entity.NotificationChannelEntity.hashCode(NotificationChannelEntity.java:13)
	at java.base/java.util.AbstractSet.hashCode(AbstractSet.java:124)
	at edu.market.notification.infrastructure.adapter.output.persistence.entity.NotificationEntity.hashCode(NotificationEntity.java:21)
	at edu.market.notification.infrastructure.adapter.output.persistence.entity.NotificationChannelEntity.hashCode(NotificationChannelEntity.java:13)
	at java.base/java.util.AbstractSet.hashCode(AbstractSet.java:124)
	at edu.market.notification.infrastructure.adapter.output.persistence.entity.NotificationEntity.hashCode(NotificationEntity.java:21)
	at edu.market.notification.infrastructure.adapter.output.persistence.entity.NotificationChannelEntity.hashCode(NotificationChannelEntity.java:13)
	at java.base/java.util.AbstractSet.hashCode(AbstractSet.java:124)
	at edu.market.notification.infrastructure.adapter.output.persistence.entity.NotificationEntity.hashCode(NotificationEntity.java:21)
	at edu.market.notification.infrastructure.adapter.output.persistence.entity.NotificationChannelEntity.hashCode(NotificationChannelEntity.java:13)
	at java.base/java.util.AbstractSet.hashCode(AbstractSet.java:124)
	at edu.market.notification.infrastructure.adapter.output.persistence.entity.NotificationEntity.hashCode(NotificationEntity.java:21)
	at edu.market.notification.infrastructure.adapter.output.persistence.entity.NotificationChannelEntity.hashCode(NotificationChannelEntity.java:13)
	at java.base/java.util.AbstractSet.hashCode(AbstractSet.java:124)
	at edu.market.notification.infrastructure.adapter.output.persistence.entity.NotificationEntity.hashCode(NotificationEntity.java:21)
	at edu.market.notification.infrastructure.adapter.output.persistence.entity.NotificationChannelEntity.hashCode(NotificationChannelEntity.java:13)
	at java.base/java.util.AbstractSet.hashCode(AbstractSet.java:124)
	at edu.market.notification.infrastructure.adapter.output.persistence.entity.NotificationEntity.hashCode(NotificationEntity.java:21)
	at edu.market.notification.infrastructure.adapter.output.persistence.entity.NotificationChannelEntity.hashCode(NotificationChannelEntity.java:13)
	at java.base/java.util.AbstractSet.hashCode(AbstractSet.java:124)
	at edu.market.notification.infrastructure.adapter.output.persistence.entity.NotificationEntity.hashCode(NotificationEntity.java:21)
	at edu.market.notification.infrastructure.adapter.output.persistence.entity.NotificationChannelEntity.hashCode(NotificationChannelEntity.java:13)
	at java.base/java.util.AbstractSet.hashCode(AbstractSet.java:124)
	at edu.market.notification.infrastructure.adapter.output.persistence.entity.NotificationEntity.hashCode(NotificationEntity.java:21)
	at edu.market.notification.infrastructure.adapter.output.persistence.entity.NotificationChannelEntity.hashCode(NotificationChannelEntity.java:13)
	at java.base/java.util.AbstractSet.hashCode(AbstractSet.java:124)
	at edu.market.notification.infrastructure.adapter.output.persistence.entity.NotificationEntity.hashCode(NotificationEntity.java:21)
	at edu.market.notification.infrastructure.adapter.output.persistence.entity.NotificationChannelEntity.hashCode(NotificationChannelEntity.java:13)
	at java.base/java.util.AbstractSet.hashCode(AbstractSet.java:124)
	at edu.market.notification.infrastructure.adapter.output.persistence.entity.NotificationEntity.hashCode(NotificationEntity.java:21)
	at edu.market.notification.infrastructure.adapter.output.persistence.entity.NotificationChannelEntity.hashCode(NotificationChannelEntity.java:13)
	at java.base/java.util.AbstractSet.hashCode(AbstractSet.java:124)
	at edu.market.notification.infrastructure.adapter.output.persistence.entity.NotificationEntity.hashCode(NotificationEntity.java:21)
	at edu.market.notification.infrastructure.adapter.output.persistence.entity.NotificationChannelEntity.hashCode(NotificationChannelEntity.java:13)
	at java.base/java.util.AbstractSet.hashCode(AbstractSet.java:124)
	at edu.market.notification.infrastructure.adapter.output.persistence.entity.NotificationEntity.hashCode(NotificationEntity.java:21)
	at edu.market.notification.infrastructure.adapter.output.persistence.entity.NotificationChannelEntity.hashCode(NotificationChannelEntity.java:13)
	at java.base/java.util.AbstractSet.hashCode(AbstractSet.java:124)
	at edu.market.notification.infrastructure.adapter.output.persistence.entity.NotificationEntity.hashCode(NotificationEntity.java:21)
	at edu.market.notification.infrastructure.adapter.output.persistence.entity.NotificationChannelEntity.hashCode(NotificationChannelEntity.java:13)
	at java.base/java.util.AbstractSet.hashCode(AbstractSet.java:124)
	at edu.market.notification.infrastructure.adapter.output.persistence.entity.NotificationEntity.hashCode(NotificationEntity.java:21)
	at edu.market.notification.infrastructure.adapter.output.persistence.entity.NotificationChannelEntity.hashCode(NotificationChannelEntity.java:13)
	at java.base/java.util.AbstractSet.hashCode(AbstractSet.java:124)
	at edu.market.notification.infrastructure.adapter.output.persistence.entity.NotificationEntity.hashCode(NotificationEntity.java:21)
	at edu.market.notification.infrastructure.adapter.output.persistence.entity.NotificationChannelEntity.hashCode(NotificationChannelEntity.java:13)
	at java.base/java.util.AbstractSet.hashCode(AbstractSet.java:124)
	at edu.market.notification.infrastructure.adapter.output.persistence.entity.NotificationEntity.hashCode(NotificationEntity.java:21)
	at edu.market.notification.infrastructure.adapter.output.persistence.entity.NotificationChannelEntity.hashCode(NotificationChannelEntity.java:13)
	at java.base/java.util.AbstractSet.hashCode(AbstractSet.java:124)
	at edu.market.notification.infrastructure.adapter.output.persistence.entity.NotificationEntity.hashCode(NotificationEntity.java:21)
	at edu.market.notification.infrastructure.adapter.output.persistence.entity.NotificationChannelEntity.hashCode(NotificationChannelEntity.java:13)
	at java.base/java.util.AbstractSet.hashCode(AbstractSet.java:124)
	at edu.market.notification.infrastructure.adapter.output.persistence.entity.NotificationEntity.hashCode(NotificationEntity.java:21)
	at edu.market.notification.infrastructure.adapter.output.persistence.entity.NotificationChannelEntity.hashCode(NotificationChannelEntity.java:13)
	at java.base/java.util.AbstractSet.hashCode(AbstractSet.java:124)
	at edu.market.notification.infrastructure.adapter.output.persistence.entity.NotificationEntity.hashCode(NotificationEntity.java:21)
	at edu.market.notification.infrastructure.adapter.output.persistence.entity.NotificationChannelEntity.hashCode(NotificationChannelEntity.java:13)
	at java.base/java.util.AbstractSet.hashCode(AbstractSet.java:124)
	at edu.market.notification.infrastructure.adapter.output.persistence.entity.NotificationEntity.hashCode(NotificationEntity.java:21)
	at edu.market.notification.infrastructure.adapter.output.persistence.entity.NotificationChannelEntity.hashCode(NotificationChannelEntity.java:13)
	at java.base/java.util.AbstractSet.hashCode(AbstractSet.java:124)
	at edu.market.notification.infrastructure.adapter.output.persistence.entity.NotificationEntity.hashCode(NotificationEntity.java:21)
	at edu.market.notification.infrastructure.adapter.output.persistence.entity.NotificationChannelEntity.hashCode(NotificationChannelEntity.java:13)
	at java.base/java.util.AbstractSet.hashCode(AbstractSet.java:124)
	at edu.market.notification.infrastructure.adapter.output.persistence.entity.NotificationEntity.hashCode(NotificationEntity.java:21)
	at edu.market.notification.infrastructure.adapter.output.persistence.entity.NotificationChannelEntity.hashCode(NotificationChannelEntity.java:13)
	at java.base/java.util.AbstractSet.hashCode(AbstractSet.java:124)
	at edu.market.notification.infrastructure.adapter.output.persistence.entity.NotificationEntity.hashCode(NotificationEntity.java:21)
	at edu.market.notification.infrastructure.adapter.output.persistence.entity.NotificationChannelEntity.hashCode(NotificationChannelEntity.java:13)
	at java.base/java.util.AbstractSet.hashCode(AbstractSet.java:124)
	at edu.market.notification.infrastructure.adapter.output.persistence.entity.NotificationEntity.hashCode(NotificationEntity.java:21)
	at edu.market.notification.infrastructure.adapter.output.persistence.entity.NotificationChannelEntity.hashCode(NotificationChannelEntity.java:13)
	at java.base/java.util.AbstractSet.hashCode(AbstractSet.java:124)
	at edu.market.notification.infrastructure.adapter.output.persistence.entity.NotificationEntity.hashCode(NotificationEntity.java:21)
	at edu.market.notification.infrastructure.adapter.output.persistence.entity.NotificationChannelEntity.hashCode(NotificationChannelEntity.java:13)
	at java.base/java.util.AbstractSet.hashCode(AbstractSet.java:124)
	at edu.market.notification.infrastructure.adapter.output.persistence.entity.NotificationEntity.hashCode(NotificationEntity.java:21)
	at edu.market.notification.infrastructure.adapter.output.persistence.entity.NotificationChannelEntity.hashCode(NotificationChannelEntity.java:13)
	at java.base/java.util.AbstractSet.hashCode(AbstractSet.java:124)
	at edu.market.notification.infrastructure.adapter.output.persistence.entity.NotificationEntity.hashCode(NotificationEntity.java:21)
	at edu.market.notification.infrastructure.adapter.output.persistence.entity.NotificationChannelEntity.hashCode(NotificationChannelEntity.java:13)
	at java.base/java.util.AbstractSet.hashCode(AbstractSet.java:124)
	at edu.market.notification.infrastructure.adapter.output.persistence.entity.NotificationEntity.hashCode(NotificationEntity.java:21)
	at edu.market.notification.infrastructure.adapter.output.persistence.entity.NotificationChannelEntity.hashCode(NotificationChannelEntity.java:13)
	at java.base/java.util.AbstractSet.hashCode(AbstractSet.java:124)
	at edu.market.notification.infrastructure.adapter.output.persistence.entity.NotificationEntity.hashCode(NotificationEntity.java:21)
	at edu.market.notification.infrastructure.adapter.output.persistence.entity.NotificationChannelEntity.hashCode(NotificationChannelEntity.java:13)
	at java.base/java.util.AbstractSet.hashCode(AbstractSet.java:124)
	at edu.market.notification.infrastructure.adapter.output.persistence.entity.NotificationEntity.hashCode(NotificationEntity.java:21)
	at edu.market.notification.infrastructure.adapter.output.persistence.entity.NotificationChannelEntity.hashCode(NotificationChannelEntity.java:13)
	at java.base/java.util.AbstractSet.hashCode(AbstractSet.java:124)
	at edu.market.notification.infrastructure.adapter.output.persistence.entity.NotificationEntity.hashCode(NotificationEntity.java:21)
	at edu.market.notification.infrastructure.adapter.output.persistence.entity.NotificationChannelEntity.hashCode(NotificationChannelEntity.java:13)
	at java.base/java.util.AbstractSet.hashCode(AbstractSet.java:124)
	at edu.market.notification.infrastructure.adapter.output.persistence.entity.NotificationEntity.hashCode(NotificationEntity.java:21)
	at edu.market.notification.infrastructure.adapter.output.persistence.entity.NotificationChannelEntity.hashCode(NotificationChannelEntity.java:13)
	at java.base/java.util.AbstractSet.hashCode(AbstractSet.java:124)
	at edu.market.notification.infrastructure.adapter.output.persistence.entity.NotificationEntity.hashCode(NotificationEntity.java:21)
	at edu.market.notification.infrastructure.adapter.output.persistence.entity.NotificationChannelEntity.hashCode(NotificationChannelEntity.java:13)
	at java.base/java.util.AbstractSet.hashCode(AbstractSet.java:124)
	at edu.market.notification.infrastructure.adapter.output.persistence.entity.NotificationEntity.hashCode(NotificationEntity.java:21)
	at edu.market.notification.infrastructure.adapter.output.persistence.entity.NotificationChannelEntity.hashCode(NotificationChannelEntity.java:13)
	at java.base/java.util.AbstractSet.hashCode(AbstractSet.java:124)
	at edu.market.notification.infrastructure.adapter.output.persistence.entity.NotificationEntity.hashCode(NotificationEntity.java:21)
	at edu.market.notification.infrastructure.adapter.output.persistence.entity.NotificationChannelEntity.hashCode(NotificationChannelEntity.java:13)
	at java.base/java.util.AbstractSet.hashCode(AbstractSet.java:124)
	at edu.market.notification.infrastructure.adapter.output.persistence.entity.NotificationEntity.hashCode(NotificationEntity.java:21)
	at edu.market.notification.infrastructure.adapter.output.persistence.entity.NotificationChannelEntity.hashCode(NotificationChannelEntity.java:13)
	at java.base/java.util.AbstractSet.hashCode(AbstractSet.java:124)
	at edu.market.notification.infrastructure.adapter.output.persistence.entity.NotificationEntity.hashCode(NotificationEntity.java:21)
	at edu.market.notification.infrastructure.adapter.output.persistence.entity.NotificationChannelEntity.hashCode(NotificationChannelEntity.java:13)
2025-07-27 12:56:42,676 [http-nio-8080-exec-5] DEBUG e.m.n.i.c.ExceptionTrackerAspect                   - trackException - Init
2025-07-27 12:56:42,677 [http-nio-8080-exec-5] DEBUG e.m.n.i.c.ExceptionTrackerAspect                   - trackException - Call exceptionTrackerPort.trackException
2025-07-27 12:56:42,677 [http-nio-8080-exec-5] DEBUG e.m.n.i.a.o.m.ExceptionTrackerAdapter              - trackException - Init
2025-07-27 12:56:42,677 [http-nio-8080-exec-5] DEBUG e.m.n.i.a.o.m.ExceptionTrackerAdapter              - trackException - Call isAvailable - Checking ExceptionTracker Service is available
2025-07-27 12:56:42,677 [http-nio-8080-exec-5] DEBUG e.m.n.i.a.o.m.ExceptionTrackerAdapter              - isAvailable - Init
2025-07-27 12:56:42,677 [http-nio-8080-exec-5] DEBUG e.m.n.i.a.o.m.ExceptionTrackerAdapter              - isAvailable - Return true
2025-07-27 12:56:42,677 [http-nio-8080-exec-5] ERROR e.m.n.i.a.o.m.ExceptionTrackerAdapter              - Exception tracked from NotificationRepositoryAdapter.save with context {{method=save, errorType=RuntimeException, class=NotificationRepositoryAdapter, layer=domain}}: java.lang.StackOverflowError
java.lang.RuntimeException: java.lang.StackOverflowError
	at org.springframework.data.repository.core.support.RepositoryMethodInvoker$RepositoryFragmentMethodInvoker.lambda$new$0(RepositoryMethodInvoker.java:281)
	at org.springframework.data.repository.core.support.RepositoryMethodInvoker.doInvoke(RepositoryMethodInvoker.java:170)
	at org.springframework.data.repository.core.support.RepositoryMethodInvoker.invoke(RepositoryMethodInvoker.java:158)
	at org.springframework.data.repository.core.support.RepositoryComposition$RepositoryFragments.invoke(RepositoryComposition.java:515)
	at org.springframework.data.repository.core.support.RepositoryComposition.invoke(RepositoryComposition.java:284)
	at org.springframework.data.repository.core.support.RepositoryFactorySupport$ImplementationMethodExecutionInterceptor.invoke(RepositoryFactorySupport.java:731)
	at org.springframework.aop.framework.ReflectiveMethodInvocation.proceed(ReflectiveMethodInvocation.java:184)
	at org.springframework.data.repository.core.support.QueryExecutorMethodInterceptor.doInvoke(QueryExecutorMethodInterceptor.java:174)
	at org.springframework.data.repository.core.support.QueryExecutorMethodInterceptor.invoke(QueryExecutorMethodInterceptor.java:149)
	at org.springframework.aop.framework.ReflectiveMethodInvocation.proceed(ReflectiveMethodInvocation.java:184)
	at org.springframework.data.projection.DefaultMethodInvokingMethodInterceptor.invoke(DefaultMethodInvokingMethodInterceptor.java:69)
	at org.springframework.aop.framework.ReflectiveMethodInvocation.proceed(ReflectiveMethodInvocation.java:184)
	at org.springframework.transaction.interceptor.TransactionAspectSupport.invokeWithinTransaction(TransactionAspectSupport.java:380)
	at org.springframework.transaction.interceptor.TransactionInterceptor.invoke(TransactionInterceptor.java:119)
	at org.springframework.aop.framework.ReflectiveMethodInvocation.proceed(ReflectiveMethodInvocation.java:184)
	at org.springframework.dao.support.PersistenceExceptionTranslationInterceptor.invoke(PersistenceExceptionTranslationInterceptor.java:138)
	at org.springframework.aop.framework.ReflectiveMethodInvocation.proceed(ReflectiveMethodInvocation.java:184)
	at org.springframework.data.jpa.repository.support.CrudMethodMetadataPostProcessor$CrudMethodMetadataPopulatingMethodInterceptor.invoke(CrudMethodMetadataPostProcessor.java:165)
	at org.springframework.aop.framework.ReflectiveMethodInvocation.proceed(ReflectiveMethodInvocation.java:184)
	at org.springframework.aop.framework.JdkDynamicAopProxy.invoke(JdkDynamicAopProxy.java:223)
	at jdk.proxy2/jdk.proxy2.$Proxy186.save(Unknown Source)
	at java.base/jdk.internal.reflect.DirectMethodHandleAccessor.invoke(DirectMethodHandleAccessor.java:103)
	at java.base/java.lang.reflect.Method.invoke(Method.java:580)
	at org.springframework.aop.support.AopUtils.invokeJoinpointUsingReflection(AopUtils.java:359)
	at org.springframework.aop.framework.ReflectiveMethodInvocation.invokeJoinpoint(ReflectiveMethodInvocation.java:196)
	at org.springframework.aop.framework.ReflectiveMethodInvocation.proceed(ReflectiveMethodInvocation.java:163)
	at org.springframework.dao.support.PersistenceExceptionTranslationInterceptor.invoke(PersistenceExceptionTranslationInterceptor.java:138)
	at org.springframework.aop.framework.ReflectiveMethodInvocation.proceed(ReflectiveMethodInvocation.java:184)
	at org.springframework.aop.aspectj.AspectJAfterThrowingAdvice.invoke(AspectJAfterThrowingAdvice.java:64)
	at org.springframework.aop.framework.ReflectiveMethodInvocation.proceed(ReflectiveMethodInvocation.java:184)
	at org.springframework.aop.interceptor.ExposeInvocationInterceptor.invoke(ExposeInvocationInterceptor.java:97)
	at org.springframework.aop.framework.ReflectiveMethodInvocation.proceed(ReflectiveMethodInvocation.java:184)
	at org.springframework.aop.framework.JdkDynamicAopProxy.invoke(JdkDynamicAopProxy.java:223)
	at jdk.proxy2/jdk.proxy2.$Proxy186.save(Unknown Source)
	at edu.market.notification.infrastructure.adapter.output.persistence.NotificationRepositoryAdapter.save(NotificationRepositoryAdapter.java:36)
	at java.base/jdk.internal.reflect.DirectMethodHandleAccessor.invoke(DirectMethodHandleAccessor.java:103)
	at java.base/java.lang.reflect.Method.invoke(Method.java:580)
	at org.springframework.aop.support.AopUtils.invokeJoinpointUsingReflection(AopUtils.java:359)
	at org.springframework.aop.framework.ReflectiveMethodInvocation.invokeJoinpoint(ReflectiveMethodInvocation.java:196)
	at org.springframework.aop.framework.ReflectiveMethodInvocation.proceed(ReflectiveMethodInvocation.java:163)
	at org.springframework.aop.aspectj.AspectJAfterThrowingAdvice.invoke(AspectJAfterThrowingAdvice.java:64)
	at org.springframework.aop.framework.ReflectiveMethodInvocation.proceed(ReflectiveMethodInvocation.java:184)
	at org.springframework.aop.aspectj.AspectJAfterThrowingAdvice.invoke(AspectJAfterThrowingAdvice.java:64)
	at org.springframework.aop.framework.ReflectiveMethodInvocation.proceed(ReflectiveMethodInvocation.java:184)
	at org.springframework.transaction.interceptor.TransactionAspectSupport.invokeWithinTransaction(TransactionAspectSupport.java:380)
	at org.springframework.transaction.interceptor.TransactionInterceptor.invoke(TransactionInterceptor.java:119)
	at org.springframework.aop.framework.ReflectiveMethodInvocation.proceed(ReflectiveMethodInvocation.java:184)
	at org.springframework.aop.interceptor.ExposeInvocationInterceptor.invoke(ExposeInvocationInterceptor.java:97)
	at org.springframework.aop.framework.ReflectiveMethodInvocation.proceed(ReflectiveMethodInvocation.java:184)
	at org.springframework.aop.framework.CglibAopProxy$DynamicAdvisedInterceptor.intercept(CglibAopProxy.java:728)
	at edu.market.notification.infrastructure.adapter.output.persistence.NotificationRepositoryAdapter$$SpringCGLIB$$0.save(<generated>)
	at edu.market.notification.application.usecase.notification.SendNotificationUseCase.send(SendNotificationUseCase.java:76)
	at java.base/jdk.internal.reflect.DirectMethodHandleAccessor.invoke(DirectMethodHandleAccessor.java:103)
	at java.base/java.lang.reflect.Method.invoke(Method.java:580)
	at org.springframework.aop.support.AopUtils.invokeJoinpointUsingReflection(AopUtils.java:359)
	at org.springframework.aop.framework.ReflectiveMethodInvocation.invokeJoinpoint(ReflectiveMethodInvocation.java:196)
	at org.springframework.aop.framework.ReflectiveMethodInvocation.proceed(ReflectiveMethodInvocation.java:163)
	at org.springframework.aop.aspectj.MethodInvocationProceedingJoinPoint.proceed(MethodInvocationProceedingJoinPoint.java:89)
	at edu.market.notification.infrastructure.crosscutting.MetricsCollectionAspect.collectMetrics(MetricsCollectionAspect.java:84)
	at java.base/jdk.internal.reflect.DirectMethodHandleAccessor.invoke(DirectMethodHandleAccessor.java:103)
	at java.base/java.lang.reflect.Method.invoke(Method.java:580)
	at org.springframework.aop.aspectj.AbstractAspectJAdvice.invokeAdviceMethodWithGivenArgs(AbstractAspectJAdvice.java:642)
	at org.springframework.aop.aspectj.AbstractAspectJAdvice.invokeAdviceMethod(AbstractAspectJAdvice.java:632)
	at org.springframework.aop.aspectj.AspectJAroundAdvice.invoke(AspectJAroundAdvice.java:71)
	at org.springframework.aop.framework.ReflectiveMethodInvocation.proceed(ReflectiveMethodInvocation.java:184)
	at org.springframework.aop.aspectj.AspectJAfterThrowingAdvice.invoke(AspectJAfterThrowingAdvice.java:64)
	at org.springframework.aop.framework.ReflectiveMethodInvocation.proceed(ReflectiveMethodInvocation.java:184)
	at org.springframework.aop.interceptor.ExposeInvocationInterceptor.invoke(ExposeInvocationInterceptor.java:97)
	at org.springframework.aop.framework.ReflectiveMethodInvocation.proceed(ReflectiveMethodInvocation.java:184)
	at org.springframework.aop.framework.CglibAopProxy$DynamicAdvisedInterceptor.intercept(CglibAopProxy.java:728)
	at edu.market.notification.application.usecase.notification.SendNotificationUseCase$$SpringCGLIB$$0.send(<generated>)
	at edu.market.notification.infrastructure.adapter.input.web.controller.NotificationController.sendNotification(NotificationController.java:156)
	at java.base/jdk.internal.reflect.DirectMethodHandleAccessor.invoke(DirectMethodHandleAccessor.java:103)
	at java.base/java.lang.reflect.Method.invoke(Method.java:580)
	at org.springframework.aop.support.AopUtils.invokeJoinpointUsingReflection(AopUtils.java:359)
	at org.springframework.aop.framework.ReflectiveMethodInvocation.invokeJoinpoint(ReflectiveMethodInvocation.java:196)
	at org.springframework.aop.framework.ReflectiveMethodInvocation.proceed(ReflectiveMethodInvocation.java:163)
	at org.springframework.aop.aspectj.MethodInvocationProceedingJoinPoint.proceed(MethodInvocationProceedingJoinPoint.java:89)
	at edu.market.notification.infrastructure.crosscutting.MetricsCollectionAspect.collectMetrics(MetricsCollectionAspect.java:84)
	at java.base/jdk.internal.reflect.DirectMethodHandleAccessor.invoke(DirectMethodHandleAccessor.java:103)
	at java.base/java.lang.reflect.Method.invoke(Method.java:580)
	at org.springframework.aop.aspectj.AbstractAspectJAdvice.invokeAdviceMethodWithGivenArgs(AbstractAspectJAdvice.java:642)
	at org.springframework.aop.aspectj.AbstractAspectJAdvice.invokeAdviceMethod(AbstractAspectJAdvice.java:632)
	at org.springframework.aop.aspectj.AspectJAroundAdvice.invoke(AspectJAroundAdvice.java:71)
	at org.springframework.aop.framework.ReflectiveMethodInvocation.proceed(ReflectiveMethodInvocation.java:184)
	at org.springframework.aop.aspectj.AspectJAfterThrowingAdvice.invoke(AspectJAfterThrowingAdvice.java:64)
	at org.springframework.aop.framework.ReflectiveMethodInvocation.proceed(ReflectiveMethodInvocation.java:184)
	at org.springframework.aop.interceptor.ExposeInvocationInterceptor.invoke(ExposeInvocationInterceptor.java:97)
	at org.springframework.aop.framework.ReflectiveMethodInvocation.proceed(ReflectiveMethodInvocation.java:184)
	at org.springframework.aop.framework.CglibAopProxy$DynamicAdvisedInterceptor.intercept(CglibAopProxy.java:728)
	at edu.market.notification.infrastructure.adapter.input.web.controller.NotificationController$$SpringCGLIB$$0.sendNotification(<generated>)
	at java.base/jdk.internal.reflect.DirectMethodHandleAccessor.invoke(DirectMethodHandleAccessor.java:103)
	at java.base/java.lang.reflect.Method.invoke(Method.java:580)
	at org.springframework.web.method.support.InvocableHandlerMethod.doInvoke(InvocableHandlerMethod.java:258)
	at org.springframework.web.method.support.InvocableHandlerMethod.invokeForRequest(InvocableHandlerMethod.java:191)
	at org.springframework.web.servlet.mvc.method.annotation.ServletInvocableHandlerMethod.invokeAndHandle(ServletInvocableHandlerMethod.java:118)
	at org.springframework.web.servlet.mvc.method.annotation.RequestMappingHandlerAdapter.invokeHandlerMethod(RequestMappingHandlerAdapter.java:986)
	at org.springframework.web.servlet.mvc.method.annotation.RequestMappingHandlerAdapter.handleInternal(RequestMappingHandlerAdapter.java:891)
	at org.springframework.web.servlet.mvc.method.AbstractHandlerMethodAdapter.handle(AbstractHandlerMethodAdapter.java:87)
	at org.springframework.web.servlet.DispatcherServlet.doDispatch(DispatcherServlet.java:1089)
	at org.springframework.web.servlet.DispatcherServlet.doService(DispatcherServlet.java:979)
	at org.springframework.web.servlet.FrameworkServlet.processRequest(FrameworkServlet.java:1014)
	at org.springframework.web.servlet.FrameworkServlet.doPost(FrameworkServlet.java:914)
	at jakarta.servlet.http.HttpServlet.service(HttpServlet.java:590)
	at org.springframework.web.servlet.FrameworkServlet.service(FrameworkServlet.java:885)
	at jakarta.servlet.http.HttpServlet.service(HttpServlet.java:658)
	at org.apache.catalina.core.ApplicationFilterChain.internalDoFilter(ApplicationFilterChain.java:195)
	at org.apache.catalina.core.ApplicationFilterChain.doFilter(ApplicationFilterChain.java:140)
	at org.apache.tomcat.websocket.server.WsFilter.doFilter(WsFilter.java:51)
	at org.apache.catalina.core.ApplicationFilterChain.internalDoFilter(ApplicationFilterChain.java:164)
	at org.apache.catalina.core.ApplicationFilterChain.doFilter(ApplicationFilterChain.java:140)
	at org.springframework.web.filter.CompositeFilter$VirtualFilterChain.doFilter(CompositeFilter.java:108)
	at org.springframework.security.web.FilterChainProxy.lambda$doFilterInternal$3(FilterChainProxy.java:231)
	at org.springframework.security.web.ObservationFilterChainDecorator$FilterObservation$SimpleFilterObservation.lambda$wrap$1(ObservationFilterChainDecorator.java:479)
	at org.springframework.security.web.ObservationFilterChainDecorator$AroundFilterObservation$SimpleAroundFilterObservation.lambda$wrap$1(ObservationFilterChainDecorator.java:340)
	at org.springframework.security.web.ObservationFilterChainDecorator.lambda$wrapSecured$0(ObservationFilterChainDecorator.java:82)
	at org.springframework.security.web.ObservationFilterChainDecorator$VirtualFilterChain.doFilter(ObservationFilterChainDecorator.java:128)
	at org.springframework.security.web.access.intercept.AuthorizationFilter.doFilter(AuthorizationFilter.java:101)
	at org.springframework.security.web.ObservationFilterChainDecorator$ObservationFilter.wrapFilter(ObservationFilterChainDecorator.java:240)
	at org.springframework.security.web.ObservationFilterChainDecorator$ObservationFilter.doFilter(ObservationFilterChainDecorator.java:227)
	at org.springframework.security.web.ObservationFilterChainDecorator$VirtualFilterChain.doFilter(ObservationFilterChainDecorator.java:137)
	at org.springframework.security.web.access.ExceptionTranslationFilter.doFilter(ExceptionTranslationFilter.java:126)
	at org.springframework.security.web.access.ExceptionTranslationFilter.doFilter(ExceptionTranslationFilter.java:120)
	at org.springframework.security.web.ObservationFilterChainDecorator$ObservationFilter.wrapFilter(ObservationFilterChainDecorator.java:240)
	at org.springframework.security.web.ObservationFilterChainDecorator$ObservationFilter.doFilter(ObservationFilterChainDecorator.java:227)
	at org.springframework.security.web.ObservationFilterChainDecorator$VirtualFilterChain.doFilter(ObservationFilterChainDecorator.java:137)
	at org.springframework.security.web.authentication.AnonymousAuthenticationFilter.doFilter(AnonymousAuthenticationFilter.java:100)
	at org.springframework.security.web.ObservationFilterChainDecorator$ObservationFilter.wrapFilter(ObservationFilterChainDecorator.java:240)
	at org.springframework.security.web.ObservationFilterChainDecorator$ObservationFilter.doFilter(ObservationFilterChainDecorator.java:227)
	at org.springframework.security.web.ObservationFilterChainDecorator$VirtualFilterChain.doFilter(ObservationFilterChainDecorator.java:137)
	at org.springframework.security.web.servletapi.SecurityContextHolderAwareRequestFilter.doFilter(SecurityContextHolderAwareRequestFilter.java:179)
	at org.springframework.security.web.ObservationFilterChainDecorator$ObservationFilter.wrapFilter(ObservationFilterChainDecorator.java:240)
	at org.springframework.security.web.ObservationFilterChainDecorator$ObservationFilter.doFilter(ObservationFilterChainDecorator.java:227)
	at org.springframework.security.web.ObservationFilterChainDecorator$VirtualFilterChain.doFilter(ObservationFilterChainDecorator.java:137)
	at org.springframework.security.web.savedrequest.RequestCacheAwareFilter.doFilter(RequestCacheAwareFilter.java:63)
	at org.springframework.security.web.ObservationFilterChainDecorator$ObservationFilter.wrapFilter(ObservationFilterChainDecorator.java:240)
	at org.springframework.security.web.ObservationFilterChainDecorator$ObservationFilter.doFilter(ObservationFilterChainDecorator.java:227)
	at org.springframework.security.web.ObservationFilterChainDecorator$VirtualFilterChain.doFilter(ObservationFilterChainDecorator.java:137)
	at org.springframework.security.web.authentication.logout.LogoutFilter.doFilter(LogoutFilter.java:107)
	at org.springframework.security.web.authentication.logout.LogoutFilter.doFilter(LogoutFilter.java:93)
	at org.springframework.security.web.ObservationFilterChainDecorator$ObservationFilter.wrapFilter(ObservationFilterChainDecorator.java:240)
	at org.springframework.security.web.ObservationFilterChainDecorator$ObservationFilter.doFilter(ObservationFilterChainDecorator.java:227)
	at org.springframework.security.web.ObservationFilterChainDecorator$VirtualFilterChain.doFilter(ObservationFilterChainDecorator.java:137)
	at org.springframework.security.web.header.HeaderWriterFilter.doHeadersAfter(HeaderWriterFilter.java:90)
	at org.springframework.security.web.header.HeaderWriterFilter.doFilterInternal(HeaderWriterFilter.java:75)
	at org.springframework.web.filter.OncePerRequestFilter.doFilter(OncePerRequestFilter.java:116)
	at org.springframework.security.web.ObservationFilterChainDecorator$ObservationFilter.wrapFilter(ObservationFilterChainDecorator.java:240)
	at org.springframework.security.web.ObservationFilterChainDecorator$ObservationFilter.doFilter(ObservationFilterChainDecorator.java:227)
	at org.springframework.security.web.ObservationFilterChainDecorator$VirtualFilterChain.doFilter(ObservationFilterChainDecorator.java:137)
	at org.springframework.security.web.context.SecurityContextHolderFilter.doFilter(SecurityContextHolderFilter.java:82)
	at org.springframework.security.web.context.SecurityContextHolderFilter.doFilter(SecurityContextHolderFilter.java:69)
	at org.springframework.security.web.ObservationFilterChainDecorator$ObservationFilter.wrapFilter(ObservationFilterChainDecorator.java:240)
	at org.springframework.security.web.ObservationFilterChainDecorator$ObservationFilter.doFilter(ObservationFilterChainDecorator.java:227)
	at org.springframework.security.web.ObservationFilterChainDecorator$VirtualFilterChain.doFilter(ObservationFilterChainDecorator.java:137)
	at org.springframework.security.web.context.request.async.WebAsyncManagerIntegrationFilter.doFilterInternal(WebAsyncManagerIntegrationFilter.java:62)
	at org.springframework.web.filter.OncePerRequestFilter.doFilter(OncePerRequestFilter.java:116)
	at org.springframework.security.web.ObservationFilterChainDecorator$ObservationFilter.wrapFilter(ObservationFilterChainDecorator.java:240)
	at org.springframework.security.web.ObservationFilterChainDecorator$ObservationFilter.doFilter(ObservationFilterChainDecorator.java:227)
	at org.springframework.security.web.ObservationFilterChainDecorator$VirtualFilterChain.doFilter(ObservationFilterChainDecorator.java:137)
	at org.springframework.security.web.session.DisableEncodeUrlFilter.doFilterInternal(DisableEncodeUrlFilter.java:42)
	at org.springframework.web.filter.OncePerRequestFilter.doFilter(OncePerRequestFilter.java:116)
	at org.springframework.security.web.ObservationFilterChainDecorator$ObservationFilter.wrapFilter(ObservationFilterChainDecorator.java:240)
	at org.springframework.security.web.ObservationFilterChainDecorator$AroundFilterObservation$SimpleAroundFilterObservation.lambda$wrap$0(ObservationFilterChainDecorator.java:323)
	at org.springframework.security.web.ObservationFilterChainDecorator$ObservationFilter.doFilter(ObservationFilterChainDecorator.java:224)
	at org.springframework.security.web.ObservationFilterChainDecorator$VirtualFilterChain.doFilter(ObservationFilterChainDecorator.java:137)
	at org.springframework.security.web.FilterChainProxy.doFilterInternal(FilterChainProxy.java:233)
	at org.springframework.security.web.FilterChainProxy.doFilter(FilterChainProxy.java:191)
	at org.springframework.web.filter.CompositeFilter$VirtualFilterChain.doFilter(CompositeFilter.java:113)
	at org.springframework.web.servlet.handler.HandlerMappingIntrospector.lambda$createCacheFilter$3(HandlerMappingIntrospector.java:243)
	at org.springframework.web.filter.CompositeFilter$VirtualFilterChain.doFilter(CompositeFilter.java:113)
	at org.springframework.web.filter.CompositeFilter.doFilter(CompositeFilter.java:74)
	at org.springframework.security.config.annotation.web.configuration.WebMvcSecurityConfiguration$CompositeFilterChainProxy.doFilter(WebMvcSecurityConfiguration.java:238)
	at org.springframework.web.filter.DelegatingFilterProxy.invokeDelegate(DelegatingFilterProxy.java:362)
	at org.springframework.web.filter.DelegatingFilterProxy.doFilter(DelegatingFilterProxy.java:278)
	at org.apache.catalina.core.ApplicationFilterChain.internalDoFilter(ApplicationFilterChain.java:164)
	at org.apache.catalina.core.ApplicationFilterChain.doFilter(ApplicationFilterChain.java:140)
	at org.springframework.web.filter.RequestContextFilter.doFilterInternal(RequestContextFilter.java:100)
	at org.springframework.web.filter.OncePerRequestFilter.doFilter(OncePerRequestFilter.java:116)
	at org.apache.catalina.core.ApplicationFilterChain.internalDoFilter(ApplicationFilterChain.java:164)
	at org.apache.catalina.core.ApplicationFilterChain.doFilter(ApplicationFilterChain.java:140)
	at org.springframework.web.filter.FormContentFilter.doFilterInternal(FormContentFilter.java:93)
	at org.springframework.web.filter.OncePerRequestFilter.doFilter(OncePerRequestFilter.java:116)
	at org.apache.catalina.core.ApplicationFilterChain.internalDoFilter(ApplicationFilterChain.java:164)
	at org.apache.catalina.core.ApplicationFilterChain.doFilter(ApplicationFilterChain.java:140)
	at org.springframework.web.filter.ServerHttpObservationFilter.doFilterInternal(ServerHttpObservationFilter.java:114)
	at org.springframework.web.filter.OncePerRequestFilter.doFilter(OncePerRequestFilter.java:116)
	at org.apache.catalina.core.ApplicationFilterChain.internalDoFilter(ApplicationFilterChain.java:164)
	at org.apache.catalina.core.ApplicationFilterChain.doFilter(ApplicationFilterChain.java:140)
	at org.springframework.web.filter.CharacterEncodingFilter.doFilterInternal(CharacterEncodingFilter.java:201)
	at org.springframework.web.filter.OncePerRequestFilter.doFilter(OncePerRequestFilter.java:116)
	at org.apache.catalina.core.ApplicationFilterChain.internalDoFilter(ApplicationFilterChain.java:164)
	at org.apache.catalina.core.ApplicationFilterChain.doFilter(ApplicationFilterChain.java:140)
	at org.apache.catalina.core.StandardWrapperValve.invoke(StandardWrapperValve.java:167)
	at org.apache.catalina.core.StandardContextValve.invoke(StandardContextValve.java:90)
	at org.apache.catalina.authenticator.AuthenticatorBase.invoke(AuthenticatorBase.java:483)
	at org.apache.catalina.core.StandardHostValve.invoke(StandardHostValve.java:116)
	at org.apache.catalina.valves.ErrorReportValve.invoke(ErrorReportValve.java:93)
	at org.apache.catalina.core.StandardEngineValve.invoke(StandardEngineValve.java:74)
	at org.apache.catalina.connector.CoyoteAdapter.service(CoyoteAdapter.java:344)
	at org.apache.coyote.http11.Http11Processor.service(Http11Processor.java:398)
	at org.apache.coyote.AbstractProcessorLight.process(AbstractProcessorLight.java:63)
	at org.apache.coyote.AbstractProtocol$ConnectionHandler.process(AbstractProtocol.java:903)
	at org.apache.tomcat.util.net.NioEndpoint$SocketProcessor.doRun(NioEndpoint.java:1740)
	at org.apache.tomcat.util.net.SocketProcessorBase.run(SocketProcessorBase.java:52)
	at org.apache.tomcat.util.threads.ThreadPoolExecutor.runWorker(ThreadPoolExecutor.java:1189)
	at org.apache.tomcat.util.threads.ThreadPoolExecutor$Worker.run(ThreadPoolExecutor.java:658)
	at org.apache.tomcat.util.threads.TaskThread$WrappingRunnable.run(TaskThread.java:63)
	at java.base/java.lang.Thread.run(Thread.java:1583)
Caused by: java.lang.StackOverflowError: null
	at edu.market.notification.infrastructure.adapter.output.persistence.entity.NotificationChannelEntity.hashCode(NotificationChannelEntity.java:13)
	at java.base/java.util.AbstractSet.hashCode(AbstractSet.java:124)
	at edu.market.notification.infrastructure.adapter.output.persistence.entity.NotificationEntity.hashCode(NotificationEntity.java:21)
	at edu.market.notification.infrastructure.adapter.output.persistence.entity.NotificationChannelEntity.hashCode(NotificationChannelEntity.java:13)
	at java.base/java.util.AbstractSet.hashCode(AbstractSet.java:124)
	at edu.market.notification.infrastructure.adapter.output.persistence.entity.NotificationEntity.hashCode(NotificationEntity.java:21)
	at edu.market.notification.infrastructure.adapter.output.persistence.entity.NotificationChannelEntity.hashCode(NotificationChannelEntity.java:13)
	at java.base/java.util.AbstractSet.hashCode(AbstractSet.java:124)
	at edu.market.notification.infrastructure.adapter.output.persistence.entity.NotificationEntity.hashCode(NotificationEntity.java:21)
	at edu.market.notification.infrastructure.adapter.output.persistence.entity.NotificationChannelEntity.hashCode(NotificationChannelEntity.java:13)
	at java.base/java.util.AbstractSet.hashCode(AbstractSet.java:124)
	at edu.market.notification.infrastructure.adapter.output.persistence.entity.NotificationEntity.hashCode(NotificationEntity.java:21)
	at edu.market.notification.infrastructure.adapter.output.persistence.entity.NotificationChannelEntity.hashCode(NotificationChannelEntity.java:13)
	at java.base/java.util.AbstractSet.hashCode(AbstractSet.java:124)
	at edu.market.notification.infrastructure.adapter.output.persistence.entity.NotificationEntity.hashCode(NotificationEntity.java:21)
	at edu.market.notification.infrastructure.adapter.output.persistence.entity.NotificationChannelEntity.hashCode(NotificationChannelEntity.java:13)
	at java.base/java.util.AbstractSet.hashCode(AbstractSet.java:124)
	at edu.market.notification.infrastructure.adapter.output.persistence.entity.NotificationEntity.hashCode(NotificationEntity.java:21)
	at edu.market.notification.infrastructure.adapter.output.persistence.entity.NotificationChannelEntity.hashCode(NotificationChannelEntity.java:13)
	at java.base/java.util.AbstractSet.hashCode(AbstractSet.java:124)
	at edu.market.notification.infrastructure.adapter.output.persistence.entity.NotificationEntity.hashCode(NotificationEntity.java:21)
	at edu.market.notification.infrastructure.adapter.output.persistence.entity.NotificationChannelEntity.hashCode(NotificationChannelEntity.java:13)
	at java.base/java.util.AbstractSet.hashCode(AbstractSet.java:124)
	at edu.market.notification.infrastructure.adapter.output.persistence.entity.NotificationEntity.hashCode(NotificationEntity.java:21)
	at edu.market.notification.infrastructure.adapter.output.persistence.entity.NotificationChannelEntity.hashCode(NotificationChannelEntity.java:13)
	at java.base/java.util.AbstractSet.hashCode(AbstractSet.java:124)
	at edu.market.notification.infrastructure.adapter.output.persistence.entity.NotificationEntity.hashCode(NotificationEntity.java:21)
	at edu.market.notification.infrastructure.adapter.output.persistence.entity.NotificationChannelEntity.hashCode(NotificationChannelEntity.java:13)
	at java.base/java.util.AbstractSet.hashCode(AbstractSet.java:124)
	at edu.market.notification.infrastructure.adapter.output.persistence.entity.NotificationEntity.hashCode(NotificationEntity.java:21)
	at edu.market.notification.infrastructure.adapter.output.persistence.entity.NotificationChannelEntity.hashCode(NotificationChannelEntity.java:13)
	at java.base/java.util.AbstractSet.hashCode(AbstractSet.java:124)
	at edu.market.notification.infrastructure.adapter.output.persistence.entity.NotificationEntity.hashCode(NotificationEntity.java:21)
	at edu.market.notification.infrastructure.adapter.output.persistence.entity.NotificationChannelEntity.hashCode(NotificationChannelEntity.java:13)
	at java.base/java.util.AbstractSet.hashCode(AbstractSet.java:124)
	at edu.market.notification.infrastructure.adapter.output.persistence.entity.NotificationEntity.hashCode(NotificationEntity.java:21)
	at edu.market.notification.infrastructure.adapter.output.persistence.entity.NotificationChannelEntity.hashCode(NotificationChannelEntity.java:13)
	at java.base/java.util.AbstractSet.hashCode(AbstractSet.java:124)
	at edu.market.notification.infrastructure.adapter.output.persistence.entity.NotificationEntity.hashCode(NotificationEntity.java:21)
	at edu.market.notification.infrastructure.adapter.output.persistence.entity.NotificationChannelEntity.hashCode(NotificationChannelEntity.java:13)
	at java.base/java.util.AbstractSet.hashCode(AbstractSet.java:124)
	at edu.market.notification.infrastructure.adapter.output.persistence.entity.NotificationEntity.hashCode(NotificationEntity.java:21)
	at edu.market.notification.infrastructure.adapter.output.persistence.entity.NotificationChannelEntity.hashCode(NotificationChannelEntity.java:13)
	at java.base/java.util.AbstractSet.hashCode(AbstractSet.java:124)
	at edu.market.notification.infrastructure.adapter.output.persistence.entity.NotificationEntity.hashCode(NotificationEntity.java:21)
	at edu.market.notification.infrastructure.adapter.output.persistence.entity.NotificationChannelEntity.hashCode(NotificationChannelEntity.java:13)
	at java.base/java.util.AbstractSet.hashCode(AbstractSet.java:124)
	at edu.market.notification.infrastructure.adapter.output.persistence.entity.NotificationEntity.hashCode(NotificationEntity.java:21)
	at edu.market.notification.infrastructure.adapter.output.persistence.entity.NotificationChannelEntity.hashCode(NotificationChannelEntity.java:13)
	at java.base/java.util.AbstractSet.hashCode(AbstractSet.java:124)
	at edu.market.notification.infrastructure.adapter.output.persistence.entity.NotificationEntity.hashCode(NotificationEntity.java:21)
	at edu.market.notification.infrastructure.adapter.output.persistence.entity.NotificationChannelEntity.hashCode(NotificationChannelEntity.java:13)
	at java.base/java.util.AbstractSet.hashCode(AbstractSet.java:124)
	at edu.market.notification.infrastructure.adapter.output.persistence.entity.NotificationEntity.hashCode(NotificationEntity.java:21)
	at edu.market.notification.infrastructure.adapter.output.persistence.entity.NotificationChannelEntity.hashCode(NotificationChannelEntity.java:13)
	at java.base/java.util.AbstractSet.hashCode(AbstractSet.java:124)
	at edu.market.notification.infrastructure.adapter.output.persistence.entity.NotificationEntity.hashCode(NotificationEntity.java:21)
	at edu.market.notification.infrastructure.adapter.output.persistence.entity.NotificationChannelEntity.hashCode(NotificationChannelEntity.java:13)
	at java.base/java.util.AbstractSet.hashCode(AbstractSet.java:124)
	at edu.market.notification.infrastructure.adapter.output.persistence.entity.NotificationEntity.hashCode(NotificationEntity.java:21)
	at edu.market.notification.infrastructure.adapter.output.persistence.entity.NotificationChannelEntity.hashCode(NotificationChannelEntity.java:13)
	at java.base/java.util.AbstractSet.hashCode(AbstractSet.java:124)
	at edu.market.notification.infrastructure.adapter.output.persistence.entity.NotificationEntity.hashCode(NotificationEntity.java:21)
	at edu.market.notification.infrastructure.adapter.output.persistence.entity.NotificationChannelEntity.hashCode(NotificationChannelEntity.java:13)
	at java.base/java.util.AbstractSet.hashCode(AbstractSet.java:124)
	at edu.market.notification.infrastructure.adapter.output.persistence.entity.NotificationEntity.hashCode(NotificationEntity.java:21)
	at edu.market.notification.infrastructure.adapter.output.persistence.entity.NotificationChannelEntity.hashCode(NotificationChannelEntity.java:13)
	at java.base/java.util.AbstractSet.hashCode(AbstractSet.java:124)
	at edu.market.notification.infrastructure.adapter.output.persistence.entity.NotificationEntity.hashCode(NotificationEntity.java:21)
	at edu.market.notification.infrastructure.adapter.output.persistence.entity.NotificationChannelEntity.hashCode(NotificationChannelEntity.java:13)
	at java.base/java.util.AbstractSet.hashCode(AbstractSet.java:124)
	at edu.market.notification.infrastructure.adapter.output.persistence.entity.NotificationEntity.hashCode(NotificationEntity.java:21)
	at edu.market.notification.infrastructure.adapter.output.persistence.entity.NotificationChannelEntity.hashCode(NotificationChannelEntity.java:13)
	at java.base/java.util.AbstractSet.hashCode(AbstractSet.java:124)
	at edu.market.notification.infrastructure.adapter.output.persistence.entity.NotificationEntity.hashCode(NotificationEntity.java:21)
	at edu.market.notification.infrastructure.adapter.output.persistence.entity.NotificationChannelEntity.hashCode(NotificationChannelEntity.java:13)
	at java.base/java.util.AbstractSet.hashCode(AbstractSet.java:124)
	at edu.market.notification.infrastructure.adapter.output.persistence.entity.NotificationEntity.hashCode(NotificationEntity.java:21)
	at edu.market.notification.infrastructure.adapter.output.persistence.entity.NotificationChannelEntity.hashCode(NotificationChannelEntity.java:13)
	at java.base/java.util.AbstractSet.hashCode(AbstractSet.java:124)
	at edu.market.notification.infrastructure.adapter.output.persistence.entity.NotificationEntity.hashCode(NotificationEntity.java:21)
	at edu.market.notification.infrastructure.adapter.output.persistence.entity.NotificationChannelEntity.hashCode(NotificationChannelEntity.java:13)
	at java.base/java.util.AbstractSet.hashCode(AbstractSet.java:124)
	at edu.market.notification.infrastructure.adapter.output.persistence.entity.NotificationEntity.hashCode(NotificationEntity.java:21)
	at edu.market.notification.infrastructure.adapter.output.persistence.entity.NotificationChannelEntity.hashCode(NotificationChannelEntity.java:13)
	at java.base/java.util.AbstractSet.hashCode(AbstractSet.java:124)
	at edu.market.notification.infrastructure.adapter.output.persistence.entity.NotificationEntity.hashCode(NotificationEntity.java:21)
	at edu.market.notification.infrastructure.adapter.output.persistence.entity.NotificationChannelEntity.hashCode(NotificationChannelEntity.java:13)
	at java.base/java.util.AbstractSet.hashCode(AbstractSet.java:124)
	at edu.market.notification.infrastructure.adapter.output.persistence.entity.NotificationEntity.hashCode(NotificationEntity.java:21)
	at edu.market.notification.infrastructure.adapter.output.persistence.entity.NotificationChannelEntity.hashCode(NotificationChannelEntity.java:13)
	at java.base/java.util.AbstractSet.hashCode(AbstractSet.java:124)
	at edu.market.notification.infrastructure.adapter.output.persistence.entity.NotificationEntity.hashCode(NotificationEntity.java:21)
	at edu.market.notification.infrastructure.adapter.output.persistence.entity.NotificationChannelEntity.hashCode(NotificationChannelEntity.java:13)
	at java.base/java.util.AbstractSet.hashCode(AbstractSet.java:124)
	at edu.market.notification.infrastructure.adapter.output.persistence.entity.NotificationEntity.hashCode(NotificationEntity.java:21)
	at edu.market.notification.infrastructure.adapter.output.persistence.entity.NotificationChannelEntity.hashCode(NotificationChannelEntity.java:13)
	at java.base/java.util.AbstractSet.hashCode(AbstractSet.java:124)
	at edu.market.notification.infrastructure.adapter.output.persistence.entity.NotificationEntity.hashCode(NotificationEntity.java:21)
	at edu.market.notification.infrastructure.adapter.output.persistence.entity.NotificationChannelEntity.hashCode(NotificationChannelEntity.java:13)
	at java.base/java.util.AbstractSet.hashCode(AbstractSet.java:124)
	at edu.market.notification.infrastructure.adapter.output.persistence.entity.NotificationEntity.hashCode(NotificationEntity.java:21)
	at edu.market.notification.infrastructure.adapter.output.persistence.entity.NotificationChannelEntity.hashCode(NotificationChannelEntity.java:13)
	at java.base/java.util.AbstractSet.hashCode(AbstractSet.java:124)
	at edu.market.notification.infrastructure.adapter.output.persistence.entity.NotificationEntity.hashCode(NotificationEntity.java:21)
	at edu.market.notification.infrastructure.adapter.output.persistence.entity.NotificationChannelEntity.hashCode(NotificationChannelEntity.java:13)
	at java.base/java.util.AbstractSet.hashCode(AbstractSet.java:124)
	at edu.market.notification.infrastructure.adapter.output.persistence.entity.NotificationEntity.hashCode(NotificationEntity.java:21)
	at edu.market.notification.infrastructure.adapter.output.persistence.entity.NotificationChannelEntity.hashCode(NotificationChannelEntity.java:13)
	at java.base/java.util.AbstractSet.hashCode(AbstractSet.java:124)
	at edu.market.notification.infrastructure.adapter.output.persistence.entity.NotificationEntity.hashCode(NotificationEntity.java:21)
	at edu.market.notification.infrastructure.adapter.output.persistence.entity.NotificationChannelEntity.hashCode(NotificationChannelEntity.java:13)
	at java.base/java.util.AbstractSet.hashCode(AbstractSet.java:124)
	at edu.market.notification.infrastructure.adapter.output.persistence.entity.NotificationEntity.hashCode(NotificationEntity.java:21)
	at edu.market.notification.infrastructure.adapter.output.persistence.entity.NotificationChannelEntity.hashCode(NotificationChannelEntity.java:13)
	at java.base/java.util.AbstractSet.hashCode(AbstractSet.java:124)
	at edu.market.notification.infrastructure.adapter.output.persistence.entity.NotificationEntity.hashCode(NotificationEntity.java:21)
	at edu.market.notification.infrastructure.adapter.output.persistence.entity.NotificationChannelEntity.hashCode(NotificationChannelEntity.java:13)
	at java.base/java.util.AbstractSet.hashCode(AbstractSet.java:124)
	at edu.market.notification.infrastructure.adapter.output.persistence.entity.NotificationEntity.hashCode(NotificationEntity.java:21)
	at edu.market.notification.infrastructure.adapter.output.persistence.entity.NotificationChannelEntity.hashCode(NotificationChannelEntity.java:13)
	at java.base/java.util.AbstractSet.hashCode(AbstractSet.java:124)
	at edu.market.notification.infrastructure.adapter.output.persistence.entity.NotificationEntity.hashCode(NotificationEntity.java:21)
	at edu.market.notification.infrastructure.adapter.output.persistence.entity.NotificationChannelEntity.hashCode(NotificationChannelEntity.java:13)
	at java.base/java.util.AbstractSet.hashCode(AbstractSet.java:124)
	at edu.market.notification.infrastructure.adapter.output.persistence.entity.NotificationEntity.hashCode(NotificationEntity.java:21)
	at edu.market.notification.infrastructure.adapter.output.persistence.entity.NotificationChannelEntity.hashCode(NotificationChannelEntity.java:13)
	at java.base/java.util.AbstractSet.hashCode(AbstractSet.java:124)
	at edu.market.notification.infrastructure.adapter.output.persistence.entity.NotificationEntity.hashCode(NotificationEntity.java:21)
	at edu.market.notification.infrastructure.adapter.output.persistence.entity.NotificationChannelEntity.hashCode(NotificationChannelEntity.java:13)
	at java.base/java.util.AbstractSet.hashCode(AbstractSet.java:124)
	at edu.market.notification.infrastructure.adapter.output.persistence.entity.NotificationEntity.hashCode(NotificationEntity.java:21)
	at edu.market.notification.infrastructure.adapter.output.persistence.entity.NotificationChannelEntity.hashCode(NotificationChannelEntity.java:13)
	at java.base/java.util.AbstractSet.hashCode(AbstractSet.java:124)
	at edu.market.notification.infrastructure.adapter.output.persistence.entity.NotificationEntity.hashCode(NotificationEntity.java:21)
	at edu.market.notification.infrastructure.adapter.output.persistence.entity.NotificationChannelEntity.hashCode(NotificationChannelEntity.java:13)
	at java.base/java.util.AbstractSet.hashCode(AbstractSet.java:124)
	at edu.market.notification.infrastructure.adapter.output.persistence.entity.NotificationEntity.hashCode(NotificationEntity.java:21)
	at edu.market.notification.infrastructure.adapter.output.persistence.entity.NotificationChannelEntity.hashCode(NotificationChannelEntity.java:13)
	at java.base/java.util.AbstractSet.hashCode(AbstractSet.java:124)
	at edu.market.notification.infrastructure.adapter.output.persistence.entity.NotificationEntity.hashCode(NotificationEntity.java:21)
	at edu.market.notification.infrastructure.adapter.output.persistence.entity.NotificationChannelEntity.hashCode(NotificationChannelEntity.java:13)
	at java.base/java.util.AbstractSet.hashCode(AbstractSet.java:124)
	at edu.market.notification.infrastructure.adapter.output.persistence.entity.NotificationEntity.hashCode(NotificationEntity.java:21)
	at edu.market.notification.infrastructure.adapter.output.persistence.entity.NotificationChannelEntity.hashCode(NotificationChannelEntity.java:13)
	at java.base/java.util.AbstractSet.hashCode(AbstractSet.java:124)
	at edu.market.notification.infrastructure.adapter.output.persistence.entity.NotificationEntity.hashCode(NotificationEntity.java:21)
	at edu.market.notification.infrastructure.adapter.output.persistence.entity.NotificationChannelEntity.hashCode(NotificationChannelEntity.java:13)
	at java.base/java.util.AbstractSet.hashCode(AbstractSet.java:124)
	at edu.market.notification.infrastructure.adapter.output.persistence.entity.NotificationEntity.hashCode(NotificationEntity.java:21)
	at edu.market.notification.infrastructure.adapter.output.persistence.entity.NotificationChannelEntity.hashCode(NotificationChannelEntity.java:13)
	at java.base/java.util.AbstractSet.hashCode(AbstractSet.java:124)
	at edu.market.notification.infrastructure.adapter.output.persistence.entity.NotificationEntity.hashCode(NotificationEntity.java:21)
	at edu.market.notification.infrastructure.adapter.output.persistence.entity.NotificationChannelEntity.hashCode(NotificationChannelEntity.java:13)
	at java.base/java.util.AbstractSet.hashCode(AbstractSet.java:124)
	at edu.market.notification.infrastructure.adapter.output.persistence.entity.NotificationEntity.hashCode(NotificationEntity.java:21)
	at edu.market.notification.infrastructure.adapter.output.persistence.entity.NotificationChannelEntity.hashCode(NotificationChannelEntity.java:13)
	at java.base/java.util.AbstractSet.hashCode(AbstractSet.java:124)
	at edu.market.notification.infrastructure.adapter.output.persistence.entity.NotificationEntity.hashCode(NotificationEntity.java:21)
	at edu.market.notification.infrastructure.adapter.output.persistence.entity.NotificationChannelEntity.hashCode(NotificationChannelEntity.java:13)
	at java.base/java.util.AbstractSet.hashCode(AbstractSet.java:124)
	at edu.market.notification.infrastructure.adapter.output.persistence.entity.NotificationEntity.hashCode(NotificationEntity.java:21)
	at edu.market.notification.infrastructure.adapter.output.persistence.entity.NotificationChannelEntity.hashCode(NotificationChannelEntity.java:13)
	at java.base/java.util.AbstractSet.hashCode(AbstractSet.java:124)
	at edu.market.notification.infrastructure.adapter.output.persistence.entity.NotificationEntity.hashCode(NotificationEntity.java:21)
	at edu.market.notification.infrastructure.adapter.output.persistence.entity.NotificationChannelEntity.hashCode(NotificationChannelEntity.java:13)
	at java.base/java.util.AbstractSet.hashCode(AbstractSet.java:124)
	at edu.market.notification.infrastructure.adapter.output.persistence.entity.NotificationEntity.hashCode(NotificationEntity.java:21)
	at edu.market.notification.infrastructure.adapter.output.persistence.entity.NotificationChannelEntity.hashCode(NotificationChannelEntity.java:13)
	at java.base/java.util.AbstractSet.hashCode(AbstractSet.java:124)
	at edu.market.notification.infrastructure.adapter.output.persistence.entity.NotificationEntity.hashCode(NotificationEntity.java:21)
	at edu.market.notification.infrastructure.adapter.output.persistence.entity.NotificationChannelEntity.hashCode(NotificationChannelEntity.java:13)
	at java.base/java.util.AbstractSet.hashCode(AbstractSet.java:124)
	at edu.market.notification.infrastructure.adapter.output.persistence.entity.NotificationEntity.hashCode(NotificationEntity.java:21)
	at edu.market.notification.infrastructure.adapter.output.persistence.entity.NotificationChannelEntity.hashCode(NotificationChannelEntity.java:13)
	at java.base/java.util.AbstractSet.hashCode(AbstractSet.java:124)
	at edu.market.notification.infrastructure.adapter.output.persistence.entity.NotificationEntity.hashCode(NotificationEntity.java:21)
	at edu.market.notification.infrastructure.adapter.output.persistence.entity.NotificationChannelEntity.hashCode(NotificationChannelEntity.java:13)
	at java.base/java.util.AbstractSet.hashCode(AbstractSet.java:124)
	at edu.market.notification.infrastructure.adapter.output.persistence.entity.NotificationEntity.hashCode(NotificationEntity.java:21)
	at edu.market.notification.infrastructure.adapter.output.persistence.entity.NotificationChannelEntity.hashCode(NotificationChannelEntity.java:13)
	at java.base/java.util.AbstractSet.hashCode(AbstractSet.java:124)
	at edu.market.notification.infrastructure.adapter.output.persistence.entity.NotificationEntity.hashCode(NotificationEntity.java:21)
	at edu.market.notification.infrastructure.adapter.output.persistence.entity.NotificationChannelEntity.hashCode(NotificationChannelEntity.java:13)
	at java.base/java.util.AbstractSet.hashCode(AbstractSet.java:124)
	at edu.market.notification.infrastructure.adapter.output.persistence.entity.NotificationEntity.hashCode(NotificationEntity.java:21)
	at edu.market.notification.infrastructure.adapter.output.persistence.entity.NotificationChannelEntity.hashCode(NotificationChannelEntity.java:13)
	at java.base/java.util.AbstractSet.hashCode(AbstractSet.java:124)
	at edu.market.notification.infrastructure.adapter.output.persistence.entity.NotificationEntity.hashCode(NotificationEntity.java:21)
	at edu.market.notification.infrastructure.adapter.output.persistence.entity.NotificationChannelEntity.hashCode(NotificationChannelEntity.java:13)
	at java.base/java.util.AbstractSet.hashCode(AbstractSet.java:124)
	at edu.market.notification.infrastructure.adapter.output.persistence.entity.NotificationEntity.hashCode(NotificationEntity.java:21)
	at edu.market.notification.infrastructure.adapter.output.persistence.entity.NotificationChannelEntity.hashCode(NotificationChannelEntity.java:13)
	at java.base/java.util.AbstractSet.hashCode(AbstractSet.java:124)
	at edu.market.notification.infrastructure.adapter.output.persistence.entity.NotificationEntity.hashCode(NotificationEntity.java:21)
	at edu.market.notification.infrastructure.adapter.output.persistence.entity.NotificationChannelEntity.hashCode(NotificationChannelEntity.java:13)
	at java.base/java.util.AbstractSet.hashCode(AbstractSet.java:124)
	at edu.market.notification.infrastructure.adapter.output.persistence.entity.NotificationEntity.hashCode(NotificationEntity.java:21)
	at edu.market.notification.infrastructure.adapter.output.persistence.entity.NotificationChannelEntity.hashCode(NotificationChannelEntity.java:13)
	at java.base/java.util.AbstractSet.hashCode(AbstractSet.java:124)
	at edu.market.notification.infrastructure.adapter.output.persistence.entity.NotificationEntity.hashCode(NotificationEntity.java:21)
	at edu.market.notification.infrastructure.adapter.output.persistence.entity.NotificationChannelEntity.hashCode(NotificationChannelEntity.java:13)
	at java.base/java.util.AbstractSet.hashCode(AbstractSet.java:124)
	at edu.market.notification.infrastructure.adapter.output.persistence.entity.NotificationEntity.hashCode(NotificationEntity.java:21)
	at edu.market.notification.infrastructure.adapter.output.persistence.entity.NotificationChannelEntity.hashCode(NotificationChannelEntity.java:13)
	at java.base/java.util.AbstractSet.hashCode(AbstractSet.java:124)
	at edu.market.notification.infrastructure.adapter.output.persistence.entity.NotificationEntity.hashCode(NotificationEntity.java:21)
	at edu.market.notification.infrastructure.adapter.output.persistence.entity.NotificationChannelEntity.hashCode(NotificationChannelEntity.java:13)
	at java.base/java.util.AbstractSet.hashCode(AbstractSet.java:124)
	at edu.market.notification.infrastructure.adapter.output.persistence.entity.NotificationEntity.hashCode(NotificationEntity.java:21)
	at edu.market.notification.infrastructure.adapter.output.persistence.entity.NotificationChannelEntity.hashCode(NotificationChannelEntity.java:13)
	at java.base/java.util.AbstractSet.hashCode(AbstractSet.java:124)
	at edu.market.notification.infrastructure.adapter.output.persistence.entity.NotificationEntity.hashCode(NotificationEntity.java:21)
	at edu.market.notification.infrastructure.adapter.output.persistence.entity.NotificationChannelEntity.hashCode(NotificationChannelEntity.java:13)
	at java.base/java.util.AbstractSet.hashCode(AbstractSet.java:124)
	at edu.market.notification.infrastructure.adapter.output.persistence.entity.NotificationEntity.hashCode(NotificationEntity.java:21)
	at edu.market.notification.infrastructure.adapter.output.persistence.entity.NotificationChannelEntity.hashCode(NotificationChannelEntity.java:13)
	at java.base/java.util.AbstractSet.hashCode(AbstractSet.java:124)
	at edu.market.notification.infrastructure.adapter.output.persistence.entity.NotificationEntity.hashCode(NotificationEntity.java:21)
	at edu.market.notification.infrastructure.adapter.output.persistence.entity.NotificationChannelEntity.hashCode(NotificationChannelEntity.java:13)
	at java.base/java.util.AbstractSet.hashCode(AbstractSet.java:124)
	at edu.market.notification.infrastructure.adapter.output.persistence.entity.NotificationEntity.hashCode(NotificationEntity.java:21)
	at edu.market.notification.infrastructure.adapter.output.persistence.entity.NotificationChannelEntity.hashCode(NotificationChannelEntity.java:13)
	at java.base/java.util.AbstractSet.hashCode(AbstractSet.java:124)
	at edu.market.notification.infrastructure.adapter.output.persistence.entity.NotificationEntity.hashCode(NotificationEntity.java:21)
	at edu.market.notification.infrastructure.adapter.output.persistence.entity.NotificationChannelEntity.hashCode(NotificationChannelEntity.java:13)
	at java.base/java.util.AbstractSet.hashCode(AbstractSet.java:124)
	at edu.market.notification.infrastructure.adapter.output.persistence.entity.NotificationEntity.hashCode(NotificationEntity.java:21)
	at edu.market.notification.infrastructure.adapter.output.persistence.entity.NotificationChannelEntity.hashCode(NotificationChannelEntity.java:13)
	at java.base/java.util.AbstractSet.hashCode(AbstractSet.java:124)
	at edu.market.notification.infrastructure.adapter.output.persistence.entity.NotificationEntity.hashCode(NotificationEntity.java:21)
	at edu.market.notification.infrastructure.adapter.output.persistence.entity.NotificationChannelEntity.hashCode(NotificationChannelEntity.java:13)
	at java.base/java.util.AbstractSet.hashCode(AbstractSet.java:124)
	at edu.market.notification.infrastructure.adapter.output.persistence.entity.NotificationEntity.hashCode(NotificationEntity.java:21)
	at edu.market.notification.infrastructure.adapter.output.persistence.entity.NotificationChannelEntity.hashCode(NotificationChannelEntity.java:13)
	at java.base/java.util.AbstractSet.hashCode(AbstractSet.java:124)
	at edu.market.notification.infrastructure.adapter.output.persistence.entity.NotificationEntity.hashCode(NotificationEntity.java:21)
	at edu.market.notification.infrastructure.adapter.output.persistence.entity.NotificationChannelEntity.hashCode(NotificationChannelEntity.java:13)
	at java.base/java.util.AbstractSet.hashCode(AbstractSet.java:124)
	at edu.market.notification.infrastructure.adapter.output.persistence.entity.NotificationEntity.hashCode(NotificationEntity.java:21)
	at edu.market.notification.infrastructure.adapter.output.persistence.entity.NotificationChannelEntity.hashCode(NotificationChannelEntity.java:13)
	at java.base/java.util.AbstractSet.hashCode(AbstractSet.java:124)
	at edu.market.notification.infrastructure.adapter.output.persistence.entity.NotificationEntity.hashCode(NotificationEntity.java:21)
	at edu.market.notification.infrastructure.adapter.output.persistence.entity.NotificationChannelEntity.hashCode(NotificationChannelEntity.java:13)
	at java.base/java.util.AbstractSet.hashCode(AbstractSet.java:124)
	at edu.market.notification.infrastructure.adapter.output.persistence.entity.NotificationEntity.hashCode(NotificationEntity.java:21)
	at edu.market.notification.infrastructure.adapter.output.persistence.entity.NotificationChannelEntity.hashCode(NotificationChannelEntity.java:13)
	at java.base/java.util.AbstractSet.hashCode(AbstractSet.java:124)
	at edu.market.notification.infrastructure.adapter.output.persistence.entity.NotificationEntity.hashCode(NotificationEntity.java:21)
	at edu.market.notification.infrastructure.adapter.output.persistence.entity.NotificationChannelEntity.hashCode(NotificationChannelEntity.java:13)
	at java.base/java.util.AbstractSet.hashCode(AbstractSet.java:124)
	at edu.market.notification.infrastructure.adapter.output.persistence.entity.NotificationEntity.hashCode(NotificationEntity.java:21)
	at edu.market.notification.infrastructure.adapter.output.persistence.entity.NotificationChannelEntity.hashCode(NotificationChannelEntity.java:13)
	at java.base/java.util.AbstractSet.hashCode(AbstractSet.java:124)
	at edu.market.notification.infrastructure.adapter.output.persistence.entity.NotificationEntity.hashCode(NotificationEntity.java:21)
	at edu.market.notification.infrastructure.adapter.output.persistence.entity.NotificationChannelEntity.hashCode(NotificationChannelEntity.java:13)
	at java.base/java.util.AbstractSet.hashCode(AbstractSet.java:124)
	at edu.market.notification.infrastructure.adapter.output.persistence.entity.NotificationEntity.hashCode(NotificationEntity.java:21)
	at edu.market.notification.infrastructure.adapter.output.persistence.entity.NotificationChannelEntity.hashCode(NotificationChannelEntity.java:13)
	at java.base/java.util.AbstractSet.hashCode(AbstractSet.java:124)
	at edu.market.notification.infrastructure.adapter.output.persistence.entity.NotificationEntity.hashCode(NotificationEntity.java:21)
	at edu.market.notification.infrastructure.adapter.output.persistence.entity.NotificationChannelEntity.hashCode(NotificationChannelEntity.java:13)
	at java.base/java.util.AbstractSet.hashCode(AbstractSet.java:124)
	at edu.market.notification.infrastructure.adapter.output.persistence.entity.NotificationEntity.hashCode(NotificationEntity.java:21)
	at edu.market.notification.infrastructure.adapter.output.persistence.entity.NotificationChannelEntity.hashCode(NotificationChannelEntity.java:13)
	at java.base/java.util.AbstractSet.hashCode(AbstractSet.java:124)
	at edu.market.notification.infrastructure.adapter.output.persistence.entity.NotificationEntity.hashCode(NotificationEntity.java:21)
	at edu.market.notification.infrastructure.adapter.output.persistence.entity.NotificationChannelEntity.hashCode(NotificationChannelEntity.java:13)
	at java.base/java.util.AbstractSet.hashCode(AbstractSet.java:124)
	at edu.market.notification.infrastructure.adapter.output.persistence.entity.NotificationEntity.hashCode(NotificationEntity.java:21)
	at edu.market.notification.infrastructure.adapter.output.persistence.entity.NotificationChannelEntity.hashCode(NotificationChannelEntity.java:13)
	at java.base/java.util.AbstractSet.hashCode(AbstractSet.java:124)
	at edu.market.notification.infrastructure.adapter.output.persistence.entity.NotificationEntity.hashCode(NotificationEntity.java:21)
	at edu.market.notification.infrastructure.adapter.output.persistence.entity.NotificationChannelEntity.hashCode(NotificationChannelEntity.java:13)
	at java.base/java.util.AbstractSet.hashCode(AbstractSet.java:124)
	at edu.market.notification.infrastructure.adapter.output.persistence.entity.NotificationEntity.hashCode(NotificationEntity.java:21)
	at edu.market.notification.infrastructure.adapter.output.persistence.entity.NotificationChannelEntity.hashCode(NotificationChannelEntity.java:13)
	at java.base/java.util.AbstractSet.hashCode(AbstractSet.java:124)
	at edu.market.notification.infrastructure.adapter.output.persistence.entity.NotificationEntity.hashCode(NotificationEntity.java:21)
	at edu.market.notification.infrastructure.adapter.output.persistence.entity.NotificationChannelEntity.hashCode(NotificationChannelEntity.java:13)
	at java.base/java.util.AbstractSet.hashCode(AbstractSet.java:124)
	at edu.market.notification.infrastructure.adapter.output.persistence.entity.NotificationEntity.hashCode(NotificationEntity.java:21)
	at edu.market.notification.infrastructure.adapter.output.persistence.entity.NotificationChannelEntity.hashCode(NotificationChannelEntity.java:13)
	at java.base/java.util.AbstractSet.hashCode(AbstractSet.java:124)
	at edu.market.notification.infrastructure.adapter.output.persistence.entity.NotificationEntity.hashCode(NotificationEntity.java:21)
	at edu.market.notification.infrastructure.adapter.output.persistence.entity.NotificationChannelEntity.hashCode(NotificationChannelEntity.java:13)
	at java.base/java.util.AbstractSet.hashCode(AbstractSet.java:124)
	at edu.market.notification.infrastructure.adapter.output.persistence.entity.NotificationEntity.hashCode(NotificationEntity.java:21)
	at edu.market.notification.infrastructure.adapter.output.persistence.entity.NotificationChannelEntity.hashCode(NotificationChannelEntity.java:13)
	at java.base/java.util.AbstractSet.hashCode(AbstractSet.java:124)
	at edu.market.notification.infrastructure.adapter.output.persistence.entity.NotificationEntity.hashCode(NotificationEntity.java:21)
	at edu.market.notification.infrastructure.adapter.output.persistence.entity.NotificationChannelEntity.hashCode(NotificationChannelEntity.java:13)
	at java.base/java.util.AbstractSet.hashCode(AbstractSet.java:124)
	at edu.market.notification.infrastructure.adapter.output.persistence.entity.NotificationEntity.hashCode(NotificationEntity.java:21)
	at edu.market.notification.infrastructure.adapter.output.persistence.entity.NotificationChannelEntity.hashCode(NotificationChannelEntity.java:13)
	at java.base/java.util.AbstractSet.hashCode(AbstractSet.java:124)
	at edu.market.notification.infrastructure.adapter.output.persistence.entity.NotificationEntity.hashCode(NotificationEntity.java:21)
	at edu.market.notification.infrastructure.adapter.output.persistence.entity.NotificationChannelEntity.hashCode(NotificationChannelEntity.java:13)
	at java.base/java.util.AbstractSet.hashCode(AbstractSet.java:124)
	at edu.market.notification.infrastructure.adapter.output.persistence.entity.NotificationEntity.hashCode(NotificationEntity.java:21)
	at edu.market.notification.infrastructure.adapter.output.persistence.entity.NotificationChannelEntity.hashCode(NotificationChannelEntity.java:13)
	at java.base/java.util.AbstractSet.hashCode(AbstractSet.java:124)
	at edu.market.notification.infrastructure.adapter.output.persistence.entity.NotificationEntity.hashCode(NotificationEntity.java:21)
	at edu.market.notification.infrastructure.adapter.output.persistence.entity.NotificationChannelEntity.hashCode(NotificationChannelEntity.java:13)
	at java.base/java.util.AbstractSet.hashCode(AbstractSet.java:124)
	at edu.market.notification.infrastructure.adapter.output.persistence.entity.NotificationEntity.hashCode(NotificationEntity.java:21)
	at edu.market.notification.infrastructure.adapter.output.persistence.entity.NotificationChannelEntity.hashCode(NotificationChannelEntity.java:13)
	at java.base/java.util.AbstractSet.hashCode(AbstractSet.java:124)
	at edu.market.notification.infrastructure.adapter.output.persistence.entity.NotificationEntity.hashCode(NotificationEntity.java:21)
	at edu.market.notification.infrastructure.adapter.output.persistence.entity.NotificationChannelEntity.hashCode(NotificationChannelEntity.java:13)
	at java.base/java.util.AbstractSet.hashCode(AbstractSet.java:124)
	at edu.market.notification.infrastructure.adapter.output.persistence.entity.NotificationEntity.hashCode(NotificationEntity.java:21)
	at edu.market.notification.infrastructure.adapter.output.persistence.entity.NotificationChannelEntity.hashCode(NotificationChannelEntity.java:13)
	at java.base/java.util.AbstractSet.hashCode(AbstractSet.java:124)
	at edu.market.notification.infrastructure.adapter.output.persistence.entity.NotificationEntity.hashCode(NotificationEntity.java:21)
	at edu.market.notification.infrastructure.adapter.output.persistence.entity.NotificationChannelEntity.hashCode(NotificationChannelEntity.java:13)
	at java.base/java.util.AbstractSet.hashCode(AbstractSet.java:124)
	at edu.market.notification.infrastructure.adapter.output.persistence.entity.NotificationEntity.hashCode(NotificationEntity.java:21)
	at edu.market.notification.infrastructure.adapter.output.persistence.entity.NotificationChannelEntity.hashCode(NotificationChannelEntity.java:13)
	at java.base/java.util.AbstractSet.hashCode(AbstractSet.java:124)
	at edu.market.notification.infrastructure.adapter.output.persistence.entity.NotificationEntity.hashCode(NotificationEntity.java:21)
	at edu.market.notification.infrastructure.adapter.output.persistence.entity.NotificationChannelEntity.hashCode(NotificationChannelEntity.java:13)
	at java.base/java.util.AbstractSet.hashCode(AbstractSet.java:124)
	at edu.market.notification.infrastructure.adapter.output.persistence.entity.NotificationEntity.hashCode(NotificationEntity.java:21)
	at edu.market.notification.infrastructure.adapter.output.persistence.entity.NotificationChannelEntity.hashCode(NotificationChannelEntity.java:13)
	at java.base/java.util.AbstractSet.hashCode(AbstractSet.java:124)
	at edu.market.notification.infrastructure.adapter.output.persistence.entity.NotificationEntity.hashCode(NotificationEntity.java:21)
	at edu.market.notification.infrastructure.adapter.output.persistence.entity.NotificationChannelEntity.hashCode(NotificationChannelEntity.java:13)
	at java.base/java.util.AbstractSet.hashCode(AbstractSet.java:124)
	at edu.market.notification.infrastructure.adapter.output.persistence.entity.NotificationEntity.hashCode(NotificationEntity.java:21)
	at edu.market.notification.infrastructure.adapter.output.persistence.entity.NotificationChannelEntity.hashCode(NotificationChannelEntity.java:13)
	at java.base/java.util.AbstractSet.hashCode(AbstractSet.java:124)
	at edu.market.notification.infrastructure.adapter.output.persistence.entity.NotificationEntity.hashCode(NotificationEntity.java:21)
	at edu.market.notification.infrastructure.adapter.output.persistence.entity.NotificationChannelEntity.hashCode(NotificationChannelEntity.java:13)
	at java.base/java.util.AbstractSet.hashCode(AbstractSet.java:124)
	at edu.market.notification.infrastructure.adapter.output.persistence.entity.NotificationEntity.hashCode(NotificationEntity.java:21)
	at edu.market.notification.infrastructure.adapter.output.persistence.entity.NotificationChannelEntity.hashCode(NotificationChannelEntity.java:13)
	at java.base/java.util.AbstractSet.hashCode(AbstractSet.java:124)
	at edu.market.notification.infrastructure.adapter.output.persistence.entity.NotificationEntity.hashCode(NotificationEntity.java:21)
	at edu.market.notification.infrastructure.adapter.output.persistence.entity.NotificationChannelEntity.hashCode(NotificationChannelEntity.java:13)
	at java.base/java.util.AbstractSet.hashCode(AbstractSet.java:124)
	at edu.market.notification.infrastructure.adapter.output.persistence.entity.NotificationEntity.hashCode(NotificationEntity.java:21)
	at edu.market.notification.infrastructure.adapter.output.persistence.entity.NotificationChannelEntity.hashCode(NotificationChannelEntity.java:13)
	at java.base/java.util.AbstractSet.hashCode(AbstractSet.java:124)
	at edu.market.notification.infrastructure.adapter.output.persistence.entity.NotificationEntity.hashCode(NotificationEntity.java:21)
	at edu.market.notification.infrastructure.adapter.output.persistence.entity.NotificationChannelEntity.hashCode(NotificationChannelEntity.java:13)
	at java.base/java.util.AbstractSet.hashCode(AbstractSet.java:124)
	at edu.market.notification.infrastructure.adapter.output.persistence.entity.NotificationEntity.hashCode(NotificationEntity.java:21)
	at edu.market.notification.infrastructure.adapter.output.persistence.entity.NotificationChannelEntity.hashCode(NotificationChannelEntity.java:13)
	at java.base/java.util.AbstractSet.hashCode(AbstractSet.java:124)
	at edu.market.notification.infrastructure.adapter.output.persistence.entity.NotificationEntity.hashCode(NotificationEntity.java:21)
	at edu.market.notification.infrastructure.adapter.output.persistence.entity.NotificationChannelEntity.hashCode(NotificationChannelEntity.java:13)
	at java.base/java.util.AbstractSet.hashCode(AbstractSet.java:124)
	at edu.market.notification.infrastructure.adapter.output.persistence.entity.NotificationEntity.hashCode(NotificationEntity.java:21)
	at edu.market.notification.infrastructure.adapter.output.persistence.entity.NotificationChannelEntity.hashCode(NotificationChannelEntity.java:13)
	at java.base/java.util.AbstractSet.hashCode(AbstractSet.java:124)
	at edu.market.notification.infrastructure.adapter.output.persistence.entity.NotificationEntity.hashCode(NotificationEntity.java:21)
	at edu.market.notification.infrastructure.adapter.output.persistence.entity.NotificationChannelEntity.hashCode(NotificationChannelEntity.java:13)
	at java.base/java.util.AbstractSet.hashCode(AbstractSet.java:124)
	at edu.market.notification.infrastructure.adapter.output.persistence.entity.NotificationEntity.hashCode(NotificationEntity.java:21)
	at edu.market.notification.infrastructure.adapter.output.persistence.entity.NotificationChannelEntity.hashCode(NotificationChannelEntity.java:13)
	at java.base/java.util.AbstractSet.hashCode(AbstractSet.java:124)
	at edu.market.notification.infrastructure.adapter.output.persistence.entity.NotificationEntity.hashCode(NotificationEntity.java:21)
	at edu.market.notification.infrastructure.adapter.output.persistence.entity.NotificationChannelEntity.hashCode(NotificationChannelEntity.java:13)
	at java.base/java.util.AbstractSet.hashCode(AbstractSet.java:124)
	at edu.market.notification.infrastructure.adapter.output.persistence.entity.NotificationEntity.hashCode(NotificationEntity.java:21)
	at edu.market.notification.infrastructure.adapter.output.persistence.entity.NotificationChannelEntity.hashCode(NotificationChannelEntity.java:13)
	at java.base/java.util.AbstractSet.hashCode(AbstractSet.java:124)
	at edu.market.notification.infrastructure.adapter.output.persistence.entity.NotificationEntity.hashCode(NotificationEntity.java:21)
	at edu.market.notification.infrastructure.adapter.output.persistence.entity.NotificationChannelEntity.hashCode(NotificationChannelEntity.java:13)
	at java.base/java.util.AbstractSet.hashCode(AbstractSet.java:124)
	at edu.market.notification.infrastructure.adapter.output.persistence.entity.NotificationEntity.hashCode(NotificationEntity.java:21)
	at edu.market.notification.infrastructure.adapter.output.persistence.entity.NotificationChannelEntity.hashCode(NotificationChannelEntity.java:13)
	at java.base/java.util.AbstractSet.hashCode(AbstractSet.java:124)
	at edu.market.notification.infrastructure.adapter.output.persistence.entity.NotificationEntity.hashCode(NotificationEntity.java:21)
	at edu.market.notification.infrastructure.adapter.output.persistence.entity.NotificationChannelEntity.hashCode(NotificationChannelEntity.java:13)
	at java.base/java.util.AbstractSet.hashCode(AbstractSet.java:124)
	at edu.market.notification.infrastructure.adapter.output.persistence.entity.NotificationEntity.hashCode(NotificationEntity.java:21)
	at edu.market.notification.infrastructure.adapter.output.persistence.entity.NotificationChannelEntity.hashCode(NotificationChannelEntity.java:13)
	at java.base/java.util.AbstractSet.hashCode(AbstractSet.java:124)
	at edu.market.notification.infrastructure.adapter.output.persistence.entity.NotificationEntity.hashCode(NotificationEntity.java:21)
	at edu.market.notification.infrastructure.adapter.output.persistence.entity.NotificationChannelEntity.hashCode(NotificationChannelEntity.java:13)
	at java.base/java.util.AbstractSet.hashCode(AbstractSet.java:124)
	at edu.market.notification.infrastructure.adapter.output.persistence.entity.NotificationEntity.hashCode(NotificationEntity.java:21)
	at edu.market.notification.infrastructure.adapter.output.persistence.entity.NotificationChannelEntity.hashCode(NotificationChannelEntity.java:13)
	at java.base/java.util.AbstractSet.hashCode(AbstractSet.java:124)
	at edu.market.notification.infrastructure.adapter.output.persistence.entity.NotificationEntity.hashCode(NotificationEntity.java:21)
	at edu.market.notification.infrastructure.adapter.output.persistence.entity.NotificationChannelEntity.hashCode(NotificationChannelEntity.java:13)
	at java.base/java.util.AbstractSet.hashCode(AbstractSet.java:124)
	at edu.market.notification.infrastructure.adapter.output.persistence.entity.NotificationEntity.hashCode(NotificationEntity.java:21)
	at edu.market.notification.infrastructure.adapter.output.persistence.entity.NotificationChannelEntity.hashCode(NotificationChannelEntity.java:13)
	at java.base/java.util.AbstractSet.hashCode(AbstractSet.java:124)
	at edu.market.notification.infrastructure.adapter.output.persistence.entity.NotificationEntity.hashCode(NotificationEntity.java:21)
	at edu.market.notification.infrastructure.adapter.output.persistence.entity.NotificationChannelEntity.hashCode(NotificationChannelEntity.java:13)
	at java.base/java.util.AbstractSet.hashCode(AbstractSet.java:124)
	at edu.market.notification.infrastructure.adapter.output.persistence.entity.NotificationEntity.hashCode(NotificationEntity.java:21)
	at edu.market.notification.infrastructure.adapter.output.persistence.entity.NotificationChannelEntity.hashCode(NotificationChannelEntity.java:13)
	at java.base/java.util.AbstractSet.hashCode(AbstractSet.java:124)
	at edu.market.notification.infrastructure.adapter.output.persistence.entity.NotificationEntity.hashCode(NotificationEntity.java:21)
	at edu.market.notification.infrastructure.adapter.output.persistence.entity.NotificationChannelEntity.hashCode(NotificationChannelEntity.java:13)
	at java.base/java.util.AbstractSet.hashCode(AbstractSet.java:124)
	at edu.market.notification.infrastructure.adapter.output.persistence.entity.NotificationEntity.hashCode(NotificationEntity.java:21)
	at edu.market.notification.infrastructure.adapter.output.persistence.entity.NotificationChannelEntity.hashCode(NotificationChannelEntity.java:13)
	at java.base/java.util.AbstractSet.hashCode(AbstractSet.java:124)
	at edu.market.notification.infrastructure.adapter.output.persistence.entity.NotificationEntity.hashCode(NotificationEntity.java:21)
	at edu.market.notification.infrastructure.adapter.output.persistence.entity.NotificationChannelEntity.hashCode(NotificationChannelEntity.java:13)
	at java.base/java.util.AbstractSet.hashCode(AbstractSet.java:124)
	at edu.market.notification.infrastructure.adapter.output.persistence.entity.NotificationEntity.hashCode(NotificationEntity.java:21)
	at edu.market.notification.infrastructure.adapter.output.persistence.entity.NotificationChannelEntity.hashCode(NotificationChannelEntity.java:13)
	at java.base/java.util.AbstractSet.hashCode(AbstractSet.java:124)
	at edu.market.notification.infrastructure.adapter.output.persistence.entity.NotificationEntity.hashCode(NotificationEntity.java:21)
	at edu.market.notification.infrastructure.adapter.output.persistence.entity.NotificationChannelEntity.hashCode(NotificationChannelEntity.java:13)
	at java.base/java.util.AbstractSet.hashCode(AbstractSet.java:124)
	at edu.market.notification.infrastructure.adapter.output.persistence.entity.NotificationEntity.hashCode(NotificationEntity.java:21)
	at edu.market.notification.infrastructure.adapter.output.persistence.entity.NotificationChannelEntity.hashCode(NotificationChannelEntity.java:13)
	at java.base/java.util.AbstractSet.hashCode(AbstractSet.java:124)
	at edu.market.notification.infrastructure.adapter.output.persistence.entity.NotificationEntity.hashCode(NotificationEntity.java:21)
	at edu.market.notification.infrastructure.adapter.output.persistence.entity.NotificationChannelEntity.hashCode(NotificationChannelEntity.java:13)
	at java.base/java.util.AbstractSet.hashCode(AbstractSet.java:124)
	at edu.market.notification.infrastructure.adapter.output.persistence.entity.NotificationEntity.hashCode(NotificationEntity.java:21)
	at edu.market.notification.infrastructure.adapter.output.persistence.entity.NotificationChannelEntity.hashCode(NotificationChannelEntity.java:13)
	at java.base/java.util.AbstractSet.hashCode(AbstractSet.java:124)
	at edu.market.notification.infrastructure.adapter.output.persistence.entity.NotificationEntity.hashCode(NotificationEntity.java:21)
	at edu.market.notification.infrastructure.adapter.output.persistence.entity.NotificationChannelEntity.hashCode(NotificationChannelEntity.java:13)
	at java.base/java.util.AbstractSet.hashCode(AbstractSet.java:124)
	at edu.market.notification.infrastructure.adapter.output.persistence.entity.NotificationEntity.hashCode(NotificationEntity.java:21)
	at edu.market.notification.infrastructure.adapter.output.persistence.entity.NotificationChannelEntity.hashCode(NotificationChannelEntity.java:13)
	at java.base/java.util.AbstractSet.hashCode(AbstractSet.java:124)
	at edu.market.notification.infrastructure.adapter.output.persistence.entity.NotificationEntity.hashCode(NotificationEntity.java:21)
	at edu.market.notification.infrastructure.adapter.output.persistence.entity.NotificationChannelEntity.hashCode(NotificationChannelEntity.java:13)
	at java.base/java.util.AbstractSet.hashCode(AbstractSet.java:124)
	at edu.market.notification.infrastructure.adapter.output.persistence.entity.NotificationEntity.hashCode(NotificationEntity.java:21)
	at edu.market.notification.infrastructure.adapter.output.persistence.entity.NotificationChannelEntity.hashCode(NotificationChannelEntity.java:13)
	at java.base/java.util.AbstractSet.hashCode(AbstractSet.java:124)
	at edu.market.notification.infrastructure.adapter.output.persistence.entity.NotificationEntity.hashCode(NotificationEntity.java:21)
	at edu.market.notification.infrastructure.adapter.output.persistence.entity.NotificationChannelEntity.hashCode(NotificationChannelEntity.java:13)
	at java.base/java.util.AbstractSet.hashCode(AbstractSet.java:124)
	at edu.market.notification.infrastructure.adapter.output.persistence.entity.NotificationEntity.hashCode(NotificationEntity.java:21)
	at edu.market.notification.infrastructure.adapter.output.persistence.entity.NotificationChannelEntity.hashCode(NotificationChannelEntity.java:13)
	at java.base/java.util.AbstractSet.hashCode(AbstractSet.java:124)
	at edu.market.notification.infrastructure.adapter.output.persistence.entity.NotificationEntity.hashCode(NotificationEntity.java:21)
	at edu.market.notification.infrastructure.adapter.output.persistence.entity.NotificationChannelEntity.hashCode(NotificationChannelEntity.java:13)
	at java.base/java.util.AbstractSet.hashCode(AbstractSet.java:124)
	at edu.market.notification.infrastructure.adapter.output.persistence.entity.NotificationEntity.hashCode(NotificationEntity.java:21)
	at edu.market.notification.infrastructure.adapter.output.persistence.entity.NotificationChannelEntity.hashCode(NotificationChannelEntity.java:13)
	at java.base/java.util.AbstractSet.hashCode(AbstractSet.java:124)
	at edu.market.notification.infrastructure.adapter.output.persistence.entity.NotificationEntity.hashCode(NotificationEntity.java:21)
	at edu.market.notification.infrastructure.adapter.output.persistence.entity.NotificationChannelEntity.hashCode(NotificationChannelEntity.java:13)
	at java.base/java.util.AbstractSet.hashCode(AbstractSet.java:124)
	at edu.market.notification.infrastructure.adapter.output.persistence.entity.NotificationEntity.hashCode(NotificationEntity.java:21)
	at edu.market.notification.infrastructure.adapter.output.persistence.entity.NotificationChannelEntity.hashCode(NotificationChannelEntity.java:13)
	at java.base/java.util.AbstractSet.hashCode(AbstractSet.java:124)
	at edu.market.notification.infrastructure.adapter.output.persistence.entity.NotificationEntity.hashCode(NotificationEntity.java:21)
	at edu.market.notification.infrastructure.adapter.output.persistence.entity.NotificationChannelEntity.hashCode(NotificationChannelEntity.java:13)
	at java.base/java.util.AbstractSet.hashCode(AbstractSet.java:124)
	at edu.market.notification.infrastructure.adapter.output.persistence.entity.NotificationEntity.hashCode(NotificationEntity.java:21)
	at edu.market.notification.infrastructure.adapter.output.persistence.entity.NotificationChannelEntity.hashCode(NotificationChannelEntity.java:13)
	at java.base/java.util.AbstractSet.hashCode(AbstractSet.java:124)
	at edu.market.notification.infrastructure.adapter.output.persistence.entity.NotificationEntity.hashCode(NotificationEntity.java:21)
	at edu.market.notification.infrastructure.adapter.output.persistence.entity.NotificationChannelEntity.hashCode(NotificationChannelEntity.java:13)
	at java.base/java.util.AbstractSet.hashCode(AbstractSet.java:124)
	at edu.market.notification.infrastructure.adapter.output.persistence.entity.NotificationEntity.hashCode(NotificationEntity.java:21)
	at edu.market.notification.infrastructure.adapter.output.persistence.entity.NotificationChannelEntity.hashCode(NotificationChannelEntity.java:13)
	at java.base/java.util.AbstractSet.hashCode(AbstractSet.java:124)
	at edu.market.notification.infrastructure.adapter.output.persistence.entity.NotificationEntity.hashCode(NotificationEntity.java:21)
	at edu.market.notification.infrastructure.adapter.output.persistence.entity.NotificationChannelEntity.hashCode(NotificationChannelEntity.java:13)
	at java.base/java.util.AbstractSet.hashCode(AbstractSet.java:124)
	at edu.market.notification.infrastructure.adapter.output.persistence.entity.NotificationEntity.hashCode(NotificationEntity.java:21)
	at edu.market.notification.infrastructure.adapter.output.persistence.entity.NotificationChannelEntity.hashCode(NotificationChannelEntity.java:13)
	at java.base/java.util.AbstractSet.hashCode(AbstractSet.java:124)
	at edu.market.notification.infrastructure.adapter.output.persistence.entity.NotificationEntity.hashCode(NotificationEntity.java:21)
	at edu.market.notification.infrastructure.adapter.output.persistence.entity.NotificationChannelEntity.hashCode(NotificationChannelEntity.java:13)
	at java.base/java.util.AbstractSet.hashCode(AbstractSet.java:124)
	at edu.market.notification.infrastructure.adapter.output.persistence.entity.NotificationEntity.hashCode(NotificationEntity.java:21)
	at edu.market.notification.infrastructure.adapter.output.persistence.entity.NotificationChannelEntity.hashCode(NotificationChannelEntity.java:13)
	at java.base/java.util.AbstractSet.hashCode(AbstractSet.java:124)
	at edu.market.notification.infrastructure.adapter.output.persistence.entity.NotificationEntity.hashCode(NotificationEntity.java:21)
	at edu.market.notification.infrastructure.adapter.output.persistence.entity.NotificationChannelEntity.hashCode(NotificationChannelEntity.java:13)
	at java.base/java.util.AbstractSet.hashCode(AbstractSet.java:124)
	at edu.market.notification.infrastructure.adapter.output.persistence.entity.NotificationEntity.hashCode(NotificationEntity.java:21)
	at edu.market.notification.infrastructure.adapter.output.persistence.entity.NotificationChannelEntity.hashCode(NotificationChannelEntity.java:13)
	at java.base/java.util.AbstractSet.hashCode(AbstractSet.java:124)
	at edu.market.notification.infrastructure.adapter.output.persistence.entity.NotificationEntity.hashCode(NotificationEntity.java:21)
	at edu.market.notification.infrastructure.adapter.output.persistence.entity.NotificationChannelEntity.hashCode(NotificationChannelEntity.java:13)
	at java.base/java.util.AbstractSet.hashCode(AbstractSet.java:124)
	at edu.market.notification.infrastructure.adapter.output.persistence.entity.NotificationEntity.hashCode(NotificationEntity.java:21)
	at edu.market.notification.infrastructure.adapter.output.persistence.entity.NotificationChannelEntity.hashCode(NotificationChannelEntity.java:13)
	at java.base/java.util.AbstractSet.hashCode(AbstractSet.java:124)
	at edu.market.notification.infrastructure.adapter.output.persistence.entity.NotificationEntity.hashCode(NotificationEntity.java:21)
	at edu.market.notification.infrastructure.adapter.output.persistence.entity.NotificationChannelEntity.hashCode(NotificationChannelEntity.java:13)
	at java.base/java.util.AbstractSet.hashCode(AbstractSet.java:124)
	at edu.market.notification.infrastructure.adapter.output.persistence.entity.NotificationEntity.hashCode(NotificationEntity.java:21)
	at edu.market.notification.infrastructure.adapter.output.persistence.entity.NotificationChannelEntity.hashCode(NotificationChannelEntity.java:13)
	at java.base/java.util.AbstractSet.hashCode(AbstractSet.java:124)
	at edu.market.notification.infrastructure.adapter.output.persistence.entity.NotificationEntity.hashCode(NotificationEntity.java:21)
	at edu.market.notification.infrastructure.adapter.output.persistence.entity.NotificationChannelEntity.hashCode(NotificationChannelEntity.java:13)
	at java.base/java.util.AbstractSet.hashCode(AbstractSet.java:124)
	at edu.market.notification.infrastructure.adapter.output.persistence.entity.NotificationEntity.hashCode(NotificationEntity.java:21)
	at edu.market.notification.infrastructure.adapter.output.persistence.entity.NotificationChannelEntity.hashCode(NotificationChannelEntity.java:13)
	at java.base/java.util.AbstractSet.hashCode(AbstractSet.java:124)
	at edu.market.notification.infrastructure.adapter.output.persistence.entity.NotificationEntity.hashCode(NotificationEntity.java:21)
	at edu.market.notification.infrastructure.adapter.output.persistence.entity.NotificationChannelEntity.hashCode(NotificationChannelEntity.java:13)
	at java.base/java.util.AbstractSet.hashCode(AbstractSet.java:124)
	at edu.market.notification.infrastructure.adapter.output.persistence.entity.NotificationEntity.hashCode(NotificationEntity.java:21)
	at edu.market.notification.infrastructure.adapter.output.persistence.entity.NotificationChannelEntity.hashCode(NotificationChannelEntity.java:13)
	at java.base/java.util.AbstractSet.hashCode(AbstractSet.java:124)
	at edu.market.notification.infrastructure.adapter.output.persistence.entity.NotificationEntity.hashCode(NotificationEntity.java:21)
	at edu.market.notification.infrastructure.adapter.output.persistence.entity.NotificationChannelEntity.hashCode(NotificationChannelEntity.java:13)
	at java.base/java.util.AbstractSet.hashCode(AbstractSet.java:124)
	at edu.market.notification.infrastructure.adapter.output.persistence.entity.NotificationEntity.hashCode(NotificationEntity.java:21)
	at edu.market.notification.infrastructure.adapter.output.persistence.entity.NotificationChannelEntity.hashCode(NotificationChannelEntity.java:13)
	at java.base/java.util.AbstractSet.hashCode(AbstractSet.java:124)
	at edu.market.notification.infrastructure.adapter.output.persistence.entity.NotificationEntity.hashCode(NotificationEntity.java:21)
	at edu.market.notification.infrastructure.adapter.output.persistence.entity.NotificationChannelEntity.hashCode(NotificationChannelEntity.java:13)
	at java.base/java.util.AbstractSet.hashCode(AbstractSet.java:124)
	at edu.market.notification.infrastructure.adapter.output.persistence.entity.NotificationEntity.hashCode(NotificationEntity.java:21)
	at edu.market.notification.infrastructure.adapter.output.persistence.entity.NotificationChannelEntity.hashCode(NotificationChannelEntity.java:13)
	at java.base/java.util.AbstractSet.hashCode(AbstractSet.java:124)
	at edu.market.notification.infrastructure.adapter.output.persistence.entity.NotificationEntity.hashCode(NotificationEntity.java:21)
	at edu.market.notification.infrastructure.adapter.output.persistence.entity.NotificationChannelEntity.hashCode(NotificationChannelEntity.java:13)
	at java.base/java.util.AbstractSet.hashCode(AbstractSet.java:124)
	at edu.market.notification.infrastructure.adapter.output.persistence.entity.NotificationEntity.hashCode(NotificationEntity.java:21)
	at edu.market.notification.infrastructure.adapter.output.persistence.entity.NotificationChannelEntity.hashCode(NotificationChannelEntity.java:13)
	at java.base/java.util.AbstractSet.hashCode(AbstractSet.java:124)
	at edu.market.notification.infrastructure.adapter.output.persistence.entity.NotificationEntity.hashCode(NotificationEntity.java:21)
	at edu.market.notification.infrastructure.adapter.output.persistence.entity.NotificationChannelEntity.hashCode(NotificationChannelEntity.java:13)
	at java.base/java.util.AbstractSet.hashCode(AbstractSet.java:124)
	at edu.market.notification.infrastructure.adapter.output.persistence.entity.NotificationEntity.hashCode(NotificationEntity.java:21)
	at edu.market.notification.infrastructure.adapter.output.persistence.entity.NotificationChannelEntity.hashCode(NotificationChannelEntity.java:13)
	at java.base/java.util.AbstractSet.hashCode(AbstractSet.java:124)
	at edu.market.notification.infrastructure.adapter.output.persistence.entity.NotificationEntity.hashCode(NotificationEntity.java:21)
	at edu.market.notification.infrastructure.adapter.output.persistence.entity.NotificationChannelEntity.hashCode(NotificationChannelEntity.java:13)
	at java.base/java.util.AbstractSet.hashCode(AbstractSet.java:124)
	at edu.market.notification.infrastructure.adapter.output.persistence.entity.NotificationEntity.hashCode(NotificationEntity.java:21)
	at edu.market.notification.infrastructure.adapter.output.persistence.entity.NotificationChannelEntity.hashCode(NotificationChannelEntity.java:13)
	at java.base/java.util.AbstractSet.hashCode(AbstractSet.java:124)
	at edu.market.notification.infrastructure.adapter.output.persistence.entity.NotificationEntity.hashCode(NotificationEntity.java:21)
	at edu.market.notification.infrastructure.adapter.output.persistence.entity.NotificationChannelEntity.hashCode(NotificationChannelEntity.java:13)
	at java.base/java.util.AbstractSet.hashCode(AbstractSet.java:124)
	at edu.market.notification.infrastructure.adapter.output.persistence.entity.NotificationEntity.hashCode(NotificationEntity.java:21)
	at edu.market.notification.infrastructure.adapter.output.persistence.entity.NotificationChannelEntity.hashCode(NotificationChannelEntity.java:13)
	at java.base/java.util.AbstractSet.hashCode(AbstractSet.java:124)
	at edu.market.notification.infrastructure.adapter.output.persistence.entity.NotificationEntity.hashCode(NotificationEntity.java:21)
	at edu.market.notification.infrastructure.adapter.output.persistence.entity.NotificationChannelEntity.hashCode(NotificationChannelEntity.java:13)
	at java.base/java.util.AbstractSet.hashCode(AbstractSet.java:124)
	at edu.market.notification.infrastructure.adapter.output.persistence.entity.NotificationEntity.hashCode(NotificationEntity.java:21)
	at edu.market.notification.infrastructure.adapter.output.persistence.entity.NotificationChannelEntity.hashCode(NotificationChannelEntity.java:13)
	at java.base/java.util.AbstractSet.hashCode(AbstractSet.java:124)
	at edu.market.notification.infrastructure.adapter.output.persistence.entity.NotificationEntity.hashCode(NotificationEntity.java:21)
	at edu.market.notification.infrastructure.adapter.output.persistence.entity.NotificationChannelEntity.hashCode(NotificationChannelEntity.java:13)
	at java.base/java.util.AbstractSet.hashCode(AbstractSet.java:124)
	at edu.market.notification.infrastructure.adapter.output.persistence.entity.NotificationEntity.hashCode(NotificationEntity.java:21)
	at edu.market.notification.infrastructure.adapter.output.persistence.entity.NotificationChannelEntity.hashCode(NotificationChannelEntity.java:13)
	at java.base/java.util.AbstractSet.hashCode(AbstractSet.java:124)
	at edu.market.notification.infrastructure.adapter.output.persistence.entity.NotificationEntity.hashCode(NotificationEntity.java:21)
	at edu.market.notification.infrastructure.adapter.output.persistence.entity.NotificationChannelEntity.hashCode(NotificationChannelEntity.java:13)
	at java.base/java.util.AbstractSet.hashCode(AbstractSet.java:124)
	at edu.market.notification.infrastructure.adapter.output.persistence.entity.NotificationEntity.hashCode(NotificationEntity.java:21)
	at edu.market.notification.infrastructure.adapter.output.persistence.entity.NotificationChannelEntity.hashCode(NotificationChannelEntity.java:13)
	at java.base/java.util.AbstractSet.hashCode(AbstractSet.java:124)
	at edu.market.notification.infrastructure.adapter.output.persistence.entity.NotificationEntity.hashCode(NotificationEntity.java:21)
	at edu.market.notification.infrastructure.adapter.output.persistence.entity.NotificationChannelEntity.hashCode(NotificationChannelEntity.java:13)
	at java.base/java.util.AbstractSet.hashCode(AbstractSet.java:124)
	at edu.market.notification.infrastructure.adapter.output.persistence.entity.NotificationEntity.hashCode(NotificationEntity.java:21)
	at edu.market.notification.infrastructure.adapter.output.persistence.entity.NotificationChannelEntity.hashCode(NotificationChannelEntity.java:13)
	at java.base/java.util.AbstractSet.hashCode(AbstractSet.java:124)
	at edu.market.notification.infrastructure.adapter.output.persistence.entity.NotificationEntity.hashCode(NotificationEntity.java:21)
	at edu.market.notification.infrastructure.adapter.output.persistence.entity.NotificationChannelEntity.hashCode(NotificationChannelEntity.java:13)
	at java.base/java.util.AbstractSet.hashCode(AbstractSet.java:124)
	at edu.market.notification.infrastructure.adapter.output.persistence.entity.NotificationEntity.hashCode(NotificationEntity.java:21)
	at edu.market.notification.infrastructure.adapter.output.persistence.entity.NotificationChannelEntity.hashCode(NotificationChannelEntity.java:13)
	at java.base/java.util.AbstractSet.hashCode(AbstractSet.java:124)
	at edu.market.notification.infrastructure.adapter.output.persistence.entity.NotificationEntity.hashCode(NotificationEntity.java:21)
	at edu.market.notification.infrastructure.adapter.output.persistence.entity.NotificationChannelEntity.hashCode(NotificationChannelEntity.java:13)
	at java.base/java.util.AbstractSet.hashCode(AbstractSet.java:124)
	at edu.market.notification.infrastructure.adapter.output.persistence.entity.NotificationEntity.hashCode(NotificationEntity.java:21)
	at edu.market.notification.infrastructure.adapter.output.persistence.entity.NotificationChannelEntity.hashCode(NotificationChannelEntity.java:13)
	at java.base/java.util.AbstractSet.hashCode(AbstractSet.java:124)
	at edu.market.notification.infrastructure.adapter.output.persistence.entity.NotificationEntity.hashCode(NotificationEntity.java:21)
	at edu.market.notification.infrastructure.adapter.output.persistence.entity.NotificationChannelEntity.hashCode(NotificationChannelEntity.java:13)
	at java.base/java.util.AbstractSet.hashCode(AbstractSet.java:124)
	at edu.market.notification.infrastructure.adapter.output.persistence.entity.NotificationEntity.hashCode(NotificationEntity.java:21)
	at edu.market.notification.infrastructure.adapter.output.persistence.entity.NotificationChannelEntity.hashCode(NotificationChannelEntity.java:13)
	at java.base/java.util.AbstractSet.hashCode(AbstractSet.java:124)
	at edu.market.notification.infrastructure.adapter.output.persistence.entity.NotificationEntity.hashCode(NotificationEntity.java:21)
	at edu.market.notification.infrastructure.adapter.output.persistence.entity.NotificationChannelEntity.hashCode(NotificationChannelEntity.java:13)
	at java.base/java.util.AbstractSet.hashCode(AbstractSet.java:124)
	at edu.market.notification.infrastructure.adapter.output.persistence.entity.NotificationEntity.hashCode(NotificationEntity.java:21)
	at edu.market.notification.infrastructure.adapter.output.persistence.entity.NotificationChannelEntity.hashCode(NotificationChannelEntity.java:13)
	at java.base/java.util.AbstractSet.hashCode(AbstractSet.java:124)
	at edu.market.notification.infrastructure.adapter.output.persistence.entity.NotificationEntity.hashCode(NotificationEntity.java:21)
	at edu.market.notification.infrastructure.adapter.output.persistence.entity.NotificationChannelEntity.hashCode(NotificationChannelEntity.java:13)
	at java.base/java.util.AbstractSet.hashCode(AbstractSet.java:124)
	at edu.market.notification.infrastructure.adapter.output.persistence.entity.NotificationEntity.hashCode(NotificationEntity.java:21)
	at edu.market.notification.infrastructure.adapter.output.persistence.entity.NotificationChannelEntity.hashCode(NotificationChannelEntity.java:13)
	at java.base/java.util.AbstractSet.hashCode(AbstractSet.java:124)
	at edu.market.notification.infrastructure.adapter.output.persistence.entity.NotificationEntity.hashCode(NotificationEntity.java:21)
	at edu.market.notification.infrastructure.adapter.output.persistence.entity.NotificationChannelEntity.hashCode(NotificationChannelEntity.java:13)
	at java.base/java.util.AbstractSet.hashCode(AbstractSet.java:124)
	at edu.market.notification.infrastructure.adapter.output.persistence.entity.NotificationEntity.hashCode(NotificationEntity.java:21)
	at edu.market.notification.infrastructure.adapter.output.persistence.entity.NotificationChannelEntity.hashCode(NotificationChannelEntity.java:13)
	at java.base/java.util.AbstractSet.hashCode(AbstractSet.java:124)
	at edu.market.notification.infrastructure.adapter.output.persistence.entity.NotificationEntity.hashCode(NotificationEntity.java:21)
	at edu.market.notification.infrastructure.adapter.output.persistence.entity.NotificationChannelEntity.hashCode(NotificationChannelEntity.java:13)
	at java.base/java.util.AbstractSet.hashCode(AbstractSet.java:124)
	at edu.market.notification.infrastructure.adapter.output.persistence.entity.NotificationEntity.hashCode(NotificationEntity.java:21)
	at edu.market.notification.infrastructure.adapter.output.persistence.entity.NotificationChannelEntity.hashCode(NotificationChannelEntity.java:13)
	at java.base/java.util.AbstractSet.hashCode(AbstractSet.java:124)
	at edu.market.notification.infrastructure.adapter.output.persistence.entity.NotificationEntity.hashCode(NotificationEntity.java:21)
	at edu.market.notification.infrastructure.adapter.output.persistence.entity.NotificationChannelEntity.hashCode(NotificationChannelEntity.java:13)
	at java.base/java.util.AbstractSet.hashCode(AbstractSet.java:124)
	at edu.market.notification.infrastructure.adapter.output.persistence.entity.NotificationEntity.hashCode(NotificationEntity.java:21)
	at edu.market.notification.infrastructure.adapter.output.persistence.entity.NotificationChannelEntity.hashCode(NotificationChannelEntity.java:13)
	at java.base/java.util.AbstractSet.hashCode(AbstractSet.java:124)
	at edu.market.notification.infrastructure.adapter.output.persistence.entity.NotificationEntity.hashCode(NotificationEntity.java:21)
	at edu.market.notification.infrastructure.adapter.output.persistence.entity.NotificationChannelEntity.hashCode(NotificationChannelEntity.java:13)
	at java.base/java.util.AbstractSet.hashCode(AbstractSet.java:124)
	at edu.market.notification.infrastructure.adapter.output.persistence.entity.NotificationEntity.hashCode(NotificationEntity.java:21)
	at edu.market.notification.infrastructure.adapter.output.persistence.entity.NotificationChannelEntity.hashCode(NotificationChannelEntity.java:13)
	at java.base/java.util.AbstractSet.hashCode(AbstractSet.java:124)
	at edu.market.notification.infrastructure.adapter.output.persistence.entity.NotificationEntity.hashCode(NotificationEntity.java:21)
	at edu.market.notification.infrastructure.adapter.output.persistence.entity.NotificationChannelEntity.hashCode(NotificationChannelEntity.java:13)
	at java.base/java.util.AbstractSet.hashCode(AbstractSet.java:124)
	at edu.market.notification.infrastructure.adapter.output.persistence.entity.NotificationEntity.hashCode(NotificationEntity.java:21)
	at edu.market.notification.infrastructure.adapter.output.persistence.entity.NotificationChannelEntity.hashCode(NotificationChannelEntity.java:13)
	at java.base/java.util.AbstractSet.hashCode(AbstractSet.java:124)
	at edu.market.notification.infrastructure.adapter.output.persistence.entity.NotificationEntity.hashCode(NotificationEntity.java:21)
	at edu.market.notification.infrastructure.adapter.output.persistence.entity.NotificationChannelEntity.hashCode(NotificationChannelEntity.java:13)
	at java.base/java.util.AbstractSet.hashCode(AbstractSet.java:124)
	at edu.market.notification.infrastructure.adapter.output.persistence.entity.NotificationEntity.hashCode(NotificationEntity.java:21)
	at edu.market.notification.infrastructure.adapter.output.persistence.entity.NotificationChannelEntity.hashCode(NotificationChannelEntity.java:13)
	at java.base/java.util.AbstractSet.hashCode(AbstractSet.java:124)
	at edu.market.notification.infrastructure.adapter.output.persistence.entity.NotificationEntity.hashCode(NotificationEntity.java:21)
	at edu.market.notification.infrastructure.adapter.output.persistence.entity.NotificationChannelEntity.hashCode(NotificationChannelEntity.java:13)
	at java.base/java.util.AbstractSet.hashCode(AbstractSet.java:124)
	at edu.market.notification.infrastructure.adapter.output.persistence.entity.NotificationEntity.hashCode(NotificationEntity.java:21)
	at edu.market.notification.infrastructure.adapter.output.persistence.entity.NotificationChannelEntity.hashCode(NotificationChannelEntity.java:13)
	at java.base/java.util.AbstractSet.hashCode(AbstractSet.java:124)
	at edu.market.notification.infrastructure.adapter.output.persistence.entity.NotificationEntity.hashCode(NotificationEntity.java:21)
	at edu.market.notification.infrastructure.adapter.output.persistence.entity.NotificationChannelEntity.hashCode(NotificationChannelEntity.java:13)
	at java.base/java.util.AbstractSet.hashCode(AbstractSet.java:124)
	at edu.market.notification.infrastructure.adapter.output.persistence.entity.NotificationEntity.hashCode(NotificationEntity.java:21)
	at edu.market.notification.infrastructure.adapter.output.persistence.entity.NotificationChannelEntity.hashCode(NotificationChannelEntity.java:13)
	at java.base/java.util.AbstractSet.hashCode(AbstractSet.java:124)
	at edu.market.notification.infrastructure.adapter.output.persistence.entity.NotificationEntity.hashCode(NotificationEntity.java:21)
	at edu.market.notification.infrastructure.adapter.output.persistence.entity.NotificationChannelEntity.hashCode(NotificationChannelEntity.java:13)
	at java.base/java.util.AbstractSet.hashCode(AbstractSet.java:124)
	at edu.market.notification.infrastructure.adapter.output.persistence.entity.NotificationEntity.hashCode(NotificationEntity.java:21)
	at edu.market.notification.infrastructure.adapter.output.persistence.entity.NotificationChannelEntity.hashCode(NotificationChannelEntity.java:13)
	at java.base/java.util.AbstractSet.hashCode(AbstractSet.java:124)
	at edu.market.notification.infrastructure.adapter.output.persistence.entity.NotificationEntity.hashCode(NotificationEntity.java:21)
	at edu.market.notification.infrastructure.adapter.output.persistence.entity.NotificationChannelEntity.hashCode(NotificationChannelEntity.java:13)
	at java.base/java.util.AbstractSet.hashCode(AbstractSet.java:124)
	at edu.market.notification.infrastructure.adapter.output.persistence.entity.NotificationEntity.hashCode(NotificationEntity.java:21)
	at edu.market.notification.infrastructure.adapter.output.persistence.entity.NotificationChannelEntity.hashCode(NotificationChannelEntity.java:13)
	at java.base/java.util.AbstractSet.hashCode(AbstractSet.java:124)
	at edu.market.notification.infrastructure.adapter.output.persistence.entity.NotificationEntity.hashCode(NotificationEntity.java:21)
	at edu.market.notification.infrastructure.adapter.output.persistence.entity.NotificationChannelEntity.hashCode(NotificationChannelEntity.java:13)
	at java.base/java.util.AbstractSet.hashCode(AbstractSet.java:124)
	at edu.market.notification.infrastructure.adapter.output.persistence.entity.NotificationEntity.hashCode(NotificationEntity.java:21)
	at edu.market.notification.infrastructure.adapter.output.persistence.entity.NotificationChannelEntity.hashCode(NotificationChannelEntity.java:13)
	at java.base/java.util.AbstractSet.hashCode(AbstractSet.java:124)
	at edu.market.notification.infrastructure.adapter.output.persistence.entity.NotificationEntity.hashCode(NotificationEntity.java:21)
	at edu.market.notification.infrastructure.adapter.output.persistence.entity.NotificationChannelEntity.hashCode(NotificationChannelEntity.java:13)
	at java.base/java.util.AbstractSet.hashCode(AbstractSet.java:124)
	at edu.market.notification.infrastructure.adapter.output.persistence.entity.NotificationEntity.hashCode(NotificationEntity.java:21)
	at edu.market.notification.infrastructure.adapter.output.persistence.entity.NotificationChannelEntity.hashCode(NotificationChannelEntity.java:13)
	at java.base/java.util.AbstractSet.hashCode(AbstractSet.java:124)
	at edu.market.notification.infrastructure.adapter.output.persistence.entity.NotificationEntity.hashCode(NotificationEntity.java:21)
	at edu.market.notification.infrastructure.adapter.output.persistence.entity.NotificationChannelEntity.hashCode(NotificationChannelEntity.java:13)
	at java.base/java.util.AbstractSet.hashCode(AbstractSet.java:124)
	at edu.market.notification.infrastructure.adapter.output.persistence.entity.NotificationEntity.hashCode(NotificationEntity.java:21)
	at edu.market.notification.infrastructure.adapter.output.persistence.entity.NotificationChannelEntity.hashCode(NotificationChannelEntity.java:13)
	at java.base/java.util.AbstractSet.hashCode(AbstractSet.java:124)
	at edu.market.notification.infrastructure.adapter.output.persistence.entity.NotificationEntity.hashCode(NotificationEntity.java:21)
	at edu.market.notification.infrastructure.adapter.output.persistence.entity.NotificationChannelEntity.hashCode(NotificationChannelEntity.java:13)
	at java.base/java.util.AbstractSet.hashCode(AbstractSet.java:124)
	at edu.market.notification.infrastructure.adapter.output.persistence.entity.NotificationEntity.hashCode(NotificationEntity.java:21)
	at edu.market.notification.infrastructure.adapter.output.persistence.entity.NotificationChannelEntity.hashCode(NotificationChannelEntity.java:13)
	at java.base/java.util.AbstractSet.hashCode(AbstractSet.java:124)
	at edu.market.notification.infrastructure.adapter.output.persistence.entity.NotificationEntity.hashCode(NotificationEntity.java:21)
	at edu.market.notification.infrastructure.adapter.output.persistence.entity.NotificationChannelEntity.hashCode(NotificationChannelEntity.java:13)
	at java.base/java.util.AbstractSet.hashCode(AbstractSet.java:124)
	at edu.market.notification.infrastructure.adapter.output.persistence.entity.NotificationEntity.hashCode(NotificationEntity.java:21)
	at edu.market.notification.infrastructure.adapter.output.persistence.entity.NotificationChannelEntity.hashCode(NotificationChannelEntity.java:13)
	at java.base/java.util.AbstractSet.hashCode(AbstractSet.java:124)
	at edu.market.notification.infrastructure.adapter.output.persistence.entity.NotificationEntity.hashCode(NotificationEntity.java:21)
	at edu.market.notification.infrastructure.adapter.output.persistence.entity.NotificationChannelEntity.hashCode(NotificationChannelEntity.java:13)
	at java.base/java.util.AbstractSet.hashCode(AbstractSet.java:124)
	at edu.market.notification.infrastructure.adapter.output.persistence.entity.NotificationEntity.hashCode(NotificationEntity.java:21)
	at edu.market.notification.infrastructure.adapter.output.persistence.entity.NotificationChannelEntity.hashCode(NotificationChannelEntity.java:13)
	at java.base/java.util.AbstractSet.hashCode(AbstractSet.java:124)
	at edu.market.notification.infrastructure.adapter.output.persistence.entity.NotificationEntity.hashCode(NotificationEntity.java:21)
	at edu.market.notification.infrastructure.adapter.output.persistence.entity.NotificationChannelEntity.hashCode(NotificationChannelEntity.java:13)
	at java.base/java.util.AbstractSet.hashCode(AbstractSet.java:124)
	at edu.market.notification.infrastructure.adapter.output.persistence.entity.NotificationEntity.hashCode(NotificationEntity.java:21)
	at edu.market.notification.infrastructure.adapter.output.persistence.entity.NotificationChannelEntity.hashCode(NotificationChannelEntity.java:13)
	at java.base/java.util.AbstractSet.hashCode(AbstractSet.java:124)
	at edu.market.notification.infrastructure.adapter.output.persistence.entity.NotificationEntity.hashCode(NotificationEntity.java:21)
	at edu.market.notification.infrastructure.adapter.output.persistence.entity.NotificationChannelEntity.hashCode(NotificationChannelEntity.java:13)
	at java.base/java.util.AbstractSet.hashCode(AbstractSet.java:124)
	at edu.market.notification.infrastructure.adapter.output.persistence.entity.NotificationEntity.hashCode(NotificationEntity.java:21)
	at edu.market.notification.infrastructure.adapter.output.persistence.entity.NotificationChannelEntity.hashCode(NotificationChannelEntity.java:13)
	at java.base/java.util.AbstractSet.hashCode(AbstractSet.java:124)
	at edu.market.notification.infrastructure.adapter.output.persistence.entity.NotificationEntity.hashCode(NotificationEntity.java:21)
	at edu.market.notification.infrastructure.adapter.output.persistence.entity.NotificationChannelEntity.hashCode(NotificationChannelEntity.java:13)
	at java.base/java.util.AbstractSet.hashCode(AbstractSet.java:124)
	at edu.market.notification.infrastructure.adapter.output.persistence.entity.NotificationEntity.hashCode(NotificationEntity.java:21)
	at edu.market.notification.infrastructure.adapter.output.persistence.entity.NotificationChannelEntity.hashCode(NotificationChannelEntity.java:13)
	at java.base/java.util.AbstractSet.hashCode(AbstractSet.java:124)
	at edu.market.notification.infrastructure.adapter.output.persistence.entity.NotificationEntity.hashCode(NotificationEntity.java:21)
	at edu.market.notification.infrastructure.adapter.output.persistence.entity.NotificationChannelEntity.hashCode(NotificationChannelEntity.java:13)
	at java.base/java.util.AbstractSet.hashCode(AbstractSet.java:124)
	at edu.market.notification.infrastructure.adapter.output.persistence.entity.NotificationEntity.hashCode(NotificationEntity.java:21)
	at edu.market.notification.infrastructure.adapter.output.persistence.entity.NotificationChannelEntity.hashCode(NotificationChannelEntity.java:13)
	at java.base/java.util.AbstractSet.hashCode(AbstractSet.java:124)
	at edu.market.notification.infrastructure.adapter.output.persistence.entity.NotificationEntity.hashCode(NotificationEntity.java:21)
	at edu.market.notification.infrastructure.adapter.output.persistence.entity.NotificationChannelEntity.hashCode(NotificationChannelEntity.java:13)
	at java.base/java.util.AbstractSet.hashCode(AbstractSet.java:124)
	at edu.market.notification.infrastructure.adapter.output.persistence.entity.NotificationEntity.hashCode(NotificationEntity.java:21)
	at edu.market.notification.infrastructure.adapter.output.persistence.entity.NotificationChannelEntity.hashCode(NotificationChannelEntity.java:13)
	at java.base/java.util.AbstractSet.hashCode(AbstractSet.java:124)
	at edu.market.notification.infrastructure.adapter.output.persistence.entity.NotificationEntity.hashCode(NotificationEntity.java:21)
	at edu.market.notification.infrastructure.adapter.output.persistence.entity.NotificationChannelEntity.hashCode(NotificationChannelEntity.java:13)
	at java.base/java.util.AbstractSet.hashCode(AbstractSet.java:124)
	at edu.market.notification.infrastructure.adapter.output.persistence.entity.NotificationEntity.hashCode(NotificationEntity.java:21)
	at edu.market.notification.infrastructure.adapter.output.persistence.entity.NotificationChannelEntity.hashCode(NotificationChannelEntity.java:13)
	at java.base/java.util.AbstractSet.hashCode(AbstractSet.java:124)
	at edu.market.notification.infrastructure.adapter.output.persistence.entity.NotificationEntity.hashCode(NotificationEntity.java:21)
	at edu.market.notification.infrastructure.adapter.output.persistence.entity.NotificationChannelEntity.hashCode(NotificationChannelEntity.java:13)
	at java.base/java.util.AbstractSet.hashCode(AbstractSet.java:124)
	at edu.market.notification.infrastructure.adapter.output.persistence.entity.NotificationEntity.hashCode(NotificationEntity.java:21)
	at edu.market.notification.infrastructure.adapter.output.persistence.entity.NotificationChannelEntity.hashCode(NotificationChannelEntity.java:13)
	at java.base/java.util.AbstractSet.hashCode(AbstractSet.java:124)
	at edu.market.notification.infrastructure.adapter.output.persistence.entity.NotificationEntity.hashCode(NotificationEntity.java:21)
	at edu.market.notification.infrastructure.adapter.output.persistence.entity.NotificationChannelEntity.hashCode(NotificationChannelEntity.java:13)
	at java.base/java.util.AbstractSet.hashCode(AbstractSet.java:124)
	at edu.market.notification.infrastructure.adapter.output.persistence.entity.NotificationEntity.hashCode(NotificationEntity.java:21)
	at edu.market.notification.infrastructure.adapter.output.persistence.entity.NotificationChannelEntity.hashCode(NotificationChannelEntity.java:13)
	at java.base/java.util.AbstractSet.hashCode(AbstractSet.java:124)
	at edu.market.notification.infrastructure.adapter.output.persistence.entity.NotificationEntity.hashCode(NotificationEntity.java:21)
	at edu.market.notification.infrastructure.adapter.output.persistence.entity.NotificationChannelEntity.hashCode(NotificationChannelEntity.java:13)
	at java.base/java.util.AbstractSet.hashCode(AbstractSet.java:124)
	at edu.market.notification.infrastructure.adapter.output.persistence.entity.NotificationEntity.hashCode(NotificationEntity.java:21)
	at edu.market.notification.infrastructure.adapter.output.persistence.entity.NotificationChannelEntity.hashCode(NotificationChannelEntity.java:13)
	at java.base/java.util.AbstractSet.hashCode(AbstractSet.java:124)
	at edu.market.notification.infrastructure.adapter.output.persistence.entity.NotificationEntity.hashCode(NotificationEntity.java:21)
	at edu.market.notification.infrastructure.adapter.output.persistence.entity.NotificationChannelEntity.hashCode(NotificationChannelEntity.java:13)
	at java.base/java.util.AbstractSet.hashCode(AbstractSet.java:124)
	at edu.market.notification.infrastructure.adapter.output.persistence.entity.NotificationEntity.hashCode(NotificationEntity.java:21)
	at edu.market.notification.infrastructure.adapter.output.persistence.entity.NotificationChannelEntity.hashCode(NotificationChannelEntity.java:13)
	at java.base/java.util.AbstractSet.hashCode(AbstractSet.java:124)
	at edu.market.notification.infrastructure.adapter.output.persistence.entity.NotificationEntity.hashCode(NotificationEntity.java:21)
	at edu.market.notification.infrastructure.adapter.output.persistence.entity.NotificationChannelEntity.hashCode(NotificationChannelEntity.java:13)
	at java.base/java.util.AbstractSet.hashCode(AbstractSet.java:124)
	at edu.market.notification.infrastructure.adapter.output.persistence.entity.NotificationEntity.hashCode(NotificationEntity.java:21)
	at edu.market.notification.infrastructure.adapter.output.persistence.entity.NotificationChannelEntity.hashCode(NotificationChannelEntity.java:13)
	at java.base/java.util.AbstractSet.hashCode(AbstractSet.java:124)
	at edu.market.notification.infrastructure.adapter.output.persistence.entity.NotificationEntity.hashCode(NotificationEntity.java:21)
	at edu.market.notification.infrastructure.adapter.output.persistence.entity.NotificationChannelEntity.hashCode(NotificationChannelEntity.java:13)
	at java.base/java.util.AbstractSet.hashCode(AbstractSet.java:124)
	at edu.market.notification.infrastructure.adapter.output.persistence.entity.NotificationEntity.hashCode(NotificationEntity.java:21)
	at edu.market.notification.infrastructure.adapter.output.persistence.entity.NotificationChannelEntity.hashCode(NotificationChannelEntity.java:13)
	at java.base/java.util.AbstractSet.hashCode(AbstractSet.java:124)
	at edu.market.notification.infrastructure.adapter.output.persistence.entity.NotificationEntity.hashCode(NotificationEntity.java:21)
	at edu.market.notification.infrastructure.adapter.output.persistence.entity.NotificationChannelEntity.hashCode(NotificationChannelEntity.java:13)
	at java.base/java.util.AbstractSet.hashCode(AbstractSet.java:124)
	at edu.market.notification.infrastructure.adapter.output.persistence.entity.NotificationEntity.hashCode(NotificationEntity.java:21)
	at edu.market.notification.infrastructure.adapter.output.persistence.entity.NotificationChannelEntity.hashCode(NotificationChannelEntity.java:13)
	at java.base/java.util.AbstractSet.hashCode(AbstractSet.java:124)
	at edu.market.notification.infrastructure.adapter.output.persistence.entity.NotificationEntity.hashCode(NotificationEntity.java:21)
	at edu.market.notification.infrastructure.adapter.output.persistence.entity.NotificationChannelEntity.hashCode(NotificationChannelEntity.java:13)
	at java.base/java.util.AbstractSet.hashCode(AbstractSet.java:124)
	at edu.market.notification.infrastructure.adapter.output.persistence.entity.NotificationEntity.hashCode(NotificationEntity.java:21)
	at edu.market.notification.infrastructure.adapter.output.persistence.entity.NotificationChannelEntity.hashCode(NotificationChannelEntity.java:13)
	at java.base/java.util.AbstractSet.hashCode(AbstractSet.java:124)
	at edu.market.notification.infrastructure.adapter.output.persistence.entity.NotificationEntity.hashCode(NotificationEntity.java:21)
	at edu.market.notification.infrastructure.adapter.output.persistence.entity.NotificationChannelEntity.hashCode(NotificationChannelEntity.java:13)
	at java.base/java.util.AbstractSet.hashCode(AbstractSet.java:124)
	at edu.market.notification.infrastructure.adapter.output.persistence.entity.NotificationEntity.hashCode(NotificationEntity.java:21)
	at edu.market.notification.infrastructure.adapter.output.persistence.entity.NotificationChannelEntity.hashCode(NotificationChannelEntity.java:13)
	at java.base/java.util.AbstractSet.hashCode(AbstractSet.java:124)
	at edu.market.notification.infrastructure.adapter.output.persistence.entity.NotificationEntity.hashCode(NotificationEntity.java:21)
	at edu.market.notification.infrastructure.adapter.output.persistence.entity.NotificationChannelEntity.hashCode(NotificationChannelEntity.java:13)
	at java.base/java.util.AbstractSet.hashCode(AbstractSet.java:124)
	at edu.market.notification.infrastructure.adapter.output.persistence.entity.NotificationEntity.hashCode(NotificationEntity.java:21)
	at edu.market.notification.infrastructure.adapter.output.persistence.entity.NotificationChannelEntity.hashCode(NotificationChannelEntity.java:13)
	at java.base/java.util.AbstractSet.hashCode(AbstractSet.java:124)
	at edu.market.notification.infrastructure.adapter.output.persistence.entity.NotificationEntity.hashCode(NotificationEntity.java:21)
	at edu.market.notification.infrastructure.adapter.output.persistence.entity.NotificationChannelEntity.hashCode(NotificationChannelEntity.java:13)
	at java.base/java.util.AbstractSet.hashCode(AbstractSet.java:124)
	at edu.market.notification.infrastructure.adapter.output.persistence.entity.NotificationEntity.hashCode(NotificationEntity.java:21)
	at edu.market.notification.infrastructure.adapter.output.persistence.entity.NotificationChannelEntity.hashCode(NotificationChannelEntity.java:13)
	at java.base/java.util.AbstractSet.hashCode(AbstractSet.java:124)
	at edu.market.notification.infrastructure.adapter.output.persistence.entity.NotificationEntity.hashCode(NotificationEntity.java:21)
	at edu.market.notification.infrastructure.adapter.output.persistence.entity.NotificationChannelEntity.hashCode(NotificationChannelEntity.java:13)
	at java.base/java.util.AbstractSet.hashCode(AbstractSet.java:124)
	at edu.market.notification.infrastructure.adapter.output.persistence.entity.NotificationEntity.hashCode(NotificationEntity.java:21)
	at edu.market.notification.infrastructure.adapter.output.persistence.entity.NotificationChannelEntity.hashCode(NotificationChannelEntity.java:13)
	at java.base/java.util.AbstractSet.hashCode(AbstractSet.java:124)
	at edu.market.notification.infrastructure.adapter.output.persistence.entity.NotificationEntity.hashCode(NotificationEntity.java:21)
	at edu.market.notification.infrastructure.adapter.output.persistence.entity.NotificationChannelEntity.hashCode(NotificationChannelEntity.java:13)
	at java.base/java.util.AbstractSet.hashCode(AbstractSet.java:124)
	at edu.market.notification.infrastructure.adapter.output.persistence.entity.NotificationEntity.hashCode(NotificationEntity.java:21)
	at edu.market.notification.infrastructure.adapter.output.persistence.entity.NotificationChannelEntity.hashCode(NotificationChannelEntity.java:13)
	at java.base/java.util.AbstractSet.hashCode(AbstractSet.java:124)
	at edu.market.notification.infrastructure.adapter.output.persistence.entity.NotificationEntity.hashCode(NotificationEntity.java:21)
	at edu.market.notification.infrastructure.adapter.output.persistence.entity.NotificationChannelEntity.hashCode(NotificationChannelEntity.java:13)
	at java.base/java.util.AbstractSet.hashCode(AbstractSet.java:124)
	at edu.market.notification.infrastructure.adapter.output.persistence.entity.NotificationEntity.hashCode(NotificationEntity.java:21)
	at edu.market.notification.infrastructure.adapter.output.persistence.entity.NotificationChannelEntity.hashCode(NotificationChannelEntity.java:13)
	at java.base/java.util.AbstractSet.hashCode(AbstractSet.java:124)
	at edu.market.notification.infrastructure.adapter.output.persistence.entity.NotificationEntity.hashCode(NotificationEntity.java:21)
	at edu.market.notification.infrastructure.adapter.output.persistence.entity.NotificationChannelEntity.hashCode(NotificationChannelEntity.java:13)
	at java.base/java.util.AbstractSet.hashCode(AbstractSet.java:124)
	at edu.market.notification.infrastructure.adapter.output.persistence.entity.NotificationEntity.hashCode(NotificationEntity.java:21)
	at edu.market.notification.infrastructure.adapter.output.persistence.entity.NotificationChannelEntity.hashCode(NotificationChannelEntity.java:13)
	at java.base/java.util.AbstractSet.hashCode(AbstractSet.java:124)
	at edu.market.notification.infrastructure.adapter.output.persistence.entity.NotificationEntity.hashCode(NotificationEntity.java:21)
	at edu.market.notification.infrastructure.adapter.output.persistence.entity.NotificationChannelEntity.hashCode(NotificationChannelEntity.java:13)
	at java.base/java.util.AbstractSet.hashCode(AbstractSet.java:124)
	at edu.market.notification.infrastructure.adapter.output.persistence.entity.NotificationEntity.hashCode(NotificationEntity.java:21)
	at edu.market.notification.infrastructure.adapter.output.persistence.entity.NotificationChannelEntity.hashCode(NotificationChannelEntity.java:13)
	at java.base/java.util.AbstractSet.hashCode(AbstractSet.java:124)
	at edu.market.notification.infrastructure.adapter.output.persistence.entity.NotificationEntity.hashCode(NotificationEntity.java:21)
	at edu.market.notification.infrastructure.adapter.output.persistence.entity.NotificationChannelEntity.hashCode(NotificationChannelEntity.java:13)
	at java.base/java.util.AbstractSet.hashCode(AbstractSet.java:124)
	at edu.market.notification.infrastructure.adapter.output.persistence.entity.NotificationEntity.hashCode(NotificationEntity.java:21)
	at edu.market.notification.infrastructure.adapter.output.persistence.entity.NotificationChannelEntity.hashCode(NotificationChannelEntity.java:13)
	at java.base/java.util.AbstractSet.hashCode(AbstractSet.java:124)
	at edu.market.notification.infrastructure.adapter.output.persistence.entity.NotificationEntity.hashCode(NotificationEntity.java:21)
	at edu.market.notification.infrastructure.adapter.output.persistence.entity.NotificationChannelEntity.hashCode(NotificationChannelEntity.java:13)
	at java.base/java.util.AbstractSet.hashCode(AbstractSet.java:124)
	at edu.market.notification.infrastructure.adapter.output.persistence.entity.NotificationEntity.hashCode(NotificationEntity.java:21)
	at edu.market.notification.infrastructure.adapter.output.persistence.entity.NotificationChannelEntity.hashCode(NotificationChannelEntity.java:13)
	at java.base/java.util.AbstractSet.hashCode(AbstractSet.java:124)
	at edu.market.notification.infrastructure.adapter.output.persistence.entity.NotificationEntity.hashCode(NotificationEntity.java:21)
	at edu.market.notification.infrastructure.adapter.output.persistence.entity.NotificationChannelEntity.hashCode(NotificationChannelEntity.java:13)
	at java.base/java.util.AbstractSet.hashCode(AbstractSet.java:124)
	at edu.market.notification.infrastructure.adapter.output.persistence.entity.NotificationEntity.hashCode(NotificationEntity.java:21)
	at edu.market.notification.infrastructure.adapter.output.persistence.entity.NotificationChannelEntity.hashCode(NotificationChannelEntity.java:13)
	at java.base/java.util.AbstractSet.hashCode(AbstractSet.java:124)
	at edu.market.notification.infrastructure.adapter.output.persistence.entity.NotificationEntity.hashCode(NotificationEntity.java:21)
	at edu.market.notification.infrastructure.adapter.output.persistence.entity.NotificationChannelEntity.hashCode(NotificationChannelEntity.java:13)
	at java.base/java.util.AbstractSet.hashCode(AbstractSet.java:124)
	at edu.market.notification.infrastructure.adapter.output.persistence.entity.NotificationEntity.hashCode(NotificationEntity.java:21)
	at edu.market.notification.infrastructure.adapter.output.persistence.entity.NotificationChannelEntity.hashCode(NotificationChannelEntity.java:13)
	at java.base/java.util.AbstractSet.hashCode(AbstractSet.java:124)
	at edu.market.notification.infrastructure.adapter.output.persistence.entity.NotificationEntity.hashCode(NotificationEntity.java:21)
	at edu.market.notification.infrastructure.adapter.output.persistence.entity.NotificationChannelEntity.hashCode(NotificationChannelEntity.java:13)
	at java.base/java.util.AbstractSet.hashCode(AbstractSet.java:124)
	at edu.market.notification.infrastructure.adapter.output.persistence.entity.NotificationEntity.hashCode(NotificationEntity.java:21)
	at edu.market.notification.infrastructure.adapter.output.persistence.entity.NotificationChannelEntity.hashCode(NotificationChannelEntity.java:13)
	at java.base/java.util.AbstractSet.hashCode(AbstractSet.java:124)
	at edu.market.notification.infrastructure.adapter.output.persistence.entity.NotificationEntity.hashCode(NotificationEntity.java:21)
	at edu.market.notification.infrastructure.adapter.output.persistence.entity.NotificationChannelEntity.hashCode(NotificationChannelEntity.java:13)
	at java.base/java.util.AbstractSet.hashCode(AbstractSet.java:124)
	at edu.market.notification.infrastructure.adapter.output.persistence.entity.NotificationEntity.hashCode(NotificationEntity.java:21)
	at edu.market.notification.infrastructure.adapter.output.persistence.entity.NotificationChannelEntity.hashCode(NotificationChannelEntity.java:13)
	at java.base/java.util.AbstractSet.hashCode(AbstractSet.java:124)
	at edu.market.notification.infrastructure.adapter.output.persistence.entity.NotificationEntity.hashCode(NotificationEntity.java:21)
	at edu.market.notification.infrastructure.adapter.output.persistence.entity.NotificationChannelEntity.hashCode(NotificationChannelEntity.java:13)
	at java.base/java.util.AbstractSet.hashCode(AbstractSet.java:124)
	at edu.market.notification.infrastructure.adapter.output.persistence.entity.NotificationEntity.hashCode(NotificationEntity.java:21)
	at edu.market.notification.infrastructure.adapter.output.persistence.entity.NotificationChannelEntity.hashCode(NotificationChannelEntity.java:13)
	at java.base/java.util.AbstractSet.hashCode(AbstractSet.java:124)
	at edu.market.notification.infrastructure.adapter.output.persistence.entity.NotificationEntity.hashCode(NotificationEntity.java:21)
	at edu.market.notification.infrastructure.adapter.output.persistence.entity.NotificationChannelEntity.hashCode(NotificationChannelEntity.java:13)
	at java.base/java.util.AbstractSet.hashCode(AbstractSet.java:124)
	at edu.market.notification.infrastructure.adapter.output.persistence.entity.NotificationEntity.hashCode(NotificationEntity.java:21)
	at edu.market.notification.infrastructure.adapter.output.persistence.entity.NotificationChannelEntity.hashCode(NotificationChannelEntity.java:13)
	at java.base/java.util.AbstractSet.hashCode(AbstractSet.java:124)
	at edu.market.notification.infrastructure.adapter.output.persistence.entity.NotificationEntity.hashCode(NotificationEntity.java:21)
	at edu.market.notification.infrastructure.adapter.output.persistence.entity.NotificationChannelEntity.hashCode(NotificationChannelEntity.java:13)
	at java.base/java.util.AbstractSet.hashCode(AbstractSet.java:124)
	at edu.market.notification.infrastructure.adapter.output.persistence.entity.NotificationEntity.hashCode(NotificationEntity.java:21)
	at edu.market.notification.infrastructure.adapter.output.persistence.entity.NotificationChannelEntity.hashCode(NotificationChannelEntity.java:13)
	at java.base/java.util.AbstractSet.hashCode(AbstractSet.java:124)
	at edu.market.notification.infrastructure.adapter.output.persistence.entity.NotificationEntity.hashCode(NotificationEntity.java:21)
	at edu.market.notification.infrastructure.adapter.output.persistence.entity.NotificationChannelEntity.hashCode(NotificationChannelEntity.java:13)
	at java.base/java.util.AbstractSet.hashCode(AbstractSet.java:124)
	at edu.market.notification.infrastructure.adapter.output.persistence.entity.NotificationEntity.hashCode(NotificationEntity.java:21)
	at edu.market.notification.infrastructure.adapter.output.persistence.entity.NotificationChannelEntity.hashCode(NotificationChannelEntity.java:13)
	at java.base/java.util.AbstractSet.hashCode(AbstractSet.java:124)
	at edu.market.notification.infrastructure.adapter.output.persistence.entity.NotificationEntity.hashCode(NotificationEntity.java:21)
	at edu.market.notification.infrastructure.adapter.output.persistence.entity.NotificationChannelEntity.hashCode(NotificationChannelEntity.java:13)
	at java.base/java.util.AbstractSet.hashCode(AbstractSet.java:124)
	at edu.market.notification.infrastructure.adapter.output.persistence.entity.NotificationEntity.hashCode(NotificationEntity.java:21)
	at edu.market.notification.infrastructure.adapter.output.persistence.entity.NotificationChannelEntity.hashCode(NotificationChannelEntity.java:13)
	at java.base/java.util.AbstractSet.hashCode(AbstractSet.java:124)
	at edu.market.notification.infrastructure.adapter.output.persistence.entity.NotificationEntity.hashCode(NotificationEntity.java:21)
	at edu.market.notification.infrastructure.adapter.output.persistence.entity.NotificationChannelEntity.hashCode(NotificationChannelEntity.java:13)
	at java.base/java.util.AbstractSet.hashCode(AbstractSet.java:124)
	at edu.market.notification.infrastructure.adapter.output.persistence.entity.NotificationEntity.hashCode(NotificationEntity.java:21)
	at edu.market.notification.infrastructure.adapter.output.persistence.entity.NotificationChannelEntity.hashCode(NotificationChannelEntity.java:13)
	at java.base/java.util.AbstractSet.hashCode(AbstractSet.java:124)
	at edu.market.notification.infrastructure.adapter.output.persistence.entity.NotificationEntity.hashCode(NotificationEntity.java:21)
	at edu.market.notification.infrastructure.adapter.output.persistence.entity.NotificationChannelEntity.hashCode(NotificationChannelEntity.java:13)
	at java.base/java.util.AbstractSet.hashCode(AbstractSet.java:124)
	at edu.market.notification.infrastructure.adapter.output.persistence.entity.NotificationEntity.hashCode(NotificationEntity.java:21)
	at edu.market.notification.infrastructure.adapter.output.persistence.entity.NotificationChannelEntity.hashCode(NotificationChannelEntity.java:13)
	at java.base/java.util.AbstractSet.hashCode(AbstractSet.java:124)
	at edu.market.notification.infrastructure.adapter.output.persistence.entity.NotificationEntity.hashCode(NotificationEntity.java:21)
	at edu.market.notification.infrastructure.adapter.output.persistence.entity.NotificationChannelEntity.hashCode(NotificationChannelEntity.java:13)
	at java.base/java.util.AbstractSet.hashCode(AbstractSet.java:124)
	at edu.market.notification.infrastructure.adapter.output.persistence.entity.NotificationEntity.hashCode(NotificationEntity.java:21)
	at edu.market.notification.infrastructure.adapter.output.persistence.entity.NotificationChannelEntity.hashCode(NotificationChannelEntity.java:13)
	at java.base/java.util.AbstractSet.hashCode(AbstractSet.java:124)
	at edu.market.notification.infrastructure.adapter.output.persistence.entity.NotificationEntity.hashCode(NotificationEntity.java:21)
	at edu.market.notification.infrastructure.adapter.output.persistence.entity.NotificationChannelEntity.hashCode(NotificationChannelEntity.java:13)
	at java.base/java.util.AbstractSet.hashCode(AbstractSet.java:124)
	at edu.market.notification.infrastructure.adapter.output.persistence.entity.NotificationEntity.hashCode(NotificationEntity.java:21)
	at edu.market.notification.infrastructure.adapter.output.persistence.entity.NotificationChannelEntity.hashCode(NotificationChannelEntity.java:13)
	at java.base/java.util.AbstractSet.hashCode(AbstractSet.java:124)
	at edu.market.notification.infrastructure.adapter.output.persistence.entity.NotificationEntity.hashCode(NotificationEntity.java:21)
	at edu.market.notification.infrastructure.adapter.output.persistence.entity.NotificationChannelEntity.hashCode(NotificationChannelEntity.java:13)
	at java.base/java.util.AbstractSet.hashCode(AbstractSet.java:124)
	at edu.market.notification.infrastructure.adapter.output.persistence.entity.NotificationEntity.hashCode(NotificationEntity.java:21)
	at edu.market.notification.infrastructure.adapter.output.persistence.entity.NotificationChannelEntity.hashCode(NotificationChannelEntity.java:13)
	at java.base/java.util.AbstractSet.hashCode(AbstractSet.java:124)
	at edu.market.notification.infrastructure.adapter.output.persistence.entity.NotificationEntity.hashCode(NotificationEntity.java:21)
	at edu.market.notification.infrastructure.adapter.output.persistence.entity.NotificationChannelEntity.hashCode(NotificationChannelEntity.java:13)
	at java.base/java.util.AbstractSet.hashCode(AbstractSet.java:124)
	at edu.market.notification.infrastructure.adapter.output.persistence.entity.NotificationEntity.hashCode(NotificationEntity.java:21)
	at edu.market.notification.infrastructure.adapter.output.persistence.entity.NotificationChannelEntity.hashCode(NotificationChannelEntity.java:13)
	at java.base/java.util.AbstractSet.hashCode(AbstractSet.java:124)
	at edu.market.notification.infrastructure.adapter.output.persistence.entity.NotificationEntity.hashCode(NotificationEntity.java:21)
	at edu.market.notification.infrastructure.adapter.output.persistence.entity.NotificationChannelEntity.hashCode(NotificationChannelEntity.java:13)
	at java.base/java.util.AbstractSet.hashCode(AbstractSet.java:124)
	at edu.market.notification.infrastructure.adapter.output.persistence.entity.NotificationEntity.hashCode(NotificationEntity.java:21)
	at edu.market.notification.infrastructure.adapter.output.persistence.entity.NotificationChannelEntity.hashCode(NotificationChannelEntity.java:13)
	at java.base/java.util.AbstractSet.hashCode(AbstractSet.java:124)
	at edu.market.notification.infrastructure.adapter.output.persistence.entity.NotificationEntity.hashCode(NotificationEntity.java:21)
	at edu.market.notification.infrastructure.adapter.output.persistence.entity.NotificationChannelEntity.hashCode(NotificationChannelEntity.java:13)
	at java.base/java.util.AbstractSet.hashCode(AbstractSet.java:124)
	at edu.market.notification.infrastructure.adapter.output.persistence.entity.NotificationEntity.hashCode(NotificationEntity.java:21)
	at edu.market.notification.infrastructure.adapter.output.persistence.entity.NotificationChannelEntity.hashCode(NotificationChannelEntity.java:13)
	at java.base/java.util.AbstractSet.hashCode(AbstractSet.java:124)
	at edu.market.notification.infrastructure.adapter.output.persistence.entity.NotificationEntity.hashCode(NotificationEntity.java:21)
	at edu.market.notification.infrastructure.adapter.output.persistence.entity.NotificationChannelEntity.hashCode(NotificationChannelEntity.java:13)
	at java.base/java.util.AbstractSet.hashCode(AbstractSet.java:124)
	at edu.market.notification.infrastructure.adapter.output.persistence.entity.NotificationEntity.hashCode(NotificationEntity.java:21)
	at edu.market.notification.infrastructure.adapter.output.persistence.entity.NotificationChannelEntity.hashCode(NotificationChannelEntity.java:13)
	at java.base/java.util.AbstractSet.hashCode(AbstractSet.java:124)
	at edu.market.notification.infrastructure.adapter.output.persistence.entity.NotificationEntity.hashCode(NotificationEntity.java:21)
	at edu.market.notification.infrastructure.adapter.output.persistence.entity.NotificationChannelEntity.hashCode(NotificationChannelEntity.java:13)
	at java.base/java.util.AbstractSet.hashCode(AbstractSet.java:124)
	at edu.market.notification.infrastructure.adapter.output.persistence.entity.NotificationEntity.hashCode(NotificationEntity.java:21)
	at edu.market.notification.infrastructure.adapter.output.persistence.entity.NotificationChannelEntity.hashCode(NotificationChannelEntity.java:13)
	at java.base/java.util.AbstractSet.hashCode(AbstractSet.java:124)
	at edu.market.notification.infrastructure.adapter.output.persistence.entity.NotificationEntity.hashCode(NotificationEntity.java:21)
	at edu.market.notification.infrastructure.adapter.output.persistence.entity.NotificationChannelEntity.hashCode(NotificationChannelEntity.java:13)
	at java.base/java.util.AbstractSet.hashCode(AbstractSet.java:124)
	at edu.market.notification.infrastructure.adapter.output.persistence.entity.NotificationEntity.hashCode(NotificationEntity.java:21)
	at edu.market.notification.infrastructure.adapter.output.persistence.entity.NotificationChannelEntity.hashCode(NotificationChannelEntity.java:13)
	at java.base/java.util.AbstractSet.hashCode(AbstractSet.java:124)
	at edu.market.notification.infrastructure.adapter.output.persistence.entity.NotificationEntity.hashCode(NotificationEntity.java:21)
	at edu.market.notification.infrastructure.adapter.output.persistence.entity.NotificationChannelEntity.hashCode(NotificationChannelEntity.java:13)
	at java.base/java.util.AbstractSet.hashCode(AbstractSet.java:124)
	at edu.market.notification.infrastructure.adapter.output.persistence.entity.NotificationEntity.hashCode(NotificationEntity.java:21)
	at edu.market.notification.infrastructure.adapter.output.persistence.entity.NotificationChannelEntity.hashCode(NotificationChannelEntity.java:13)
	at java.base/java.util.AbstractSet.hashCode(AbstractSet.java:124)
	at edu.market.notification.infrastructure.adapter.output.persistence.entity.NotificationEntity.hashCode(NotificationEntity.java:21)
	at edu.market.notification.infrastructure.adapter.output.persistence.entity.NotificationChannelEntity.hashCode(NotificationChannelEntity.java:13)
	at java.base/java.util.AbstractSet.hashCode(AbstractSet.java:124)
	at edu.market.notification.infrastructure.adapter.output.persistence.entity.NotificationEntity.hashCode(NotificationEntity.java:21)
	at edu.market.notification.infrastructure.adapter.output.persistence.entity.NotificationChannelEntity.hashCode(NotificationChannelEntity.java:13)
	at java.base/java.util.AbstractSet.hashCode(AbstractSet.java:124)
	at edu.market.notification.infrastructure.adapter.output.persistence.entity.NotificationEntity.hashCode(NotificationEntity.java:21)
	at edu.market.notification.infrastructure.adapter.output.persistence.entity.NotificationChannelEntity.hashCode(NotificationChannelEntity.java:13)
	at java.base/java.util.AbstractSet.hashCode(AbstractSet.java:124)
	at edu.market.notification.infrastructure.adapter.output.persistence.entity.NotificationEntity.hashCode(NotificationEntity.java:21)
	at edu.market.notification.infrastructure.adapter.output.persistence.entity.NotificationChannelEntity.hashCode(NotificationChannelEntity.java:13)
	at java.base/java.util.AbstractSet.hashCode(AbstractSet.java:124)
	at edu.market.notification.infrastructure.adapter.output.persistence.entity.NotificationEntity.hashCode(NotificationEntity.java:21)
	at edu.market.notification.infrastructure.adapter.output.persistence.entity.NotificationChannelEntity.hashCode(NotificationChannelEntity.java:13)
	at java.base/java.util.AbstractSet.hashCode(AbstractSet.java:124)
	at edu.market.notification.infrastructure.adapter.output.persistence.entity.NotificationEntity.hashCode(NotificationEntity.java:21)
	at edu.market.notification.infrastructure.adapter.output.persistence.entity.NotificationChannelEntity.hashCode(NotificationChannelEntity.java:13)
	at java.base/java.util.AbstractSet.hashCode(AbstractSet.java:124)
	at edu.market.notification.infrastructure.adapter.output.persistence.entity.NotificationEntity.hashCode(NotificationEntity.java:21)
	at edu.market.notification.infrastructure.adapter.output.persistence.entity.NotificationChannelEntity.hashCode(NotificationChannelEntity.java:13)
	at java.base/java.util.AbstractSet.hashCode(AbstractSet.java:124)
	at edu.market.notification.infrastructure.adapter.output.persistence.entity.NotificationEntity.hashCode(NotificationEntity.java:21)
	at edu.market.notification.infrastructure.adapter.output.persistence.entity.NotificationChannelEntity.hashCode(NotificationChannelEntity.java:13)
	at java.base/java.util.AbstractSet.hashCode(AbstractSet.java:124)
	at edu.market.notification.infrastructure.adapter.output.persistence.entity.NotificationEntity.hashCode(NotificationEntity.java:21)
	at edu.market.notification.infrastructure.adapter.output.persistence.entity.NotificationChannelEntity.hashCode(NotificationChannelEntity.java:13)
	at java.base/java.util.AbstractSet.hashCode(AbstractSet.java:124)
	at edu.market.notification.infrastructure.adapter.output.persistence.entity.NotificationEntity.hashCode(NotificationEntity.java:21)
	at edu.market.notification.infrastructure.adapter.output.persistence.entity.NotificationChannelEntity.hashCode(NotificationChannelEntity.java:13)
	at java.base/java.util.AbstractSet.hashCode(AbstractSet.java:124)
	at edu.market.notification.infrastructure.adapter.output.persistence.entity.NotificationEntity.hashCode(NotificationEntity.java:21)
	at edu.market.notification.infrastructure.adapter.output.persistence.entity.NotificationChannelEntity.hashCode(NotificationChannelEntity.java:13)
	at java.base/java.util.AbstractSet.hashCode(AbstractSet.java:124)
	at edu.market.notification.infrastructure.adapter.output.persistence.entity.NotificationEntity.hashCode(NotificationEntity.java:21)
	at edu.market.notification.infrastructure.adapter.output.persistence.entity.NotificationChannelEntity.hashCode(NotificationChannelEntity.java:13)
	at java.base/java.util.AbstractSet.hashCode(AbstractSet.java:124)
	at edu.market.notification.infrastructure.adapter.output.persistence.entity.NotificationEntity.hashCode(NotificationEntity.java:21)
	at edu.market.notification.infrastructure.adapter.output.persistence.entity.NotificationChannelEntity.hashCode(NotificationChannelEntity.java:13)
	at java.base/java.util.AbstractSet.hashCode(AbstractSet.java:124)
	at edu.market.notification.infrastructure.adapter.output.persistence.entity.NotificationEntity.hashCode(NotificationEntity.java:21)
	at edu.market.notification.infrastructure.adapter.output.persistence.entity.NotificationChannelEntity.hashCode(NotificationChannelEntity.java:13)
	at java.base/java.util.AbstractSet.hashCode(AbstractSet.java:124)
	at edu.market.notification.infrastructure.adapter.output.persistence.entity.NotificationEntity.hashCode(NotificationEntity.java:21)
	at edu.market.notification.infrastructure.adapter.output.persistence.entity.NotificationChannelEntity.hashCode(NotificationChannelEntity.java:13)
	at java.base/java.util.AbstractSet.hashCode(AbstractSet.java:124)
	at edu.market.notification.infrastructure.adapter.output.persistence.entity.NotificationEntity.hashCode(NotificationEntity.java:21)
	at edu.market.notification.infrastructure.adapter.output.persistence.entity.NotificationChannelEntity.hashCode(NotificationChannelEntity.java:13)
	at java.base/java.util.AbstractSet.hashCode(AbstractSet.java:124)
	at edu.market.notification.infrastructure.adapter.output.persistence.entity.NotificationEntity.hashCode(NotificationEntity.java:21)
	at edu.market.notification.infrastructure.adapter.output.persistence.entity.NotificationChannelEntity.hashCode(NotificationChannelEntity.java:13)
	at java.base/java.util.AbstractSet.hashCode(AbstractSet.java:124)
	at edu.market.notification.infrastructure.adapter.output.persistence.entity.NotificationEntity.hashCode(NotificationEntity.java:21)
	at edu.market.notification.infrastructure.adapter.output.persistence.entity.NotificationChannelEntity.hashCode(NotificationChannelEntity.java:13)
	at java.base/java.util.AbstractSet.hashCode(AbstractSet.java:124)
	at edu.market.notification.infrastructure.adapter.output.persistence.entity.NotificationEntity.hashCode(NotificationEntity.java:21)
	at edu.market.notification.infrastructure.adapter.output.persistence.entity.NotificationChannelEntity.hashCode(NotificationChannelEntity.java:13)
	at java.base/java.util.AbstractSet.hashCode(AbstractSet.java:124)
	at edu.market.notification.infrastructure.adapter.output.persistence.entity.NotificationEntity.hashCode(NotificationEntity.java:21)
	at edu.market.notification.infrastructure.adapter.output.persistence.entity.NotificationChannelEntity.hashCode(NotificationChannelEntity.java:13)
	at java.base/java.util.AbstractSet.hashCode(AbstractSet.java:124)
	at edu.market.notification.infrastructure.adapter.output.persistence.entity.NotificationEntity.hashCode(NotificationEntity.java:21)
	at edu.market.notification.infrastructure.adapter.output.persistence.entity.NotificationChannelEntity.hashCode(NotificationChannelEntity.java:13)
2025-07-27 12:56:42,689 [MetricsCollectorAOPExecutor-3] DEBUG e.m.n.i.c.MetricsCollectionAspect                  - MetricsCollectionAspect - Method notification-service.notification.edu.market.notification.application.usecase.notification.SendNotificationUseCase.send executed in 70 ms, success: false
2025-07-27 12:56:42,689 [http-nio-8080-exec-5] DEBUG e.m.n.i.c.ExceptionTrackerAspect                   - trackException - Init
2025-07-27 12:56:42,689 [http-nio-8080-exec-5] DEBUG e.m.n.i.c.ExceptionTrackerAspect                   - trackException - Call exceptionTrackerPort.trackException
2025-07-27 12:56:42,689 [http-nio-8080-exec-5] DEBUG e.m.n.i.a.o.m.ExceptionTrackerAdapter              - trackException - Init
2025-07-27 12:56:42,689 [http-nio-8080-exec-5] DEBUG e.m.n.i.a.o.m.ExceptionTrackerAdapter              - trackException - Call isAvailable - Checking ExceptionTracker Service is available
2025-07-27 12:56:42,689 [http-nio-8080-exec-5] DEBUG e.m.n.i.a.o.m.ExceptionTrackerAdapter              - isAvailable - Init
2025-07-27 12:56:42,691 [http-nio-8080-exec-5] DEBUG e.m.n.i.a.o.m.ExceptionTrackerAdapter              - isAvailable - Return true
2025-07-27 12:56:42,691 [http-nio-8080-exec-5] ERROR e.m.n.i.a.o.m.ExceptionTrackerAdapter              - Exception tracked from SendNotificationUseCase.send with context {{method=send, errorType=RuntimeException, class=SendNotificationUseCase, layer=application}}: java.lang.StackOverflowError
java.lang.RuntimeException: java.lang.StackOverflowError
	at org.springframework.data.repository.core.support.RepositoryMethodInvoker$RepositoryFragmentMethodInvoker.lambda$new$0(RepositoryMethodInvoker.java:281)
	at org.springframework.data.repository.core.support.RepositoryMethodInvoker.doInvoke(RepositoryMethodInvoker.java:170)
	at org.springframework.data.repository.core.support.RepositoryMethodInvoker.invoke(RepositoryMethodInvoker.java:158)
	at org.springframework.data.repository.core.support.RepositoryComposition$RepositoryFragments.invoke(RepositoryComposition.java:515)
	at org.springframework.data.repository.core.support.RepositoryComposition.invoke(RepositoryComposition.java:284)
	at org.springframework.data.repository.core.support.RepositoryFactorySupport$ImplementationMethodExecutionInterceptor.invoke(RepositoryFactorySupport.java:731)
	at org.springframework.aop.framework.ReflectiveMethodInvocation.proceed(ReflectiveMethodInvocation.java:184)
	at org.springframework.data.repository.core.support.QueryExecutorMethodInterceptor.doInvoke(QueryExecutorMethodInterceptor.java:174)
	at org.springframework.data.repository.core.support.QueryExecutorMethodInterceptor.invoke(QueryExecutorMethodInterceptor.java:149)
	at org.springframework.aop.framework.ReflectiveMethodInvocation.proceed(ReflectiveMethodInvocation.java:184)
	at org.springframework.data.projection.DefaultMethodInvokingMethodInterceptor.invoke(DefaultMethodInvokingMethodInterceptor.java:69)
	at org.springframework.aop.framework.ReflectiveMethodInvocation.proceed(ReflectiveMethodInvocation.java:184)
	at org.springframework.transaction.interceptor.TransactionAspectSupport.invokeWithinTransaction(TransactionAspectSupport.java:380)
	at org.springframework.transaction.interceptor.TransactionInterceptor.invoke(TransactionInterceptor.java:119)
	at org.springframework.aop.framework.ReflectiveMethodInvocation.proceed(ReflectiveMethodInvocation.java:184)
	at org.springframework.dao.support.PersistenceExceptionTranslationInterceptor.invoke(PersistenceExceptionTranslationInterceptor.java:138)
	at org.springframework.aop.framework.ReflectiveMethodInvocation.proceed(ReflectiveMethodInvocation.java:184)
	at org.springframework.data.jpa.repository.support.CrudMethodMetadataPostProcessor$CrudMethodMetadataPopulatingMethodInterceptor.invoke(CrudMethodMetadataPostProcessor.java:165)
	at org.springframework.aop.framework.ReflectiveMethodInvocation.proceed(ReflectiveMethodInvocation.java:184)
	at org.springframework.aop.framework.JdkDynamicAopProxy.invoke(JdkDynamicAopProxy.java:223)
	at jdk.proxy2/jdk.proxy2.$Proxy186.save(Unknown Source)
	at java.base/jdk.internal.reflect.DirectMethodHandleAccessor.invoke(DirectMethodHandleAccessor.java:103)
	at java.base/java.lang.reflect.Method.invoke(Method.java:580)
	at org.springframework.aop.support.AopUtils.invokeJoinpointUsingReflection(AopUtils.java:359)
	at org.springframework.aop.framework.ReflectiveMethodInvocation.invokeJoinpoint(ReflectiveMethodInvocation.java:196)
	at org.springframework.aop.framework.ReflectiveMethodInvocation.proceed(ReflectiveMethodInvocation.java:163)
	at org.springframework.dao.support.PersistenceExceptionTranslationInterceptor.invoke(PersistenceExceptionTranslationInterceptor.java:138)
	at org.springframework.aop.framework.ReflectiveMethodInvocation.proceed(ReflectiveMethodInvocation.java:184)
	at org.springframework.aop.aspectj.AspectJAfterThrowingAdvice.invoke(AspectJAfterThrowingAdvice.java:64)
	at org.springframework.aop.framework.ReflectiveMethodInvocation.proceed(ReflectiveMethodInvocation.java:184)
	at org.springframework.aop.interceptor.ExposeInvocationInterceptor.invoke(ExposeInvocationInterceptor.java:97)
	at org.springframework.aop.framework.ReflectiveMethodInvocation.proceed(ReflectiveMethodInvocation.java:184)
	at org.springframework.aop.framework.JdkDynamicAopProxy.invoke(JdkDynamicAopProxy.java:223)
	at jdk.proxy2/jdk.proxy2.$Proxy186.save(Unknown Source)
	at edu.market.notification.infrastructure.adapter.output.persistence.NotificationRepositoryAdapter.save(NotificationRepositoryAdapter.java:36)
	at java.base/jdk.internal.reflect.DirectMethodHandleAccessor.invoke(DirectMethodHandleAccessor.java:103)
	at java.base/java.lang.reflect.Method.invoke(Method.java:580)
	at org.springframework.aop.support.AopUtils.invokeJoinpointUsingReflection(AopUtils.java:359)
	at org.springframework.aop.framework.ReflectiveMethodInvocation.invokeJoinpoint(ReflectiveMethodInvocation.java:196)
	at org.springframework.aop.framework.ReflectiveMethodInvocation.proceed(ReflectiveMethodInvocation.java:163)
	at org.springframework.aop.aspectj.AspectJAfterThrowingAdvice.invoke(AspectJAfterThrowingAdvice.java:64)
	at org.springframework.aop.framework.ReflectiveMethodInvocation.proceed(ReflectiveMethodInvocation.java:184)
	at org.springframework.aop.aspectj.AspectJAfterThrowingAdvice.invoke(AspectJAfterThrowingAdvice.java:64)
	at org.springframework.aop.framework.ReflectiveMethodInvocation.proceed(ReflectiveMethodInvocation.java:184)
	at org.springframework.transaction.interceptor.TransactionAspectSupport.invokeWithinTransaction(TransactionAspectSupport.java:380)
	at org.springframework.transaction.interceptor.TransactionInterceptor.invoke(TransactionInterceptor.java:119)
	at org.springframework.aop.framework.ReflectiveMethodInvocation.proceed(ReflectiveMethodInvocation.java:184)
	at org.springframework.aop.interceptor.ExposeInvocationInterceptor.invoke(ExposeInvocationInterceptor.java:97)
	at org.springframework.aop.framework.ReflectiveMethodInvocation.proceed(ReflectiveMethodInvocation.java:184)
	at org.springframework.aop.framework.CglibAopProxy$DynamicAdvisedInterceptor.intercept(CglibAopProxy.java:728)
	at edu.market.notification.infrastructure.adapter.output.persistence.NotificationRepositoryAdapter$$SpringCGLIB$$0.save(<generated>)
	at edu.market.notification.application.usecase.notification.SendNotificationUseCase.send(SendNotificationUseCase.java:76)
	at java.base/jdk.internal.reflect.DirectMethodHandleAccessor.invoke(DirectMethodHandleAccessor.java:103)
	at java.base/java.lang.reflect.Method.invoke(Method.java:580)
	at org.springframework.aop.support.AopUtils.invokeJoinpointUsingReflection(AopUtils.java:359)
	at org.springframework.aop.framework.ReflectiveMethodInvocation.invokeJoinpoint(ReflectiveMethodInvocation.java:196)
	at org.springframework.aop.framework.ReflectiveMethodInvocation.proceed(ReflectiveMethodInvocation.java:163)
	at org.springframework.aop.aspectj.MethodInvocationProceedingJoinPoint.proceed(MethodInvocationProceedingJoinPoint.java:89)
	at edu.market.notification.infrastructure.crosscutting.MetricsCollectionAspect.collectMetrics(MetricsCollectionAspect.java:84)
	at java.base/jdk.internal.reflect.DirectMethodHandleAccessor.invoke(DirectMethodHandleAccessor.java:103)
	at java.base/java.lang.reflect.Method.invoke(Method.java:580)
	at org.springframework.aop.aspectj.AbstractAspectJAdvice.invokeAdviceMethodWithGivenArgs(AbstractAspectJAdvice.java:642)
	at org.springframework.aop.aspectj.AbstractAspectJAdvice.invokeAdviceMethod(AbstractAspectJAdvice.java:632)
	at org.springframework.aop.aspectj.AspectJAroundAdvice.invoke(AspectJAroundAdvice.java:71)
	at org.springframework.aop.framework.ReflectiveMethodInvocation.proceed(ReflectiveMethodInvocation.java:184)
	at org.springframework.aop.aspectj.AspectJAfterThrowingAdvice.invoke(AspectJAfterThrowingAdvice.java:64)
	at org.springframework.aop.framework.ReflectiveMethodInvocation.proceed(ReflectiveMethodInvocation.java:184)
	at org.springframework.aop.interceptor.ExposeInvocationInterceptor.invoke(ExposeInvocationInterceptor.java:97)
	at org.springframework.aop.framework.ReflectiveMethodInvocation.proceed(ReflectiveMethodInvocation.java:184)
	at org.springframework.aop.framework.CglibAopProxy$DynamicAdvisedInterceptor.intercept(CglibAopProxy.java:728)
	at edu.market.notification.application.usecase.notification.SendNotificationUseCase$$SpringCGLIB$$0.send(<generated>)
	at edu.market.notification.infrastructure.adapter.input.web.controller.NotificationController.sendNotification(NotificationController.java:156)
	at java.base/jdk.internal.reflect.DirectMethodHandleAccessor.invoke(DirectMethodHandleAccessor.java:103)
	at java.base/java.lang.reflect.Method.invoke(Method.java:580)
	at org.springframework.aop.support.AopUtils.invokeJoinpointUsingReflection(AopUtils.java:359)
	at org.springframework.aop.framework.ReflectiveMethodInvocation.invokeJoinpoint(ReflectiveMethodInvocation.java:196)
	at org.springframework.aop.framework.ReflectiveMethodInvocation.proceed(ReflectiveMethodInvocation.java:163)
	at org.springframework.aop.aspectj.MethodInvocationProceedingJoinPoint.proceed(MethodInvocationProceedingJoinPoint.java:89)
	at edu.market.notification.infrastructure.crosscutting.MetricsCollectionAspect.collectMetrics(MetricsCollectionAspect.java:84)
	at java.base/jdk.internal.reflect.DirectMethodHandleAccessor.invoke(DirectMethodHandleAccessor.java:103)
	at java.base/java.lang.reflect.Method.invoke(Method.java:580)
	at org.springframework.aop.aspectj.AbstractAspectJAdvice.invokeAdviceMethodWithGivenArgs(AbstractAspectJAdvice.java:642)
	at org.springframework.aop.aspectj.AbstractAspectJAdvice.invokeAdviceMethod(AbstractAspectJAdvice.java:632)
	at org.springframework.aop.aspectj.AspectJAroundAdvice.invoke(AspectJAroundAdvice.java:71)
	at org.springframework.aop.framework.ReflectiveMethodInvocation.proceed(ReflectiveMethodInvocation.java:184)
	at org.springframework.aop.aspectj.AspectJAfterThrowingAdvice.invoke(AspectJAfterThrowingAdvice.java:64)
	at org.springframework.aop.framework.ReflectiveMethodInvocation.proceed(ReflectiveMethodInvocation.java:184)
	at org.springframework.aop.interceptor.ExposeInvocationInterceptor.invoke(ExposeInvocationInterceptor.java:97)
	at org.springframework.aop.framework.ReflectiveMethodInvocation.proceed(ReflectiveMethodInvocation.java:184)
	at org.springframework.aop.framework.CglibAopProxy$DynamicAdvisedInterceptor.intercept(CglibAopProxy.java:728)
	at edu.market.notification.infrastructure.adapter.input.web.controller.NotificationController$$SpringCGLIB$$0.sendNotification(<generated>)
	at java.base/jdk.internal.reflect.DirectMethodHandleAccessor.invoke(DirectMethodHandleAccessor.java:103)
	at java.base/java.lang.reflect.Method.invoke(Method.java:580)
	at org.springframework.web.method.support.InvocableHandlerMethod.doInvoke(InvocableHandlerMethod.java:258)
	at org.springframework.web.method.support.InvocableHandlerMethod.invokeForRequest(InvocableHandlerMethod.java:191)
	at org.springframework.web.servlet.mvc.method.annotation.ServletInvocableHandlerMethod.invokeAndHandle(ServletInvocableHandlerMethod.java:118)
	at org.springframework.web.servlet.mvc.method.annotation.RequestMappingHandlerAdapter.invokeHandlerMethod(RequestMappingHandlerAdapter.java:986)
	at org.springframework.web.servlet.mvc.method.annotation.RequestMappingHandlerAdapter.handleInternal(RequestMappingHandlerAdapter.java:891)
	at org.springframework.web.servlet.mvc.method.AbstractHandlerMethodAdapter.handle(AbstractHandlerMethodAdapter.java:87)
	at org.springframework.web.servlet.DispatcherServlet.doDispatch(DispatcherServlet.java:1089)
	at org.springframework.web.servlet.DispatcherServlet.doService(DispatcherServlet.java:979)
	at org.springframework.web.servlet.FrameworkServlet.processRequest(FrameworkServlet.java:1014)
	at org.springframework.web.servlet.FrameworkServlet.doPost(FrameworkServlet.java:914)
	at jakarta.servlet.http.HttpServlet.service(HttpServlet.java:590)
	at org.springframework.web.servlet.FrameworkServlet.service(FrameworkServlet.java:885)
	at jakarta.servlet.http.HttpServlet.service(HttpServlet.java:658)
	at org.apache.catalina.core.ApplicationFilterChain.internalDoFilter(ApplicationFilterChain.java:195)
	at org.apache.catalina.core.ApplicationFilterChain.doFilter(ApplicationFilterChain.java:140)
	at org.apache.tomcat.websocket.server.WsFilter.doFilter(WsFilter.java:51)
	at org.apache.catalina.core.ApplicationFilterChain.internalDoFilter(ApplicationFilterChain.java:164)
	at org.apache.catalina.core.ApplicationFilterChain.doFilter(ApplicationFilterChain.java:140)
	at org.springframework.web.filter.CompositeFilter$VirtualFilterChain.doFilter(CompositeFilter.java:108)
	at org.springframework.security.web.FilterChainProxy.lambda$doFilterInternal$3(FilterChainProxy.java:231)
	at org.springframework.security.web.ObservationFilterChainDecorator$FilterObservation$SimpleFilterObservation.lambda$wrap$1(ObservationFilterChainDecorator.java:479)
	at org.springframework.security.web.ObservationFilterChainDecorator$AroundFilterObservation$SimpleAroundFilterObservation.lambda$wrap$1(ObservationFilterChainDecorator.java:340)
	at org.springframework.security.web.ObservationFilterChainDecorator.lambda$wrapSecured$0(ObservationFilterChainDecorator.java:82)
	at org.springframework.security.web.ObservationFilterChainDecorator$VirtualFilterChain.doFilter(ObservationFilterChainDecorator.java:128)
	at org.springframework.security.web.access.intercept.AuthorizationFilter.doFilter(AuthorizationFilter.java:101)
	at org.springframework.security.web.ObservationFilterChainDecorator$ObservationFilter.wrapFilter(ObservationFilterChainDecorator.java:240)
	at org.springframework.security.web.ObservationFilterChainDecorator$ObservationFilter.doFilter(ObservationFilterChainDecorator.java:227)
	at org.springframework.security.web.ObservationFilterChainDecorator$VirtualFilterChain.doFilter(ObservationFilterChainDecorator.java:137)
	at org.springframework.security.web.access.ExceptionTranslationFilter.doFilter(ExceptionTranslationFilter.java:126)
	at org.springframework.security.web.access.ExceptionTranslationFilter.doFilter(ExceptionTranslationFilter.java:120)
	at org.springframework.security.web.ObservationFilterChainDecorator$ObservationFilter.wrapFilter(ObservationFilterChainDecorator.java:240)
	at org.springframework.security.web.ObservationFilterChainDecorator$ObservationFilter.doFilter(ObservationFilterChainDecorator.java:227)
	at org.springframework.security.web.ObservationFilterChainDecorator$VirtualFilterChain.doFilter(ObservationFilterChainDecorator.java:137)
	at org.springframework.security.web.authentication.AnonymousAuthenticationFilter.doFilter(AnonymousAuthenticationFilter.java:100)
	at org.springframework.security.web.ObservationFilterChainDecorator$ObservationFilter.wrapFilter(ObservationFilterChainDecorator.java:240)
	at org.springframework.security.web.ObservationFilterChainDecorator$ObservationFilter.doFilter(ObservationFilterChainDecorator.java:227)
	at org.springframework.security.web.ObservationFilterChainDecorator$VirtualFilterChain.doFilter(ObservationFilterChainDecorator.java:137)
	at org.springframework.security.web.servletapi.SecurityContextHolderAwareRequestFilter.doFilter(SecurityContextHolderAwareRequestFilter.java:179)
	at org.springframework.security.web.ObservationFilterChainDecorator$ObservationFilter.wrapFilter(ObservationFilterChainDecorator.java:240)
	at org.springframework.security.web.ObservationFilterChainDecorator$ObservationFilter.doFilter(ObservationFilterChainDecorator.java:227)
	at org.springframework.security.web.ObservationFilterChainDecorator$VirtualFilterChain.doFilter(ObservationFilterChainDecorator.java:137)
	at org.springframework.security.web.savedrequest.RequestCacheAwareFilter.doFilter(RequestCacheAwareFilter.java:63)
	at org.springframework.security.web.ObservationFilterChainDecorator$ObservationFilter.wrapFilter(ObservationFilterChainDecorator.java:240)
	at org.springframework.security.web.ObservationFilterChainDecorator$ObservationFilter.doFilter(ObservationFilterChainDecorator.java:227)
	at org.springframework.security.web.ObservationFilterChainDecorator$VirtualFilterChain.doFilter(ObservationFilterChainDecorator.java:137)
	at org.springframework.security.web.authentication.logout.LogoutFilter.doFilter(LogoutFilter.java:107)
	at org.springframework.security.web.authentication.logout.LogoutFilter.doFilter(LogoutFilter.java:93)
	at org.springframework.security.web.ObservationFilterChainDecorator$ObservationFilter.wrapFilter(ObservationFilterChainDecorator.java:240)
	at org.springframework.security.web.ObservationFilterChainDecorator$ObservationFilter.doFilter(ObservationFilterChainDecorator.java:227)
	at org.springframework.security.web.ObservationFilterChainDecorator$VirtualFilterChain.doFilter(ObservationFilterChainDecorator.java:137)
	at org.springframework.security.web.header.HeaderWriterFilter.doHeadersAfter(HeaderWriterFilter.java:90)
	at org.springframework.security.web.header.HeaderWriterFilter.doFilterInternal(HeaderWriterFilter.java:75)
	at org.springframework.web.filter.OncePerRequestFilter.doFilter(OncePerRequestFilter.java:116)
	at org.springframework.security.web.ObservationFilterChainDecorator$ObservationFilter.wrapFilter(ObservationFilterChainDecorator.java:240)
	at org.springframework.security.web.ObservationFilterChainDecorator$ObservationFilter.doFilter(ObservationFilterChainDecorator.java:227)
	at org.springframework.security.web.ObservationFilterChainDecorator$VirtualFilterChain.doFilter(ObservationFilterChainDecorator.java:137)
	at org.springframework.security.web.context.SecurityContextHolderFilter.doFilter(SecurityContextHolderFilter.java:82)
	at org.springframework.security.web.context.SecurityContextHolderFilter.doFilter(SecurityContextHolderFilter.java:69)
	at org.springframework.security.web.ObservationFilterChainDecorator$ObservationFilter.wrapFilter(ObservationFilterChainDecorator.java:240)
	at org.springframework.security.web.ObservationFilterChainDecorator$ObservationFilter.doFilter(ObservationFilterChainDecorator.java:227)
	at org.springframework.security.web.ObservationFilterChainDecorator$VirtualFilterChain.doFilter(ObservationFilterChainDecorator.java:137)
	at org.springframework.security.web.context.request.async.WebAsyncManagerIntegrationFilter.doFilterInternal(WebAsyncManagerIntegrationFilter.java:62)
	at org.springframework.web.filter.OncePerRequestFilter.doFilter(OncePerRequestFilter.java:116)
	at org.springframework.security.web.ObservationFilterChainDecorator$ObservationFilter.wrapFilter(ObservationFilterChainDecorator.java:240)
	at org.springframework.security.web.ObservationFilterChainDecorator$ObservationFilter.doFilter(ObservationFilterChainDecorator.java:227)
	at org.springframework.security.web.ObservationFilterChainDecorator$VirtualFilterChain.doFilter(ObservationFilterChainDecorator.java:137)
	at org.springframework.security.web.session.DisableEncodeUrlFilter.doFilterInternal(DisableEncodeUrlFilter.java:42)
	at org.springframework.web.filter.OncePerRequestFilter.doFilter(OncePerRequestFilter.java:116)
	at org.springframework.security.web.ObservationFilterChainDecorator$ObservationFilter.wrapFilter(ObservationFilterChainDecorator.java:240)
	at org.springframework.security.web.ObservationFilterChainDecorator$AroundFilterObservation$SimpleAroundFilterObservation.lambda$wrap$0(ObservationFilterChainDecorator.java:323)
	at org.springframework.security.web.ObservationFilterChainDecorator$ObservationFilter.doFilter(ObservationFilterChainDecorator.java:224)
	at org.springframework.security.web.ObservationFilterChainDecorator$VirtualFilterChain.doFilter(ObservationFilterChainDecorator.java:137)
	at org.springframework.security.web.FilterChainProxy.doFilterInternal(FilterChainProxy.java:233)
	at org.springframework.security.web.FilterChainProxy.doFilter(FilterChainProxy.java:191)
	at org.springframework.web.filter.CompositeFilter$VirtualFilterChain.doFilter(CompositeFilter.java:113)
	at org.springframework.web.servlet.handler.HandlerMappingIntrospector.lambda$createCacheFilter$3(HandlerMappingIntrospector.java:243)
	at org.springframework.web.filter.CompositeFilter$VirtualFilterChain.doFilter(CompositeFilter.java:113)
	at org.springframework.web.filter.CompositeFilter.doFilter(CompositeFilter.java:74)
	at org.springframework.security.config.annotation.web.configuration.WebMvcSecurityConfiguration$CompositeFilterChainProxy.doFilter(WebMvcSecurityConfiguration.java:238)
	at org.springframework.web.filter.DelegatingFilterProxy.invokeDelegate(DelegatingFilterProxy.java:362)
	at org.springframework.web.filter.DelegatingFilterProxy.doFilter(DelegatingFilterProxy.java:278)
	at org.apache.catalina.core.ApplicationFilterChain.internalDoFilter(ApplicationFilterChain.java:164)
	at org.apache.catalina.core.ApplicationFilterChain.doFilter(ApplicationFilterChain.java:140)
	at org.springframework.web.filter.RequestContextFilter.doFilterInternal(RequestContextFilter.java:100)
	at org.springframework.web.filter.OncePerRequestFilter.doFilter(OncePerRequestFilter.java:116)
	at org.apache.catalina.core.ApplicationFilterChain.internalDoFilter(ApplicationFilterChain.java:164)
	at org.apache.catalina.core.ApplicationFilterChain.doFilter(ApplicationFilterChain.java:140)
	at org.springframework.web.filter.FormContentFilter.doFilterInternal(FormContentFilter.java:93)
	at org.springframework.web.filter.OncePerRequestFilter.doFilter(OncePerRequestFilter.java:116)
	at org.apache.catalina.core.ApplicationFilterChain.internalDoFilter(ApplicationFilterChain.java:164)
	at org.apache.catalina.core.ApplicationFilterChain.doFilter(ApplicationFilterChain.java:140)
	at org.springframework.web.filter.ServerHttpObservationFilter.doFilterInternal(ServerHttpObservationFilter.java:114)
	at org.springframework.web.filter.OncePerRequestFilter.doFilter(OncePerRequestFilter.java:116)
	at org.apache.catalina.core.ApplicationFilterChain.internalDoFilter(ApplicationFilterChain.java:164)
	at org.apache.catalina.core.ApplicationFilterChain.doFilter(ApplicationFilterChain.java:140)
	at org.springframework.web.filter.CharacterEncodingFilter.doFilterInternal(CharacterEncodingFilter.java:201)
	at org.springframework.web.filter.OncePerRequestFilter.doFilter(OncePerRequestFilter.java:116)
	at org.apache.catalina.core.ApplicationFilterChain.internalDoFilter(ApplicationFilterChain.java:164)
	at org.apache.catalina.core.ApplicationFilterChain.doFilter(ApplicationFilterChain.java:140)
	at org.apache.catalina.core.StandardWrapperValve.invoke(StandardWrapperValve.java:167)
	at org.apache.catalina.core.StandardContextValve.invoke(StandardContextValve.java:90)
	at org.apache.catalina.authenticator.AuthenticatorBase.invoke(AuthenticatorBase.java:483)
	at org.apache.catalina.core.StandardHostValve.invoke(StandardHostValve.java:116)
	at org.apache.catalina.valves.ErrorReportValve.invoke(ErrorReportValve.java:93)
	at org.apache.catalina.core.StandardEngineValve.invoke(StandardEngineValve.java:74)
	at org.apache.catalina.connector.CoyoteAdapter.service(CoyoteAdapter.java:344)
	at org.apache.coyote.http11.Http11Processor.service(Http11Processor.java:398)
	at org.apache.coyote.AbstractProcessorLight.process(AbstractProcessorLight.java:63)
	at org.apache.coyote.AbstractProtocol$ConnectionHandler.process(AbstractProtocol.java:903)
	at org.apache.tomcat.util.net.NioEndpoint$SocketProcessor.doRun(NioEndpoint.java:1740)
	at org.apache.tomcat.util.net.SocketProcessorBase.run(SocketProcessorBase.java:52)
	at org.apache.tomcat.util.threads.ThreadPoolExecutor.runWorker(ThreadPoolExecutor.java:1189)
	at org.apache.tomcat.util.threads.ThreadPoolExecutor$Worker.run(ThreadPoolExecutor.java:658)
	at org.apache.tomcat.util.threads.TaskThread$WrappingRunnable.run(TaskThread.java:63)
	at java.base/java.lang.Thread.run(Thread.java:1583)
Caused by: java.lang.StackOverflowError: null
	at edu.market.notification.infrastructure.adapter.output.persistence.entity.NotificationChannelEntity.hashCode(NotificationChannelEntity.java:13)
	at java.base/java.util.AbstractSet.hashCode(AbstractSet.java:124)
	at edu.market.notification.infrastructure.adapter.output.persistence.entity.NotificationEntity.hashCode(NotificationEntity.java:21)
	at edu.market.notification.infrastructure.adapter.output.persistence.entity.NotificationChannelEntity.hashCode(NotificationChannelEntity.java:13)
	at java.base/java.util.AbstractSet.hashCode(AbstractSet.java:124)
	at edu.market.notification.infrastructure.adapter.output.persistence.entity.NotificationEntity.hashCode(NotificationEntity.java:21)
	at edu.market.notification.infrastructure.adapter.output.persistence.entity.NotificationChannelEntity.hashCode(NotificationChannelEntity.java:13)
	at java.base/java.util.AbstractSet.hashCode(AbstractSet.java:124)
	at edu.market.notification.infrastructure.adapter.output.persistence.entity.NotificationEntity.hashCode(NotificationEntity.java:21)
	at edu.market.notification.infrastructure.adapter.output.persistence.entity.NotificationChannelEntity.hashCode(NotificationChannelEntity.java:13)
	at java.base/java.util.AbstractSet.hashCode(AbstractSet.java:124)
	at edu.market.notification.infrastructure.adapter.output.persistence.entity.NotificationEntity.hashCode(NotificationEntity.java:21)
	at edu.market.notification.infrastructure.adapter.output.persistence.entity.NotificationChannelEntity.hashCode(NotificationChannelEntity.java:13)
	at java.base/java.util.AbstractSet.hashCode(AbstractSet.java:124)
	at edu.market.notification.infrastructure.adapter.output.persistence.entity.NotificationEntity.hashCode(NotificationEntity.java:21)
	at edu.market.notification.infrastructure.adapter.output.persistence.entity.NotificationChannelEntity.hashCode(NotificationChannelEntity.java:13)
	at java.base/java.util.AbstractSet.hashCode(AbstractSet.java:124)
	at edu.market.notification.infrastructure.adapter.output.persistence.entity.NotificationEntity.hashCode(NotificationEntity.java:21)
	at edu.market.notification.infrastructure.adapter.output.persistence.entity.NotificationChannelEntity.hashCode(NotificationChannelEntity.java:13)
	at java.base/java.util.AbstractSet.hashCode(AbstractSet.java:124)
	at edu.market.notification.infrastructure.adapter.output.persistence.entity.NotificationEntity.hashCode(NotificationEntity.java:21)
	at edu.market.notification.infrastructure.adapter.output.persistence.entity.NotificationChannelEntity.hashCode(NotificationChannelEntity.java:13)
	at java.base/java.util.AbstractSet.hashCode(AbstractSet.java:124)
	at edu.market.notification.infrastructure.adapter.output.persistence.entity.NotificationEntity.hashCode(NotificationEntity.java:21)
	at edu.market.notification.infrastructure.adapter.output.persistence.entity.NotificationChannelEntity.hashCode(NotificationChannelEntity.java:13)
	at java.base/java.util.AbstractSet.hashCode(AbstractSet.java:124)
	at edu.market.notification.infrastructure.adapter.output.persistence.entity.NotificationEntity.hashCode(NotificationEntity.java:21)
	at edu.market.notification.infrastructure.adapter.output.persistence.entity.NotificationChannelEntity.hashCode(NotificationChannelEntity.java:13)
	at java.base/java.util.AbstractSet.hashCode(AbstractSet.java:124)
	at edu.market.notification.infrastructure.adapter.output.persistence.entity.NotificationEntity.hashCode(NotificationEntity.java:21)
	at edu.market.notification.infrastructure.adapter.output.persistence.entity.NotificationChannelEntity.hashCode(NotificationChannelEntity.java:13)
	at java.base/java.util.AbstractSet.hashCode(AbstractSet.java:124)
	at edu.market.notification.infrastructure.adapter.output.persistence.entity.NotificationEntity.hashCode(NotificationEntity.java:21)
	at edu.market.notification.infrastructure.adapter.output.persistence.entity.NotificationChannelEntity.hashCode(NotificationChannelEntity.java:13)
	at java.base/java.util.AbstractSet.hashCode(AbstractSet.java:124)
	at edu.market.notification.infrastructure.adapter.output.persistence.entity.NotificationEntity.hashCode(NotificationEntity.java:21)
	at edu.market.notification.infrastructure.adapter.output.persistence.entity.NotificationChannelEntity.hashCode(NotificationChannelEntity.java:13)
	at java.base/java.util.AbstractSet.hashCode(AbstractSet.java:124)
	at edu.market.notification.infrastructure.adapter.output.persistence.entity.NotificationEntity.hashCode(NotificationEntity.java:21)
	at edu.market.notification.infrastructure.adapter.output.persistence.entity.NotificationChannelEntity.hashCode(NotificationChannelEntity.java:13)
	at java.base/java.util.AbstractSet.hashCode(AbstractSet.java:124)
	at edu.market.notification.infrastructure.adapter.output.persistence.entity.NotificationEntity.hashCode(NotificationEntity.java:21)
	at edu.market.notification.infrastructure.adapter.output.persistence.entity.NotificationChannelEntity.hashCode(NotificationChannelEntity.java:13)
	at java.base/java.util.AbstractSet.hashCode(AbstractSet.java:124)
	at edu.market.notification.infrastructure.adapter.output.persistence.entity.NotificationEntity.hashCode(NotificationEntity.java:21)
	at edu.market.notification.infrastructure.adapter.output.persistence.entity.NotificationChannelEntity.hashCode(NotificationChannelEntity.java:13)
	at java.base/java.util.AbstractSet.hashCode(AbstractSet.java:124)
	at edu.market.notification.infrastructure.adapter.output.persistence.entity.NotificationEntity.hashCode(NotificationEntity.java:21)
	at edu.market.notification.infrastructure.adapter.output.persistence.entity.NotificationChannelEntity.hashCode(NotificationChannelEntity.java:13)
	at java.base/java.util.AbstractSet.hashCode(AbstractSet.java:124)
	at edu.market.notification.infrastructure.adapter.output.persistence.entity.NotificationEntity.hashCode(NotificationEntity.java:21)
	at edu.market.notification.infrastructure.adapter.output.persistence.entity.NotificationChannelEntity.hashCode(NotificationChannelEntity.java:13)
	at java.base/java.util.AbstractSet.hashCode(AbstractSet.java:124)
	at edu.market.notification.infrastructure.adapter.output.persistence.entity.NotificationEntity.hashCode(NotificationEntity.java:21)
	at edu.market.notification.infrastructure.adapter.output.persistence.entity.NotificationChannelEntity.hashCode(NotificationChannelEntity.java:13)
	at java.base/java.util.AbstractSet.hashCode(AbstractSet.java:124)
	at edu.market.notification.infrastructure.adapter.output.persistence.entity.NotificationEntity.hashCode(NotificationEntity.java:21)
	at edu.market.notification.infrastructure.adapter.output.persistence.entity.NotificationChannelEntity.hashCode(NotificationChannelEntity.java:13)
	at java.base/java.util.AbstractSet.hashCode(AbstractSet.java:124)
	at edu.market.notification.infrastructure.adapter.output.persistence.entity.NotificationEntity.hashCode(NotificationEntity.java:21)
	at edu.market.notification.infrastructure.adapter.output.persistence.entity.NotificationChannelEntity.hashCode(NotificationChannelEntity.java:13)
	at java.base/java.util.AbstractSet.hashCode(AbstractSet.java:124)
	at edu.market.notification.infrastructure.adapter.output.persistence.entity.NotificationEntity.hashCode(NotificationEntity.java:21)
	at edu.market.notification.infrastructure.adapter.output.persistence.entity.NotificationChannelEntity.hashCode(NotificationChannelEntity.java:13)
	at java.base/java.util.AbstractSet.hashCode(AbstractSet.java:124)
	at edu.market.notification.infrastructure.adapter.output.persistence.entity.NotificationEntity.hashCode(NotificationEntity.java:21)
	at edu.market.notification.infrastructure.adapter.output.persistence.entity.NotificationChannelEntity.hashCode(NotificationChannelEntity.java:13)
	at java.base/java.util.AbstractSet.hashCode(AbstractSet.java:124)
	at edu.market.notification.infrastructure.adapter.output.persistence.entity.NotificationEntity.hashCode(NotificationEntity.java:21)
	at edu.market.notification.infrastructure.adapter.output.persistence.entity.NotificationChannelEntity.hashCode(NotificationChannelEntity.java:13)
	at java.base/java.util.AbstractSet.hashCode(AbstractSet.java:124)
	at edu.market.notification.infrastructure.adapter.output.persistence.entity.NotificationEntity.hashCode(NotificationEntity.java:21)
	at edu.market.notification.infrastructure.adapter.output.persistence.entity.NotificationChannelEntity.hashCode(NotificationChannelEntity.java:13)
	at java.base/java.util.AbstractSet.hashCode(AbstractSet.java:124)
	at edu.market.notification.infrastructure.adapter.output.persistence.entity.NotificationEntity.hashCode(NotificationEntity.java:21)
	at edu.market.notification.infrastructure.adapter.output.persistence.entity.NotificationChannelEntity.hashCode(NotificationChannelEntity.java:13)
	at java.base/java.util.AbstractSet.hashCode(AbstractSet.java:124)
	at edu.market.notification.infrastructure.adapter.output.persistence.entity.NotificationEntity.hashCode(NotificationEntity.java:21)
	at edu.market.notification.infrastructure.adapter.output.persistence.entity.NotificationChannelEntity.hashCode(NotificationChannelEntity.java:13)
	at java.base/java.util.AbstractSet.hashCode(AbstractSet.java:124)
	at edu.market.notification.infrastructure.adapter.output.persistence.entity.NotificationEntity.hashCode(NotificationEntity.java:21)
	at edu.market.notification.infrastructure.adapter.output.persistence.entity.NotificationChannelEntity.hashCode(NotificationChannelEntity.java:13)
	at java.base/java.util.AbstractSet.hashCode(AbstractSet.java:124)
	at edu.market.notification.infrastructure.adapter.output.persistence.entity.NotificationEntity.hashCode(NotificationEntity.java:21)
	at edu.market.notification.infrastructure.adapter.output.persistence.entity.NotificationChannelEntity.hashCode(NotificationChannelEntity.java:13)
	at java.base/java.util.AbstractSet.hashCode(AbstractSet.java:124)
	at edu.market.notification.infrastructure.adapter.output.persistence.entity.NotificationEntity.hashCode(NotificationEntity.java:21)
	at edu.market.notification.infrastructure.adapter.output.persistence.entity.NotificationChannelEntity.hashCode(NotificationChannelEntity.java:13)
	at java.base/java.util.AbstractSet.hashCode(AbstractSet.java:124)
	at edu.market.notification.infrastructure.adapter.output.persistence.entity.NotificationEntity.hashCode(NotificationEntity.java:21)
	at edu.market.notification.infrastructure.adapter.output.persistence.entity.NotificationChannelEntity.hashCode(NotificationChannelEntity.java:13)
	at java.base/java.util.AbstractSet.hashCode(AbstractSet.java:124)
	at edu.market.notification.infrastructure.adapter.output.persistence.entity.NotificationEntity.hashCode(NotificationEntity.java:21)
	at edu.market.notification.infrastructure.adapter.output.persistence.entity.NotificationChannelEntity.hashCode(NotificationChannelEntity.java:13)
	at java.base/java.util.AbstractSet.hashCode(AbstractSet.java:124)
	at edu.market.notification.infrastructure.adapter.output.persistence.entity.NotificationEntity.hashCode(NotificationEntity.java:21)
	at edu.market.notification.infrastructure.adapter.output.persistence.entity.NotificationChannelEntity.hashCode(NotificationChannelEntity.java:13)
	at java.base/java.util.AbstractSet.hashCode(AbstractSet.java:124)
	at edu.market.notification.infrastructure.adapter.output.persistence.entity.NotificationEntity.hashCode(NotificationEntity.java:21)
	at edu.market.notification.infrastructure.adapter.output.persistence.entity.NotificationChannelEntity.hashCode(NotificationChannelEntity.java:13)
	at java.base/java.util.AbstractSet.hashCode(AbstractSet.java:124)
	at edu.market.notification.infrastructure.adapter.output.persistence.entity.NotificationEntity.hashCode(NotificationEntity.java:21)
	at edu.market.notification.infrastructure.adapter.output.persistence.entity.NotificationChannelEntity.hashCode(NotificationChannelEntity.java:13)
	at java.base/java.util.AbstractSet.hashCode(AbstractSet.java:124)
	at edu.market.notification.infrastructure.adapter.output.persistence.entity.NotificationEntity.hashCode(NotificationEntity.java:21)
	at edu.market.notification.infrastructure.adapter.output.persistence.entity.NotificationChannelEntity.hashCode(NotificationChannelEntity.java:13)
	at java.base/java.util.AbstractSet.hashCode(AbstractSet.java:124)
	at edu.market.notification.infrastructure.adapter.output.persistence.entity.NotificationEntity.hashCode(NotificationEntity.java:21)
	at edu.market.notification.infrastructure.adapter.output.persistence.entity.NotificationChannelEntity.hashCode(NotificationChannelEntity.java:13)
	at java.base/java.util.AbstractSet.hashCode(AbstractSet.java:124)
	at edu.market.notification.infrastructure.adapter.output.persistence.entity.NotificationEntity.hashCode(NotificationEntity.java:21)
	at edu.market.notification.infrastructure.adapter.output.persistence.entity.NotificationChannelEntity.hashCode(NotificationChannelEntity.java:13)
	at java.base/java.util.AbstractSet.hashCode(AbstractSet.java:124)
	at edu.market.notification.infrastructure.adapter.output.persistence.entity.NotificationEntity.hashCode(NotificationEntity.java:21)
	at edu.market.notification.infrastructure.adapter.output.persistence.entity.NotificationChannelEntity.hashCode(NotificationChannelEntity.java:13)
	at java.base/java.util.AbstractSet.hashCode(AbstractSet.java:124)
	at edu.market.notification.infrastructure.adapter.output.persistence.entity.NotificationEntity.hashCode(NotificationEntity.java:21)
	at edu.market.notification.infrastructure.adapter.output.persistence.entity.NotificationChannelEntity.hashCode(NotificationChannelEntity.java:13)
	at java.base/java.util.AbstractSet.hashCode(AbstractSet.java:124)
	at edu.market.notification.infrastructure.adapter.output.persistence.entity.NotificationEntity.hashCode(NotificationEntity.java:21)
	at edu.market.notification.infrastructure.adapter.output.persistence.entity.NotificationChannelEntity.hashCode(NotificationChannelEntity.java:13)
	at java.base/java.util.AbstractSet.hashCode(AbstractSet.java:124)
	at edu.market.notification.infrastructure.adapter.output.persistence.entity.NotificationEntity.hashCode(NotificationEntity.java:21)
	at edu.market.notification.infrastructure.adapter.output.persistence.entity.NotificationChannelEntity.hashCode(NotificationChannelEntity.java:13)
	at java.base/java.util.AbstractSet.hashCode(AbstractSet.java:124)
	at edu.market.notification.infrastructure.adapter.output.persistence.entity.NotificationEntity.hashCode(NotificationEntity.java:21)
	at edu.market.notification.infrastructure.adapter.output.persistence.entity.NotificationChannelEntity.hashCode(NotificationChannelEntity.java:13)
	at java.base/java.util.AbstractSet.hashCode(AbstractSet.java:124)
	at edu.market.notification.infrastructure.adapter.output.persistence.entity.NotificationEntity.hashCode(NotificationEntity.java:21)
	at edu.market.notification.infrastructure.adapter.output.persistence.entity.NotificationChannelEntity.hashCode(NotificationChannelEntity.java:13)
	at java.base/java.util.AbstractSet.hashCode(AbstractSet.java:124)
	at edu.market.notification.infrastructure.adapter.output.persistence.entity.NotificationEntity.hashCode(NotificationEntity.java:21)
	at edu.market.notification.infrastructure.adapter.output.persistence.entity.NotificationChannelEntity.hashCode(NotificationChannelEntity.java:13)
	at java.base/java.util.AbstractSet.hashCode(AbstractSet.java:124)
	at edu.market.notification.infrastructure.adapter.output.persistence.entity.NotificationEntity.hashCode(NotificationEntity.java:21)
	at edu.market.notification.infrastructure.adapter.output.persistence.entity.NotificationChannelEntity.hashCode(NotificationChannelEntity.java:13)
	at java.base/java.util.AbstractSet.hashCode(AbstractSet.java:124)
	at edu.market.notification.infrastructure.adapter.output.persistence.entity.NotificationEntity.hashCode(NotificationEntity.java:21)
	at edu.market.notification.infrastructure.adapter.output.persistence.entity.NotificationChannelEntity.hashCode(NotificationChannelEntity.java:13)
	at java.base/java.util.AbstractSet.hashCode(AbstractSet.java:124)
	at edu.market.notification.infrastructure.adapter.output.persistence.entity.NotificationEntity.hashCode(NotificationEntity.java:21)
	at edu.market.notification.infrastructure.adapter.output.persistence.entity.NotificationChannelEntity.hashCode(NotificationChannelEntity.java:13)
	at java.base/java.util.AbstractSet.hashCode(AbstractSet.java:124)
	at edu.market.notification.infrastructure.adapter.output.persistence.entity.NotificationEntity.hashCode(NotificationEntity.java:21)
	at edu.market.notification.infrastructure.adapter.output.persistence.entity.NotificationChannelEntity.hashCode(NotificationChannelEntity.java:13)
	at java.base/java.util.AbstractSet.hashCode(AbstractSet.java:124)
	at edu.market.notification.infrastructure.adapter.output.persistence.entity.NotificationEntity.hashCode(NotificationEntity.java:21)
	at edu.market.notification.infrastructure.adapter.output.persistence.entity.NotificationChannelEntity.hashCode(NotificationChannelEntity.java:13)
	at java.base/java.util.AbstractSet.hashCode(AbstractSet.java:124)
	at edu.market.notification.infrastructure.adapter.output.persistence.entity.NotificationEntity.hashCode(NotificationEntity.java:21)
	at edu.market.notification.infrastructure.adapter.output.persistence.entity.NotificationChannelEntity.hashCode(NotificationChannelEntity.java:13)
	at java.base/java.util.AbstractSet.hashCode(AbstractSet.java:124)
	at edu.market.notification.infrastructure.adapter.output.persistence.entity.NotificationEntity.hashCode(NotificationEntity.java:21)
	at edu.market.notification.infrastructure.adapter.output.persistence.entity.NotificationChannelEntity.hashCode(NotificationChannelEntity.java:13)
	at java.base/java.util.AbstractSet.hashCode(AbstractSet.java:124)
	at edu.market.notification.infrastructure.adapter.output.persistence.entity.NotificationEntity.hashCode(NotificationEntity.java:21)
	at edu.market.notification.infrastructure.adapter.output.persistence.entity.NotificationChannelEntity.hashCode(NotificationChannelEntity.java:13)
	at java.base/java.util.AbstractSet.hashCode(AbstractSet.java:124)
	at edu.market.notification.infrastructure.adapter.output.persistence.entity.NotificationEntity.hashCode(NotificationEntity.java:21)
	at edu.market.notification.infrastructure.adapter.output.persistence.entity.NotificationChannelEntity.hashCode(NotificationChannelEntity.java:13)
	at java.base/java.util.AbstractSet.hashCode(AbstractSet.java:124)
	at edu.market.notification.infrastructure.adapter.output.persistence.entity.NotificationEntity.hashCode(NotificationEntity.java:21)
	at edu.market.notification.infrastructure.adapter.output.persistence.entity.NotificationChannelEntity.hashCode(NotificationChannelEntity.java:13)
	at java.base/java.util.AbstractSet.hashCode(AbstractSet.java:124)
	at edu.market.notification.infrastructure.adapter.output.persistence.entity.NotificationEntity.hashCode(NotificationEntity.java:21)
	at edu.market.notification.infrastructure.adapter.output.persistence.entity.NotificationChannelEntity.hashCode(NotificationChannelEntity.java:13)
	at java.base/java.util.AbstractSet.hashCode(AbstractSet.java:124)
	at edu.market.notification.infrastructure.adapter.output.persistence.entity.NotificationEntity.hashCode(NotificationEntity.java:21)
	at edu.market.notification.infrastructure.adapter.output.persistence.entity.NotificationChannelEntity.hashCode(NotificationChannelEntity.java:13)
	at java.base/java.util.AbstractSet.hashCode(AbstractSet.java:124)
	at edu.market.notification.infrastructure.adapter.output.persistence.entity.NotificationEntity.hashCode(NotificationEntity.java:21)
	at edu.market.notification.infrastructure.adapter.output.persistence.entity.NotificationChannelEntity.hashCode(NotificationChannelEntity.java:13)
	at java.base/java.util.AbstractSet.hashCode(AbstractSet.java:124)
	at edu.market.notification.infrastructure.adapter.output.persistence.entity.NotificationEntity.hashCode(NotificationEntity.java:21)
	at edu.market.notification.infrastructure.adapter.output.persistence.entity.NotificationChannelEntity.hashCode(NotificationChannelEntity.java:13)
	at java.base/java.util.AbstractSet.hashCode(AbstractSet.java:124)
	at edu.market.notification.infrastructure.adapter.output.persistence.entity.NotificationEntity.hashCode(NotificationEntity.java:21)
	at edu.market.notification.infrastructure.adapter.output.persistence.entity.NotificationChannelEntity.hashCode(NotificationChannelEntity.java:13)
	at java.base/java.util.AbstractSet.hashCode(AbstractSet.java:124)
	at edu.market.notification.infrastructure.adapter.output.persistence.entity.NotificationEntity.hashCode(NotificationEntity.java:21)
	at edu.market.notification.infrastructure.adapter.output.persistence.entity.NotificationChannelEntity.hashCode(NotificationChannelEntity.java:13)
	at java.base/java.util.AbstractSet.hashCode(AbstractSet.java:124)
	at edu.market.notification.infrastructure.adapter.output.persistence.entity.NotificationEntity.hashCode(NotificationEntity.java:21)
	at edu.market.notification.infrastructure.adapter.output.persistence.entity.NotificationChannelEntity.hashCode(NotificationChannelEntity.java:13)
	at java.base/java.util.AbstractSet.hashCode(AbstractSet.java:124)
	at edu.market.notification.infrastructure.adapter.output.persistence.entity.NotificationEntity.hashCode(NotificationEntity.java:21)
	at edu.market.notification.infrastructure.adapter.output.persistence.entity.NotificationChannelEntity.hashCode(NotificationChannelEntity.java:13)
	at java.base/java.util.AbstractSet.hashCode(AbstractSet.java:124)
	at edu.market.notification.infrastructure.adapter.output.persistence.entity.NotificationEntity.hashCode(NotificationEntity.java:21)
	at edu.market.notification.infrastructure.adapter.output.persistence.entity.NotificationChannelEntity.hashCode(NotificationChannelEntity.java:13)
	at java.base/java.util.AbstractSet.hashCode(AbstractSet.java:124)
	at edu.market.notification.infrastructure.adapter.output.persistence.entity.NotificationEntity.hashCode(NotificationEntity.java:21)
	at edu.market.notification.infrastructure.adapter.output.persistence.entity.NotificationChannelEntity.hashCode(NotificationChannelEntity.java:13)
	at java.base/java.util.AbstractSet.hashCode(AbstractSet.java:124)
	at edu.market.notification.infrastructure.adapter.output.persistence.entity.NotificationEntity.hashCode(NotificationEntity.java:21)
	at edu.market.notification.infrastructure.adapter.output.persistence.entity.NotificationChannelEntity.hashCode(NotificationChannelEntity.java:13)
	at java.base/java.util.AbstractSet.hashCode(AbstractSet.java:124)
	at edu.market.notification.infrastructure.adapter.output.persistence.entity.NotificationEntity.hashCode(NotificationEntity.java:21)
	at edu.market.notification.infrastructure.adapter.output.persistence.entity.NotificationChannelEntity.hashCode(NotificationChannelEntity.java:13)
	at java.base/java.util.AbstractSet.hashCode(AbstractSet.java:124)
	at edu.market.notification.infrastructure.adapter.output.persistence.entity.NotificationEntity.hashCode(NotificationEntity.java:21)
	at edu.market.notification.infrastructure.adapter.output.persistence.entity.NotificationChannelEntity.hashCode(NotificationChannelEntity.java:13)
	at java.base/java.util.AbstractSet.hashCode(AbstractSet.java:124)
	at edu.market.notification.infrastructure.adapter.output.persistence.entity.NotificationEntity.hashCode(NotificationEntity.java:21)
	at edu.market.notification.infrastructure.adapter.output.persistence.entity.NotificationChannelEntity.hashCode(NotificationChannelEntity.java:13)
	at java.base/java.util.AbstractSet.hashCode(AbstractSet.java:124)
	at edu.market.notification.infrastructure.adapter.output.persistence.entity.NotificationEntity.hashCode(NotificationEntity.java:21)
	at edu.market.notification.infrastructure.adapter.output.persistence.entity.NotificationChannelEntity.hashCode(NotificationChannelEntity.java:13)
	at java.base/java.util.AbstractSet.hashCode(AbstractSet.java:124)
	at edu.market.notification.infrastructure.adapter.output.persistence.entity.NotificationEntity.hashCode(NotificationEntity.java:21)
	at edu.market.notification.infrastructure.adapter.output.persistence.entity.NotificationChannelEntity.hashCode(NotificationChannelEntity.java:13)
	at java.base/java.util.AbstractSet.hashCode(AbstractSet.java:124)
	at edu.market.notification.infrastructure.adapter.output.persistence.entity.NotificationEntity.hashCode(NotificationEntity.java:21)
	at edu.market.notification.infrastructure.adapter.output.persistence.entity.NotificationChannelEntity.hashCode(NotificationChannelEntity.java:13)
	at java.base/java.util.AbstractSet.hashCode(AbstractSet.java:124)
	at edu.market.notification.infrastructure.adapter.output.persistence.entity.NotificationEntity.hashCode(NotificationEntity.java:21)
	at edu.market.notification.infrastructure.adapter.output.persistence.entity.NotificationChannelEntity.hashCode(NotificationChannelEntity.java:13)
	at java.base/java.util.AbstractSet.hashCode(AbstractSet.java:124)
	at edu.market.notification.infrastructure.adapter.output.persistence.entity.NotificationEntity.hashCode(NotificationEntity.java:21)
	at edu.market.notification.infrastructure.adapter.output.persistence.entity.NotificationChannelEntity.hashCode(NotificationChannelEntity.java:13)
	at java.base/java.util.AbstractSet.hashCode(AbstractSet.java:124)
	at edu.market.notification.infrastructure.adapter.output.persistence.entity.NotificationEntity.hashCode(NotificationEntity.java:21)
	at edu.market.notification.infrastructure.adapter.output.persistence.entity.NotificationChannelEntity.hashCode(NotificationChannelEntity.java:13)
	at java.base/java.util.AbstractSet.hashCode(AbstractSet.java:124)
	at edu.market.notification.infrastructure.adapter.output.persistence.entity.NotificationEntity.hashCode(NotificationEntity.java:21)
	at edu.market.notification.infrastructure.adapter.output.persistence.entity.NotificationChannelEntity.hashCode(NotificationChannelEntity.java:13)
	at java.base/java.util.AbstractSet.hashCode(AbstractSet.java:124)
	at edu.market.notification.infrastructure.adapter.output.persistence.entity.NotificationEntity.hashCode(NotificationEntity.java:21)
	at edu.market.notification.infrastructure.adapter.output.persistence.entity.NotificationChannelEntity.hashCode(NotificationChannelEntity.java:13)
	at java.base/java.util.AbstractSet.hashCode(AbstractSet.java:124)
	at edu.market.notification.infrastructure.adapter.output.persistence.entity.NotificationEntity.hashCode(NotificationEntity.java:21)
	at edu.market.notification.infrastructure.adapter.output.persistence.entity.NotificationChannelEntity.hashCode(NotificationChannelEntity.java:13)
	at java.base/java.util.AbstractSet.hashCode(AbstractSet.java:124)
	at edu.market.notification.infrastructure.adapter.output.persistence.entity.NotificationEntity.hashCode(NotificationEntity.java:21)
	at edu.market.notification.infrastructure.adapter.output.persistence.entity.NotificationChannelEntity.hashCode(NotificationChannelEntity.java:13)
	at java.base/java.util.AbstractSet.hashCode(AbstractSet.java:124)
	at edu.market.notification.infrastructure.adapter.output.persistence.entity.NotificationEntity.hashCode(NotificationEntity.java:21)
	at edu.market.notification.infrastructure.adapter.output.persistence.entity.NotificationChannelEntity.hashCode(NotificationChannelEntity.java:13)
	at java.base/java.util.AbstractSet.hashCode(AbstractSet.java:124)
	at edu.market.notification.infrastructure.adapter.output.persistence.entity.NotificationEntity.hashCode(NotificationEntity.java:21)
	at edu.market.notification.infrastructure.adapter.output.persistence.entity.NotificationChannelEntity.hashCode(NotificationChannelEntity.java:13)
	at java.base/java.util.AbstractSet.hashCode(AbstractSet.java:124)
	at edu.market.notification.infrastructure.adapter.output.persistence.entity.NotificationEntity.hashCode(NotificationEntity.java:21)
	at edu.market.notification.infrastructure.adapter.output.persistence.entity.NotificationChannelEntity.hashCode(NotificationChannelEntity.java:13)
	at java.base/java.util.AbstractSet.hashCode(AbstractSet.java:124)
	at edu.market.notification.infrastructure.adapter.output.persistence.entity.NotificationEntity.hashCode(NotificationEntity.java:21)
	at edu.market.notification.infrastructure.adapter.output.persistence.entity.NotificationChannelEntity.hashCode(NotificationChannelEntity.java:13)
	at java.base/java.util.AbstractSet.hashCode(AbstractSet.java:124)
	at edu.market.notification.infrastructure.adapter.output.persistence.entity.NotificationEntity.hashCode(NotificationEntity.java:21)
	at edu.market.notification.infrastructure.adapter.output.persistence.entity.NotificationChannelEntity.hashCode(NotificationChannelEntity.java:13)
	at java.base/java.util.AbstractSet.hashCode(AbstractSet.java:124)
	at edu.market.notification.infrastructure.adapter.output.persistence.entity.NotificationEntity.hashCode(NotificationEntity.java:21)
	at edu.market.notification.infrastructure.adapter.output.persistence.entity.NotificationChannelEntity.hashCode(NotificationChannelEntity.java:13)
	at java.base/java.util.AbstractSet.hashCode(AbstractSet.java:124)
	at edu.market.notification.infrastructure.adapter.output.persistence.entity.NotificationEntity.hashCode(NotificationEntity.java:21)
	at edu.market.notification.infrastructure.adapter.output.persistence.entity.NotificationChannelEntity.hashCode(NotificationChannelEntity.java:13)
	at java.base/java.util.AbstractSet.hashCode(AbstractSet.java:124)
	at edu.market.notification.infrastructure.adapter.output.persistence.entity.NotificationEntity.hashCode(NotificationEntity.java:21)
	at edu.market.notification.infrastructure.adapter.output.persistence.entity.NotificationChannelEntity.hashCode(NotificationChannelEntity.java:13)
	at java.base/java.util.AbstractSet.hashCode(AbstractSet.java:124)
	at edu.market.notification.infrastructure.adapter.output.persistence.entity.NotificationEntity.hashCode(NotificationEntity.java:21)
	at edu.market.notification.infrastructure.adapter.output.persistence.entity.NotificationChannelEntity.hashCode(NotificationChannelEntity.java:13)
	at java.base/java.util.AbstractSet.hashCode(AbstractSet.java:124)
	at edu.market.notification.infrastructure.adapter.output.persistence.entity.NotificationEntity.hashCode(NotificationEntity.java:21)
	at edu.market.notification.infrastructure.adapter.output.persistence.entity.NotificationChannelEntity.hashCode(NotificationChannelEntity.java:13)
	at java.base/java.util.AbstractSet.hashCode(AbstractSet.java:124)
	at edu.market.notification.infrastructure.adapter.output.persistence.entity.NotificationEntity.hashCode(NotificationEntity.java:21)
	at edu.market.notification.infrastructure.adapter.output.persistence.entity.NotificationChannelEntity.hashCode(NotificationChannelEntity.java:13)
	at java.base/java.util.AbstractSet.hashCode(AbstractSet.java:124)
	at edu.market.notification.infrastructure.adapter.output.persistence.entity.NotificationEntity.hashCode(NotificationEntity.java:21)
	at edu.market.notification.infrastructure.adapter.output.persistence.entity.NotificationChannelEntity.hashCode(NotificationChannelEntity.java:13)
	at java.base/java.util.AbstractSet.hashCode(AbstractSet.java:124)
	at edu.market.notification.infrastructure.adapter.output.persistence.entity.NotificationEntity.hashCode(NotificationEntity.java:21)
	at edu.market.notification.infrastructure.adapter.output.persistence.entity.NotificationChannelEntity.hashCode(NotificationChannelEntity.java:13)
	at java.base/java.util.AbstractSet.hashCode(AbstractSet.java:124)
	at edu.market.notification.infrastructure.adapter.output.persistence.entity.NotificationEntity.hashCode(NotificationEntity.java:21)
	at edu.market.notification.infrastructure.adapter.output.persistence.entity.NotificationChannelEntity.hashCode(NotificationChannelEntity.java:13)
	at java.base/java.util.AbstractSet.hashCode(AbstractSet.java:124)
	at edu.market.notification.infrastructure.adapter.output.persistence.entity.NotificationEntity.hashCode(NotificationEntity.java:21)
	at edu.market.notification.infrastructure.adapter.output.persistence.entity.NotificationChannelEntity.hashCode(NotificationChannelEntity.java:13)
	at java.base/java.util.AbstractSet.hashCode(AbstractSet.java:124)
	at edu.market.notification.infrastructure.adapter.output.persistence.entity.NotificationEntity.hashCode(NotificationEntity.java:21)
	at edu.market.notification.infrastructure.adapter.output.persistence.entity.NotificationChannelEntity.hashCode(NotificationChannelEntity.java:13)
	at java.base/java.util.AbstractSet.hashCode(AbstractSet.java:124)
	at edu.market.notification.infrastructure.adapter.output.persistence.entity.NotificationEntity.hashCode(NotificationEntity.java:21)
	at edu.market.notification.infrastructure.adapter.output.persistence.entity.NotificationChannelEntity.hashCode(NotificationChannelEntity.java:13)
	at java.base/java.util.AbstractSet.hashCode(AbstractSet.java:124)
	at edu.market.notification.infrastructure.adapter.output.persistence.entity.NotificationEntity.hashCode(NotificationEntity.java:21)
	at edu.market.notification.infrastructure.adapter.output.persistence.entity.NotificationChannelEntity.hashCode(NotificationChannelEntity.java:13)
	at java.base/java.util.AbstractSet.hashCode(AbstractSet.java:124)
	at edu.market.notification.infrastructure.adapter.output.persistence.entity.NotificationEntity.hashCode(NotificationEntity.java:21)
	at edu.market.notification.infrastructure.adapter.output.persistence.entity.NotificationChannelEntity.hashCode(NotificationChannelEntity.java:13)
	at java.base/java.util.AbstractSet.hashCode(AbstractSet.java:124)
	at edu.market.notification.infrastructure.adapter.output.persistence.entity.NotificationEntity.hashCode(NotificationEntity.java:21)
	at edu.market.notification.infrastructure.adapter.output.persistence.entity.NotificationChannelEntity.hashCode(NotificationChannelEntity.java:13)
	at java.base/java.util.AbstractSet.hashCode(AbstractSet.java:124)
	at edu.market.notification.infrastructure.adapter.output.persistence.entity.NotificationEntity.hashCode(NotificationEntity.java:21)
	at edu.market.notification.infrastructure.adapter.output.persistence.entity.NotificationChannelEntity.hashCode(NotificationChannelEntity.java:13)
	at java.base/java.util.AbstractSet.hashCode(AbstractSet.java:124)
	at edu.market.notification.infrastructure.adapter.output.persistence.entity.NotificationEntity.hashCode(NotificationEntity.java:21)
	at edu.market.notification.infrastructure.adapter.output.persistence.entity.NotificationChannelEntity.hashCode(NotificationChannelEntity.java:13)
	at java.base/java.util.AbstractSet.hashCode(AbstractSet.java:124)
	at edu.market.notification.infrastructure.adapter.output.persistence.entity.NotificationEntity.hashCode(NotificationEntity.java:21)
	at edu.market.notification.infrastructure.adapter.output.persistence.entity.NotificationChannelEntity.hashCode(NotificationChannelEntity.java:13)
	at java.base/java.util.AbstractSet.hashCode(AbstractSet.java:124)
	at edu.market.notification.infrastructure.adapter.output.persistence.entity.NotificationEntity.hashCode(NotificationEntity.java:21)
	at edu.market.notification.infrastructure.adapter.output.persistence.entity.NotificationChannelEntity.hashCode(NotificationChannelEntity.java:13)
	at java.base/java.util.AbstractSet.hashCode(AbstractSet.java:124)
	at edu.market.notification.infrastructure.adapter.output.persistence.entity.NotificationEntity.hashCode(NotificationEntity.java:21)
	at edu.market.notification.infrastructure.adapter.output.persistence.entity.NotificationChannelEntity.hashCode(NotificationChannelEntity.java:13)
	at java.base/java.util.AbstractSet.hashCode(AbstractSet.java:124)
	at edu.market.notification.infrastructure.adapter.output.persistence.entity.NotificationEntity.hashCode(NotificationEntity.java:21)
	at edu.market.notification.infrastructure.adapter.output.persistence.entity.NotificationChannelEntity.hashCode(NotificationChannelEntity.java:13)
	at java.base/java.util.AbstractSet.hashCode(AbstractSet.java:124)
	at edu.market.notification.infrastructure.adapter.output.persistence.entity.NotificationEntity.hashCode(NotificationEntity.java:21)
	at edu.market.notification.infrastructure.adapter.output.persistence.entity.NotificationChannelEntity.hashCode(NotificationChannelEntity.java:13)
	at java.base/java.util.AbstractSet.hashCode(AbstractSet.java:124)
	at edu.market.notification.infrastructure.adapter.output.persistence.entity.NotificationEntity.hashCode(NotificationEntity.java:21)
	at edu.market.notification.infrastructure.adapter.output.persistence.entity.NotificationChannelEntity.hashCode(NotificationChannelEntity.java:13)
	at java.base/java.util.AbstractSet.hashCode(AbstractSet.java:124)
	at edu.market.notification.infrastructure.adapter.output.persistence.entity.NotificationEntity.hashCode(NotificationEntity.java:21)
	at edu.market.notification.infrastructure.adapter.output.persistence.entity.NotificationChannelEntity.hashCode(NotificationChannelEntity.java:13)
	at java.base/java.util.AbstractSet.hashCode(AbstractSet.java:124)
	at edu.market.notification.infrastructure.adapter.output.persistence.entity.NotificationEntity.hashCode(NotificationEntity.java:21)
	at edu.market.notification.infrastructure.adapter.output.persistence.entity.NotificationChannelEntity.hashCode(NotificationChannelEntity.java:13)
	at java.base/java.util.AbstractSet.hashCode(AbstractSet.java:124)
	at edu.market.notification.infrastructure.adapter.output.persistence.entity.NotificationEntity.hashCode(NotificationEntity.java:21)
	at edu.market.notification.infrastructure.adapter.output.persistence.entity.NotificationChannelEntity.hashCode(NotificationChannelEntity.java:13)
	at java.base/java.util.AbstractSet.hashCode(AbstractSet.java:124)
	at edu.market.notification.infrastructure.adapter.output.persistence.entity.NotificationEntity.hashCode(NotificationEntity.java:21)
	at edu.market.notification.infrastructure.adapter.output.persistence.entity.NotificationChannelEntity.hashCode(NotificationChannelEntity.java:13)
	at java.base/java.util.AbstractSet.hashCode(AbstractSet.java:124)
	at edu.market.notification.infrastructure.adapter.output.persistence.entity.NotificationEntity.hashCode(NotificationEntity.java:21)
	at edu.market.notification.infrastructure.adapter.output.persistence.entity.NotificationChannelEntity.hashCode(NotificationChannelEntity.java:13)
	at java.base/java.util.AbstractSet.hashCode(AbstractSet.java:124)
	at edu.market.notification.infrastructure.adapter.output.persistence.entity.NotificationEntity.hashCode(NotificationEntity.java:21)
	at edu.market.notification.infrastructure.adapter.output.persistence.entity.NotificationChannelEntity.hashCode(NotificationChannelEntity.java:13)
	at java.base/java.util.AbstractSet.hashCode(AbstractSet.java:124)
	at edu.market.notification.infrastructure.adapter.output.persistence.entity.NotificationEntity.hashCode(NotificationEntity.java:21)
	at edu.market.notification.infrastructure.adapter.output.persistence.entity.NotificationChannelEntity.hashCode(NotificationChannelEntity.java:13)
	at java.base/java.util.AbstractSet.hashCode(AbstractSet.java:124)
	at edu.market.notification.infrastructure.adapter.output.persistence.entity.NotificationEntity.hashCode(NotificationEntity.java:21)
	at edu.market.notification.infrastructure.adapter.output.persistence.entity.NotificationChannelEntity.hashCode(NotificationChannelEntity.java:13)
	at java.base/java.util.AbstractSet.hashCode(AbstractSet.java:124)
	at edu.market.notification.infrastructure.adapter.output.persistence.entity.NotificationEntity.hashCode(NotificationEntity.java:21)
	at edu.market.notification.infrastructure.adapter.output.persistence.entity.NotificationChannelEntity.hashCode(NotificationChannelEntity.java:13)
	at java.base/java.util.AbstractSet.hashCode(AbstractSet.java:124)
	at edu.market.notification.infrastructure.adapter.output.persistence.entity.NotificationEntity.hashCode(NotificationEntity.java:21)
	at edu.market.notification.infrastructure.adapter.output.persistence.entity.NotificationChannelEntity.hashCode(NotificationChannelEntity.java:13)
	at java.base/java.util.AbstractSet.hashCode(AbstractSet.java:124)
	at edu.market.notification.infrastructure.adapter.output.persistence.entity.NotificationEntity.hashCode(NotificationEntity.java:21)
	at edu.market.notification.infrastructure.adapter.output.persistence.entity.NotificationChannelEntity.hashCode(NotificationChannelEntity.java:13)
	at java.base/java.util.AbstractSet.hashCode(AbstractSet.java:124)
	at edu.market.notification.infrastructure.adapter.output.persistence.entity.NotificationEntity.hashCode(NotificationEntity.java:21)
	at edu.market.notification.infrastructure.adapter.output.persistence.entity.NotificationChannelEntity.hashCode(NotificationChannelEntity.java:13)
	at java.base/java.util.AbstractSet.hashCode(AbstractSet.java:124)
	at edu.market.notification.infrastructure.adapter.output.persistence.entity.NotificationEntity.hashCode(NotificationEntity.java:21)
	at edu.market.notification.infrastructure.adapter.output.persistence.entity.NotificationChannelEntity.hashCode(NotificationChannelEntity.java:13)
	at java.base/java.util.AbstractSet.hashCode(AbstractSet.java:124)
	at edu.market.notification.infrastructure.adapter.output.persistence.entity.NotificationEntity.hashCode(NotificationEntity.java:21)
	at edu.market.notification.infrastructure.adapter.output.persistence.entity.NotificationChannelEntity.hashCode(NotificationChannelEntity.java:13)
	at java.base/java.util.AbstractSet.hashCode(AbstractSet.java:124)
	at edu.market.notification.infrastructure.adapter.output.persistence.entity.NotificationEntity.hashCode(NotificationEntity.java:21)
	at edu.market.notification.infrastructure.adapter.output.persistence.entity.NotificationChannelEntity.hashCode(NotificationChannelEntity.java:13)
	at java.base/java.util.AbstractSet.hashCode(AbstractSet.java:124)
	at edu.market.notification.infrastructure.adapter.output.persistence.entity.NotificationEntity.hashCode(NotificationEntity.java:21)
	at edu.market.notification.infrastructure.adapter.output.persistence.entity.NotificationChannelEntity.hashCode(NotificationChannelEntity.java:13)
	at java.base/java.util.AbstractSet.hashCode(AbstractSet.java:124)
	at edu.market.notification.infrastructure.adapter.output.persistence.entity.NotificationEntity.hashCode(NotificationEntity.java:21)
	at edu.market.notification.infrastructure.adapter.output.persistence.entity.NotificationChannelEntity.hashCode(NotificationChannelEntity.java:13)
	at java.base/java.util.AbstractSet.hashCode(AbstractSet.java:124)
	at edu.market.notification.infrastructure.adapter.output.persistence.entity.NotificationEntity.hashCode(NotificationEntity.java:21)
	at edu.market.notification.infrastructure.adapter.output.persistence.entity.NotificationChannelEntity.hashCode(NotificationChannelEntity.java:13)
	at java.base/java.util.AbstractSet.hashCode(AbstractSet.java:124)
	at edu.market.notification.infrastructure.adapter.output.persistence.entity.NotificationEntity.hashCode(NotificationEntity.java:21)
	at edu.market.notification.infrastructure.adapter.output.persistence.entity.NotificationChannelEntity.hashCode(NotificationChannelEntity.java:13)
	at java.base/java.util.AbstractSet.hashCode(AbstractSet.java:124)
	at edu.market.notification.infrastructure.adapter.output.persistence.entity.NotificationEntity.hashCode(NotificationEntity.java:21)
	at edu.market.notification.infrastructure.adapter.output.persistence.entity.NotificationChannelEntity.hashCode(NotificationChannelEntity.java:13)
	at java.base/java.util.AbstractSet.hashCode(AbstractSet.java:124)
	at edu.market.notification.infrastructure.adapter.output.persistence.entity.NotificationEntity.hashCode(NotificationEntity.java:21)
	at edu.market.notification.infrastructure.adapter.output.persistence.entity.NotificationChannelEntity.hashCode(NotificationChannelEntity.java:13)
	at java.base/java.util.AbstractSet.hashCode(AbstractSet.java:124)
	at edu.market.notification.infrastructure.adapter.output.persistence.entity.NotificationEntity.hashCode(NotificationEntity.java:21)
	at edu.market.notification.infrastructure.adapter.output.persistence.entity.NotificationChannelEntity.hashCode(NotificationChannelEntity.java:13)
	at java.base/java.util.AbstractSet.hashCode(AbstractSet.java:124)
	at edu.market.notification.infrastructure.adapter.output.persistence.entity.NotificationEntity.hashCode(NotificationEntity.java:21)
	at edu.market.notification.infrastructure.adapter.output.persistence.entity.NotificationChannelEntity.hashCode(NotificationChannelEntity.java:13)
	at java.base/java.util.AbstractSet.hashCode(AbstractSet.java:124)
	at edu.market.notification.infrastructure.adapter.output.persistence.entity.NotificationEntity.hashCode(NotificationEntity.java:21)
	at edu.market.notification.infrastructure.adapter.output.persistence.entity.NotificationChannelEntity.hashCode(NotificationChannelEntity.java:13)
	at java.base/java.util.AbstractSet.hashCode(AbstractSet.java:124)
	at edu.market.notification.infrastructure.adapter.output.persistence.entity.NotificationEntity.hashCode(NotificationEntity.java:21)
	at edu.market.notification.infrastructure.adapter.output.persistence.entity.NotificationChannelEntity.hashCode(NotificationChannelEntity.java:13)
	at java.base/java.util.AbstractSet.hashCode(AbstractSet.java:124)
	at edu.market.notification.infrastructure.adapter.output.persistence.entity.NotificationEntity.hashCode(NotificationEntity.java:21)
	at edu.market.notification.infrastructure.adapter.output.persistence.entity.NotificationChannelEntity.hashCode(NotificationChannelEntity.java:13)
	at java.base/java.util.AbstractSet.hashCode(AbstractSet.java:124)
	at edu.market.notification.infrastructure.adapter.output.persistence.entity.NotificationEntity.hashCode(NotificationEntity.java:21)
	at edu.market.notification.infrastructure.adapter.output.persistence.entity.NotificationChannelEntity.hashCode(NotificationChannelEntity.java:13)
	at java.base/java.util.AbstractSet.hashCode(AbstractSet.java:124)
	at edu.market.notification.infrastructure.adapter.output.persistence.entity.NotificationEntity.hashCode(NotificationEntity.java:21)
	at edu.market.notification.infrastructure.adapter.output.persistence.entity.NotificationChannelEntity.hashCode(NotificationChannelEntity.java:13)
	at java.base/java.util.AbstractSet.hashCode(AbstractSet.java:124)
	at edu.market.notification.infrastructure.adapter.output.persistence.entity.NotificationEntity.hashCode(NotificationEntity.java:21)
	at edu.market.notification.infrastructure.adapter.output.persistence.entity.NotificationChannelEntity.hashCode(NotificationChannelEntity.java:13)
	at java.base/java.util.AbstractSet.hashCode(AbstractSet.java:124)
	at edu.market.notification.infrastructure.adapter.output.persistence.entity.NotificationEntity.hashCode(NotificationEntity.java:21)
	at edu.market.notification.infrastructure.adapter.output.persistence.entity.NotificationChannelEntity.hashCode(NotificationChannelEntity.java:13)
	at java.base/java.util.AbstractSet.hashCode(AbstractSet.java:124)
	at edu.market.notification.infrastructure.adapter.output.persistence.entity.NotificationEntity.hashCode(NotificationEntity.java:21)
	at edu.market.notification.infrastructure.adapter.output.persistence.entity.NotificationChannelEntity.hashCode(NotificationChannelEntity.java:13)
	at java.base/java.util.AbstractSet.hashCode(AbstractSet.java:124)
	at edu.market.notification.infrastructure.adapter.output.persistence.entity.NotificationEntity.hashCode(NotificationEntity.java:21)
	at edu.market.notification.infrastructure.adapter.output.persistence.entity.NotificationChannelEntity.hashCode(NotificationChannelEntity.java:13)
	at java.base/java.util.AbstractSet.hashCode(AbstractSet.java:124)
	at edu.market.notification.infrastructure.adapter.output.persistence.entity.NotificationEntity.hashCode(NotificationEntity.java:21)
	at edu.market.notification.infrastructure.adapter.output.persistence.entity.NotificationChannelEntity.hashCode(NotificationChannelEntity.java:13)
	at java.base/java.util.AbstractSet.hashCode(AbstractSet.java:124)
	at edu.market.notification.infrastructure.adapter.output.persistence.entity.NotificationEntity.hashCode(NotificationEntity.java:21)
	at edu.market.notification.infrastructure.adapter.output.persistence.entity.NotificationChannelEntity.hashCode(NotificationChannelEntity.java:13)
	at java.base/java.util.AbstractSet.hashCode(AbstractSet.java:124)
	at edu.market.notification.infrastructure.adapter.output.persistence.entity.NotificationEntity.hashCode(NotificationEntity.java:21)
	at edu.market.notification.infrastructure.adapter.output.persistence.entity.NotificationChannelEntity.hashCode(NotificationChannelEntity.java:13)
	at java.base/java.util.AbstractSet.hashCode(AbstractSet.java:124)
	at edu.market.notification.infrastructure.adapter.output.persistence.entity.NotificationEntity.hashCode(NotificationEntity.java:21)
	at edu.market.notification.infrastructure.adapter.output.persistence.entity.NotificationChannelEntity.hashCode(NotificationChannelEntity.java:13)
	at java.base/java.util.AbstractSet.hashCode(AbstractSet.java:124)
	at edu.market.notification.infrastructure.adapter.output.persistence.entity.NotificationEntity.hashCode(NotificationEntity.java:21)
	at edu.market.notification.infrastructure.adapter.output.persistence.entity.NotificationChannelEntity.hashCode(NotificationChannelEntity.java:13)
	at java.base/java.util.AbstractSet.hashCode(AbstractSet.java:124)
	at edu.market.notification.infrastructure.adapter.output.persistence.entity.NotificationEntity.hashCode(NotificationEntity.java:21)
	at edu.market.notification.infrastructure.adapter.output.persistence.entity.NotificationChannelEntity.hashCode(NotificationChannelEntity.java:13)
	at java.base/java.util.AbstractSet.hashCode(AbstractSet.java:124)
	at edu.market.notification.infrastructure.adapter.output.persistence.entity.NotificationEntity.hashCode(NotificationEntity.java:21)
	at edu.market.notification.infrastructure.adapter.output.persistence.entity.NotificationChannelEntity.hashCode(NotificationChannelEntity.java:13)
	at java.base/java.util.AbstractSet.hashCode(AbstractSet.java:124)
	at edu.market.notification.infrastructure.adapter.output.persistence.entity.NotificationEntity.hashCode(NotificationEntity.java:21)
	at edu.market.notification.infrastructure.adapter.output.persistence.entity.NotificationChannelEntity.hashCode(NotificationChannelEntity.java:13)
	at java.base/java.util.AbstractSet.hashCode(AbstractSet.java:124)
	at edu.market.notification.infrastructure.adapter.output.persistence.entity.NotificationEntity.hashCode(NotificationEntity.java:21)
	at edu.market.notification.infrastructure.adapter.output.persistence.entity.NotificationChannelEntity.hashCode(NotificationChannelEntity.java:13)
	at java.base/java.util.AbstractSet.hashCode(AbstractSet.java:124)
	at edu.market.notification.infrastructure.adapter.output.persistence.entity.NotificationEntity.hashCode(NotificationEntity.java:21)
	at edu.market.notification.infrastructure.adapter.output.persistence.entity.NotificationChannelEntity.hashCode(NotificationChannelEntity.java:13)
	at java.base/java.util.AbstractSet.hashCode(AbstractSet.java:124)
	at edu.market.notification.infrastructure.adapter.output.persistence.entity.NotificationEntity.hashCode(NotificationEntity.java:21)
	at edu.market.notification.infrastructure.adapter.output.persistence.entity.NotificationChannelEntity.hashCode(NotificationChannelEntity.java:13)
	at java.base/java.util.AbstractSet.hashCode(AbstractSet.java:124)
	at edu.market.notification.infrastructure.adapter.output.persistence.entity.NotificationEntity.hashCode(NotificationEntity.java:21)
	at edu.market.notification.infrastructure.adapter.output.persistence.entity.NotificationChannelEntity.hashCode(NotificationChannelEntity.java:13)
	at java.base/java.util.AbstractSet.hashCode(AbstractSet.java:124)
	at edu.market.notification.infrastructure.adapter.output.persistence.entity.NotificationEntity.hashCode(NotificationEntity.java:21)
	at edu.market.notification.infrastructure.adapter.output.persistence.entity.NotificationChannelEntity.hashCode(NotificationChannelEntity.java:13)
	at java.base/java.util.AbstractSet.hashCode(AbstractSet.java:124)
	at edu.market.notification.infrastructure.adapter.output.persistence.entity.NotificationEntity.hashCode(NotificationEntity.java:21)
	at edu.market.notification.infrastructure.adapter.output.persistence.entity.NotificationChannelEntity.hashCode(NotificationChannelEntity.java:13)
	at java.base/java.util.AbstractSet.hashCode(AbstractSet.java:124)
	at edu.market.notification.infrastructure.adapter.output.persistence.entity.NotificationEntity.hashCode(NotificationEntity.java:21)
	at edu.market.notification.infrastructure.adapter.output.persistence.entity.NotificationChannelEntity.hashCode(NotificationChannelEntity.java:13)
	at java.base/java.util.AbstractSet.hashCode(AbstractSet.java:124)
	at edu.market.notification.infrastructure.adapter.output.persistence.entity.NotificationEntity.hashCode(NotificationEntity.java:21)
	at edu.market.notification.infrastructure.adapter.output.persistence.entity.NotificationChannelEntity.hashCode(NotificationChannelEntity.java:13)
	at java.base/java.util.AbstractSet.hashCode(AbstractSet.java:124)
	at edu.market.notification.infrastructure.adapter.output.persistence.entity.NotificationEntity.hashCode(NotificationEntity.java:21)
	at edu.market.notification.infrastructure.adapter.output.persistence.entity.NotificationChannelEntity.hashCode(NotificationChannelEntity.java:13)
	at java.base/java.util.AbstractSet.hashCode(AbstractSet.java:124)
	at edu.market.notification.infrastructure.adapter.output.persistence.entity.NotificationEntity.hashCode(NotificationEntity.java:21)
	at edu.market.notification.infrastructure.adapter.output.persistence.entity.NotificationChannelEntity.hashCode(NotificationChannelEntity.java:13)
	at java.base/java.util.AbstractSet.hashCode(AbstractSet.java:124)
	at edu.market.notification.infrastructure.adapter.output.persistence.entity.NotificationEntity.hashCode(NotificationEntity.java:21)
	at edu.market.notification.infrastructure.adapter.output.persistence.entity.NotificationChannelEntity.hashCode(NotificationChannelEntity.java:13)
	at java.base/java.util.AbstractSet.hashCode(AbstractSet.java:124)
	at edu.market.notification.infrastructure.adapter.output.persistence.entity.NotificationEntity.hashCode(NotificationEntity.java:21)
	at edu.market.notification.infrastructure.adapter.output.persistence.entity.NotificationChannelEntity.hashCode(NotificationChannelEntity.java:13)
	at java.base/java.util.AbstractSet.hashCode(AbstractSet.java:124)
	at edu.market.notification.infrastructure.adapter.output.persistence.entity.NotificationEntity.hashCode(NotificationEntity.java:21)
	at edu.market.notification.infrastructure.adapter.output.persistence.entity.NotificationChannelEntity.hashCode(NotificationChannelEntity.java:13)
	at java.base/java.util.AbstractSet.hashCode(AbstractSet.java:124)
	at edu.market.notification.infrastructure.adapter.output.persistence.entity.NotificationEntity.hashCode(NotificationEntity.java:21)
	at edu.market.notification.infrastructure.adapter.output.persistence.entity.NotificationChannelEntity.hashCode(NotificationChannelEntity.java:13)
	at java.base/java.util.AbstractSet.hashCode(AbstractSet.java:124)
	at edu.market.notification.infrastructure.adapter.output.persistence.entity.NotificationEntity.hashCode(NotificationEntity.java:21)
	at edu.market.notification.infrastructure.adapter.output.persistence.entity.NotificationChannelEntity.hashCode(NotificationChannelEntity.java:13)
	at java.base/java.util.AbstractSet.hashCode(AbstractSet.java:124)
	at edu.market.notification.infrastructure.adapter.output.persistence.entity.NotificationEntity.hashCode(NotificationEntity.java:21)
	at edu.market.notification.infrastructure.adapter.output.persistence.entity.NotificationChannelEntity.hashCode(NotificationChannelEntity.java:13)
	at java.base/java.util.AbstractSet.hashCode(AbstractSet.java:124)
	at edu.market.notification.infrastructure.adapter.output.persistence.entity.NotificationEntity.hashCode(NotificationEntity.java:21)
	at edu.market.notification.infrastructure.adapter.output.persistence.entity.NotificationChannelEntity.hashCode(NotificationChannelEntity.java:13)
	at java.base/java.util.AbstractSet.hashCode(AbstractSet.java:124)
	at edu.market.notification.infrastructure.adapter.output.persistence.entity.NotificationEntity.hashCode(NotificationEntity.java:21)
	at edu.market.notification.infrastructure.adapter.output.persistence.entity.NotificationChannelEntity.hashCode(NotificationChannelEntity.java:13)
	at java.base/java.util.AbstractSet.hashCode(AbstractSet.java:124)
	at edu.market.notification.infrastructure.adapter.output.persistence.entity.NotificationEntity.hashCode(NotificationEntity.java:21)
	at edu.market.notification.infrastructure.adapter.output.persistence.entity.NotificationChannelEntity.hashCode(NotificationChannelEntity.java:13)
	at java.base/java.util.AbstractSet.hashCode(AbstractSet.java:124)
	at edu.market.notification.infrastructure.adapter.output.persistence.entity.NotificationEntity.hashCode(NotificationEntity.java:21)
	at edu.market.notification.infrastructure.adapter.output.persistence.entity.NotificationChannelEntity.hashCode(NotificationChannelEntity.java:13)
	at java.base/java.util.AbstractSet.hashCode(AbstractSet.java:124)
	at edu.market.notification.infrastructure.adapter.output.persistence.entity.NotificationEntity.hashCode(NotificationEntity.java:21)
	at edu.market.notification.infrastructure.adapter.output.persistence.entity.NotificationChannelEntity.hashCode(NotificationChannelEntity.java:13)
	at java.base/java.util.AbstractSet.hashCode(AbstractSet.java:124)
	at edu.market.notification.infrastructure.adapter.output.persistence.entity.NotificationEntity.hashCode(NotificationEntity.java:21)
	at edu.market.notification.infrastructure.adapter.output.persistence.entity.NotificationChannelEntity.hashCode(NotificationChannelEntity.java:13)
	at java.base/java.util.AbstractSet.hashCode(AbstractSet.java:124)
	at edu.market.notification.infrastructure.adapter.output.persistence.entity.NotificationEntity.hashCode(NotificationEntity.java:21)
	at edu.market.notification.infrastructure.adapter.output.persistence.entity.NotificationChannelEntity.hashCode(NotificationChannelEntity.java:13)
	at java.base/java.util.AbstractSet.hashCode(AbstractSet.java:124)
	at edu.market.notification.infrastructure.adapter.output.persistence.entity.NotificationEntity.hashCode(NotificationEntity.java:21)
	at edu.market.notification.infrastructure.adapter.output.persistence.entity.NotificationChannelEntity.hashCode(NotificationChannelEntity.java:13)
	at java.base/java.util.AbstractSet.hashCode(AbstractSet.java:124)
	at edu.market.notification.infrastructure.adapter.output.persistence.entity.NotificationEntity.hashCode(NotificationEntity.java:21)
	at edu.market.notification.infrastructure.adapter.output.persistence.entity.NotificationChannelEntity.hashCode(NotificationChannelEntity.java:13)
	at java.base/java.util.AbstractSet.hashCode(AbstractSet.java:124)
	at edu.market.notification.infrastructure.adapter.output.persistence.entity.NotificationEntity.hashCode(NotificationEntity.java:21)
	at edu.market.notification.infrastructure.adapter.output.persistence.entity.NotificationChannelEntity.hashCode(NotificationChannelEntity.java:13)
	at java.base/java.util.AbstractSet.hashCode(AbstractSet.java:124)
	at edu.market.notification.infrastructure.adapter.output.persistence.entity.NotificationEntity.hashCode(NotificationEntity.java:21)
	at edu.market.notification.infrastructure.adapter.output.persistence.entity.NotificationChannelEntity.hashCode(NotificationChannelEntity.java:13)
	at java.base/java.util.AbstractSet.hashCode(AbstractSet.java:124)
	at edu.market.notification.infrastructure.adapter.output.persistence.entity.NotificationEntity.hashCode(NotificationEntity.java:21)
	at edu.market.notification.infrastructure.adapter.output.persistence.entity.NotificationChannelEntity.hashCode(NotificationChannelEntity.java:13)
	at java.base/java.util.AbstractSet.hashCode(AbstractSet.java:124)
	at edu.market.notification.infrastructure.adapter.output.persistence.entity.NotificationEntity.hashCode(NotificationEntity.java:21)
	at edu.market.notification.infrastructure.adapter.output.persistence.entity.NotificationChannelEntity.hashCode(NotificationChannelEntity.java:13)
	at java.base/java.util.AbstractSet.hashCode(AbstractSet.java:124)
	at edu.market.notification.infrastructure.adapter.output.persistence.entity.NotificationEntity.hashCode(NotificationEntity.java:21)
	at edu.market.notification.infrastructure.adapter.output.persistence.entity.NotificationChannelEntity.hashCode(NotificationChannelEntity.java:13)
	at java.base/java.util.AbstractSet.hashCode(AbstractSet.java:124)
	at edu.market.notification.infrastructure.adapter.output.persistence.entity.NotificationEntity.hashCode(NotificationEntity.java:21)
	at edu.market.notification.infrastructure.adapter.output.persistence.entity.NotificationChannelEntity.hashCode(NotificationChannelEntity.java:13)
	at java.base/java.util.AbstractSet.hashCode(AbstractSet.java:124)
	at edu.market.notification.infrastructure.adapter.output.persistence.entity.NotificationEntity.hashCode(NotificationEntity.java:21)
	at edu.market.notification.infrastructure.adapter.output.persistence.entity.NotificationChannelEntity.hashCode(NotificationChannelEntity.java:13)
	at java.base/java.util.AbstractSet.hashCode(AbstractSet.java:124)
	at edu.market.notification.infrastructure.adapter.output.persistence.entity.NotificationEntity.hashCode(NotificationEntity.java:21)
	at edu.market.notification.infrastructure.adapter.output.persistence.entity.NotificationChannelEntity.hashCode(NotificationChannelEntity.java:13)
	at java.base/java.util.AbstractSet.hashCode(AbstractSet.java:124)
	at edu.market.notification.infrastructure.adapter.output.persistence.entity.NotificationEntity.hashCode(NotificationEntity.java:21)
	at edu.market.notification.infrastructure.adapter.output.persistence.entity.NotificationChannelEntity.hashCode(NotificationChannelEntity.java:13)
	at java.base/java.util.AbstractSet.hashCode(AbstractSet.java:124)
	at edu.market.notification.infrastructure.adapter.output.persistence.entity.NotificationEntity.hashCode(NotificationEntity.java:21)
	at edu.market.notification.infrastructure.adapter.output.persistence.entity.NotificationChannelEntity.hashCode(NotificationChannelEntity.java:13)
	at java.base/java.util.AbstractSet.hashCode(AbstractSet.java:124)
	at edu.market.notification.infrastructure.adapter.output.persistence.entity.NotificationEntity.hashCode(NotificationEntity.java:21)
	at edu.market.notification.infrastructure.adapter.output.persistence.entity.NotificationChannelEntity.hashCode(NotificationChannelEntity.java:13)
	at java.base/java.util.AbstractSet.hashCode(AbstractSet.java:124)
	at edu.market.notification.infrastructure.adapter.output.persistence.entity.NotificationEntity.hashCode(NotificationEntity.java:21)
	at edu.market.notification.infrastructure.adapter.output.persistence.entity.NotificationChannelEntity.hashCode(NotificationChannelEntity.java:13)
	at java.base/java.util.AbstractSet.hashCode(AbstractSet.java:124)
	at edu.market.notification.infrastructure.adapter.output.persistence.entity.NotificationEntity.hashCode(NotificationEntity.java:21)
	at edu.market.notification.infrastructure.adapter.output.persistence.entity.NotificationChannelEntity.hashCode(NotificationChannelEntity.java:13)
	at java.base/java.util.AbstractSet.hashCode(AbstractSet.java:124)
	at edu.market.notification.infrastructure.adapter.output.persistence.entity.NotificationEntity.hashCode(NotificationEntity.java:21)
	at edu.market.notification.infrastructure.adapter.output.persistence.entity.NotificationChannelEntity.hashCode(NotificationChannelEntity.java:13)
	at java.base/java.util.AbstractSet.hashCode(AbstractSet.java:124)
	at edu.market.notification.infrastructure.adapter.output.persistence.entity.NotificationEntity.hashCode(NotificationEntity.java:21)
	at edu.market.notification.infrastructure.adapter.output.persistence.entity.NotificationChannelEntity.hashCode(NotificationChannelEntity.java:13)
	at java.base/java.util.AbstractSet.hashCode(AbstractSet.java:124)
	at edu.market.notification.infrastructure.adapter.output.persistence.entity.NotificationEntity.hashCode(NotificationEntity.java:21)
	at edu.market.notification.infrastructure.adapter.output.persistence.entity.NotificationChannelEntity.hashCode(NotificationChannelEntity.java:13)
	at java.base/java.util.AbstractSet.hashCode(AbstractSet.java:124)
	at edu.market.notification.infrastructure.adapter.output.persistence.entity.NotificationEntity.hashCode(NotificationEntity.java:21)
	at edu.market.notification.infrastructure.adapter.output.persistence.entity.NotificationChannelEntity.hashCode(NotificationChannelEntity.java:13)
	at java.base/java.util.AbstractSet.hashCode(AbstractSet.java:124)
	at edu.market.notification.infrastructure.adapter.output.persistence.entity.NotificationEntity.hashCode(NotificationEntity.java:21)
	at edu.market.notification.infrastructure.adapter.output.persistence.entity.NotificationChannelEntity.hashCode(NotificationChannelEntity.java:13)
	at java.base/java.util.AbstractSet.hashCode(AbstractSet.java:124)
	at edu.market.notification.infrastructure.adapter.output.persistence.entity.NotificationEntity.hashCode(NotificationEntity.java:21)
	at edu.market.notification.infrastructure.adapter.output.persistence.entity.NotificationChannelEntity.hashCode(NotificationChannelEntity.java:13)
	at java.base/java.util.AbstractSet.hashCode(AbstractSet.java:124)
	at edu.market.notification.infrastructure.adapter.output.persistence.entity.NotificationEntity.hashCode(NotificationEntity.java:21)
	at edu.market.notification.infrastructure.adapter.output.persistence.entity.NotificationChannelEntity.hashCode(NotificationChannelEntity.java:13)
	at java.base/java.util.AbstractSet.hashCode(AbstractSet.java:124)
	at edu.market.notification.infrastructure.adapter.output.persistence.entity.NotificationEntity.hashCode(NotificationEntity.java:21)
	at edu.market.notification.infrastructure.adapter.output.persistence.entity.NotificationChannelEntity.hashCode(NotificationChannelEntity.java:13)
	at java.base/java.util.AbstractSet.hashCode(AbstractSet.java:124)
	at edu.market.notification.infrastructure.adapter.output.persistence.entity.NotificationEntity.hashCode(NotificationEntity.java:21)
	at edu.market.notification.infrastructure.adapter.output.persistence.entity.NotificationChannelEntity.hashCode(NotificationChannelEntity.java:13)
	at java.base/java.util.AbstractSet.hashCode(AbstractSet.java:124)
	at edu.market.notification.infrastructure.adapter.output.persistence.entity.NotificationEntity.hashCode(NotificationEntity.java:21)
	at edu.market.notification.infrastructure.adapter.output.persistence.entity.NotificationChannelEntity.hashCode(NotificationChannelEntity.java:13)
	at java.base/java.util.AbstractSet.hashCode(AbstractSet.java:124)
	at edu.market.notification.infrastructure.adapter.output.persistence.entity.NotificationEntity.hashCode(NotificationEntity.java:21)
	at edu.market.notification.infrastructure.adapter.output.persistence.entity.NotificationChannelEntity.hashCode(NotificationChannelEntity.java:13)
	at java.base/java.util.AbstractSet.hashCode(AbstractSet.java:124)
	at edu.market.notification.infrastructure.adapter.output.persistence.entity.NotificationEntity.hashCode(NotificationEntity.java:21)
	at edu.market.notification.infrastructure.adapter.output.persistence.entity.NotificationChannelEntity.hashCode(NotificationChannelEntity.java:13)
	at java.base/java.util.AbstractSet.hashCode(AbstractSet.java:124)
	at edu.market.notification.infrastructure.adapter.output.persistence.entity.NotificationEntity.hashCode(NotificationEntity.java:21)
	at edu.market.notification.infrastructure.adapter.output.persistence.entity.NotificationChannelEntity.hashCode(NotificationChannelEntity.java:13)
	at java.base/java.util.AbstractSet.hashCode(AbstractSet.java:124)
	at edu.market.notification.infrastructure.adapter.output.persistence.entity.NotificationEntity.hashCode(NotificationEntity.java:21)
	at edu.market.notification.infrastructure.adapter.output.persistence.entity.NotificationChannelEntity.hashCode(NotificationChannelEntity.java:13)
	at java.base/java.util.AbstractSet.hashCode(AbstractSet.java:124)
	at edu.market.notification.infrastructure.adapter.output.persistence.entity.NotificationEntity.hashCode(NotificationEntity.java:21)
	at edu.market.notification.infrastructure.adapter.output.persistence.entity.NotificationChannelEntity.hashCode(NotificationChannelEntity.java:13)
	at java.base/java.util.AbstractSet.hashCode(AbstractSet.java:124)
	at edu.market.notification.infrastructure.adapter.output.persistence.entity.NotificationEntity.hashCode(NotificationEntity.java:21)
	at edu.market.notification.infrastructure.adapter.output.persistence.entity.NotificationChannelEntity.hashCode(NotificationChannelEntity.java:13)
	at java.base/java.util.AbstractSet.hashCode(AbstractSet.java:124)
	at edu.market.notification.infrastructure.adapter.output.persistence.entity.NotificationEntity.hashCode(NotificationEntity.java:21)
	at edu.market.notification.infrastructure.adapter.output.persistence.entity.NotificationChannelEntity.hashCode(NotificationChannelEntity.java:13)
	at java.base/java.util.AbstractSet.hashCode(AbstractSet.java:124)
	at edu.market.notification.infrastructure.adapter.output.persistence.entity.NotificationEntity.hashCode(NotificationEntity.java:21)
	at edu.market.notification.infrastructure.adapter.output.persistence.entity.NotificationChannelEntity.hashCode(NotificationChannelEntity.java:13)
	at java.base/java.util.AbstractSet.hashCode(AbstractSet.java:124)
	at edu.market.notification.infrastructure.adapter.output.persistence.entity.NotificationEntity.hashCode(NotificationEntity.java:21)
	at edu.market.notification.infrastructure.adapter.output.persistence.entity.NotificationChannelEntity.hashCode(NotificationChannelEntity.java:13)
	at java.base/java.util.AbstractSet.hashCode(AbstractSet.java:124)
	at edu.market.notification.infrastructure.adapter.output.persistence.entity.NotificationEntity.hashCode(NotificationEntity.java:21)
	at edu.market.notification.infrastructure.adapter.output.persistence.entity.NotificationChannelEntity.hashCode(NotificationChannelEntity.java:13)
	at java.base/java.util.AbstractSet.hashCode(AbstractSet.java:124)
	at edu.market.notification.infrastructure.adapter.output.persistence.entity.NotificationEntity.hashCode(NotificationEntity.java:21)
	at edu.market.notification.infrastructure.adapter.output.persistence.entity.NotificationChannelEntity.hashCode(NotificationChannelEntity.java:13)
	at java.base/java.util.AbstractSet.hashCode(AbstractSet.java:124)
	at edu.market.notification.infrastructure.adapter.output.persistence.entity.NotificationEntity.hashCode(NotificationEntity.java:21)
	at edu.market.notification.infrastructure.adapter.output.persistence.entity.NotificationChannelEntity.hashCode(NotificationChannelEntity.java:13)
	at java.base/java.util.AbstractSet.hashCode(AbstractSet.java:124)
	at edu.market.notification.infrastructure.adapter.output.persistence.entity.NotificationEntity.hashCode(NotificationEntity.java:21)
	at edu.market.notification.infrastructure.adapter.output.persistence.entity.NotificationChannelEntity.hashCode(NotificationChannelEntity.java:13)
	at java.base/java.util.AbstractSet.hashCode(AbstractSet.java:124)
	at edu.market.notification.infrastructure.adapter.output.persistence.entity.NotificationEntity.hashCode(NotificationEntity.java:21)
	at edu.market.notification.infrastructure.adapter.output.persistence.entity.NotificationChannelEntity.hashCode(NotificationChannelEntity.java:13)
	at java.base/java.util.AbstractSet.hashCode(AbstractSet.java:124)
	at edu.market.notification.infrastructure.adapter.output.persistence.entity.NotificationEntity.hashCode(NotificationEntity.java:21)
	at edu.market.notification.infrastructure.adapter.output.persistence.entity.NotificationChannelEntity.hashCode(NotificationChannelEntity.java:13)
	at java.base/java.util.AbstractSet.hashCode(AbstractSet.java:124)
	at edu.market.notification.infrastructure.adapter.output.persistence.entity.NotificationEntity.hashCode(NotificationEntity.java:21)
	at edu.market.notification.infrastructure.adapter.output.persistence.entity.NotificationChannelEntity.hashCode(NotificationChannelEntity.java:13)
	at java.base/java.util.AbstractSet.hashCode(AbstractSet.java:124)
	at edu.market.notification.infrastructure.adapter.output.persistence.entity.NotificationEntity.hashCode(NotificationEntity.java:21)
	at edu.market.notification.infrastructure.adapter.output.persistence.entity.NotificationChannelEntity.hashCode(NotificationChannelEntity.java:13)
	at java.base/java.util.AbstractSet.hashCode(AbstractSet.java:124)
	at edu.market.notification.infrastructure.adapter.output.persistence.entity.NotificationEntity.hashCode(NotificationEntity.java:21)
	at edu.market.notification.infrastructure.adapter.output.persistence.entity.NotificationChannelEntity.hashCode(NotificationChannelEntity.java:13)
	at java.base/java.util.AbstractSet.hashCode(AbstractSet.java:124)
	at edu.market.notification.infrastructure.adapter.output.persistence.entity.NotificationEntity.hashCode(NotificationEntity.java:21)
	at edu.market.notification.infrastructure.adapter.output.persistence.entity.NotificationChannelEntity.hashCode(NotificationChannelEntity.java:13)
	at java.base/java.util.AbstractSet.hashCode(AbstractSet.java:124)
	at edu.market.notification.infrastructure.adapter.output.persistence.entity.NotificationEntity.hashCode(NotificationEntity.java:21)
	at edu.market.notification.infrastructure.adapter.output.persistence.entity.NotificationChannelEntity.hashCode(NotificationChannelEntity.java:13)
	at java.base/java.util.AbstractSet.hashCode(AbstractSet.java:124)
	at edu.market.notification.infrastructure.adapter.output.persistence.entity.NotificationEntity.hashCode(NotificationEntity.java:21)
	at edu.market.notification.infrastructure.adapter.output.persistence.entity.NotificationChannelEntity.hashCode(NotificationChannelEntity.java:13)
	at java.base/java.util.AbstractSet.hashCode(AbstractSet.java:124)
	at edu.market.notification.infrastructure.adapter.output.persistence.entity.NotificationEntity.hashCode(NotificationEntity.java:21)
	at edu.market.notification.infrastructure.adapter.output.persistence.entity.NotificationChannelEntity.hashCode(NotificationChannelEntity.java:13)
	at java.base/java.util.AbstractSet.hashCode(AbstractSet.java:124)
	at edu.market.notification.infrastructure.adapter.output.persistence.entity.NotificationEntity.hashCode(NotificationEntity.java:21)
	at edu.market.notification.infrastructure.adapter.output.persistence.entity.NotificationChannelEntity.hashCode(NotificationChannelEntity.java:13)
	at java.base/java.util.AbstractSet.hashCode(AbstractSet.java:124)
	at edu.market.notification.infrastructure.adapter.output.persistence.entity.NotificationEntity.hashCode(NotificationEntity.java:21)
	at edu.market.notification.infrastructure.adapter.output.persistence.entity.NotificationChannelEntity.hashCode(NotificationChannelEntity.java:13)
	at java.base/java.util.AbstractSet.hashCode(AbstractSet.java:124)
	at edu.market.notification.infrastructure.adapter.output.persistence.entity.NotificationEntity.hashCode(NotificationEntity.java:21)
	at edu.market.notification.infrastructure.adapter.output.persistence.entity.NotificationChannelEntity.hashCode(NotificationChannelEntity.java:13)
	at java.base/java.util.AbstractSet.hashCode(AbstractSet.java:124)
	at edu.market.notification.infrastructure.adapter.output.persistence.entity.NotificationEntity.hashCode(NotificationEntity.java:21)
	at edu.market.notification.infrastructure.adapter.output.persistence.entity.NotificationChannelEntity.hashCode(NotificationChannelEntity.java:13)
	at java.base/java.util.AbstractSet.hashCode(AbstractSet.java:124)
	at edu.market.notification.infrastructure.adapter.output.persistence.entity.NotificationEntity.hashCode(NotificationEntity.java:21)
	at edu.market.notification.infrastructure.adapter.output.persistence.entity.NotificationChannelEntity.hashCode(NotificationChannelEntity.java:13)
	at java.base/java.util.AbstractSet.hashCode(AbstractSet.java:124)
	at edu.market.notification.infrastructure.adapter.output.persistence.entity.NotificationEntity.hashCode(NotificationEntity.java:21)
	at edu.market.notification.infrastructure.adapter.output.persistence.entity.NotificationChannelEntity.hashCode(NotificationChannelEntity.java:13)
	at java.base/java.util.AbstractSet.hashCode(AbstractSet.java:124)
	at edu.market.notification.infrastructure.adapter.output.persistence.entity.NotificationEntity.hashCode(NotificationEntity.java:21)
	at edu.market.notification.infrastructure.adapter.output.persistence.entity.NotificationChannelEntity.hashCode(NotificationChannelEntity.java:13)
	at java.base/java.util.AbstractSet.hashCode(AbstractSet.java:124)
	at edu.market.notification.infrastructure.adapter.output.persistence.entity.NotificationEntity.hashCode(NotificationEntity.java:21)
	at edu.market.notification.infrastructure.adapter.output.persistence.entity.NotificationChannelEntity.hashCode(NotificationChannelEntity.java:13)
	at java.base/java.util.AbstractSet.hashCode(AbstractSet.java:124)
	at edu.market.notification.infrastructure.adapter.output.persistence.entity.NotificationEntity.hashCode(NotificationEntity.java:21)
	at edu.market.notification.infrastructure.adapter.output.persistence.entity.NotificationChannelEntity.hashCode(NotificationChannelEntity.java:13)
	at java.base/java.util.AbstractSet.hashCode(AbstractSet.java:124)
	at edu.market.notification.infrastructure.adapter.output.persistence.entity.NotificationEntity.hashCode(NotificationEntity.java:21)
	at edu.market.notification.infrastructure.adapter.output.persistence.entity.NotificationChannelEntity.hashCode(NotificationChannelEntity.java:13)
	at java.base/java.util.AbstractSet.hashCode(AbstractSet.java:124)
	at edu.market.notification.infrastructure.adapter.output.persistence.entity.NotificationEntity.hashCode(NotificationEntity.java:21)
	at edu.market.notification.infrastructure.adapter.output.persistence.entity.NotificationChannelEntity.hashCode(NotificationChannelEntity.java:13)
	at java.base/java.util.AbstractSet.hashCode(AbstractSet.java:124)
	at edu.market.notification.infrastructure.adapter.output.persistence.entity.NotificationEntity.hashCode(NotificationEntity.java:21)
	at edu.market.notification.infrastructure.adapter.output.persistence.entity.NotificationChannelEntity.hashCode(NotificationChannelEntity.java:13)
	at java.base/java.util.AbstractSet.hashCode(AbstractSet.java:124)
	at edu.market.notification.infrastructure.adapter.output.persistence.entity.NotificationEntity.hashCode(NotificationEntity.java:21)
	at edu.market.notification.infrastructure.adapter.output.persistence.entity.NotificationChannelEntity.hashCode(NotificationChannelEntity.java:13)
	at java.base/java.util.AbstractSet.hashCode(AbstractSet.java:124)
	at edu.market.notification.infrastructure.adapter.output.persistence.entity.NotificationEntity.hashCode(NotificationEntity.java:21)
	at edu.market.notification.infrastructure.adapter.output.persistence.entity.NotificationChannelEntity.hashCode(NotificationChannelEntity.java:13)
	at java.base/java.util.AbstractSet.hashCode(AbstractSet.java:124)
	at edu.market.notification.infrastructure.adapter.output.persistence.entity.NotificationEntity.hashCode(NotificationEntity.java:21)
	at edu.market.notification.infrastructure.adapter.output.persistence.entity.NotificationChannelEntity.hashCode(NotificationChannelEntity.java:13)
	at java.base/java.util.AbstractSet.hashCode(AbstractSet.java:124)
	at edu.market.notification.infrastructure.adapter.output.persistence.entity.NotificationEntity.hashCode(NotificationEntity.java:21)
	at edu.market.notification.infrastructure.adapter.output.persistence.entity.NotificationChannelEntity.hashCode(NotificationChannelEntity.java:13)
	at java.base/java.util.AbstractSet.hashCode(AbstractSet.java:124)
	at edu.market.notification.infrastructure.adapter.output.persistence.entity.NotificationEntity.hashCode(NotificationEntity.java:21)
	at edu.market.notification.infrastructure.adapter.output.persistence.entity.NotificationChannelEntity.hashCode(NotificationChannelEntity.java:13)
	at java.base/java.util.AbstractSet.hashCode(AbstractSet.java:124)
	at edu.market.notification.infrastructure.adapter.output.persistence.entity.NotificationEntity.hashCode(NotificationEntity.java:21)
	at edu.market.notification.infrastructure.adapter.output.persistence.entity.NotificationChannelEntity.hashCode(NotificationChannelEntity.java:13)
	at java.base/java.util.AbstractSet.hashCode(AbstractSet.java:124)
	at edu.market.notification.infrastructure.adapter.output.persistence.entity.NotificationEntity.hashCode(NotificationEntity.java:21)
	at edu.market.notification.infrastructure.adapter.output.persistence.entity.NotificationChannelEntity.hashCode(NotificationChannelEntity.java:13)
	at java.base/java.util.AbstractSet.hashCode(AbstractSet.java:124)
	at edu.market.notification.infrastructure.adapter.output.persistence.entity.NotificationEntity.hashCode(NotificationEntity.java:21)
	at edu.market.notification.infrastructure.adapter.output.persistence.entity.NotificationChannelEntity.hashCode(NotificationChannelEntity.java:13)
	at java.base/java.util.AbstractSet.hashCode(AbstractSet.java:124)
	at edu.market.notification.infrastructure.adapter.output.persistence.entity.NotificationEntity.hashCode(NotificationEntity.java:21)
	at edu.market.notification.infrastructure.adapter.output.persistence.entity.NotificationChannelEntity.hashCode(NotificationChannelEntity.java:13)
	at java.base/java.util.AbstractSet.hashCode(AbstractSet.java:124)
	at edu.market.notification.infrastructure.adapter.output.persistence.entity.NotificationEntity.hashCode(NotificationEntity.java:21)
	at edu.market.notification.infrastructure.adapter.output.persistence.entity.NotificationChannelEntity.hashCode(NotificationChannelEntity.java:13)
	at java.base/java.util.AbstractSet.hashCode(AbstractSet.java:124)
	at edu.market.notification.infrastructure.adapter.output.persistence.entity.NotificationEntity.hashCode(NotificationEntity.java:21)
	at edu.market.notification.infrastructure.adapter.output.persistence.entity.NotificationChannelEntity.hashCode(NotificationChannelEntity.java:13)
	at java.base/java.util.AbstractSet.hashCode(AbstractSet.java:124)
	at edu.market.notification.infrastructure.adapter.output.persistence.entity.NotificationEntity.hashCode(NotificationEntity.java:21)
	at edu.market.notification.infrastructure.adapter.output.persistence.entity.NotificationChannelEntity.hashCode(NotificationChannelEntity.java:13)
	at java.base/java.util.AbstractSet.hashCode(AbstractSet.java:124)
	at edu.market.notification.infrastructure.adapter.output.persistence.entity.NotificationEntity.hashCode(NotificationEntity.java:21)
	at edu.market.notification.infrastructure.adapter.output.persistence.entity.NotificationChannelEntity.hashCode(NotificationChannelEntity.java:13)
	at java.base/java.util.AbstractSet.hashCode(AbstractSet.java:124)
	at edu.market.notification.infrastructure.adapter.output.persistence.entity.NotificationEntity.hashCode(NotificationEntity.java:21)
	at edu.market.notification.infrastructure.adapter.output.persistence.entity.NotificationChannelEntity.hashCode(NotificationChannelEntity.java:13)
	at java.base/java.util.AbstractSet.hashCode(AbstractSet.java:124)
	at edu.market.notification.infrastructure.adapter.output.persistence.entity.NotificationEntity.hashCode(NotificationEntity.java:21)
	at edu.market.notification.infrastructure.adapter.output.persistence.entity.NotificationChannelEntity.hashCode(NotificationChannelEntity.java:13)
	at java.base/java.util.AbstractSet.hashCode(AbstractSet.java:124)
	at edu.market.notification.infrastructure.adapter.output.persistence.entity.NotificationEntity.hashCode(NotificationEntity.java:21)
	at edu.market.notification.infrastructure.adapter.output.persistence.entity.NotificationChannelEntity.hashCode(NotificationChannelEntity.java:13)
	at java.base/java.util.AbstractSet.hashCode(AbstractSet.java:124)
	at edu.market.notification.infrastructure.adapter.output.persistence.entity.NotificationEntity.hashCode(NotificationEntity.java:21)
	at edu.market.notification.infrastructure.adapter.output.persistence.entity.NotificationChannelEntity.hashCode(NotificationChannelEntity.java:13)
	at java.base/java.util.AbstractSet.hashCode(AbstractSet.java:124)
	at edu.market.notification.infrastructure.adapter.output.persistence.entity.NotificationEntity.hashCode(NotificationEntity.java:21)
	at edu.market.notification.infrastructure.adapter.output.persistence.entity.NotificationChannelEntity.hashCode(NotificationChannelEntity.java:13)
	at java.base/java.util.AbstractSet.hashCode(AbstractSet.java:124)
	at edu.market.notification.infrastructure.adapter.output.persistence.entity.NotificationEntity.hashCode(NotificationEntity.java:21)
	at edu.market.notification.infrastructure.adapter.output.persistence.entity.NotificationChannelEntity.hashCode(NotificationChannelEntity.java:13)
	at java.base/java.util.AbstractSet.hashCode(AbstractSet.java:124)
	at edu.market.notification.infrastructure.adapter.output.persistence.entity.NotificationEntity.hashCode(NotificationEntity.java:21)
	at edu.market.notification.infrastructure.adapter.output.persistence.entity.NotificationChannelEntity.hashCode(NotificationChannelEntity.java:13)
	at java.base/java.util.AbstractSet.hashCode(AbstractSet.java:124)
	at edu.market.notification.infrastructure.adapter.output.persistence.entity.NotificationEntity.hashCode(NotificationEntity.java:21)
	at edu.market.notification.infrastructure.adapter.output.persistence.entity.NotificationChannelEntity.hashCode(NotificationChannelEntity.java:13)
	at java.base/java.util.AbstractSet.hashCode(AbstractSet.java:124)
	at edu.market.notification.infrastructure.adapter.output.persistence.entity.NotificationEntity.hashCode(NotificationEntity.java:21)
	at edu.market.notification.infrastructure.adapter.output.persistence.entity.NotificationChannelEntity.hashCode(NotificationChannelEntity.java:13)
	at java.base/java.util.AbstractSet.hashCode(AbstractSet.java:124)
	at edu.market.notification.infrastructure.adapter.output.persistence.entity.NotificationEntity.hashCode(NotificationEntity.java:21)
	at edu.market.notification.infrastructure.adapter.output.persistence.entity.NotificationChannelEntity.hashCode(NotificationChannelEntity.java:13)
	at java.base/java.util.AbstractSet.hashCode(AbstractSet.java:124)
	at edu.market.notification.infrastructure.adapter.output.persistence.entity.NotificationEntity.hashCode(NotificationEntity.java:21)
	at edu.market.notification.infrastructure.adapter.output.persistence.entity.NotificationChannelEntity.hashCode(NotificationChannelEntity.java:13)
	at java.base/java.util.AbstractSet.hashCode(AbstractSet.java:124)
	at edu.market.notification.infrastructure.adapter.output.persistence.entity.NotificationEntity.hashCode(NotificationEntity.java:21)
	at edu.market.notification.infrastructure.adapter.output.persistence.entity.NotificationChannelEntity.hashCode(NotificationChannelEntity.java:13)
	at java.base/java.util.AbstractSet.hashCode(AbstractSet.java:124)
	at edu.market.notification.infrastructure.adapter.output.persistence.entity.NotificationEntity.hashCode(NotificationEntity.java:21)
	at edu.market.notification.infrastructure.adapter.output.persistence.entity.NotificationChannelEntity.hashCode(NotificationChannelEntity.java:13)
	at java.base/java.util.AbstractSet.hashCode(AbstractSet.java:124)
	at edu.market.notification.infrastructure.adapter.output.persistence.entity.NotificationEntity.hashCode(NotificationEntity.java:21)
	at edu.market.notification.infrastructure.adapter.output.persistence.entity.NotificationChannelEntity.hashCode(NotificationChannelEntity.java:13)
	at java.base/java.util.AbstractSet.hashCode(AbstractSet.java:124)
	at edu.market.notification.infrastructure.adapter.output.persistence.entity.NotificationEntity.hashCode(NotificationEntity.java:21)
	at edu.market.notification.infrastructure.adapter.output.persistence.entity.NotificationChannelEntity.hashCode(NotificationChannelEntity.java:13)
	at java.base/java.util.AbstractSet.hashCode(AbstractSet.java:124)
	at edu.market.notification.infrastructure.adapter.output.persistence.entity.NotificationEntity.hashCode(NotificationEntity.java:21)
	at edu.market.notification.infrastructure.adapter.output.persistence.entity.NotificationChannelEntity.hashCode(NotificationChannelEntity.java:13)
	at java.base/java.util.AbstractSet.hashCode(AbstractSet.java:124)
	at edu.market.notification.infrastructure.adapter.output.persistence.entity.NotificationEntity.hashCode(NotificationEntity.java:21)
	at edu.market.notification.infrastructure.adapter.output.persistence.entity.NotificationChannelEntity.hashCode(NotificationChannelEntity.java:13)
	at java.base/java.util.AbstractSet.hashCode(AbstractSet.java:124)
	at edu.market.notification.infrastructure.adapter.output.persistence.entity.NotificationEntity.hashCode(NotificationEntity.java:21)
	at edu.market.notification.infrastructure.adapter.output.persistence.entity.NotificationChannelEntity.hashCode(NotificationChannelEntity.java:13)
	at java.base/java.util.AbstractSet.hashCode(AbstractSet.java:124)
	at edu.market.notification.infrastructure.adapter.output.persistence.entity.NotificationEntity.hashCode(NotificationEntity.java:21)
	at edu.market.notification.infrastructure.adapter.output.persistence.entity.NotificationChannelEntity.hashCode(NotificationChannelEntity.java:13)
	at java.base/java.util.AbstractSet.hashCode(AbstractSet.java:124)
	at edu.market.notification.infrastructure.adapter.output.persistence.entity.NotificationEntity.hashCode(NotificationEntity.java:21)
	at edu.market.notification.infrastructure.adapter.output.persistence.entity.NotificationChannelEntity.hashCode(NotificationChannelEntity.java:13)
	at java.base/java.util.AbstractSet.hashCode(AbstractSet.java:124)
	at edu.market.notification.infrastructure.adapter.output.persistence.entity.NotificationEntity.hashCode(NotificationEntity.java:21)
	at edu.market.notification.infrastructure.adapter.output.persistence.entity.NotificationChannelEntity.hashCode(NotificationChannelEntity.java:13)
	at java.base/java.util.AbstractSet.hashCode(AbstractSet.java:124)
	at edu.market.notification.infrastructure.adapter.output.persistence.entity.NotificationEntity.hashCode(NotificationEntity.java:21)
	at edu.market.notification.infrastructure.adapter.output.persistence.entity.NotificationChannelEntity.hashCode(NotificationChannelEntity.java:13)
	at java.base/java.util.AbstractSet.hashCode(AbstractSet.java:124)
	at edu.market.notification.infrastructure.adapter.output.persistence.entity.NotificationEntity.hashCode(NotificationEntity.java:21)
	at edu.market.notification.infrastructure.adapter.output.persistence.entity.NotificationChannelEntity.hashCode(NotificationChannelEntity.java:13)
	at java.base/java.util.AbstractSet.hashCode(AbstractSet.java:124)
	at edu.market.notification.infrastructure.adapter.output.persistence.entity.NotificationEntity.hashCode(NotificationEntity.java:21)
	at edu.market.notification.infrastructure.adapter.output.persistence.entity.NotificationChannelEntity.hashCode(NotificationChannelEntity.java:13)
	at java.base/java.util.AbstractSet.hashCode(AbstractSet.java:124)
	at edu.market.notification.infrastructure.adapter.output.persistence.entity.NotificationEntity.hashCode(NotificationEntity.java:21)
	at edu.market.notification.infrastructure.adapter.output.persistence.entity.NotificationChannelEntity.hashCode(NotificationChannelEntity.java:13)
	at java.base/java.util.AbstractSet.hashCode(AbstractSet.java:124)
	at edu.market.notification.infrastructure.adapter.output.persistence.entity.NotificationEntity.hashCode(NotificationEntity.java:21)
	at edu.market.notification.infrastructure.adapter.output.persistence.entity.NotificationChannelEntity.hashCode(NotificationChannelEntity.java:13)
	at java.base/java.util.AbstractSet.hashCode(AbstractSet.java:124)
	at edu.market.notification.infrastructure.adapter.output.persistence.entity.NotificationEntity.hashCode(NotificationEntity.java:21)
	at edu.market.notification.infrastructure.adapter.output.persistence.entity.NotificationChannelEntity.hashCode(NotificationChannelEntity.java:13)
	at java.base/java.util.AbstractSet.hashCode(AbstractSet.java:124)
	at edu.market.notification.infrastructure.adapter.output.persistence.entity.NotificationEntity.hashCode(NotificationEntity.java:21)
	at edu.market.notification.infrastructure.adapter.output.persistence.entity.NotificationChannelEntity.hashCode(NotificationChannelEntity.java:13)
	at java.base/java.util.AbstractSet.hashCode(AbstractSet.java:124)
	at edu.market.notification.infrastructure.adapter.output.persistence.entity.NotificationEntity.hashCode(NotificationEntity.java:21)
	at edu.market.notification.infrastructure.adapter.output.persistence.entity.NotificationChannelEntity.hashCode(NotificationChannelEntity.java:13)
	at java.base/java.util.AbstractSet.hashCode(AbstractSet.java:124)
	at edu.market.notification.infrastructure.adapter.output.persistence.entity.NotificationEntity.hashCode(NotificationEntity.java:21)
	at edu.market.notification.infrastructure.adapter.output.persistence.entity.NotificationChannelEntity.hashCode(NotificationChannelEntity.java:13)
	at java.base/java.util.AbstractSet.hashCode(AbstractSet.java:124)
	at edu.market.notification.infrastructure.adapter.output.persistence.entity.NotificationEntity.hashCode(NotificationEntity.java:21)
	at edu.market.notification.infrastructure.adapter.output.persistence.entity.NotificationChannelEntity.hashCode(NotificationChannelEntity.java:13)
	at java.base/java.util.AbstractSet.hashCode(AbstractSet.java:124)
	at edu.market.notification.infrastructure.adapter.output.persistence.entity.NotificationEntity.hashCode(NotificationEntity.java:21)
	at edu.market.notification.infrastructure.adapter.output.persistence.entity.NotificationChannelEntity.hashCode(NotificationChannelEntity.java:13)
	at java.base/java.util.AbstractSet.hashCode(AbstractSet.java:124)
	at edu.market.notification.infrastructure.adapter.output.persistence.entity.NotificationEntity.hashCode(NotificationEntity.java:21)
	at edu.market.notification.infrastructure.adapter.output.persistence.entity.NotificationChannelEntity.hashCode(NotificationChannelEntity.java:13)
	at java.base/java.util.AbstractSet.hashCode(AbstractSet.java:124)
	at edu.market.notification.infrastructure.adapter.output.persistence.entity.NotificationEntity.hashCode(NotificationEntity.java:21)
	at edu.market.notification.infrastructure.adapter.output.persistence.entity.NotificationChannelEntity.hashCode(NotificationChannelEntity.java:13)
	at java.base/java.util.AbstractSet.hashCode(AbstractSet.java:124)
	at edu.market.notification.infrastructure.adapter.output.persistence.entity.NotificationEntity.hashCode(NotificationEntity.java:21)
	at edu.market.notification.infrastructure.adapter.output.persistence.entity.NotificationChannelEntity.hashCode(NotificationChannelEntity.java:13)
	at java.base/java.util.AbstractSet.hashCode(AbstractSet.java:124)
	at edu.market.notification.infrastructure.adapter.output.persistence.entity.NotificationEntity.hashCode(NotificationEntity.java:21)
	at edu.market.notification.infrastructure.adapter.output.persistence.entity.NotificationChannelEntity.hashCode(NotificationChannelEntity.java:13)
	at java.base/java.util.AbstractSet.hashCode(AbstractSet.java:124)
	at edu.market.notification.infrastructure.adapter.output.persistence.entity.NotificationEntity.hashCode(NotificationEntity.java:21)
	at edu.market.notification.infrastructure.adapter.output.persistence.entity.NotificationChannelEntity.hashCode(NotificationChannelEntity.java:13)
	at java.base/java.util.AbstractSet.hashCode(AbstractSet.java:124)
	at edu.market.notification.infrastructure.adapter.output.persistence.entity.NotificationEntity.hashCode(NotificationEntity.java:21)
	at edu.market.notification.infrastructure.adapter.output.persistence.entity.NotificationChannelEntity.hashCode(NotificationChannelEntity.java:13)
	at java.base/java.util.AbstractSet.hashCode(AbstractSet.java:124)
	at edu.market.notification.infrastructure.adapter.output.persistence.entity.NotificationEntity.hashCode(NotificationEntity.java:21)
	at edu.market.notification.infrastructure.adapter.output.persistence.entity.NotificationChannelEntity.hashCode(NotificationChannelEntity.java:13)
	at java.base/java.util.AbstractSet.hashCode(AbstractSet.java:124)
	at edu.market.notification.infrastructure.adapter.output.persistence.entity.NotificationEntity.hashCode(NotificationEntity.java:21)
	at edu.market.notification.infrastructure.adapter.output.persistence.entity.NotificationChannelEntity.hashCode(NotificationChannelEntity.java:13)
	at java.base/java.util.AbstractSet.hashCode(AbstractSet.java:124)
	at edu.market.notification.infrastructure.adapter.output.persistence.entity.NotificationEntity.hashCode(NotificationEntity.java:21)
	at edu.market.notification.infrastructure.adapter.output.persistence.entity.NotificationChannelEntity.hashCode(NotificationChannelEntity.java:13)
	at java.base/java.util.AbstractSet.hashCode(AbstractSet.java:124)
	at edu.market.notification.infrastructure.adapter.output.persistence.entity.NotificationEntity.hashCode(NotificationEntity.java:21)
	at edu.market.notification.infrastructure.adapter.output.persistence.entity.NotificationChannelEntity.hashCode(NotificationChannelEntity.java:13)
	at java.base/java.util.AbstractSet.hashCode(AbstractSet.java:124)
	at edu.market.notification.infrastructure.adapter.output.persistence.entity.NotificationEntity.hashCode(NotificationEntity.java:21)
	at edu.market.notification.infrastructure.adapter.output.persistence.entity.NotificationChannelEntity.hashCode(NotificationChannelEntity.java:13)
	at java.base/java.util.AbstractSet.hashCode(AbstractSet.java:124)
	at edu.market.notification.infrastructure.adapter.output.persistence.entity.NotificationEntity.hashCode(NotificationEntity.java:21)
	at edu.market.notification.infrastructure.adapter.output.persistence.entity.NotificationChannelEntity.hashCode(NotificationChannelEntity.java:13)
	at java.base/java.util.AbstractSet.hashCode(AbstractSet.java:124)
	at edu.market.notification.infrastructure.adapter.output.persistence.entity.NotificationEntity.hashCode(NotificationEntity.java:21)
	at edu.market.notification.infrastructure.adapter.output.persistence.entity.NotificationChannelEntity.hashCode(NotificationChannelEntity.java:13)
	at java.base/java.util.AbstractSet.hashCode(AbstractSet.java:124)
	at edu.market.notification.infrastructure.adapter.output.persistence.entity.NotificationEntity.hashCode(NotificationEntity.java:21)
	at edu.market.notification.infrastructure.adapter.output.persistence.entity.NotificationChannelEntity.hashCode(NotificationChannelEntity.java:13)
	at java.base/java.util.AbstractSet.hashCode(AbstractSet.java:124)
	at edu.market.notification.infrastructure.adapter.output.persistence.entity.NotificationEntity.hashCode(NotificationEntity.java:21)
	at edu.market.notification.infrastructure.adapter.output.persistence.entity.NotificationChannelEntity.hashCode(NotificationChannelEntity.java:13)
	at java.base/java.util.AbstractSet.hashCode(AbstractSet.java:124)
	at edu.market.notification.infrastructure.adapter.output.persistence.entity.NotificationEntity.hashCode(NotificationEntity.java:21)
	at edu.market.notification.infrastructure.adapter.output.persistence.entity.NotificationChannelEntity.hashCode(NotificationChannelEntity.java:13)
	at java.base/java.util.AbstractSet.hashCode(AbstractSet.java:124)
	at edu.market.notification.infrastructure.adapter.output.persistence.entity.NotificationEntity.hashCode(NotificationEntity.java:21)
	at edu.market.notification.infrastructure.adapter.output.persistence.entity.NotificationChannelEntity.hashCode(NotificationChannelEntity.java:13)
	at java.base/java.util.AbstractSet.hashCode(AbstractSet.java:124)
	at edu.market.notification.infrastructure.adapter.output.persistence.entity.NotificationEntity.hashCode(NotificationEntity.java:21)
	at edu.market.notification.infrastructure.adapter.output.persistence.entity.NotificationChannelEntity.hashCode(NotificationChannelEntity.java:13)
	at java.base/java.util.AbstractSet.hashCode(AbstractSet.java:124)
	at edu.market.notification.infrastructure.adapter.output.persistence.entity.NotificationEntity.hashCode(NotificationEntity.java:21)
	at edu.market.notification.infrastructure.adapter.output.persistence.entity.NotificationChannelEntity.hashCode(NotificationChannelEntity.java:13)
	at java.base/java.util.AbstractSet.hashCode(AbstractSet.java:124)
	at edu.market.notification.infrastructure.adapter.output.persistence.entity.NotificationEntity.hashCode(NotificationEntity.java:21)
	at edu.market.notification.infrastructure.adapter.output.persistence.entity.NotificationChannelEntity.hashCode(NotificationChannelEntity.java:13)
	at java.base/java.util.AbstractSet.hashCode(AbstractSet.java:124)
	at edu.market.notification.infrastructure.adapter.output.persistence.entity.NotificationEntity.hashCode(NotificationEntity.java:21)
	at edu.market.notification.infrastructure.adapter.output.persistence.entity.NotificationChannelEntity.hashCode(NotificationChannelEntity.java:13)
	at java.base/java.util.AbstractSet.hashCode(AbstractSet.java:124)
	at edu.market.notification.infrastructure.adapter.output.persistence.entity.NotificationEntity.hashCode(NotificationEntity.java:21)
	at edu.market.notification.infrastructure.adapter.output.persistence.entity.NotificationChannelEntity.hashCode(NotificationChannelEntity.java:13)
	at java.base/java.util.AbstractSet.hashCode(AbstractSet.java:124)
	at edu.market.notification.infrastructure.adapter.output.persistence.entity.NotificationEntity.hashCode(NotificationEntity.java:21)
	at edu.market.notification.infrastructure.adapter.output.persistence.entity.NotificationChannelEntity.hashCode(NotificationChannelEntity.java:13)
	at java.base/java.util.AbstractSet.hashCode(AbstractSet.java:124)
	at edu.market.notification.infrastructure.adapter.output.persistence.entity.NotificationEntity.hashCode(NotificationEntity.java:21)
	at edu.market.notification.infrastructure.adapter.output.persistence.entity.NotificationChannelEntity.hashCode(NotificationChannelEntity.java:13)
	at java.base/java.util.AbstractSet.hashCode(AbstractSet.java:124)
	at edu.market.notification.infrastructure.adapter.output.persistence.entity.NotificationEntity.hashCode(NotificationEntity.java:21)
	at edu.market.notification.infrastructure.adapter.output.persistence.entity.NotificationChannelEntity.hashCode(NotificationChannelEntity.java:13)
	at java.base/java.util.AbstractSet.hashCode(AbstractSet.java:124)
	at edu.market.notification.infrastructure.adapter.output.persistence.entity.NotificationEntity.hashCode(NotificationEntity.java:21)
	at edu.market.notification.infrastructure.adapter.output.persistence.entity.NotificationChannelEntity.hashCode(NotificationChannelEntity.java:13)
	at java.base/java.util.AbstractSet.hashCode(AbstractSet.java:124)
	at edu.market.notification.infrastructure.adapter.output.persistence.entity.NotificationEntity.hashCode(NotificationEntity.java:21)
	at edu.market.notification.infrastructure.adapter.output.persistence.entity.NotificationChannelEntity.hashCode(NotificationChannelEntity.java:13)
	at java.base/java.util.AbstractSet.hashCode(AbstractSet.java:124)
	at edu.market.notification.infrastructure.adapter.output.persistence.entity.NotificationEntity.hashCode(NotificationEntity.java:21)
	at edu.market.notification.infrastructure.adapter.output.persistence.entity.NotificationChannelEntity.hashCode(NotificationChannelEntity.java:13)
	at java.base/java.util.AbstractSet.hashCode(AbstractSet.java:124)
	at edu.market.notification.infrastructure.adapter.output.persistence.entity.NotificationEntity.hashCode(NotificationEntity.java:21)
	at edu.market.notification.infrastructure.adapter.output.persistence.entity.NotificationChannelEntity.hashCode(NotificationChannelEntity.java:13)
	at java.base/java.util.AbstractSet.hashCode(AbstractSet.java:124)
	at edu.market.notification.infrastructure.adapter.output.persistence.entity.NotificationEntity.hashCode(NotificationEntity.java:21)
	at edu.market.notification.infrastructure.adapter.output.persistence.entity.NotificationChannelEntity.hashCode(NotificationChannelEntity.java:13)
	at java.base/java.util.AbstractSet.hashCode(AbstractSet.java:124)
	at edu.market.notification.infrastructure.adapter.output.persistence.entity.NotificationEntity.hashCode(NotificationEntity.java:21)
	at edu.market.notification.infrastructure.adapter.output.persistence.entity.NotificationChannelEntity.hashCode(NotificationChannelEntity.java:13)
	at java.base/java.util.AbstractSet.hashCode(AbstractSet.java:124)
	at edu.market.notification.infrastructure.adapter.output.persistence.entity.NotificationEntity.hashCode(NotificationEntity.java:21)
	at edu.market.notification.infrastructure.adapter.output.persistence.entity.NotificationChannelEntity.hashCode(NotificationChannelEntity.java:13)
	at java.base/java.util.AbstractSet.hashCode(AbstractSet.java:124)
	at edu.market.notification.infrastructure.adapter.output.persistence.entity.NotificationEntity.hashCode(NotificationEntity.java:21)
	at edu.market.notification.infrastructure.adapter.output.persistence.entity.NotificationChannelEntity.hashCode(NotificationChannelEntity.java:13)
	at java.base/java.util.AbstractSet.hashCode(AbstractSet.java:124)
	at edu.market.notification.infrastructure.adapter.output.persistence.entity.NotificationEntity.hashCode(NotificationEntity.java:21)
	at edu.market.notification.infrastructure.adapter.output.persistence.entity.NotificationChannelEntity.hashCode(NotificationChannelEntity.java:13)
	at java.base/java.util.AbstractSet.hashCode(AbstractSet.java:124)
	at edu.market.notification.infrastructure.adapter.output.persistence.entity.NotificationEntity.hashCode(NotificationEntity.java:21)
	at edu.market.notification.infrastructure.adapter.output.persistence.entity.NotificationChannelEntity.hashCode(NotificationChannelEntity.java:13)
	at java.base/java.util.AbstractSet.hashCode(AbstractSet.java:124)
	at edu.market.notification.infrastructure.adapter.output.persistence.entity.NotificationEntity.hashCode(NotificationEntity.java:21)
	at edu.market.notification.infrastructure.adapter.output.persistence.entity.NotificationChannelEntity.hashCode(NotificationChannelEntity.java:13)
	at java.base/java.util.AbstractSet.hashCode(AbstractSet.java:124)
	at edu.market.notification.infrastructure.adapter.output.persistence.entity.NotificationEntity.hashCode(NotificationEntity.java:21)
	at edu.market.notification.infrastructure.adapter.output.persistence.entity.NotificationChannelEntity.hashCode(NotificationChannelEntity.java:13)
	at java.base/java.util.AbstractSet.hashCode(AbstractSet.java:124)
	at edu.market.notification.infrastructure.adapter.output.persistence.entity.NotificationEntity.hashCode(NotificationEntity.java:21)
	at edu.market.notification.infrastructure.adapter.output.persistence.entity.NotificationChannelEntity.hashCode(NotificationChannelEntity.java:13)
	at java.base/java.util.AbstractSet.hashCode(AbstractSet.java:124)
	at edu.market.notification.infrastructure.adapter.output.persistence.entity.NotificationEntity.hashCode(NotificationEntity.java:21)
	at edu.market.notification.infrastructure.adapter.output.persistence.entity.NotificationChannelEntity.hashCode(NotificationChannelEntity.java:13)
	at java.base/java.util.AbstractSet.hashCode(AbstractSet.java:124)
	at edu.market.notification.infrastructure.adapter.output.persistence.entity.NotificationEntity.hashCode(NotificationEntity.java:21)
	at edu.market.notification.infrastructure.adapter.output.persistence.entity.NotificationChannelEntity.hashCode(NotificationChannelEntity.java:13)
	at java.base/java.util.AbstractSet.hashCode(AbstractSet.java:124)
	at edu.market.notification.infrastructure.adapter.output.persistence.entity.NotificationEntity.hashCode(NotificationEntity.java:21)
	at edu.market.notification.infrastructure.adapter.output.persistence.entity.NotificationChannelEntity.hashCode(NotificationChannelEntity.java:13)
	at java.base/java.util.AbstractSet.hashCode(AbstractSet.java:124)
	at edu.market.notification.infrastructure.adapter.output.persistence.entity.NotificationEntity.hashCode(NotificationEntity.java:21)
	at edu.market.notification.infrastructure.adapter.output.persistence.entity.NotificationChannelEntity.hashCode(NotificationChannelEntity.java:13)
	at java.base/java.util.AbstractSet.hashCode(AbstractSet.java:124)
	at edu.market.notification.infrastructure.adapter.output.persistence.entity.NotificationEntity.hashCode(NotificationEntity.java:21)
	at edu.market.notification.infrastructure.adapter.output.persistence.entity.NotificationChannelEntity.hashCode(NotificationChannelEntity.java:13)
	at java.base/java.util.AbstractSet.hashCode(AbstractSet.java:124)
	at edu.market.notification.infrastructure.adapter.output.persistence.entity.NotificationEntity.hashCode(NotificationEntity.java:21)
	at edu.market.notification.infrastructure.adapter.output.persistence.entity.NotificationChannelEntity.hashCode(NotificationChannelEntity.java:13)
	at java.base/java.util.AbstractSet.hashCode(AbstractSet.java:124)
	at edu.market.notification.infrastructure.adapter.output.persistence.entity.NotificationEntity.hashCode(NotificationEntity.java:21)
	at edu.market.notification.infrastructure.adapter.output.persistence.entity.NotificationChannelEntity.hashCode(NotificationChannelEntity.java:13)
	at java.base/java.util.AbstractSet.hashCode(AbstractSet.java:124)
	at edu.market.notification.infrastructure.adapter.output.persistence.entity.NotificationEntity.hashCode(NotificationEntity.java:21)
	at edu.market.notification.infrastructure.adapter.output.persistence.entity.NotificationChannelEntity.hashCode(NotificationChannelEntity.java:13)
	at java.base/java.util.AbstractSet.hashCode(AbstractSet.java:124)
	at edu.market.notification.infrastructure.adapter.output.persistence.entity.NotificationEntity.hashCode(NotificationEntity.java:21)
	at edu.market.notification.infrastructure.adapter.output.persistence.entity.NotificationChannelEntity.hashCode(NotificationChannelEntity.java:13)
	at java.base/java.util.AbstractSet.hashCode(AbstractSet.java:124)
	at edu.market.notification.infrastructure.adapter.output.persistence.entity.NotificationEntity.hashCode(NotificationEntity.java:21)
	at edu.market.notification.infrastructure.adapter.output.persistence.entity.NotificationChannelEntity.hashCode(NotificationChannelEntity.java:13)
	at java.base/java.util.AbstractSet.hashCode(AbstractSet.java:124)
	at edu.market.notification.infrastructure.adapter.output.persistence.entity.NotificationEntity.hashCode(NotificationEntity.java:21)
	at edu.market.notification.infrastructure.adapter.output.persistence.entity.NotificationChannelEntity.hashCode(NotificationChannelEntity.java:13)
	at java.base/java.util.AbstractSet.hashCode(AbstractSet.java:124)
	at edu.market.notification.infrastructure.adapter.output.persistence.entity.NotificationEntity.hashCode(NotificationEntity.java:21)
	at edu.market.notification.infrastructure.adapter.output.persistence.entity.NotificationChannelEntity.hashCode(NotificationChannelEntity.java:13)
	at java.base/java.util.AbstractSet.hashCode(AbstractSet.java:124)
	at edu.market.notification.infrastructure.adapter.output.persistence.entity.NotificationEntity.hashCode(NotificationEntity.java:21)
	at edu.market.notification.infrastructure.adapter.output.persistence.entity.NotificationChannelEntity.hashCode(NotificationChannelEntity.java:13)
	at java.base/java.util.AbstractSet.hashCode(AbstractSet.java:124)
	at edu.market.notification.infrastructure.adapter.output.persistence.entity.NotificationEntity.hashCode(NotificationEntity.java:21)
	at edu.market.notification.infrastructure.adapter.output.persistence.entity.NotificationChannelEntity.hashCode(NotificationChannelEntity.java:13)
	at java.base/java.util.AbstractSet.hashCode(AbstractSet.java:124)
	at edu.market.notification.infrastructure.adapter.output.persistence.entity.NotificationEntity.hashCode(NotificationEntity.java:21)
	at edu.market.notification.infrastructure.adapter.output.persistence.entity.NotificationChannelEntity.hashCode(NotificationChannelEntity.java:13)
	at java.base/java.util.AbstractSet.hashCode(AbstractSet.java:124)
	at edu.market.notification.infrastructure.adapter.output.persistence.entity.NotificationEntity.hashCode(NotificationEntity.java:21)
	at edu.market.notification.infrastructure.adapter.output.persistence.entity.NotificationChannelEntity.hashCode(NotificationChannelEntity.java:13)
	at java.base/java.util.AbstractSet.hashCode(AbstractSet.java:124)
	at edu.market.notification.infrastructure.adapter.output.persistence.entity.NotificationEntity.hashCode(NotificationEntity.java:21)
	at edu.market.notification.infrastructure.adapter.output.persistence.entity.NotificationChannelEntity.hashCode(NotificationChannelEntity.java:13)
	at java.base/java.util.AbstractSet.hashCode(AbstractSet.java:124)
	at edu.market.notification.infrastructure.adapter.output.persistence.entity.NotificationEntity.hashCode(NotificationEntity.java:21)
	at edu.market.notification.infrastructure.adapter.output.persistence.entity.NotificationChannelEntity.hashCode(NotificationChannelEntity.java:13)
	at java.base/java.util.AbstractSet.hashCode(AbstractSet.java:124)
	at edu.market.notification.infrastructure.adapter.output.persistence.entity.NotificationEntity.hashCode(NotificationEntity.java:21)
	at edu.market.notification.infrastructure.adapter.output.persistence.entity.NotificationChannelEntity.hashCode(NotificationChannelEntity.java:13)
	at java.base/java.util.AbstractSet.hashCode(AbstractSet.java:124)
	at edu.market.notification.infrastructure.adapter.output.persistence.entity.NotificationEntity.hashCode(NotificationEntity.java:21)
	at edu.market.notification.infrastructure.adapter.output.persistence.entity.NotificationChannelEntity.hashCode(NotificationChannelEntity.java:13)
	at java.base/java.util.AbstractSet.hashCode(AbstractSet.java:124)
	at edu.market.notification.infrastructure.adapter.output.persistence.entity.NotificationEntity.hashCode(NotificationEntity.java:21)
	at edu.market.notification.infrastructure.adapter.output.persistence.entity.NotificationChannelEntity.hashCode(NotificationChannelEntity.java:13)
	at java.base/java.util.AbstractSet.hashCode(AbstractSet.java:124)
	at edu.market.notification.infrastructure.adapter.output.persistence.entity.NotificationEntity.hashCode(NotificationEntity.java:21)
	at edu.market.notification.infrastructure.adapter.output.persistence.entity.NotificationChannelEntity.hashCode(NotificationChannelEntity.java:13)
	at java.base/java.util.AbstractSet.hashCode(AbstractSet.java:124)
	at edu.market.notification.infrastructure.adapter.output.persistence.entity.NotificationEntity.hashCode(NotificationEntity.java:21)
	at edu.market.notification.infrastructure.adapter.output.persistence.entity.NotificationChannelEntity.hashCode(NotificationChannelEntity.java:13)
	at java.base/java.util.AbstractSet.hashCode(AbstractSet.java:124)
	at edu.market.notification.infrastructure.adapter.output.persistence.entity.NotificationEntity.hashCode(NotificationEntity.java:21)
	at edu.market.notification.infrastructure.adapter.output.persistence.entity.NotificationChannelEntity.hashCode(NotificationChannelEntity.java:13)
	at java.base/java.util.AbstractSet.hashCode(AbstractSet.java:124)
	at edu.market.notification.infrastructure.adapter.output.persistence.entity.NotificationEntity.hashCode(NotificationEntity.java:21)
	at edu.market.notification.infrastructure.adapter.output.persistence.entity.NotificationChannelEntity.hashCode(NotificationChannelEntity.java:13)
	at java.base/java.util.AbstractSet.hashCode(AbstractSet.java:124)
	at edu.market.notification.infrastructure.adapter.output.persistence.entity.NotificationEntity.hashCode(NotificationEntity.java:21)
	at edu.market.notification.infrastructure.adapter.output.persistence.entity.NotificationChannelEntity.hashCode(NotificationChannelEntity.java:13)
	at java.base/java.util.AbstractSet.hashCode(AbstractSet.java:124)
	at edu.market.notification.infrastructure.adapter.output.persistence.entity.NotificationEntity.hashCode(NotificationEntity.java:21)
	at edu.market.notification.infrastructure.adapter.output.persistence.entity.NotificationChannelEntity.hashCode(NotificationChannelEntity.java:13)
	at java.base/java.util.AbstractSet.hashCode(AbstractSet.java:124)
	at edu.market.notification.infrastructure.adapter.output.persistence.entity.NotificationEntity.hashCode(NotificationEntity.java:21)
	at edu.market.notification.infrastructure.adapter.output.persistence.entity.NotificationChannelEntity.hashCode(NotificationChannelEntity.java:13)
	at java.base/java.util.AbstractSet.hashCode(AbstractSet.java:124)
	at edu.market.notification.infrastructure.adapter.output.persistence.entity.NotificationEntity.hashCode(NotificationEntity.java:21)
	at edu.market.notification.infrastructure.adapter.output.persistence.entity.NotificationChannelEntity.hashCode(NotificationChannelEntity.java:13)
	at java.base/java.util.AbstractSet.hashCode(AbstractSet.java:124)
	at edu.market.notification.infrastructure.adapter.output.persistence.entity.NotificationEntity.hashCode(NotificationEntity.java:21)
	at edu.market.notification.infrastructure.adapter.output.persistence.entity.NotificationChannelEntity.hashCode(NotificationChannelEntity.java:13)
2025-07-27 12:56:42,693 [http-nio-8080-exec-5] DEBUG e.m.n.i.c.ExceptionTrackerAspect                   - trackException - Init
2025-07-27 12:56:42,693 [MetricsCollectorAOPExecutor-5] DEBUG e.m.n.i.c.MetricsCollectionAspect                  - MetricsCollectionAspect - Method notification-service.notification.edu.market.notification.infrastructure.adapter.input.web.controller.NotificationController.sendNotification executed in 81 ms, success: false
2025-07-27 12:56:42,694 [http-nio-8080-exec-5] DEBUG e.m.n.i.c.ExceptionTrackerAspect                   - trackException - Call exceptionTrackerPort.trackException
2025-07-27 12:56:42,694 [http-nio-8080-exec-5] DEBUG e.m.n.i.a.o.m.ExceptionTrackerAdapter              - trackException - Init
2025-07-27 12:56:42,694 [http-nio-8080-exec-5] DEBUG e.m.n.i.a.o.m.ExceptionTrackerAdapter              - trackException - Call isAvailable - Checking ExceptionTracker Service is available
2025-07-27 12:56:42,694 [http-nio-8080-exec-5] DEBUG e.m.n.i.a.o.m.ExceptionTrackerAdapter              - isAvailable - Init
2025-07-27 12:56:42,694 [http-nio-8080-exec-5] DEBUG e.m.n.i.a.o.m.ExceptionTrackerAdapter              - isAvailable - Return true
2025-07-27 12:56:42,694 [http-nio-8080-exec-5] ERROR e.m.n.i.a.o.m.ExceptionTrackerAdapter              - Exception tracked from NotificationController.sendNotification with context {{method=sendNotification, errorType=RuntimeException, class=NotificationController, layer=infrastructure}}: java.lang.StackOverflowError
java.lang.RuntimeException: java.lang.StackOverflowError
	at org.springframework.data.repository.core.support.RepositoryMethodInvoker$RepositoryFragmentMethodInvoker.lambda$new$0(RepositoryMethodInvoker.java:281)
	at org.springframework.data.repository.core.support.RepositoryMethodInvoker.doInvoke(RepositoryMethodInvoker.java:170)
	at org.springframework.data.repository.core.support.RepositoryMethodInvoker.invoke(RepositoryMethodInvoker.java:158)
	at org.springframework.data.repository.core.support.RepositoryComposition$RepositoryFragments.invoke(RepositoryComposition.java:515)
	at org.springframework.data.repository.core.support.RepositoryComposition.invoke(RepositoryComposition.java:284)
	at org.springframework.data.repository.core.support.RepositoryFactorySupport$ImplementationMethodExecutionInterceptor.invoke(RepositoryFactorySupport.java:731)
	at org.springframework.aop.framework.ReflectiveMethodInvocation.proceed(ReflectiveMethodInvocation.java:184)
	at org.springframework.data.repository.core.support.QueryExecutorMethodInterceptor.doInvoke(QueryExecutorMethodInterceptor.java:174)
	at org.springframework.data.repository.core.support.QueryExecutorMethodInterceptor.invoke(QueryExecutorMethodInterceptor.java:149)
	at org.springframework.aop.framework.ReflectiveMethodInvocation.proceed(ReflectiveMethodInvocation.java:184)
	at org.springframework.data.projection.DefaultMethodInvokingMethodInterceptor.invoke(DefaultMethodInvokingMethodInterceptor.java:69)
	at org.springframework.aop.framework.ReflectiveMethodInvocation.proceed(ReflectiveMethodInvocation.java:184)
	at org.springframework.transaction.interceptor.TransactionAspectSupport.invokeWithinTransaction(TransactionAspectSupport.java:380)
	at org.springframework.transaction.interceptor.TransactionInterceptor.invoke(TransactionInterceptor.java:119)
	at org.springframework.aop.framework.ReflectiveMethodInvocation.proceed(ReflectiveMethodInvocation.java:184)
	at org.springframework.dao.support.PersistenceExceptionTranslationInterceptor.invoke(PersistenceExceptionTranslationInterceptor.java:138)
	at org.springframework.aop.framework.ReflectiveMethodInvocation.proceed(ReflectiveMethodInvocation.java:184)
	at org.springframework.data.jpa.repository.support.CrudMethodMetadataPostProcessor$CrudMethodMetadataPopulatingMethodInterceptor.invoke(CrudMethodMetadataPostProcessor.java:165)
	at org.springframework.aop.framework.ReflectiveMethodInvocation.proceed(ReflectiveMethodInvocation.java:184)
	at org.springframework.aop.framework.JdkDynamicAopProxy.invoke(JdkDynamicAopProxy.java:223)
	at jdk.proxy2/jdk.proxy2.$Proxy186.save(Unknown Source)
	at java.base/jdk.internal.reflect.DirectMethodHandleAccessor.invoke(DirectMethodHandleAccessor.java:103)
	at java.base/java.lang.reflect.Method.invoke(Method.java:580)
	at org.springframework.aop.support.AopUtils.invokeJoinpointUsingReflection(AopUtils.java:359)
	at org.springframework.aop.framework.ReflectiveMethodInvocation.invokeJoinpoint(ReflectiveMethodInvocation.java:196)
	at org.springframework.aop.framework.ReflectiveMethodInvocation.proceed(ReflectiveMethodInvocation.java:163)
	at org.springframework.dao.support.PersistenceExceptionTranslationInterceptor.invoke(PersistenceExceptionTranslationInterceptor.java:138)
	at org.springframework.aop.framework.ReflectiveMethodInvocation.proceed(ReflectiveMethodInvocation.java:184)
	at org.springframework.aop.aspectj.AspectJAfterThrowingAdvice.invoke(AspectJAfterThrowingAdvice.java:64)
	at org.springframework.aop.framework.ReflectiveMethodInvocation.proceed(ReflectiveMethodInvocation.java:184)
	at org.springframework.aop.interceptor.ExposeInvocationInterceptor.invoke(ExposeInvocationInterceptor.java:97)
	at org.springframework.aop.framework.ReflectiveMethodInvocation.proceed(ReflectiveMethodInvocation.java:184)
	at org.springframework.aop.framework.JdkDynamicAopProxy.invoke(JdkDynamicAopProxy.java:223)
	at jdk.proxy2/jdk.proxy2.$Proxy186.save(Unknown Source)
	at edu.market.notification.infrastructure.adapter.output.persistence.NotificationRepositoryAdapter.save(NotificationRepositoryAdapter.java:36)
	at java.base/jdk.internal.reflect.DirectMethodHandleAccessor.invoke(DirectMethodHandleAccessor.java:103)
	at java.base/java.lang.reflect.Method.invoke(Method.java:580)
	at org.springframework.aop.support.AopUtils.invokeJoinpointUsingReflection(AopUtils.java:359)
	at org.springframework.aop.framework.ReflectiveMethodInvocation.invokeJoinpoint(ReflectiveMethodInvocation.java:196)
	at org.springframework.aop.framework.ReflectiveMethodInvocation.proceed(ReflectiveMethodInvocation.java:163)
	at org.springframework.aop.aspectj.AspectJAfterThrowingAdvice.invoke(AspectJAfterThrowingAdvice.java:64)
	at org.springframework.aop.framework.ReflectiveMethodInvocation.proceed(ReflectiveMethodInvocation.java:184)
	at org.springframework.aop.aspectj.AspectJAfterThrowingAdvice.invoke(AspectJAfterThrowingAdvice.java:64)
	at org.springframework.aop.framework.ReflectiveMethodInvocation.proceed(ReflectiveMethodInvocation.java:184)
	at org.springframework.transaction.interceptor.TransactionAspectSupport.invokeWithinTransaction(TransactionAspectSupport.java:380)
	at org.springframework.transaction.interceptor.TransactionInterceptor.invoke(TransactionInterceptor.java:119)
	at org.springframework.aop.framework.ReflectiveMethodInvocation.proceed(ReflectiveMethodInvocation.java:184)
	at org.springframework.aop.interceptor.ExposeInvocationInterceptor.invoke(ExposeInvocationInterceptor.java:97)
	at org.springframework.aop.framework.ReflectiveMethodInvocation.proceed(ReflectiveMethodInvocation.java:184)
	at org.springframework.aop.framework.CglibAopProxy$DynamicAdvisedInterceptor.intercept(CglibAopProxy.java:728)
	at edu.market.notification.infrastructure.adapter.output.persistence.NotificationRepositoryAdapter$$SpringCGLIB$$0.save(<generated>)
	at edu.market.notification.application.usecase.notification.SendNotificationUseCase.send(SendNotificationUseCase.java:76)
	at java.base/jdk.internal.reflect.DirectMethodHandleAccessor.invoke(DirectMethodHandleAccessor.java:103)
	at java.base/java.lang.reflect.Method.invoke(Method.java:580)
	at org.springframework.aop.support.AopUtils.invokeJoinpointUsingReflection(AopUtils.java:359)
	at org.springframework.aop.framework.ReflectiveMethodInvocation.invokeJoinpoint(ReflectiveMethodInvocation.java:196)
	at org.springframework.aop.framework.ReflectiveMethodInvocation.proceed(ReflectiveMethodInvocation.java:163)
	at org.springframework.aop.aspectj.MethodInvocationProceedingJoinPoint.proceed(MethodInvocationProceedingJoinPoint.java:89)
	at edu.market.notification.infrastructure.crosscutting.MetricsCollectionAspect.collectMetrics(MetricsCollectionAspect.java:84)
	at java.base/jdk.internal.reflect.DirectMethodHandleAccessor.invoke(DirectMethodHandleAccessor.java:103)
	at java.base/java.lang.reflect.Method.invoke(Method.java:580)
	at org.springframework.aop.aspectj.AbstractAspectJAdvice.invokeAdviceMethodWithGivenArgs(AbstractAspectJAdvice.java:642)
	at org.springframework.aop.aspectj.AbstractAspectJAdvice.invokeAdviceMethod(AbstractAspectJAdvice.java:632)
	at org.springframework.aop.aspectj.AspectJAroundAdvice.invoke(AspectJAroundAdvice.java:71)
	at org.springframework.aop.framework.ReflectiveMethodInvocation.proceed(ReflectiveMethodInvocation.java:184)
	at org.springframework.aop.aspectj.AspectJAfterThrowingAdvice.invoke(AspectJAfterThrowingAdvice.java:64)
	at org.springframework.aop.framework.ReflectiveMethodInvocation.proceed(ReflectiveMethodInvocation.java:184)
	at org.springframework.aop.interceptor.ExposeInvocationInterceptor.invoke(ExposeInvocationInterceptor.java:97)
	at org.springframework.aop.framework.ReflectiveMethodInvocation.proceed(ReflectiveMethodInvocation.java:184)
	at org.springframework.aop.framework.CglibAopProxy$DynamicAdvisedInterceptor.intercept(CglibAopProxy.java:728)
	at edu.market.notification.application.usecase.notification.SendNotificationUseCase$$SpringCGLIB$$0.send(<generated>)
	at edu.market.notification.infrastructure.adapter.input.web.controller.NotificationController.sendNotification(NotificationController.java:156)
	at java.base/jdk.internal.reflect.DirectMethodHandleAccessor.invoke(DirectMethodHandleAccessor.java:103)
	at java.base/java.lang.reflect.Method.invoke(Method.java:580)
	at org.springframework.aop.support.AopUtils.invokeJoinpointUsingReflection(AopUtils.java:359)
	at org.springframework.aop.framework.ReflectiveMethodInvocation.invokeJoinpoint(ReflectiveMethodInvocation.java:196)
	at org.springframework.aop.framework.ReflectiveMethodInvocation.proceed(ReflectiveMethodInvocation.java:163)
	at org.springframework.aop.aspectj.MethodInvocationProceedingJoinPoint.proceed(MethodInvocationProceedingJoinPoint.java:89)
	at edu.market.notification.infrastructure.crosscutting.MetricsCollectionAspect.collectMetrics(MetricsCollectionAspect.java:84)
	at java.base/jdk.internal.reflect.DirectMethodHandleAccessor.invoke(DirectMethodHandleAccessor.java:103)
	at java.base/java.lang.reflect.Method.invoke(Method.java:580)
	at org.springframework.aop.aspectj.AbstractAspectJAdvice.invokeAdviceMethodWithGivenArgs(AbstractAspectJAdvice.java:642)
	at org.springframework.aop.aspectj.AbstractAspectJAdvice.invokeAdviceMethod(AbstractAspectJAdvice.java:632)
	at org.springframework.aop.aspectj.AspectJAroundAdvice.invoke(AspectJAroundAdvice.java:71)
	at org.springframework.aop.framework.ReflectiveMethodInvocation.proceed(ReflectiveMethodInvocation.java:184)
	at org.springframework.aop.aspectj.AspectJAfterThrowingAdvice.invoke(AspectJAfterThrowingAdvice.java:64)
	at org.springframework.aop.framework.ReflectiveMethodInvocation.proceed(ReflectiveMethodInvocation.java:184)
	at org.springframework.aop.interceptor.ExposeInvocationInterceptor.invoke(ExposeInvocationInterceptor.java:97)
	at org.springframework.aop.framework.ReflectiveMethodInvocation.proceed(ReflectiveMethodInvocation.java:184)
	at org.springframework.aop.framework.CglibAopProxy$DynamicAdvisedInterceptor.intercept(CglibAopProxy.java:728)
	at edu.market.notification.infrastructure.adapter.input.web.controller.NotificationController$$SpringCGLIB$$0.sendNotification(<generated>)
	at java.base/jdk.internal.reflect.DirectMethodHandleAccessor.invoke(DirectMethodHandleAccessor.java:103)
	at java.base/java.lang.reflect.Method.invoke(Method.java:580)
	at org.springframework.web.method.support.InvocableHandlerMethod.doInvoke(InvocableHandlerMethod.java:258)
	at org.springframework.web.method.support.InvocableHandlerMethod.invokeForRequest(InvocableHandlerMethod.java:191)
	at org.springframework.web.servlet.mvc.method.annotation.ServletInvocableHandlerMethod.invokeAndHandle(ServletInvocableHandlerMethod.java:118)
	at org.springframework.web.servlet.mvc.method.annotation.RequestMappingHandlerAdapter.invokeHandlerMethod(RequestMappingHandlerAdapter.java:986)
	at org.springframework.web.servlet.mvc.method.annotation.RequestMappingHandlerAdapter.handleInternal(RequestMappingHandlerAdapter.java:891)
	at org.springframework.web.servlet.mvc.method.AbstractHandlerMethodAdapter.handle(AbstractHandlerMethodAdapter.java:87)
	at org.springframework.web.servlet.DispatcherServlet.doDispatch(DispatcherServlet.java:1089)
	at org.springframework.web.servlet.DispatcherServlet.doService(DispatcherServlet.java:979)
	at org.springframework.web.servlet.FrameworkServlet.processRequest(FrameworkServlet.java:1014)
	at org.springframework.web.servlet.FrameworkServlet.doPost(FrameworkServlet.java:914)
	at jakarta.servlet.http.HttpServlet.service(HttpServlet.java:590)
	at org.springframework.web.servlet.FrameworkServlet.service(FrameworkServlet.java:885)
	at jakarta.servlet.http.HttpServlet.service(HttpServlet.java:658)
	at org.apache.catalina.core.ApplicationFilterChain.internalDoFilter(ApplicationFilterChain.java:195)
	at org.apache.catalina.core.ApplicationFilterChain.doFilter(ApplicationFilterChain.java:140)
	at org.apache.tomcat.websocket.server.WsFilter.doFilter(WsFilter.java:51)
	at org.apache.catalina.core.ApplicationFilterChain.internalDoFilter(ApplicationFilterChain.java:164)
	at org.apache.catalina.core.ApplicationFilterChain.doFilter(ApplicationFilterChain.java:140)
	at org.springframework.web.filter.CompositeFilter$VirtualFilterChain.doFilter(CompositeFilter.java:108)
	at org.springframework.security.web.FilterChainProxy.lambda$doFilterInternal$3(FilterChainProxy.java:231)
	at org.springframework.security.web.ObservationFilterChainDecorator$FilterObservation$SimpleFilterObservation.lambda$wrap$1(ObservationFilterChainDecorator.java:479)
	at org.springframework.security.web.ObservationFilterChainDecorator$AroundFilterObservation$SimpleAroundFilterObservation.lambda$wrap$1(ObservationFilterChainDecorator.java:340)
	at org.springframework.security.web.ObservationFilterChainDecorator.lambda$wrapSecured$0(ObservationFilterChainDecorator.java:82)
	at org.springframework.security.web.ObservationFilterChainDecorator$VirtualFilterChain.doFilter(ObservationFilterChainDecorator.java:128)
	at org.springframework.security.web.access.intercept.AuthorizationFilter.doFilter(AuthorizationFilter.java:101)
	at org.springframework.security.web.ObservationFilterChainDecorator$ObservationFilter.wrapFilter(ObservationFilterChainDecorator.java:240)
	at org.springframework.security.web.ObservationFilterChainDecorator$ObservationFilter.doFilter(ObservationFilterChainDecorator.java:227)
	at org.springframework.security.web.ObservationFilterChainDecorator$VirtualFilterChain.doFilter(ObservationFilterChainDecorator.java:137)
	at org.springframework.security.web.access.ExceptionTranslationFilter.doFilter(ExceptionTranslationFilter.java:126)
	at org.springframework.security.web.access.ExceptionTranslationFilter.doFilter(ExceptionTranslationFilter.java:120)
	at org.springframework.security.web.ObservationFilterChainDecorator$ObservationFilter.wrapFilter(ObservationFilterChainDecorator.java:240)
	at org.springframework.security.web.ObservationFilterChainDecorator$ObservationFilter.doFilter(ObservationFilterChainDecorator.java:227)
	at org.springframework.security.web.ObservationFilterChainDecorator$VirtualFilterChain.doFilter(ObservationFilterChainDecorator.java:137)
	at org.springframework.security.web.authentication.AnonymousAuthenticationFilter.doFilter(AnonymousAuthenticationFilter.java:100)
	at org.springframework.security.web.ObservationFilterChainDecorator$ObservationFilter.wrapFilter(ObservationFilterChainDecorator.java:240)
	at org.springframework.security.web.ObservationFilterChainDecorator$ObservationFilter.doFilter(ObservationFilterChainDecorator.java:227)
	at org.springframework.security.web.ObservationFilterChainDecorator$VirtualFilterChain.doFilter(ObservationFilterChainDecorator.java:137)
	at org.springframework.security.web.servletapi.SecurityContextHolderAwareRequestFilter.doFilter(SecurityContextHolderAwareRequestFilter.java:179)
	at org.springframework.security.web.ObservationFilterChainDecorator$ObservationFilter.wrapFilter(ObservationFilterChainDecorator.java:240)
	at org.springframework.security.web.ObservationFilterChainDecorator$ObservationFilter.doFilter(ObservationFilterChainDecorator.java:227)
	at org.springframework.security.web.ObservationFilterChainDecorator$VirtualFilterChain.doFilter(ObservationFilterChainDecorator.java:137)
	at org.springframework.security.web.savedrequest.RequestCacheAwareFilter.doFilter(RequestCacheAwareFilter.java:63)
	at org.springframework.security.web.ObservationFilterChainDecorator$ObservationFilter.wrapFilter(ObservationFilterChainDecorator.java:240)
	at org.springframework.security.web.ObservationFilterChainDecorator$ObservationFilter.doFilter(ObservationFilterChainDecorator.java:227)
	at org.springframework.security.web.ObservationFilterChainDecorator$VirtualFilterChain.doFilter(ObservationFilterChainDecorator.java:137)
	at org.springframework.security.web.authentication.logout.LogoutFilter.doFilter(LogoutFilter.java:107)
	at org.springframework.security.web.authentication.logout.LogoutFilter.doFilter(LogoutFilter.java:93)
	at org.springframework.security.web.ObservationFilterChainDecorator$ObservationFilter.wrapFilter(ObservationFilterChainDecorator.java:240)
	at org.springframework.security.web.ObservationFilterChainDecorator$ObservationFilter.doFilter(ObservationFilterChainDecorator.java:227)
	at org.springframework.security.web.ObservationFilterChainDecorator$VirtualFilterChain.doFilter(ObservationFilterChainDecorator.java:137)
	at org.springframework.security.web.header.HeaderWriterFilter.doHeadersAfter(HeaderWriterFilter.java:90)
	at org.springframework.security.web.header.HeaderWriterFilter.doFilterInternal(HeaderWriterFilter.java:75)
	at org.springframework.web.filter.OncePerRequestFilter.doFilter(OncePerRequestFilter.java:116)
	at org.springframework.security.web.ObservationFilterChainDecorator$ObservationFilter.wrapFilter(ObservationFilterChainDecorator.java:240)
	at org.springframework.security.web.ObservationFilterChainDecorator$ObservationFilter.doFilter(ObservationFilterChainDecorator.java:227)
	at org.springframework.security.web.ObservationFilterChainDecorator$VirtualFilterChain.doFilter(ObservationFilterChainDecorator.java:137)
	at org.springframework.security.web.context.SecurityContextHolderFilter.doFilter(SecurityContextHolderFilter.java:82)
	at org.springframework.security.web.context.SecurityContextHolderFilter.doFilter(SecurityContextHolderFilter.java:69)
	at org.springframework.security.web.ObservationFilterChainDecorator$ObservationFilter.wrapFilter(ObservationFilterChainDecorator.java:240)
	at org.springframework.security.web.ObservationFilterChainDecorator$ObservationFilter.doFilter(ObservationFilterChainDecorator.java:227)
	at org.springframework.security.web.ObservationFilterChainDecorator$VirtualFilterChain.doFilter(ObservationFilterChainDecorator.java:137)
	at org.springframework.security.web.context.request.async.WebAsyncManagerIntegrationFilter.doFilterInternal(WebAsyncManagerIntegrationFilter.java:62)
	at org.springframework.web.filter.OncePerRequestFilter.doFilter(OncePerRequestFilter.java:116)
	at org.springframework.security.web.ObservationFilterChainDecorator$ObservationFilter.wrapFilter(ObservationFilterChainDecorator.java:240)
	at org.springframework.security.web.ObservationFilterChainDecorator$ObservationFilter.doFilter(ObservationFilterChainDecorator.java:227)
	at org.springframework.security.web.ObservationFilterChainDecorator$VirtualFilterChain.doFilter(ObservationFilterChainDecorator.java:137)
	at org.springframework.security.web.session.DisableEncodeUrlFilter.doFilterInternal(DisableEncodeUrlFilter.java:42)
	at org.springframework.web.filter.OncePerRequestFilter.doFilter(OncePerRequestFilter.java:116)
	at org.springframework.security.web.ObservationFilterChainDecorator$ObservationFilter.wrapFilter(ObservationFilterChainDecorator.java:240)
	at org.springframework.security.web.ObservationFilterChainDecorator$AroundFilterObservation$SimpleAroundFilterObservation.lambda$wrap$0(ObservationFilterChainDecorator.java:323)
	at org.springframework.security.web.ObservationFilterChainDecorator$ObservationFilter.doFilter(ObservationFilterChainDecorator.java:224)
	at org.springframework.security.web.ObservationFilterChainDecorator$VirtualFilterChain.doFilter(ObservationFilterChainDecorator.java:137)
	at org.springframework.security.web.FilterChainProxy.doFilterInternal(FilterChainProxy.java:233)
	at org.springframework.security.web.FilterChainProxy.doFilter(FilterChainProxy.java:191)
	at org.springframework.web.filter.CompositeFilter$VirtualFilterChain.doFilter(CompositeFilter.java:113)
	at org.springframework.web.servlet.handler.HandlerMappingIntrospector.lambda$createCacheFilter$3(HandlerMappingIntrospector.java:243)
	at org.springframework.web.filter.CompositeFilter$VirtualFilterChain.doFilter(CompositeFilter.java:113)
	at org.springframework.web.filter.CompositeFilter.doFilter(CompositeFilter.java:74)
	at org.springframework.security.config.annotation.web.configuration.WebMvcSecurityConfiguration$CompositeFilterChainProxy.doFilter(WebMvcSecurityConfiguration.java:238)
	at org.springframework.web.filter.DelegatingFilterProxy.invokeDelegate(DelegatingFilterProxy.java:362)
	at org.springframework.web.filter.DelegatingFilterProxy.doFilter(DelegatingFilterProxy.java:278)
	at org.apache.catalina.core.ApplicationFilterChain.internalDoFilter(ApplicationFilterChain.java:164)
	at org.apache.catalina.core.ApplicationFilterChain.doFilter(ApplicationFilterChain.java:140)
	at org.springframework.web.filter.RequestContextFilter.doFilterInternal(RequestContextFilter.java:100)
	at org.springframework.web.filter.OncePerRequestFilter.doFilter(OncePerRequestFilter.java:116)
	at org.apache.catalina.core.ApplicationFilterChain.internalDoFilter(ApplicationFilterChain.java:164)
	at org.apache.catalina.core.ApplicationFilterChain.doFilter(ApplicationFilterChain.java:140)
	at org.springframework.web.filter.FormContentFilter.doFilterInternal(FormContentFilter.java:93)
	at org.springframework.web.filter.OncePerRequestFilter.doFilter(OncePerRequestFilter.java:116)
	at org.apache.catalina.core.ApplicationFilterChain.internalDoFilter(ApplicationFilterChain.java:164)
	at org.apache.catalina.core.ApplicationFilterChain.doFilter(ApplicationFilterChain.java:140)
	at org.springframework.web.filter.ServerHttpObservationFilter.doFilterInternal(ServerHttpObservationFilter.java:114)
	at org.springframework.web.filter.OncePerRequestFilter.doFilter(OncePerRequestFilter.java:116)
	at org.apache.catalina.core.ApplicationFilterChain.internalDoFilter(ApplicationFilterChain.java:164)
	at org.apache.catalina.core.ApplicationFilterChain.doFilter(ApplicationFilterChain.java:140)
	at org.springframework.web.filter.CharacterEncodingFilter.doFilterInternal(CharacterEncodingFilter.java:201)
	at org.springframework.web.filter.OncePerRequestFilter.doFilter(OncePerRequestFilter.java:116)
	at org.apache.catalina.core.ApplicationFilterChain.internalDoFilter(ApplicationFilterChain.java:164)
	at org.apache.catalina.core.ApplicationFilterChain.doFilter(ApplicationFilterChain.java:140)
	at org.apache.catalina.core.StandardWrapperValve.invoke(StandardWrapperValve.java:167)
	at org.apache.catalina.core.StandardContextValve.invoke(StandardContextValve.java:90)
	at org.apache.catalina.authenticator.AuthenticatorBase.invoke(AuthenticatorBase.java:483)
	at org.apache.catalina.core.StandardHostValve.invoke(StandardHostValve.java:116)
	at org.apache.catalina.valves.ErrorReportValve.invoke(ErrorReportValve.java:93)
	at org.apache.catalina.core.StandardEngineValve.invoke(StandardEngineValve.java:74)
	at org.apache.catalina.connector.CoyoteAdapter.service(CoyoteAdapter.java:344)
	at org.apache.coyote.http11.Http11Processor.service(Http11Processor.java:398)
	at org.apache.coyote.AbstractProcessorLight.process(AbstractProcessorLight.java:63)
	at org.apache.coyote.AbstractProtocol$ConnectionHandler.process(AbstractProtocol.java:903)
	at org.apache.tomcat.util.net.NioEndpoint$SocketProcessor.doRun(NioEndpoint.java:1740)
	at org.apache.tomcat.util.net.SocketProcessorBase.run(SocketProcessorBase.java:52)
	at org.apache.tomcat.util.threads.ThreadPoolExecutor.runWorker(ThreadPoolExecutor.java:1189)
	at org.apache.tomcat.util.threads.ThreadPoolExecutor$Worker.run(ThreadPoolExecutor.java:658)
	at org.apache.tomcat.util.threads.TaskThread$WrappingRunnable.run(TaskThread.java:63)
	at java.base/java.lang.Thread.run(Thread.java:1583)
Caused by: java.lang.StackOverflowError: null
	at edu.market.notification.infrastructure.adapter.output.persistence.entity.NotificationChannelEntity.hashCode(NotificationChannelEntity.java:13)
	at java.base/java.util.AbstractSet.hashCode(AbstractSet.java:124)
	at edu.market.notification.infrastructure.adapter.output.persistence.entity.NotificationEntity.hashCode(NotificationEntity.java:21)
	at edu.market.notification.infrastructure.adapter.output.persistence.entity.NotificationChannelEntity.hashCode(NotificationChannelEntity.java:13)
	at java.base/java.util.AbstractSet.hashCode(AbstractSet.java:124)
	at edu.market.notification.infrastructure.adapter.output.persistence.entity.NotificationEntity.hashCode(NotificationEntity.java:21)
	at edu.market.notification.infrastructure.adapter.output.persistence.entity.NotificationChannelEntity.hashCode(NotificationChannelEntity.java:13)
	at java.base/java.util.AbstractSet.hashCode(AbstractSet.java:124)
	at edu.market.notification.infrastructure.adapter.output.persistence.entity.NotificationEntity.hashCode(NotificationEntity.java:21)
	at edu.market.notification.infrastructure.adapter.output.persistence.entity.NotificationChannelEntity.hashCode(NotificationChannelEntity.java:13)
	at java.base/java.util.AbstractSet.hashCode(AbstractSet.java:124)
	at edu.market.notification.infrastructure.adapter.output.persistence.entity.NotificationEntity.hashCode(NotificationEntity.java:21)
	at edu.market.notification.infrastructure.adapter.output.persistence.entity.NotificationChannelEntity.hashCode(NotificationChannelEntity.java:13)
	at java.base/java.util.AbstractSet.hashCode(AbstractSet.java:124)
	at edu.market.notification.infrastructure.adapter.output.persistence.entity.NotificationEntity.hashCode(NotificationEntity.java:21)
	at edu.market.notification.infrastructure.adapter.output.persistence.entity.NotificationChannelEntity.hashCode(NotificationChannelEntity.java:13)
	at java.base/java.util.AbstractSet.hashCode(AbstractSet.java:124)
	at edu.market.notification.infrastructure.adapter.output.persistence.entity.NotificationEntity.hashCode(NotificationEntity.java:21)
	at edu.market.notification.infrastructure.adapter.output.persistence.entity.NotificationChannelEntity.hashCode(NotificationChannelEntity.java:13)
	at java.base/java.util.AbstractSet.hashCode(AbstractSet.java:124)
	at edu.market.notification.infrastructure.adapter.output.persistence.entity.NotificationEntity.hashCode(NotificationEntity.java:21)
	at edu.market.notification.infrastructure.adapter.output.persistence.entity.NotificationChannelEntity.hashCode(NotificationChannelEntity.java:13)
	at java.base/java.util.AbstractSet.hashCode(AbstractSet.java:124)
	at edu.market.notification.infrastructure.adapter.output.persistence.entity.NotificationEntity.hashCode(NotificationEntity.java:21)
	at edu.market.notification.infrastructure.adapter.output.persistence.entity.NotificationChannelEntity.hashCode(NotificationChannelEntity.java:13)
	at java.base/java.util.AbstractSet.hashCode(AbstractSet.java:124)
	at edu.market.notification.infrastructure.adapter.output.persistence.entity.NotificationEntity.hashCode(NotificationEntity.java:21)
	at edu.market.notification.infrastructure.adapter.output.persistence.entity.NotificationChannelEntity.hashCode(NotificationChannelEntity.java:13)
	at java.base/java.util.AbstractSet.hashCode(AbstractSet.java:124)
	at edu.market.notification.infrastructure.adapter.output.persistence.entity.NotificationEntity.hashCode(NotificationEntity.java:21)
	at edu.market.notification.infrastructure.adapter.output.persistence.entity.NotificationChannelEntity.hashCode(NotificationChannelEntity.java:13)
	at java.base/java.util.AbstractSet.hashCode(AbstractSet.java:124)
	at edu.market.notification.infrastructure.adapter.output.persistence.entity.NotificationEntity.hashCode(NotificationEntity.java:21)
	at edu.market.notification.infrastructure.adapter.output.persistence.entity.NotificationChannelEntity.hashCode(NotificationChannelEntity.java:13)
	at java.base/java.util.AbstractSet.hashCode(AbstractSet.java:124)
	at edu.market.notification.infrastructure.adapter.output.persistence.entity.NotificationEntity.hashCode(NotificationEntity.java:21)
	at edu.market.notification.infrastructure.adapter.output.persistence.entity.NotificationChannelEntity.hashCode(NotificationChannelEntity.java:13)
	at java.base/java.util.AbstractSet.hashCode(AbstractSet.java:124)
	at edu.market.notification.infrastructure.adapter.output.persistence.entity.NotificationEntity.hashCode(NotificationEntity.java:21)
	at edu.market.notification.infrastructure.adapter.output.persistence.entity.NotificationChannelEntity.hashCode(NotificationChannelEntity.java:13)
	at java.base/java.util.AbstractSet.hashCode(AbstractSet.java:124)
	at edu.market.notification.infrastructure.adapter.output.persistence.entity.NotificationEntity.hashCode(NotificationEntity.java:21)
	at edu.market.notification.infrastructure.adapter.output.persistence.entity.NotificationChannelEntity.hashCode(NotificationChannelEntity.java:13)
	at java.base/java.util.AbstractSet.hashCode(AbstractSet.java:124)
	at edu.market.notification.infrastructure.adapter.output.persistence.entity.NotificationEntity.hashCode(NotificationEntity.java:21)
	at edu.market.notification.infrastructure.adapter.output.persistence.entity.NotificationChannelEntity.hashCode(NotificationChannelEntity.java:13)
	at java.base/java.util.AbstractSet.hashCode(AbstractSet.java:124)
	at edu.market.notification.infrastructure.adapter.output.persistence.entity.NotificationEntity.hashCode(NotificationEntity.java:21)
	at edu.market.notification.infrastructure.adapter.output.persistence.entity.NotificationChannelEntity.hashCode(NotificationChannelEntity.java:13)
	at java.base/java.util.AbstractSet.hashCode(AbstractSet.java:124)
	at edu.market.notification.infrastructure.adapter.output.persistence.entity.NotificationEntity.hashCode(NotificationEntity.java:21)
	at edu.market.notification.infrastructure.adapter.output.persistence.entity.NotificationChannelEntity.hashCode(NotificationChannelEntity.java:13)
	at java.base/java.util.AbstractSet.hashCode(AbstractSet.java:124)
	at edu.market.notification.infrastructure.adapter.output.persistence.entity.NotificationEntity.hashCode(NotificationEntity.java:21)
	at edu.market.notification.infrastructure.adapter.output.persistence.entity.NotificationChannelEntity.hashCode(NotificationChannelEntity.java:13)
	at java.base/java.util.AbstractSet.hashCode(AbstractSet.java:124)
	at edu.market.notification.infrastructure.adapter.output.persistence.entity.NotificationEntity.hashCode(NotificationEntity.java:21)
	at edu.market.notification.infrastructure.adapter.output.persistence.entity.NotificationChannelEntity.hashCode(NotificationChannelEntity.java:13)
	at java.base/java.util.AbstractSet.hashCode(AbstractSet.java:124)
	at edu.market.notification.infrastructure.adapter.output.persistence.entity.NotificationEntity.hashCode(NotificationEntity.java:21)
	at edu.market.notification.infrastructure.adapter.output.persistence.entity.NotificationChannelEntity.hashCode(NotificationChannelEntity.java:13)
	at java.base/java.util.AbstractSet.hashCode(AbstractSet.java:124)
	at edu.market.notification.infrastructure.adapter.output.persistence.entity.NotificationEntity.hashCode(NotificationEntity.java:21)
	at edu.market.notification.infrastructure.adapter.output.persistence.entity.NotificationChannelEntity.hashCode(NotificationChannelEntity.java:13)
	at java.base/java.util.AbstractSet.hashCode(AbstractSet.java:124)
	at edu.market.notification.infrastructure.adapter.output.persistence.entity.NotificationEntity.hashCode(NotificationEntity.java:21)
	at edu.market.notification.infrastructure.adapter.output.persistence.entity.NotificationChannelEntity.hashCode(NotificationChannelEntity.java:13)
	at java.base/java.util.AbstractSet.hashCode(AbstractSet.java:124)
	at edu.market.notification.infrastructure.adapter.output.persistence.entity.NotificationEntity.hashCode(NotificationEntity.java:21)
	at edu.market.notification.infrastructure.adapter.output.persistence.entity.NotificationChannelEntity.hashCode(NotificationChannelEntity.java:13)
	at java.base/java.util.AbstractSet.hashCode(AbstractSet.java:124)
	at edu.market.notification.infrastructure.adapter.output.persistence.entity.NotificationEntity.hashCode(NotificationEntity.java:21)
	at edu.market.notification.infrastructure.adapter.output.persistence.entity.NotificationChannelEntity.hashCode(NotificationChannelEntity.java:13)
	at java.base/java.util.AbstractSet.hashCode(AbstractSet.java:124)
	at edu.market.notification.infrastructure.adapter.output.persistence.entity.NotificationEntity.hashCode(NotificationEntity.java:21)
	at edu.market.notification.infrastructure.adapter.output.persistence.entity.NotificationChannelEntity.hashCode(NotificationChannelEntity.java:13)
	at java.base/java.util.AbstractSet.hashCode(AbstractSet.java:124)
	at edu.market.notification.infrastructure.adapter.output.persistence.entity.NotificationEntity.hashCode(NotificationEntity.java:21)
	at edu.market.notification.infrastructure.adapter.output.persistence.entity.NotificationChannelEntity.hashCode(NotificationChannelEntity.java:13)
	at java.base/java.util.AbstractSet.hashCode(AbstractSet.java:124)
	at edu.market.notification.infrastructure.adapter.output.persistence.entity.NotificationEntity.hashCode(NotificationEntity.java:21)
	at edu.market.notification.infrastructure.adapter.output.persistence.entity.NotificationChannelEntity.hashCode(NotificationChannelEntity.java:13)
	at java.base/java.util.AbstractSet.hashCode(AbstractSet.java:124)
	at edu.market.notification.infrastructure.adapter.output.persistence.entity.NotificationEntity.hashCode(NotificationEntity.java:21)
	at edu.market.notification.infrastructure.adapter.output.persistence.entity.NotificationChannelEntity.hashCode(NotificationChannelEntity.java:13)
	at java.base/java.util.AbstractSet.hashCode(AbstractSet.java:124)
	at edu.market.notification.infrastructure.adapter.output.persistence.entity.NotificationEntity.hashCode(NotificationEntity.java:21)
	at edu.market.notification.infrastructure.adapter.output.persistence.entity.NotificationChannelEntity.hashCode(NotificationChannelEntity.java:13)
	at java.base/java.util.AbstractSet.hashCode(AbstractSet.java:124)
	at edu.market.notification.infrastructure.adapter.output.persistence.entity.NotificationEntity.hashCode(NotificationEntity.java:21)
	at edu.market.notification.infrastructure.adapter.output.persistence.entity.NotificationChannelEntity.hashCode(NotificationChannelEntity.java:13)
	at java.base/java.util.AbstractSet.hashCode(AbstractSet.java:124)
	at edu.market.notification.infrastructure.adapter.output.persistence.entity.NotificationEntity.hashCode(NotificationEntity.java:21)
	at edu.market.notification.infrastructure.adapter.output.persistence.entity.NotificationChannelEntity.hashCode(NotificationChannelEntity.java:13)
	at java.base/java.util.AbstractSet.hashCode(AbstractSet.java:124)
	at edu.market.notification.infrastructure.adapter.output.persistence.entity.NotificationEntity.hashCode(NotificationEntity.java:21)
	at edu.market.notification.infrastructure.adapter.output.persistence.entity.NotificationChannelEntity.hashCode(NotificationChannelEntity.java:13)
	at java.base/java.util.AbstractSet.hashCode(AbstractSet.java:124)
	at edu.market.notification.infrastructure.adapter.output.persistence.entity.NotificationEntity.hashCode(NotificationEntity.java:21)
	at edu.market.notification.infrastructure.adapter.output.persistence.entity.NotificationChannelEntity.hashCode(NotificationChannelEntity.java:13)
	at java.base/java.util.AbstractSet.hashCode(AbstractSet.java:124)
	at edu.market.notification.infrastructure.adapter.output.persistence.entity.NotificationEntity.hashCode(NotificationEntity.java:21)
	at edu.market.notification.infrastructure.adapter.output.persistence.entity.NotificationChannelEntity.hashCode(NotificationChannelEntity.java:13)
	at java.base/java.util.AbstractSet.hashCode(AbstractSet.java:124)
	at edu.market.notification.infrastructure.adapter.output.persistence.entity.NotificationEntity.hashCode(NotificationEntity.java:21)
	at edu.market.notification.infrastructure.adapter.output.persistence.entity.NotificationChannelEntity.hashCode(NotificationChannelEntity.java:13)
	at java.base/java.util.AbstractSet.hashCode(AbstractSet.java:124)
	at edu.market.notification.infrastructure.adapter.output.persistence.entity.NotificationEntity.hashCode(NotificationEntity.java:21)
	at edu.market.notification.infrastructure.adapter.output.persistence.entity.NotificationChannelEntity.hashCode(NotificationChannelEntity.java:13)
	at java.base/java.util.AbstractSet.hashCode(AbstractSet.java:124)
	at edu.market.notification.infrastructure.adapter.output.persistence.entity.NotificationEntity.hashCode(NotificationEntity.java:21)
	at edu.market.notification.infrastructure.adapter.output.persistence.entity.NotificationChannelEntity.hashCode(NotificationChannelEntity.java:13)
	at java.base/java.util.AbstractSet.hashCode(AbstractSet.java:124)
	at edu.market.notification.infrastructure.adapter.output.persistence.entity.NotificationEntity.hashCode(NotificationEntity.java:21)
	at edu.market.notification.infrastructure.adapter.output.persistence.entity.NotificationChannelEntity.hashCode(NotificationChannelEntity.java:13)
	at java.base/java.util.AbstractSet.hashCode(AbstractSet.java:124)
	at edu.market.notification.infrastructure.adapter.output.persistence.entity.NotificationEntity.hashCode(NotificationEntity.java:21)
	at edu.market.notification.infrastructure.adapter.output.persistence.entity.NotificationChannelEntity.hashCode(NotificationChannelEntity.java:13)
	at java.base/java.util.AbstractSet.hashCode(AbstractSet.java:124)
	at edu.market.notification.infrastructure.adapter.output.persistence.entity.NotificationEntity.hashCode(NotificationEntity.java:21)
	at edu.market.notification.infrastructure.adapter.output.persistence.entity.NotificationChannelEntity.hashCode(NotificationChannelEntity.java:13)
	at java.base/java.util.AbstractSet.hashCode(AbstractSet.java:124)
	at edu.market.notification.infrastructure.adapter.output.persistence.entity.NotificationEntity.hashCode(NotificationEntity.java:21)
	at edu.market.notification.infrastructure.adapter.output.persistence.entity.NotificationChannelEntity.hashCode(NotificationChannelEntity.java:13)
	at java.base/java.util.AbstractSet.hashCode(AbstractSet.java:124)
	at edu.market.notification.infrastructure.adapter.output.persistence.entity.NotificationEntity.hashCode(NotificationEntity.java:21)
	at edu.market.notification.infrastructure.adapter.output.persistence.entity.NotificationChannelEntity.hashCode(NotificationChannelEntity.java:13)
	at java.base/java.util.AbstractSet.hashCode(AbstractSet.java:124)
	at edu.market.notification.infrastructure.adapter.output.persistence.entity.NotificationEntity.hashCode(NotificationEntity.java:21)
	at edu.market.notification.infrastructure.adapter.output.persistence.entity.NotificationChannelEntity.hashCode(NotificationChannelEntity.java:13)
	at java.base/java.util.AbstractSet.hashCode(AbstractSet.java:124)
	at edu.market.notification.infrastructure.adapter.output.persistence.entity.NotificationEntity.hashCode(NotificationEntity.java:21)
	at edu.market.notification.infrastructure.adapter.output.persistence.entity.NotificationChannelEntity.hashCode(NotificationChannelEntity.java:13)
	at java.base/java.util.AbstractSet.hashCode(AbstractSet.java:124)
	at edu.market.notification.infrastructure.adapter.output.persistence.entity.NotificationEntity.hashCode(NotificationEntity.java:21)
	at edu.market.notification.infrastructure.adapter.output.persistence.entity.NotificationChannelEntity.hashCode(NotificationChannelEntity.java:13)
	at java.base/java.util.AbstractSet.hashCode(AbstractSet.java:124)
	at edu.market.notification.infrastructure.adapter.output.persistence.entity.NotificationEntity.hashCode(NotificationEntity.java:21)
	at edu.market.notification.infrastructure.adapter.output.persistence.entity.NotificationChannelEntity.hashCode(NotificationChannelEntity.java:13)
	at java.base/java.util.AbstractSet.hashCode(AbstractSet.java:124)
	at edu.market.notification.infrastructure.adapter.output.persistence.entity.NotificationEntity.hashCode(NotificationEntity.java:21)
	at edu.market.notification.infrastructure.adapter.output.persistence.entity.NotificationChannelEntity.hashCode(NotificationChannelEntity.java:13)
	at java.base/java.util.AbstractSet.hashCode(AbstractSet.java:124)
	at edu.market.notification.infrastructure.adapter.output.persistence.entity.NotificationEntity.hashCode(NotificationEntity.java:21)
	at edu.market.notification.infrastructure.adapter.output.persistence.entity.NotificationChannelEntity.hashCode(NotificationChannelEntity.java:13)
	at java.base/java.util.AbstractSet.hashCode(AbstractSet.java:124)
	at edu.market.notification.infrastructure.adapter.output.persistence.entity.NotificationEntity.hashCode(NotificationEntity.java:21)
	at edu.market.notification.infrastructure.adapter.output.persistence.entity.NotificationChannelEntity.hashCode(NotificationChannelEntity.java:13)
	at java.base/java.util.AbstractSet.hashCode(AbstractSet.java:124)
	at edu.market.notification.infrastructure.adapter.output.persistence.entity.NotificationEntity.hashCode(NotificationEntity.java:21)
	at edu.market.notification.infrastructure.adapter.output.persistence.entity.NotificationChannelEntity.hashCode(NotificationChannelEntity.java:13)
	at java.base/java.util.AbstractSet.hashCode(AbstractSet.java:124)
	at edu.market.notification.infrastructure.adapter.output.persistence.entity.NotificationEntity.hashCode(NotificationEntity.java:21)
	at edu.market.notification.infrastructure.adapter.output.persistence.entity.NotificationChannelEntity.hashCode(NotificationChannelEntity.java:13)
	at java.base/java.util.AbstractSet.hashCode(AbstractSet.java:124)
	at edu.market.notification.infrastructure.adapter.output.persistence.entity.NotificationEntity.hashCode(NotificationEntity.java:21)
	at edu.market.notification.infrastructure.adapter.output.persistence.entity.NotificationChannelEntity.hashCode(NotificationChannelEntity.java:13)
	at java.base/java.util.AbstractSet.hashCode(AbstractSet.java:124)
	at edu.market.notification.infrastructure.adapter.output.persistence.entity.NotificationEntity.hashCode(NotificationEntity.java:21)
	at edu.market.notification.infrastructure.adapter.output.persistence.entity.NotificationChannelEntity.hashCode(NotificationChannelEntity.java:13)
	at java.base/java.util.AbstractSet.hashCode(AbstractSet.java:124)
	at edu.market.notification.infrastructure.adapter.output.persistence.entity.NotificationEntity.hashCode(NotificationEntity.java:21)
	at edu.market.notification.infrastructure.adapter.output.persistence.entity.NotificationChannelEntity.hashCode(NotificationChannelEntity.java:13)
	at java.base/java.util.AbstractSet.hashCode(AbstractSet.java:124)
	at edu.market.notification.infrastructure.adapter.output.persistence.entity.NotificationEntity.hashCode(NotificationEntity.java:21)
	at edu.market.notification.infrastructure.adapter.output.persistence.entity.NotificationChannelEntity.hashCode(NotificationChannelEntity.java:13)
	at java.base/java.util.AbstractSet.hashCode(AbstractSet.java:124)
	at edu.market.notification.infrastructure.adapter.output.persistence.entity.NotificationEntity.hashCode(NotificationEntity.java:21)
	at edu.market.notification.infrastructure.adapter.output.persistence.entity.NotificationChannelEntity.hashCode(NotificationChannelEntity.java:13)
	at java.base/java.util.AbstractSet.hashCode(AbstractSet.java:124)
	at edu.market.notification.infrastructure.adapter.output.persistence.entity.NotificationEntity.hashCode(NotificationEntity.java:21)
	at edu.market.notification.infrastructure.adapter.output.persistence.entity.NotificationChannelEntity.hashCode(NotificationChannelEntity.java:13)
	at java.base/java.util.AbstractSet.hashCode(AbstractSet.java:124)
	at edu.market.notification.infrastructure.adapter.output.persistence.entity.NotificationEntity.hashCode(NotificationEntity.java:21)
	at edu.market.notification.infrastructure.adapter.output.persistence.entity.NotificationChannelEntity.hashCode(NotificationChannelEntity.java:13)
	at java.base/java.util.AbstractSet.hashCode(AbstractSet.java:124)
	at edu.market.notification.infrastructure.adapter.output.persistence.entity.NotificationEntity.hashCode(NotificationEntity.java:21)
	at edu.market.notification.infrastructure.adapter.output.persistence.entity.NotificationChannelEntity.hashCode(NotificationChannelEntity.java:13)
	at java.base/java.util.AbstractSet.hashCode(AbstractSet.java:124)
	at edu.market.notification.infrastructure.adapter.output.persistence.entity.NotificationEntity.hashCode(NotificationEntity.java:21)
	at edu.market.notification.infrastructure.adapter.output.persistence.entity.NotificationChannelEntity.hashCode(NotificationChannelEntity.java:13)
	at java.base/java.util.AbstractSet.hashCode(AbstractSet.java:124)
	at edu.market.notification.infrastructure.adapter.output.persistence.entity.NotificationEntity.hashCode(NotificationEntity.java:21)
	at edu.market.notification.infrastructure.adapter.output.persistence.entity.NotificationChannelEntity.hashCode(NotificationChannelEntity.java:13)
	at java.base/java.util.AbstractSet.hashCode(AbstractSet.java:124)
	at edu.market.notification.infrastructure.adapter.output.persistence.entity.NotificationEntity.hashCode(NotificationEntity.java:21)
	at edu.market.notification.infrastructure.adapter.output.persistence.entity.NotificationChannelEntity.hashCode(NotificationChannelEntity.java:13)
	at java.base/java.util.AbstractSet.hashCode(AbstractSet.java:124)
	at edu.market.notification.infrastructure.adapter.output.persistence.entity.NotificationEntity.hashCode(NotificationEntity.java:21)
	at edu.market.notification.infrastructure.adapter.output.persistence.entity.NotificationChannelEntity.hashCode(NotificationChannelEntity.java:13)
	at java.base/java.util.AbstractSet.hashCode(AbstractSet.java:124)
	at edu.market.notification.infrastructure.adapter.output.persistence.entity.NotificationEntity.hashCode(NotificationEntity.java:21)
	at edu.market.notification.infrastructure.adapter.output.persistence.entity.NotificationChannelEntity.hashCode(NotificationChannelEntity.java:13)
	at java.base/java.util.AbstractSet.hashCode(AbstractSet.java:124)
	at edu.market.notification.infrastructure.adapter.output.persistence.entity.NotificationEntity.hashCode(NotificationEntity.java:21)
	at edu.market.notification.infrastructure.adapter.output.persistence.entity.NotificationChannelEntity.hashCode(NotificationChannelEntity.java:13)
	at java.base/java.util.AbstractSet.hashCode(AbstractSet.java:124)
	at edu.market.notification.infrastructure.adapter.output.persistence.entity.NotificationEntity.hashCode(NotificationEntity.java:21)
	at edu.market.notification.infrastructure.adapter.output.persistence.entity.NotificationChannelEntity.hashCode(NotificationChannelEntity.java:13)
	at java.base/java.util.AbstractSet.hashCode(AbstractSet.java:124)
	at edu.market.notification.infrastructure.adapter.output.persistence.entity.NotificationEntity.hashCode(NotificationEntity.java:21)
	at edu.market.notification.infrastructure.adapter.output.persistence.entity.NotificationChannelEntity.hashCode(NotificationChannelEntity.java:13)
	at java.base/java.util.AbstractSet.hashCode(AbstractSet.java:124)
	at edu.market.notification.infrastructure.adapter.output.persistence.entity.NotificationEntity.hashCode(NotificationEntity.java:21)
	at edu.market.notification.infrastructure.adapter.output.persistence.entity.NotificationChannelEntity.hashCode(NotificationChannelEntity.java:13)
	at java.base/java.util.AbstractSet.hashCode(AbstractSet.java:124)
	at edu.market.notification.infrastructure.adapter.output.persistence.entity.NotificationEntity.hashCode(NotificationEntity.java:21)
	at edu.market.notification.infrastructure.adapter.output.persistence.entity.NotificationChannelEntity.hashCode(NotificationChannelEntity.java:13)
	at java.base/java.util.AbstractSet.hashCode(AbstractSet.java:124)
	at edu.market.notification.infrastructure.adapter.output.persistence.entity.NotificationEntity.hashCode(NotificationEntity.java:21)
	at edu.market.notification.infrastructure.adapter.output.persistence.entity.NotificationChannelEntity.hashCode(NotificationChannelEntity.java:13)
	at java.base/java.util.AbstractSet.hashCode(AbstractSet.java:124)
	at edu.market.notification.infrastructure.adapter.output.persistence.entity.NotificationEntity.hashCode(NotificationEntity.java:21)
	at edu.market.notification.infrastructure.adapter.output.persistence.entity.NotificationChannelEntity.hashCode(NotificationChannelEntity.java:13)
	at java.base/java.util.AbstractSet.hashCode(AbstractSet.java:124)
	at edu.market.notification.infrastructure.adapter.output.persistence.entity.NotificationEntity.hashCode(NotificationEntity.java:21)
	at edu.market.notification.infrastructure.adapter.output.persistence.entity.NotificationChannelEntity.hashCode(NotificationChannelEntity.java:13)
	at java.base/java.util.AbstractSet.hashCode(AbstractSet.java:124)
	at edu.market.notification.infrastructure.adapter.output.persistence.entity.NotificationEntity.hashCode(NotificationEntity.java:21)
	at edu.market.notification.infrastructure.adapter.output.persistence.entity.NotificationChannelEntity.hashCode(NotificationChannelEntity.java:13)
	at java.base/java.util.AbstractSet.hashCode(AbstractSet.java:124)
	at edu.market.notification.infrastructure.adapter.output.persistence.entity.NotificationEntity.hashCode(NotificationEntity.java:21)
	at edu.market.notification.infrastructure.adapter.output.persistence.entity.NotificationChannelEntity.hashCode(NotificationChannelEntity.java:13)
	at java.base/java.util.AbstractSet.hashCode(AbstractSet.java:124)
	at edu.market.notification.infrastructure.adapter.output.persistence.entity.NotificationEntity.hashCode(NotificationEntity.java:21)
	at edu.market.notification.infrastructure.adapter.output.persistence.entity.NotificationChannelEntity.hashCode(NotificationChannelEntity.java:13)
	at java.base/java.util.AbstractSet.hashCode(AbstractSet.java:124)
	at edu.market.notification.infrastructure.adapter.output.persistence.entity.NotificationEntity.hashCode(NotificationEntity.java:21)
	at edu.market.notification.infrastructure.adapter.output.persistence.entity.NotificationChannelEntity.hashCode(NotificationChannelEntity.java:13)
	at java.base/java.util.AbstractSet.hashCode(AbstractSet.java:124)
	at edu.market.notification.infrastructure.adapter.output.persistence.entity.NotificationEntity.hashCode(NotificationEntity.java:21)
	at edu.market.notification.infrastructure.adapter.output.persistence.entity.NotificationChannelEntity.hashCode(NotificationChannelEntity.java:13)
	at java.base/java.util.AbstractSet.hashCode(AbstractSet.java:124)
	at edu.market.notification.infrastructure.adapter.output.persistence.entity.NotificationEntity.hashCode(NotificationEntity.java:21)
	at edu.market.notification.infrastructure.adapter.output.persistence.entity.NotificationChannelEntity.hashCode(NotificationChannelEntity.java:13)
	at java.base/java.util.AbstractSet.hashCode(AbstractSet.java:124)
	at edu.market.notification.infrastructure.adapter.output.persistence.entity.NotificationEntity.hashCode(NotificationEntity.java:21)
	at edu.market.notification.infrastructure.adapter.output.persistence.entity.NotificationChannelEntity.hashCode(NotificationChannelEntity.java:13)
	at java.base/java.util.AbstractSet.hashCode(AbstractSet.java:124)
	at edu.market.notification.infrastructure.adapter.output.persistence.entity.NotificationEntity.hashCode(NotificationEntity.java:21)
	at edu.market.notification.infrastructure.adapter.output.persistence.entity.NotificationChannelEntity.hashCode(NotificationChannelEntity.java:13)
	at java.base/java.util.AbstractSet.hashCode(AbstractSet.java:124)
	at edu.market.notification.infrastructure.adapter.output.persistence.entity.NotificationEntity.hashCode(NotificationEntity.java:21)
	at edu.market.notification.infrastructure.adapter.output.persistence.entity.NotificationChannelEntity.hashCode(NotificationChannelEntity.java:13)
	at java.base/java.util.AbstractSet.hashCode(AbstractSet.java:124)
	at edu.market.notification.infrastructure.adapter.output.persistence.entity.NotificationEntity.hashCode(NotificationEntity.java:21)
	at edu.market.notification.infrastructure.adapter.output.persistence.entity.NotificationChannelEntity.hashCode(NotificationChannelEntity.java:13)
	at java.base/java.util.AbstractSet.hashCode(AbstractSet.java:124)
	at edu.market.notification.infrastructure.adapter.output.persistence.entity.NotificationEntity.hashCode(NotificationEntity.java:21)
	at edu.market.notification.infrastructure.adapter.output.persistence.entity.NotificationChannelEntity.hashCode(NotificationChannelEntity.java:13)
	at java.base/java.util.AbstractSet.hashCode(AbstractSet.java:124)
	at edu.market.notification.infrastructure.adapter.output.persistence.entity.NotificationEntity.hashCode(NotificationEntity.java:21)
	at edu.market.notification.infrastructure.adapter.output.persistence.entity.NotificationChannelEntity.hashCode(NotificationChannelEntity.java:13)
	at java.base/java.util.AbstractSet.hashCode(AbstractSet.java:124)
	at edu.market.notification.infrastructure.adapter.output.persistence.entity.NotificationEntity.hashCode(NotificationEntity.java:21)
	at edu.market.notification.infrastructure.adapter.output.persistence.entity.NotificationChannelEntity.hashCode(NotificationChannelEntity.java:13)
	at java.base/java.util.AbstractSet.hashCode(AbstractSet.java:124)
	at edu.market.notification.infrastructure.adapter.output.persistence.entity.NotificationEntity.hashCode(NotificationEntity.java:21)
	at edu.market.notification.infrastructure.adapter.output.persistence.entity.NotificationChannelEntity.hashCode(NotificationChannelEntity.java:13)
	at java.base/java.util.AbstractSet.hashCode(AbstractSet.java:124)
	at edu.market.notification.infrastructure.adapter.output.persistence.entity.NotificationEntity.hashCode(NotificationEntity.java:21)
	at edu.market.notification.infrastructure.adapter.output.persistence.entity.NotificationChannelEntity.hashCode(NotificationChannelEntity.java:13)
	at java.base/java.util.AbstractSet.hashCode(AbstractSet.java:124)
	at edu.market.notification.infrastructure.adapter.output.persistence.entity.NotificationEntity.hashCode(NotificationEntity.java:21)
	at edu.market.notification.infrastructure.adapter.output.persistence.entity.NotificationChannelEntity.hashCode(NotificationChannelEntity.java:13)
	at java.base/java.util.AbstractSet.hashCode(AbstractSet.java:124)
	at edu.market.notification.infrastructure.adapter.output.persistence.entity.NotificationEntity.hashCode(NotificationEntity.java:21)
	at edu.market.notification.infrastructure.adapter.output.persistence.entity.NotificationChannelEntity.hashCode(NotificationChannelEntity.java:13)
	at java.base/java.util.AbstractSet.hashCode(AbstractSet.java:124)
	at edu.market.notification.infrastructure.adapter.output.persistence.entity.NotificationEntity.hashCode(NotificationEntity.java:21)
	at edu.market.notification.infrastructure.adapter.output.persistence.entity.NotificationChannelEntity.hashCode(NotificationChannelEntity.java:13)
	at java.base/java.util.AbstractSet.hashCode(AbstractSet.java:124)
	at edu.market.notification.infrastructure.adapter.output.persistence.entity.NotificationEntity.hashCode(NotificationEntity.java:21)
	at edu.market.notification.infrastructure.adapter.output.persistence.entity.NotificationChannelEntity.hashCode(NotificationChannelEntity.java:13)
	at java.base/java.util.AbstractSet.hashCode(AbstractSet.java:124)
	at edu.market.notification.infrastructure.adapter.output.persistence.entity.NotificationEntity.hashCode(NotificationEntity.java:21)
	at edu.market.notification.infrastructure.adapter.output.persistence.entity.NotificationChannelEntity.hashCode(NotificationChannelEntity.java:13)
	at java.base/java.util.AbstractSet.hashCode(AbstractSet.java:124)
	at edu.market.notification.infrastructure.adapter.output.persistence.entity.NotificationEntity.hashCode(NotificationEntity.java:21)
	at edu.market.notification.infrastructure.adapter.output.persistence.entity.NotificationChannelEntity.hashCode(NotificationChannelEntity.java:13)
	at java.base/java.util.AbstractSet.hashCode(AbstractSet.java:124)
	at edu.market.notification.infrastructure.adapter.output.persistence.entity.NotificationEntity.hashCode(NotificationEntity.java:21)
	at edu.market.notification.infrastructure.adapter.output.persistence.entity.NotificationChannelEntity.hashCode(NotificationChannelEntity.java:13)
	at java.base/java.util.AbstractSet.hashCode(AbstractSet.java:124)
	at edu.market.notification.infrastructure.adapter.output.persistence.entity.NotificationEntity.hashCode(NotificationEntity.java:21)
	at edu.market.notification.infrastructure.adapter.output.persistence.entity.NotificationChannelEntity.hashCode(NotificationChannelEntity.java:13)
	at java.base/java.util.AbstractSet.hashCode(AbstractSet.java:124)
	at edu.market.notification.infrastructure.adapter.output.persistence.entity.NotificationEntity.hashCode(NotificationEntity.java:21)
	at edu.market.notification.infrastructure.adapter.output.persistence.entity.NotificationChannelEntity.hashCode(NotificationChannelEntity.java:13)
	at java.base/java.util.AbstractSet.hashCode(AbstractSet.java:124)
	at edu.market.notification.infrastructure.adapter.output.persistence.entity.NotificationEntity.hashCode(NotificationEntity.java:21)
	at edu.market.notification.infrastructure.adapter.output.persistence.entity.NotificationChannelEntity.hashCode(NotificationChannelEntity.java:13)
	at java.base/java.util.AbstractSet.hashCode(AbstractSet.java:124)
	at edu.market.notification.infrastructure.adapter.output.persistence.entity.NotificationEntity.hashCode(NotificationEntity.java:21)
	at edu.market.notification.infrastructure.adapter.output.persistence.entity.NotificationChannelEntity.hashCode(NotificationChannelEntity.java:13)
	at java.base/java.util.AbstractSet.hashCode(AbstractSet.java:124)
	at edu.market.notification.infrastructure.adapter.output.persistence.entity.NotificationEntity.hashCode(NotificationEntity.java:21)
	at edu.market.notification.infrastructure.adapter.output.persistence.entity.NotificationChannelEntity.hashCode(NotificationChannelEntity.java:13)
	at java.base/java.util.AbstractSet.hashCode(AbstractSet.java:124)
	at edu.market.notification.infrastructure.adapter.output.persistence.entity.NotificationEntity.hashCode(NotificationEntity.java:21)
	at edu.market.notification.infrastructure.adapter.output.persistence.entity.NotificationChannelEntity.hashCode(NotificationChannelEntity.java:13)
	at java.base/java.util.AbstractSet.hashCode(AbstractSet.java:124)
	at edu.market.notification.infrastructure.adapter.output.persistence.entity.NotificationEntity.hashCode(NotificationEntity.java:21)
	at edu.market.notification.infrastructure.adapter.output.persistence.entity.NotificationChannelEntity.hashCode(NotificationChannelEntity.java:13)
	at java.base/java.util.AbstractSet.hashCode(AbstractSet.java:124)
	at edu.market.notification.infrastructure.adapter.output.persistence.entity.NotificationEntity.hashCode(NotificationEntity.java:21)
	at edu.market.notification.infrastructure.adapter.output.persistence.entity.NotificationChannelEntity.hashCode(NotificationChannelEntity.java:13)
	at java.base/java.util.AbstractSet.hashCode(AbstractSet.java:124)
	at edu.market.notification.infrastructure.adapter.output.persistence.entity.NotificationEntity.hashCode(NotificationEntity.java:21)
	at edu.market.notification.infrastructure.adapter.output.persistence.entity.NotificationChannelEntity.hashCode(NotificationChannelEntity.java:13)
	at java.base/java.util.AbstractSet.hashCode(AbstractSet.java:124)
	at edu.market.notification.infrastructure.adapter.output.persistence.entity.NotificationEntity.hashCode(NotificationEntity.java:21)
	at edu.market.notification.infrastructure.adapter.output.persistence.entity.NotificationChannelEntity.hashCode(NotificationChannelEntity.java:13)
	at java.base/java.util.AbstractSet.hashCode(AbstractSet.java:124)
	at edu.market.notification.infrastructure.adapter.output.persistence.entity.NotificationEntity.hashCode(NotificationEntity.java:21)
	at edu.market.notification.infrastructure.adapter.output.persistence.entity.NotificationChannelEntity.hashCode(NotificationChannelEntity.java:13)
	at java.base/java.util.AbstractSet.hashCode(AbstractSet.java:124)
	at edu.market.notification.infrastructure.adapter.output.persistence.entity.NotificationEntity.hashCode(NotificationEntity.java:21)
	at edu.market.notification.infrastructure.adapter.output.persistence.entity.NotificationChannelEntity.hashCode(NotificationChannelEntity.java:13)
	at java.base/java.util.AbstractSet.hashCode(AbstractSet.java:124)
	at edu.market.notification.infrastructure.adapter.output.persistence.entity.NotificationEntity.hashCode(NotificationEntity.java:21)
	at edu.market.notification.infrastructure.adapter.output.persistence.entity.NotificationChannelEntity.hashCode(NotificationChannelEntity.java:13)
	at java.base/java.util.AbstractSet.hashCode(AbstractSet.java:124)
	at edu.market.notification.infrastructure.adapter.output.persistence.entity.NotificationEntity.hashCode(NotificationEntity.java:21)
	at edu.market.notification.infrastructure.adapter.output.persistence.entity.NotificationChannelEntity.hashCode(NotificationChannelEntity.java:13)
	at java.base/java.util.AbstractSet.hashCode(AbstractSet.java:124)
	at edu.market.notification.infrastructure.adapter.output.persistence.entity.NotificationEntity.hashCode(NotificationEntity.java:21)
	at edu.market.notification.infrastructure.adapter.output.persistence.entity.NotificationChannelEntity.hashCode(NotificationChannelEntity.java:13)
	at java.base/java.util.AbstractSet.hashCode(AbstractSet.java:124)
	at edu.market.notification.infrastructure.adapter.output.persistence.entity.NotificationEntity.hashCode(NotificationEntity.java:21)
	at edu.market.notification.infrastructure.adapter.output.persistence.entity.NotificationChannelEntity.hashCode(NotificationChannelEntity.java:13)
	at java.base/java.util.AbstractSet.hashCode(AbstractSet.java:124)
	at edu.market.notification.infrastructure.adapter.output.persistence.entity.NotificationEntity.hashCode(NotificationEntity.java:21)
	at edu.market.notification.infrastructure.adapter.output.persistence.entity.NotificationChannelEntity.hashCode(NotificationChannelEntity.java:13)
	at java.base/java.util.AbstractSet.hashCode(AbstractSet.java:124)
	at edu.market.notification.infrastructure.adapter.output.persistence.entity.NotificationEntity.hashCode(NotificationEntity.java:21)
	at edu.market.notification.infrastructure.adapter.output.persistence.entity.NotificationChannelEntity.hashCode(NotificationChannelEntity.java:13)
	at java.base/java.util.AbstractSet.hashCode(AbstractSet.java:124)
	at edu.market.notification.infrastructure.adapter.output.persistence.entity.NotificationEntity.hashCode(NotificationEntity.java:21)
	at edu.market.notification.infrastructure.adapter.output.persistence.entity.NotificationChannelEntity.hashCode(NotificationChannelEntity.java:13)
	at java.base/java.util.AbstractSet.hashCode(AbstractSet.java:124)
	at edu.market.notification.infrastructure.adapter.output.persistence.entity.NotificationEntity.hashCode(NotificationEntity.java:21)
	at edu.market.notification.infrastructure.adapter.output.persistence.entity.NotificationChannelEntity.hashCode(NotificationChannelEntity.java:13)
	at java.base/java.util.AbstractSet.hashCode(AbstractSet.java:124)
	at edu.market.notification.infrastructure.adapter.output.persistence.entity.NotificationEntity.hashCode(NotificationEntity.java:21)
	at edu.market.notification.infrastructure.adapter.output.persistence.entity.NotificationChannelEntity.hashCode(NotificationChannelEntity.java:13)
	at java.base/java.util.AbstractSet.hashCode(AbstractSet.java:124)
	at edu.market.notification.infrastructure.adapter.output.persistence.entity.NotificationEntity.hashCode(NotificationEntity.java:21)
	at edu.market.notification.infrastructure.adapter.output.persistence.entity.NotificationChannelEntity.hashCode(NotificationChannelEntity.java:13)
	at java.base/java.util.AbstractSet.hashCode(AbstractSet.java:124)
	at edu.market.notification.infrastructure.adapter.output.persistence.entity.NotificationEntity.hashCode(NotificationEntity.java:21)
	at edu.market.notification.infrastructure.adapter.output.persistence.entity.NotificationChannelEntity.hashCode(NotificationChannelEntity.java:13)
	at java.base/java.util.AbstractSet.hashCode(AbstractSet.java:124)
	at edu.market.notification.infrastructure.adapter.output.persistence.entity.NotificationEntity.hashCode(NotificationEntity.java:21)
	at edu.market.notification.infrastructure.adapter.output.persistence.entity.NotificationChannelEntity.hashCode(NotificationChannelEntity.java:13)
	at java.base/java.util.AbstractSet.hashCode(AbstractSet.java:124)
	at edu.market.notification.infrastructure.adapter.output.persistence.entity.NotificationEntity.hashCode(NotificationEntity.java:21)
	at edu.market.notification.infrastructure.adapter.output.persistence.entity.NotificationChannelEntity.hashCode(NotificationChannelEntity.java:13)
	at java.base/java.util.AbstractSet.hashCode(AbstractSet.java:124)
	at edu.market.notification.infrastructure.adapter.output.persistence.entity.NotificationEntity.hashCode(NotificationEntity.java:21)
	at edu.market.notification.infrastructure.adapter.output.persistence.entity.NotificationChannelEntity.hashCode(NotificationChannelEntity.java:13)
	at java.base/java.util.AbstractSet.hashCode(AbstractSet.java:124)
	at edu.market.notification.infrastructure.adapter.output.persistence.entity.NotificationEntity.hashCode(NotificationEntity.java:21)
	at edu.market.notification.infrastructure.adapter.output.persistence.entity.NotificationChannelEntity.hashCode(NotificationChannelEntity.java:13)
	at java.base/java.util.AbstractSet.hashCode(AbstractSet.java:124)
	at edu.market.notification.infrastructure.adapter.output.persistence.entity.NotificationEntity.hashCode(NotificationEntity.java:21)
	at edu.market.notification.infrastructure.adapter.output.persistence.entity.NotificationChannelEntity.hashCode(NotificationChannelEntity.java:13)
	at java.base/java.util.AbstractSet.hashCode(AbstractSet.java:124)
	at edu.market.notification.infrastructure.adapter.output.persistence.entity.NotificationEntity.hashCode(NotificationEntity.java:21)
	at edu.market.notification.infrastructure.adapter.output.persistence.entity.NotificationChannelEntity.hashCode(NotificationChannelEntity.java:13)
	at java.base/java.util.AbstractSet.hashCode(AbstractSet.java:124)
	at edu.market.notification.infrastructure.adapter.output.persistence.entity.NotificationEntity.hashCode(NotificationEntity.java:21)
	at edu.market.notification.infrastructure.adapter.output.persistence.entity.NotificationChannelEntity.hashCode(NotificationChannelEntity.java:13)
	at java.base/java.util.AbstractSet.hashCode(AbstractSet.java:124)
	at edu.market.notification.infrastructure.adapter.output.persistence.entity.NotificationEntity.hashCode(NotificationEntity.java:21)
	at edu.market.notification.infrastructure.adapter.output.persistence.entity.NotificationChannelEntity.hashCode(NotificationChannelEntity.java:13)
	at java.base/java.util.AbstractSet.hashCode(AbstractSet.java:124)
	at edu.market.notification.infrastructure.adapter.output.persistence.entity.NotificationEntity.hashCode(NotificationEntity.java:21)
	at edu.market.notification.infrastructure.adapter.output.persistence.entity.NotificationChannelEntity.hashCode(NotificationChannelEntity.java:13)
	at java.base/java.util.AbstractSet.hashCode(AbstractSet.java:124)
	at edu.market.notification.infrastructure.adapter.output.persistence.entity.NotificationEntity.hashCode(NotificationEntity.java:21)
	at edu.market.notification.infrastructure.adapter.output.persistence.entity.NotificationChannelEntity.hashCode(NotificationChannelEntity.java:13)
	at java.base/java.util.AbstractSet.hashCode(AbstractSet.java:124)
	at edu.market.notification.infrastructure.adapter.output.persistence.entity.NotificationEntity.hashCode(NotificationEntity.java:21)
	at edu.market.notification.infrastructure.adapter.output.persistence.entity.NotificationChannelEntity.hashCode(NotificationChannelEntity.java:13)
	at java.base/java.util.AbstractSet.hashCode(AbstractSet.java:124)
	at edu.market.notification.infrastructure.adapter.output.persistence.entity.NotificationEntity.hashCode(NotificationEntity.java:21)
	at edu.market.notification.infrastructure.adapter.output.persistence.entity.NotificationChannelEntity.hashCode(NotificationChannelEntity.java:13)
	at java.base/java.util.AbstractSet.hashCode(AbstractSet.java:124)
	at edu.market.notification.infrastructure.adapter.output.persistence.entity.NotificationEntity.hashCode(NotificationEntity.java:21)
	at edu.market.notification.infrastructure.adapter.output.persistence.entity.NotificationChannelEntity.hashCode(NotificationChannelEntity.java:13)
	at java.base/java.util.AbstractSet.hashCode(AbstractSet.java:124)
	at edu.market.notification.infrastructure.adapter.output.persistence.entity.NotificationEntity.hashCode(NotificationEntity.java:21)
	at edu.market.notification.infrastructure.adapter.output.persistence.entity.NotificationChannelEntity.hashCode(NotificationChannelEntity.java:13)
	at java.base/java.util.AbstractSet.hashCode(AbstractSet.java:124)
	at edu.market.notification.infrastructure.adapter.output.persistence.entity.NotificationEntity.hashCode(NotificationEntity.java:21)
	at edu.market.notification.infrastructure.adapter.output.persistence.entity.NotificationChannelEntity.hashCode(NotificationChannelEntity.java:13)
	at java.base/java.util.AbstractSet.hashCode(AbstractSet.java:124)
	at edu.market.notification.infrastructure.adapter.output.persistence.entity.NotificationEntity.hashCode(NotificationEntity.java:21)
	at edu.market.notification.infrastructure.adapter.output.persistence.entity.NotificationChannelEntity.hashCode(NotificationChannelEntity.java:13)
	at java.base/java.util.AbstractSet.hashCode(AbstractSet.java:124)
	at edu.market.notification.infrastructure.adapter.output.persistence.entity.NotificationEntity.hashCode(NotificationEntity.java:21)
	at edu.market.notification.infrastructure.adapter.output.persistence.entity.NotificationChannelEntity.hashCode(NotificationChannelEntity.java:13)
	at java.base/java.util.AbstractSet.hashCode(AbstractSet.java:124)
	at edu.market.notification.infrastructure.adapter.output.persistence.entity.NotificationEntity.hashCode(NotificationEntity.java:21)
	at edu.market.notification.infrastructure.adapter.output.persistence.entity.NotificationChannelEntity.hashCode(NotificationChannelEntity.java:13)
	at java.base/java.util.AbstractSet.hashCode(AbstractSet.java:124)
	at edu.market.notification.infrastructure.adapter.output.persistence.entity.NotificationEntity.hashCode(NotificationEntity.java:21)
	at edu.market.notification.infrastructure.adapter.output.persistence.entity.NotificationChannelEntity.hashCode(NotificationChannelEntity.java:13)
	at java.base/java.util.AbstractSet.hashCode(AbstractSet.java:124)
	at edu.market.notification.infrastructure.adapter.output.persistence.entity.NotificationEntity.hashCode(NotificationEntity.java:21)
	at edu.market.notification.infrastructure.adapter.output.persistence.entity.NotificationChannelEntity.hashCode(NotificationChannelEntity.java:13)
	at java.base/java.util.AbstractSet.hashCode(AbstractSet.java:124)
	at edu.market.notification.infrastructure.adapter.output.persistence.entity.NotificationEntity.hashCode(NotificationEntity.java:21)
	at edu.market.notification.infrastructure.adapter.output.persistence.entity.NotificationChannelEntity.hashCode(NotificationChannelEntity.java:13)
	at java.base/java.util.AbstractSet.hashCode(AbstractSet.java:124)
	at edu.market.notification.infrastructure.adapter.output.persistence.entity.NotificationEntity.hashCode(NotificationEntity.java:21)
	at edu.market.notification.infrastructure.adapter.output.persistence.entity.NotificationChannelEntity.hashCode(NotificationChannelEntity.java:13)
	at java.base/java.util.AbstractSet.hashCode(AbstractSet.java:124)
	at edu.market.notification.infrastructure.adapter.output.persistence.entity.NotificationEntity.hashCode(NotificationEntity.java:21)
	at edu.market.notification.infrastructure.adapter.output.persistence.entity.NotificationChannelEntity.hashCode(NotificationChannelEntity.java:13)
	at java.base/java.util.AbstractSet.hashCode(AbstractSet.java:124)
	at edu.market.notification.infrastructure.adapter.output.persistence.entity.NotificationEntity.hashCode(NotificationEntity.java:21)
	at edu.market.notification.infrastructure.adapter.output.persistence.entity.NotificationChannelEntity.hashCode(NotificationChannelEntity.java:13)
	at java.base/java.util.AbstractSet.hashCode(AbstractSet.java:124)
	at edu.market.notification.infrastructure.adapter.output.persistence.entity.NotificationEntity.hashCode(NotificationEntity.java:21)
	at edu.market.notification.infrastructure.adapter.output.persistence.entity.NotificationChannelEntity.hashCode(NotificationChannelEntity.java:13)
	at java.base/java.util.AbstractSet.hashCode(AbstractSet.java:124)
	at edu.market.notification.infrastructure.adapter.output.persistence.entity.NotificationEntity.hashCode(NotificationEntity.java:21)
	at edu.market.notification.infrastructure.adapter.output.persistence.entity.NotificationChannelEntity.hashCode(NotificationChannelEntity.java:13)
	at java.base/java.util.AbstractSet.hashCode(AbstractSet.java:124)
	at edu.market.notification.infrastructure.adapter.output.persistence.entity.NotificationEntity.hashCode(NotificationEntity.java:21)
	at edu.market.notification.infrastructure.adapter.output.persistence.entity.NotificationChannelEntity.hashCode(NotificationChannelEntity.java:13)
	at java.base/java.util.AbstractSet.hashCode(AbstractSet.java:124)
	at edu.market.notification.infrastructure.adapter.output.persistence.entity.NotificationEntity.hashCode(NotificationEntity.java:21)
	at edu.market.notification.infrastructure.adapter.output.persistence.entity.NotificationChannelEntity.hashCode(NotificationChannelEntity.java:13)
	at java.base/java.util.AbstractSet.hashCode(AbstractSet.java:124)
	at edu.market.notification.infrastructure.adapter.output.persistence.entity.NotificationEntity.hashCode(NotificationEntity.java:21)
	at edu.market.notification.infrastructure.adapter.output.persistence.entity.NotificationChannelEntity.hashCode(NotificationChannelEntity.java:13)
	at java.base/java.util.AbstractSet.hashCode(AbstractSet.java:124)
	at edu.market.notification.infrastructure.adapter.output.persistence.entity.NotificationEntity.hashCode(NotificationEntity.java:21)
	at edu.market.notification.infrastructure.adapter.output.persistence.entity.NotificationChannelEntity.hashCode(NotificationChannelEntity.java:13)
	at java.base/java.util.AbstractSet.hashCode(AbstractSet.java:124)
	at edu.market.notification.infrastructure.adapter.output.persistence.entity.NotificationEntity.hashCode(NotificationEntity.java:21)
	at edu.market.notification.infrastructure.adapter.output.persistence.entity.NotificationChannelEntity.hashCode(NotificationChannelEntity.java:13)
	at java.base/java.util.AbstractSet.hashCode(AbstractSet.java:124)
	at edu.market.notification.infrastructure.adapter.output.persistence.entity.NotificationEntity.hashCode(NotificationEntity.java:21)
	at edu.market.notification.infrastructure.adapter.output.persistence.entity.NotificationChannelEntity.hashCode(NotificationChannelEntity.java:13)
	at java.base/java.util.AbstractSet.hashCode(AbstractSet.java:124)
	at edu.market.notification.infrastructure.adapter.output.persistence.entity.NotificationEntity.hashCode(NotificationEntity.java:21)
	at edu.market.notification.infrastructure.adapter.output.persistence.entity.NotificationChannelEntity.hashCode(NotificationChannelEntity.java:13)
	at java.base/java.util.AbstractSet.hashCode(AbstractSet.java:124)
	at edu.market.notification.infrastructure.adapter.output.persistence.entity.NotificationEntity.hashCode(NotificationEntity.java:21)
	at edu.market.notification.infrastructure.adapter.output.persistence.entity.NotificationChannelEntity.hashCode(NotificationChannelEntity.java:13)
	at java.base/java.util.AbstractSet.hashCode(AbstractSet.java:124)
	at edu.market.notification.infrastructure.adapter.output.persistence.entity.NotificationEntity.hashCode(NotificationEntity.java:21)
	at edu.market.notification.infrastructure.adapter.output.persistence.entity.NotificationChannelEntity.hashCode(NotificationChannelEntity.java:13)
	at java.base/java.util.AbstractSet.hashCode(AbstractSet.java:124)
	at edu.market.notification.infrastructure.adapter.output.persistence.entity.NotificationEntity.hashCode(NotificationEntity.java:21)
	at edu.market.notification.infrastructure.adapter.output.persistence.entity.NotificationChannelEntity.hashCode(NotificationChannelEntity.java:13)
	at java.base/java.util.AbstractSet.hashCode(AbstractSet.java:124)
	at edu.market.notification.infrastructure.adapter.output.persistence.entity.NotificationEntity.hashCode(NotificationEntity.java:21)
	at edu.market.notification.infrastructure.adapter.output.persistence.entity.NotificationChannelEntity.hashCode(NotificationChannelEntity.java:13)
	at java.base/java.util.AbstractSet.hashCode(AbstractSet.java:124)
	at edu.market.notification.infrastructure.adapter.output.persistence.entity.NotificationEntity.hashCode(NotificationEntity.java:21)
	at edu.market.notification.infrastructure.adapter.output.persistence.entity.NotificationChannelEntity.hashCode(NotificationChannelEntity.java:13)
	at java.base/java.util.AbstractSet.hashCode(AbstractSet.java:124)
	at edu.market.notification.infrastructure.adapter.output.persistence.entity.NotificationEntity.hashCode(NotificationEntity.java:21)
	at edu.market.notification.infrastructure.adapter.output.persistence.entity.NotificationChannelEntity.hashCode(NotificationChannelEntity.java:13)
	at java.base/java.util.AbstractSet.hashCode(AbstractSet.java:124)
	at edu.market.notification.infrastructure.adapter.output.persistence.entity.NotificationEntity.hashCode(NotificationEntity.java:21)
	at edu.market.notification.infrastructure.adapter.output.persistence.entity.NotificationChannelEntity.hashCode(NotificationChannelEntity.java:13)
	at java.base/java.util.AbstractSet.hashCode(AbstractSet.java:124)
	at edu.market.notification.infrastructure.adapter.output.persistence.entity.NotificationEntity.hashCode(NotificationEntity.java:21)
	at edu.market.notification.infrastructure.adapter.output.persistence.entity.NotificationChannelEntity.hashCode(NotificationChannelEntity.java:13)
	at java.base/java.util.AbstractSet.hashCode(AbstractSet.java:124)
	at edu.market.notification.infrastructure.adapter.output.persistence.entity.NotificationEntity.hashCode(NotificationEntity.java:21)
	at edu.market.notification.infrastructure.adapter.output.persistence.entity.NotificationChannelEntity.hashCode(NotificationChannelEntity.java:13)
	at java.base/java.util.AbstractSet.hashCode(AbstractSet.java:124)
	at edu.market.notification.infrastructure.adapter.output.persistence.entity.NotificationEntity.hashCode(NotificationEntity.java:21)
	at edu.market.notification.infrastructure.adapter.output.persistence.entity.NotificationChannelEntity.hashCode(NotificationChannelEntity.java:13)
	at java.base/java.util.AbstractSet.hashCode(AbstractSet.java:124)
	at edu.market.notification.infrastructure.adapter.output.persistence.entity.NotificationEntity.hashCode(NotificationEntity.java:21)
	at edu.market.notification.infrastructure.adapter.output.persistence.entity.NotificationChannelEntity.hashCode(NotificationChannelEntity.java:13)
	at java.base/java.util.AbstractSet.hashCode(AbstractSet.java:124)
	at edu.market.notification.infrastructure.adapter.output.persistence.entity.NotificationEntity.hashCode(NotificationEntity.java:21)
	at edu.market.notification.infrastructure.adapter.output.persistence.entity.NotificationChannelEntity.hashCode(NotificationChannelEntity.java:13)
	at java.base/java.util.AbstractSet.hashCode(AbstractSet.java:124)
	at edu.market.notification.infrastructure.adapter.output.persistence.entity.NotificationEntity.hashCode(NotificationEntity.java:21)
	at edu.market.notification.infrastructure.adapter.output.persistence.entity.NotificationChannelEntity.hashCode(NotificationChannelEntity.java:13)
	at java.base/java.util.AbstractSet.hashCode(AbstractSet.java:124)
	at edu.market.notification.infrastructure.adapter.output.persistence.entity.NotificationEntity.hashCode(NotificationEntity.java:21)
	at edu.market.notification.infrastructure.adapter.output.persistence.entity.NotificationChannelEntity.hashCode(NotificationChannelEntity.java:13)
	at java.base/java.util.AbstractSet.hashCode(AbstractSet.java:124)
	at edu.market.notification.infrastructure.adapter.output.persistence.entity.NotificationEntity.hashCode(NotificationEntity.java:21)
	at edu.market.notification.infrastructure.adapter.output.persistence.entity.NotificationChannelEntity.hashCode(NotificationChannelEntity.java:13)
	at java.base/java.util.AbstractSet.hashCode(AbstractSet.java:124)
	at edu.market.notification.infrastructure.adapter.output.persistence.entity.NotificationEntity.hashCode(NotificationEntity.java:21)
	at edu.market.notification.infrastructure.adapter.output.persistence.entity.NotificationChannelEntity.hashCode(NotificationChannelEntity.java:13)
	at java.base/java.util.AbstractSet.hashCode(AbstractSet.java:124)
	at edu.market.notification.infrastructure.adapter.output.persistence.entity.NotificationEntity.hashCode(NotificationEntity.java:21)
	at edu.market.notification.infrastructure.adapter.output.persistence.entity.NotificationChannelEntity.hashCode(NotificationChannelEntity.java:13)
	at java.base/java.util.AbstractSet.hashCode(AbstractSet.java:124)
	at edu.market.notification.infrastructure.adapter.output.persistence.entity.NotificationEntity.hashCode(NotificationEntity.java:21)
	at edu.market.notification.infrastructure.adapter.output.persistence.entity.NotificationChannelEntity.hashCode(NotificationChannelEntity.java:13)
	at java.base/java.util.AbstractSet.hashCode(AbstractSet.java:124)
	at edu.market.notification.infrastructure.adapter.output.persistence.entity.NotificationEntity.hashCode(NotificationEntity.java:21)
	at edu.market.notification.infrastructure.adapter.output.persistence.entity.NotificationChannelEntity.hashCode(NotificationChannelEntity.java:13)
	at java.base/java.util.AbstractSet.hashCode(AbstractSet.java:124)
	at edu.market.notification.infrastructure.adapter.output.persistence.entity.NotificationEntity.hashCode(NotificationEntity.java:21)
	at edu.market.notification.infrastructure.adapter.output.persistence.entity.NotificationChannelEntity.hashCode(NotificationChannelEntity.java:13)
	at java.base/java.util.AbstractSet.hashCode(AbstractSet.java:124)
	at edu.market.notification.infrastructure.adapter.output.persistence.entity.NotificationEntity.hashCode(NotificationEntity.java:21)
	at edu.market.notification.infrastructure.adapter.output.persistence.entity.NotificationChannelEntity.hashCode(NotificationChannelEntity.java:13)
	at java.base/java.util.AbstractSet.hashCode(AbstractSet.java:124)
	at edu.market.notification.infrastructure.adapter.output.persistence.entity.NotificationEntity.hashCode(NotificationEntity.java:21)
	at edu.market.notification.infrastructure.adapter.output.persistence.entity.NotificationChannelEntity.hashCode(NotificationChannelEntity.java:13)
	at java.base/java.util.AbstractSet.hashCode(AbstractSet.java:124)
	at edu.market.notification.infrastructure.adapter.output.persistence.entity.NotificationEntity.hashCode(NotificationEntity.java:21)
	at edu.market.notification.infrastructure.adapter.output.persistence.entity.NotificationChannelEntity.hashCode(NotificationChannelEntity.java:13)
	at java.base/java.util.AbstractSet.hashCode(AbstractSet.java:124)
	at edu.market.notification.infrastructure.adapter.output.persistence.entity.NotificationEntity.hashCode(NotificationEntity.java:21)
	at edu.market.notification.infrastructure.adapter.output.persistence.entity.NotificationChannelEntity.hashCode(NotificationChannelEntity.java:13)
	at java.base/java.util.AbstractSet.hashCode(AbstractSet.java:124)
	at edu.market.notification.infrastructure.adapter.output.persistence.entity.NotificationEntity.hashCode(NotificationEntity.java:21)
	at edu.market.notification.infrastructure.adapter.output.persistence.entity.NotificationChannelEntity.hashCode(NotificationChannelEntity.java:13)
	at java.base/java.util.AbstractSet.hashCode(AbstractSet.java:124)
	at edu.market.notification.infrastructure.adapter.output.persistence.entity.NotificationEntity.hashCode(NotificationEntity.java:21)
	at edu.market.notification.infrastructure.adapter.output.persistence.entity.NotificationChannelEntity.hashCode(NotificationChannelEntity.java:13)
	at java.base/java.util.AbstractSet.hashCode(AbstractSet.java:124)
	at edu.market.notification.infrastructure.adapter.output.persistence.entity.NotificationEntity.hashCode(NotificationEntity.java:21)
	at edu.market.notification.infrastructure.adapter.output.persistence.entity.NotificationChannelEntity.hashCode(NotificationChannelEntity.java:13)
	at java.base/java.util.AbstractSet.hashCode(AbstractSet.java:124)
	at edu.market.notification.infrastructure.adapter.output.persistence.entity.NotificationEntity.hashCode(NotificationEntity.java:21)
	at edu.market.notification.infrastructure.adapter.output.persistence.entity.NotificationChannelEntity.hashCode(NotificationChannelEntity.java:13)
	at java.base/java.util.AbstractSet.hashCode(AbstractSet.java:124)
	at edu.market.notification.infrastructure.adapter.output.persistence.entity.NotificationEntity.hashCode(NotificationEntity.java:21)
	at edu.market.notification.infrastructure.adapter.output.persistence.entity.NotificationChannelEntity.hashCode(NotificationChannelEntity.java:13)
	at java.base/java.util.AbstractSet.hashCode(AbstractSet.java:124)
	at edu.market.notification.infrastructure.adapter.output.persistence.entity.NotificationEntity.hashCode(NotificationEntity.java:21)
	at edu.market.notification.infrastructure.adapter.output.persistence.entity.NotificationChannelEntity.hashCode(NotificationChannelEntity.java:13)
	at java.base/java.util.AbstractSet.hashCode(AbstractSet.java:124)
	at edu.market.notification.infrastructure.adapter.output.persistence.entity.NotificationEntity.hashCode(NotificationEntity.java:21)
	at edu.market.notification.infrastructure.adapter.output.persistence.entity.NotificationChannelEntity.hashCode(NotificationChannelEntity.java:13)
	at java.base/java.util.AbstractSet.hashCode(AbstractSet.java:124)
	at edu.market.notification.infrastructure.adapter.output.persistence.entity.NotificationEntity.hashCode(NotificationEntity.java:21)
	at edu.market.notification.infrastructure.adapter.output.persistence.entity.NotificationChannelEntity.hashCode(NotificationChannelEntity.java:13)
	at java.base/java.util.AbstractSet.hashCode(AbstractSet.java:124)
	at edu.market.notification.infrastructure.adapter.output.persistence.entity.NotificationEntity.hashCode(NotificationEntity.java:21)
	at edu.market.notification.infrastructure.adapter.output.persistence.entity.NotificationChannelEntity.hashCode(NotificationChannelEntity.java:13)
	at java.base/java.util.AbstractSet.hashCode(AbstractSet.java:124)
	at edu.market.notification.infrastructure.adapter.output.persistence.entity.NotificationEntity.hashCode(NotificationEntity.java:21)
	at edu.market.notification.infrastructure.adapter.output.persistence.entity.NotificationChannelEntity.hashCode(NotificationChannelEntity.java:13)
	at java.base/java.util.AbstractSet.hashCode(AbstractSet.java:124)
	at edu.market.notification.infrastructure.adapter.output.persistence.entity.NotificationEntity.hashCode(NotificationEntity.java:21)
	at edu.market.notification.infrastructure.adapter.output.persistence.entity.NotificationChannelEntity.hashCode(NotificationChannelEntity.java:13)
	at java.base/java.util.AbstractSet.hashCode(AbstractSet.java:124)
	at edu.market.notification.infrastructure.adapter.output.persistence.entity.NotificationEntity.hashCode(NotificationEntity.java:21)
	at edu.market.notification.infrastructure.adapter.output.persistence.entity.NotificationChannelEntity.hashCode(NotificationChannelEntity.java:13)
	at java.base/java.util.AbstractSet.hashCode(AbstractSet.java:124)
	at edu.market.notification.infrastructure.adapter.output.persistence.entity.NotificationEntity.hashCode(NotificationEntity.java:21)
	at edu.market.notification.infrastructure.adapter.output.persistence.entity.NotificationChannelEntity.hashCode(NotificationChannelEntity.java:13)
	at java.base/java.util.AbstractSet.hashCode(AbstractSet.java:124)
	at edu.market.notification.infrastructure.adapter.output.persistence.entity.NotificationEntity.hashCode(NotificationEntity.java:21)
	at edu.market.notification.infrastructure.adapter.output.persistence.entity.NotificationChannelEntity.hashCode(NotificationChannelEntity.java:13)
	at java.base/java.util.AbstractSet.hashCode(AbstractSet.java:124)
	at edu.market.notification.infrastructure.adapter.output.persistence.entity.NotificationEntity.hashCode(NotificationEntity.java:21)
	at edu.market.notification.infrastructure.adapter.output.persistence.entity.NotificationChannelEntity.hashCode(NotificationChannelEntity.java:13)
	at java.base/java.util.AbstractSet.hashCode(AbstractSet.java:124)
	at edu.market.notification.infrastructure.adapter.output.persistence.entity.NotificationEntity.hashCode(NotificationEntity.java:21)
	at edu.market.notification.infrastructure.adapter.output.persistence.entity.NotificationChannelEntity.hashCode(NotificationChannelEntity.java:13)
	at java.base/java.util.AbstractSet.hashCode(AbstractSet.java:124)
	at edu.market.notification.infrastructure.adapter.output.persistence.entity.NotificationEntity.hashCode(NotificationEntity.java:21)
	at edu.market.notification.infrastructure.adapter.output.persistence.entity.NotificationChannelEntity.hashCode(NotificationChannelEntity.java:13)
	at java.base/java.util.AbstractSet.hashCode(AbstractSet.java:124)
	at edu.market.notification.infrastructure.adapter.output.persistence.entity.NotificationEntity.hashCode(NotificationEntity.java:21)
	at edu.market.notification.infrastructure.adapter.output.persistence.entity.NotificationChannelEntity.hashCode(NotificationChannelEntity.java:13)
	at java.base/java.util.AbstractSet.hashCode(AbstractSet.java:124)
	at edu.market.notification.infrastructure.adapter.output.persistence.entity.NotificationEntity.hashCode(NotificationEntity.java:21)
	at edu.market.notification.infrastructure.adapter.output.persistence.entity.NotificationChannelEntity.hashCode(NotificationChannelEntity.java:13)
	at java.base/java.util.AbstractSet.hashCode(AbstractSet.java:124)
	at edu.market.notification.infrastructure.adapter.output.persistence.entity.NotificationEntity.hashCode(NotificationEntity.java:21)
	at edu.market.notification.infrastructure.adapter.output.persistence.entity.NotificationChannelEntity.hashCode(NotificationChannelEntity.java:13)
	at java.base/java.util.AbstractSet.hashCode(AbstractSet.java:124)
	at edu.market.notification.infrastructure.adapter.output.persistence.entity.NotificationEntity.hashCode(NotificationEntity.java:21)
	at edu.market.notification.infrastructure.adapter.output.persistence.entity.NotificationChannelEntity.hashCode(NotificationChannelEntity.java:13)
	at java.base/java.util.AbstractSet.hashCode(AbstractSet.java:124)
	at edu.market.notification.infrastructure.adapter.output.persistence.entity.NotificationEntity.hashCode(NotificationEntity.java:21)
	at edu.market.notification.infrastructure.adapter.output.persistence.entity.NotificationChannelEntity.hashCode(NotificationChannelEntity.java:13)
	at java.base/java.util.AbstractSet.hashCode(AbstractSet.java:124)
	at edu.market.notification.infrastructure.adapter.output.persistence.entity.NotificationEntity.hashCode(NotificationEntity.java:21)
	at edu.market.notification.infrastructure.adapter.output.persistence.entity.NotificationChannelEntity.hashCode(NotificationChannelEntity.java:13)
	at java.base/java.util.AbstractSet.hashCode(AbstractSet.java:124)
	at edu.market.notification.infrastructure.adapter.output.persistence.entity.NotificationEntity.hashCode(NotificationEntity.java:21)
	at edu.market.notification.infrastructure.adapter.output.persistence.entity.NotificationChannelEntity.hashCode(NotificationChannelEntity.java:13)
	at java.base/java.util.AbstractSet.hashCode(AbstractSet.java:124)
	at edu.market.notification.infrastructure.adapter.output.persistence.entity.NotificationEntity.hashCode(NotificationEntity.java:21)
	at edu.market.notification.infrastructure.adapter.output.persistence.entity.NotificationChannelEntity.hashCode(NotificationChannelEntity.java:13)
	at java.base/java.util.AbstractSet.hashCode(AbstractSet.java:124)
	at edu.market.notification.infrastructure.adapter.output.persistence.entity.NotificationEntity.hashCode(NotificationEntity.java:21)
	at edu.market.notification.infrastructure.adapter.output.persistence.entity.NotificationChannelEntity.hashCode(NotificationChannelEntity.java:13)
	at java.base/java.util.AbstractSet.hashCode(AbstractSet.java:124)
	at edu.market.notification.infrastructure.adapter.output.persistence.entity.NotificationEntity.hashCode(NotificationEntity.java:21)
	at edu.market.notification.infrastructure.adapter.output.persistence.entity.NotificationChannelEntity.hashCode(NotificationChannelEntity.java:13)
	at java.base/java.util.AbstractSet.hashCode(AbstractSet.java:124)
	at edu.market.notification.infrastructure.adapter.output.persistence.entity.NotificationEntity.hashCode(NotificationEntity.java:21)
	at edu.market.notification.infrastructure.adapter.output.persistence.entity.NotificationChannelEntity.hashCode(NotificationChannelEntity.java:13)
	at java.base/java.util.AbstractSet.hashCode(AbstractSet.java:124)
	at edu.market.notification.infrastructure.adapter.output.persistence.entity.NotificationEntity.hashCode(NotificationEntity.java:21)
	at edu.market.notification.infrastructure.adapter.output.persistence.entity.NotificationChannelEntity.hashCode(NotificationChannelEntity.java:13)
	at java.base/java.util.AbstractSet.hashCode(AbstractSet.java:124)
	at edu.market.notification.infrastructure.adapter.output.persistence.entity.NotificationEntity.hashCode(NotificationEntity.java:21)
	at edu.market.notification.infrastructure.adapter.output.persistence.entity.NotificationChannelEntity.hashCode(NotificationChannelEntity.java:13)
	at java.base/java.util.AbstractSet.hashCode(AbstractSet.java:124)
	at edu.market.notification.infrastructure.adapter.output.persistence.entity.NotificationEntity.hashCode(NotificationEntity.java:21)
	at edu.market.notification.infrastructure.adapter.output.persistence.entity.NotificationChannelEntity.hashCode(NotificationChannelEntity.java:13)
	at java.base/java.util.AbstractSet.hashCode(AbstractSet.java:124)
	at edu.market.notification.infrastructure.adapter.output.persistence.entity.NotificationEntity.hashCode(NotificationEntity.java:21)
	at edu.market.notification.infrastructure.adapter.output.persistence.entity.NotificationChannelEntity.hashCode(NotificationChannelEntity.java:13)
	at java.base/java.util.AbstractSet.hashCode(AbstractSet.java:124)
	at edu.market.notification.infrastructure.adapter.output.persistence.entity.NotificationEntity.hashCode(NotificationEntity.java:21)
	at edu.market.notification.infrastructure.adapter.output.persistence.entity.NotificationChannelEntity.hashCode(NotificationChannelEntity.java:13)
	at java.base/java.util.AbstractSet.hashCode(AbstractSet.java:124)
	at edu.market.notification.infrastructure.adapter.output.persistence.entity.NotificationEntity.hashCode(NotificationEntity.java:21)
	at edu.market.notification.infrastructure.adapter.output.persistence.entity.NotificationChannelEntity.hashCode(NotificationChannelEntity.java:13)
	at java.base/java.util.AbstractSet.hashCode(AbstractSet.java:124)
	at edu.market.notification.infrastructure.adapter.output.persistence.entity.NotificationEntity.hashCode(NotificationEntity.java:21)
	at edu.market.notification.infrastructure.adapter.output.persistence.entity.NotificationChannelEntity.hashCode(NotificationChannelEntity.java:13)
	at java.base/java.util.AbstractSet.hashCode(AbstractSet.java:124)
	at edu.market.notification.infrastructure.adapter.output.persistence.entity.NotificationEntity.hashCode(NotificationEntity.java:21)
	at edu.market.notification.infrastructure.adapter.output.persistence.entity.NotificationChannelEntity.hashCode(NotificationChannelEntity.java:13)
	at java.base/java.util.AbstractSet.hashCode(AbstractSet.java:124)
	at edu.market.notification.infrastructure.adapter.output.persistence.entity.NotificationEntity.hashCode(NotificationEntity.java:21)
	at edu.market.notification.infrastructure.adapter.output.persistence.entity.NotificationChannelEntity.hashCode(NotificationChannelEntity.java:13)
	at java.base/java.util.AbstractSet.hashCode(AbstractSet.java:124)
	at edu.market.notification.infrastructure.adapter.output.persistence.entity.NotificationEntity.hashCode(NotificationEntity.java:21)
	at edu.market.notification.infrastructure.adapter.output.persistence.entity.NotificationChannelEntity.hashCode(NotificationChannelEntity.java:13)
	at java.base/java.util.AbstractSet.hashCode(AbstractSet.java:124)
	at edu.market.notification.infrastructure.adapter.output.persistence.entity.NotificationEntity.hashCode(NotificationEntity.java:21)
	at edu.market.notification.infrastructure.adapter.output.persistence.entity.NotificationChannelEntity.hashCode(NotificationChannelEntity.java:13)
	at java.base/java.util.AbstractSet.hashCode(AbstractSet.java:124)
	at edu.market.notification.infrastructure.adapter.output.persistence.entity.NotificationEntity.hashCode(NotificationEntity.java:21)
	at edu.market.notification.infrastructure.adapter.output.persistence.entity.NotificationChannelEntity.hashCode(NotificationChannelEntity.java:13)
	at java.base/java.util.AbstractSet.hashCode(AbstractSet.java:124)
	at edu.market.notification.infrastructure.adapter.output.persistence.entity.NotificationEntity.hashCode(NotificationEntity.java:21)
	at edu.market.notification.infrastructure.adapter.output.persistence.entity.NotificationChannelEntity.hashCode(NotificationChannelEntity.java:13)
	at java.base/java.util.AbstractSet.hashCode(AbstractSet.java:124)
	at edu.market.notification.infrastructure.adapter.output.persistence.entity.NotificationEntity.hashCode(NotificationEntity.java:21)
	at edu.market.notification.infrastructure.adapter.output.persistence.entity.NotificationChannelEntity.hashCode(NotificationChannelEntity.java:13)
	at java.base/java.util.AbstractSet.hashCode(AbstractSet.java:124)
	at edu.market.notification.infrastructure.adapter.output.persistence.entity.NotificationEntity.hashCode(NotificationEntity.java:21)
	at edu.market.notification.infrastructure.adapter.output.persistence.entity.NotificationChannelEntity.hashCode(NotificationChannelEntity.java:13)
	at java.base/java.util.AbstractSet.hashCode(AbstractSet.java:124)
	at edu.market.notification.infrastructure.adapter.output.persistence.entity.NotificationEntity.hashCode(NotificationEntity.java:21)
	at edu.market.notification.infrastructure.adapter.output.persistence.entity.NotificationChannelEntity.hashCode(NotificationChannelEntity.java:13)
	at java.base/java.util.AbstractSet.hashCode(AbstractSet.java:124)
	at edu.market.notification.infrastructure.adapter.output.persistence.entity.NotificationEntity.hashCode(NotificationEntity.java:21)
	at edu.market.notification.infrastructure.adapter.output.persistence.entity.NotificationChannelEntity.hashCode(NotificationChannelEntity.java:13)
	at java.base/java.util.AbstractSet.hashCode(AbstractSet.java:124)
	at edu.market.notification.infrastructure.adapter.output.persistence.entity.NotificationEntity.hashCode(NotificationEntity.java:21)
	at edu.market.notification.infrastructure.adapter.output.persistence.entity.NotificationChannelEntity.hashCode(NotificationChannelEntity.java:13)
	at java.base/java.util.AbstractSet.hashCode(AbstractSet.java:124)
	at edu.market.notification.infrastructure.adapter.output.persistence.entity.NotificationEntity.hashCode(NotificationEntity.java:21)
	at edu.market.notification.infrastructure.adapter.output.persistence.entity.NotificationChannelEntity.hashCode(NotificationChannelEntity.java:13)
	at java.base/java.util.AbstractSet.hashCode(AbstractSet.java:124)
	at edu.market.notification.infrastructure.adapter.output.persistence.entity.NotificationEntity.hashCode(NotificationEntity.java:21)
	at edu.market.notification.infrastructure.adapter.output.persistence.entity.NotificationChannelEntity.hashCode(NotificationChannelEntity.java:13)
	at java.base/java.util.AbstractSet.hashCode(AbstractSet.java:124)
	at edu.market.notification.infrastructure.adapter.output.persistence.entity.NotificationEntity.hashCode(NotificationEntity.java:21)
	at edu.market.notification.infrastructure.adapter.output.persistence.entity.NotificationChannelEntity.hashCode(NotificationChannelEntity.java:13)
	at java.base/java.util.AbstractSet.hashCode(AbstractSet.java:124)
	at edu.market.notification.infrastructure.adapter.output.persistence.entity.NotificationEntity.hashCode(NotificationEntity.java:21)
	at edu.market.notification.infrastructure.adapter.output.persistence.entity.NotificationChannelEntity.hashCode(NotificationChannelEntity.java:13)
	at java.base/java.util.AbstractSet.hashCode(AbstractSet.java:124)
	at edu.market.notification.infrastructure.adapter.output.persistence.entity.NotificationEntity.hashCode(NotificationEntity.java:21)
	at edu.market.notification.infrastructure.adapter.output.persistence.entity.NotificationChannelEntity.hashCode(NotificationChannelEntity.java:13)
	at java.base/java.util.AbstractSet.hashCode(AbstractSet.java:124)
	at edu.market.notification.infrastructure.adapter.output.persistence.entity.NotificationEntity.hashCode(NotificationEntity.java:21)
	at edu.market.notification.infrastructure.adapter.output.persistence.entity.NotificationChannelEntity.hashCode(NotificationChannelEntity.java:13)
	at java.base/java.util.AbstractSet.hashCode(AbstractSet.java:124)
	at edu.market.notification.infrastructure.adapter.output.persistence.entity.NotificationEntity.hashCode(NotificationEntity.java:21)
	at edu.market.notification.infrastructure.adapter.output.persistence.entity.NotificationChannelEntity.hashCode(NotificationChannelEntity.java:13)
	at java.base/java.util.AbstractSet.hashCode(AbstractSet.java:124)
	at edu.market.notification.infrastructure.adapter.output.persistence.entity.NotificationEntity.hashCode(NotificationEntity.java:21)
	at edu.market.notification.infrastructure.adapter.output.persistence.entity.NotificationChannelEntity.hashCode(NotificationChannelEntity.java:13)
	at java.base/java.util.AbstractSet.hashCode(AbstractSet.java:124)
	at edu.market.notification.infrastructure.adapter.output.persistence.entity.NotificationEntity.hashCode(NotificationEntity.java:21)
	at edu.market.notification.infrastructure.adapter.output.persistence.entity.NotificationChannelEntity.hashCode(NotificationChannelEntity.java:13)
	at java.base/java.util.AbstractSet.hashCode(AbstractSet.java:124)
	at edu.market.notification.infrastructure.adapter.output.persistence.entity.NotificationEntity.hashCode(NotificationEntity.java:21)
	at edu.market.notification.infrastructure.adapter.output.persistence.entity.NotificationChannelEntity.hashCode(NotificationChannelEntity.java:13)
	at java.base/java.util.AbstractSet.hashCode(AbstractSet.java:124)
	at edu.market.notification.infrastructure.adapter.output.persistence.entity.NotificationEntity.hashCode(NotificationEntity.java:21)
	at edu.market.notification.infrastructure.adapter.output.persistence.entity.NotificationChannelEntity.hashCode(NotificationChannelEntity.java:13)
	at java.base/java.util.AbstractSet.hashCode(AbstractSet.java:124)
	at edu.market.notification.infrastructure.adapter.output.persistence.entity.NotificationEntity.hashCode(NotificationEntity.java:21)
	at edu.market.notification.infrastructure.adapter.output.persistence.entity.NotificationChannelEntity.hashCode(NotificationChannelEntity.java:13)
	at java.base/java.util.AbstractSet.hashCode(AbstractSet.java:124)
	at edu.market.notification.infrastructure.adapter.output.persistence.entity.NotificationEntity.hashCode(NotificationEntity.java:21)
	at edu.market.notification.infrastructure.adapter.output.persistence.entity.NotificationChannelEntity.hashCode(NotificationChannelEntity.java:13)
	at java.base/java.util.AbstractSet.hashCode(AbstractSet.java:124)
	at edu.market.notification.infrastructure.adapter.output.persistence.entity.NotificationEntity.hashCode(NotificationEntity.java:21)
	at edu.market.notification.infrastructure.adapter.output.persistence.entity.NotificationChannelEntity.hashCode(NotificationChannelEntity.java:13)
	at java.base/java.util.AbstractSet.hashCode(AbstractSet.java:124)
	at edu.market.notification.infrastructure.adapter.output.persistence.entity.NotificationEntity.hashCode(NotificationEntity.java:21)
	at edu.market.notification.infrastructure.adapter.output.persistence.entity.NotificationChannelEntity.hashCode(NotificationChannelEntity.java:13)
	at java.base/java.util.AbstractSet.hashCode(AbstractSet.java:124)
	at edu.market.notification.infrastructure.adapter.output.persistence.entity.NotificationEntity.hashCode(NotificationEntity.java:21)
	at edu.market.notification.infrastructure.adapter.output.persistence.entity.NotificationChannelEntity.hashCode(NotificationChannelEntity.java:13)
	at java.base/java.util.AbstractSet.hashCode(AbstractSet.java:124)
	at edu.market.notification.infrastructure.adapter.output.persistence.entity.NotificationEntity.hashCode(NotificationEntity.java:21)
	at edu.market.notification.infrastructure.adapter.output.persistence.entity.NotificationChannelEntity.hashCode(NotificationChannelEntity.java:13)
	at java.base/java.util.AbstractSet.hashCode(AbstractSet.java:124)
	at edu.market.notification.infrastructure.adapter.output.persistence.entity.NotificationEntity.hashCode(NotificationEntity.java:21)
	at edu.market.notification.infrastructure.adapter.output.persistence.entity.NotificationChannelEntity.hashCode(NotificationChannelEntity.java:13)
	at java.base/java.util.AbstractSet.hashCode(AbstractSet.java:124)
	at edu.market.notification.infrastructure.adapter.output.persistence.entity.NotificationEntity.hashCode(NotificationEntity.java:21)
	at edu.market.notification.infrastructure.adapter.output.persistence.entity.NotificationChannelEntity.hashCode(NotificationChannelEntity.java:13)
	at java.base/java.util.AbstractSet.hashCode(AbstractSet.java:124)
	at edu.market.notification.infrastructure.adapter.output.persistence.entity.NotificationEntity.hashCode(NotificationEntity.java:21)
	at edu.market.notification.infrastructure.adapter.output.persistence.entity.NotificationChannelEntity.hashCode(NotificationChannelEntity.java:13)
	at java.base/java.util.AbstractSet.hashCode(AbstractSet.java:124)
	at edu.market.notification.infrastructure.adapter.output.persistence.entity.NotificationEntity.hashCode(NotificationEntity.java:21)
	at edu.market.notification.infrastructure.adapter.output.persistence.entity.NotificationChannelEntity.hashCode(NotificationChannelEntity.java:13)
	at java.base/java.util.AbstractSet.hashCode(AbstractSet.java:124)
	at edu.market.notification.infrastructure.adapter.output.persistence.entity.NotificationEntity.hashCode(NotificationEntity.java:21)
	at edu.market.notification.infrastructure.adapter.output.persistence.entity.NotificationChannelEntity.hashCode(NotificationChannelEntity.java:13)
	at java.base/java.util.AbstractSet.hashCode(AbstractSet.java:124)
	at edu.market.notification.infrastructure.adapter.output.persistence.entity.NotificationEntity.hashCode(NotificationEntity.java:21)
	at edu.market.notification.infrastructure.adapter.output.persistence.entity.NotificationChannelEntity.hashCode(NotificationChannelEntity.java:13)
	at java.base/java.util.AbstractSet.hashCode(AbstractSet.java:124)
	at edu.market.notification.infrastructure.adapter.output.persistence.entity.NotificationEntity.hashCode(NotificationEntity.java:21)
	at edu.market.notification.infrastructure.adapter.output.persistence.entity.NotificationChannelEntity.hashCode(NotificationChannelEntity.java:13)
	at java.base/java.util.AbstractSet.hashCode(AbstractSet.java:124)
	at edu.market.notification.infrastructure.adapter.output.persistence.entity.NotificationEntity.hashCode(NotificationEntity.java:21)
	at edu.market.notification.infrastructure.adapter.output.persistence.entity.NotificationChannelEntity.hashCode(NotificationChannelEntity.java:13)
	at java.base/java.util.AbstractSet.hashCode(AbstractSet.java:124)
	at edu.market.notification.infrastructure.adapter.output.persistence.entity.NotificationEntity.hashCode(NotificationEntity.java:21)
	at edu.market.notification.infrastructure.adapter.output.persistence.entity.NotificationChannelEntity.hashCode(NotificationChannelEntity.java:13)
	at java.base/java.util.AbstractSet.hashCode(AbstractSet.java:124)
	at edu.market.notification.infrastructure.adapter.output.persistence.entity.NotificationEntity.hashCode(NotificationEntity.java:21)
	at edu.market.notification.infrastructure.adapter.output.persistence.entity.NotificationChannelEntity.hashCode(NotificationChannelEntity.java:13)
	at java.base/java.util.AbstractSet.hashCode(AbstractSet.java:124)
	at edu.market.notification.infrastructure.adapter.output.persistence.entity.NotificationEntity.hashCode(NotificationEntity.java:21)
	at edu.market.notification.infrastructure.adapter.output.persistence.entity.NotificationChannelEntity.hashCode(NotificationChannelEntity.java:13)
	at java.base/java.util.AbstractSet.hashCode(AbstractSet.java:124)
	at edu.market.notification.infrastructure.adapter.output.persistence.entity.NotificationEntity.hashCode(NotificationEntity.java:21)
	at edu.market.notification.infrastructure.adapter.output.persistence.entity.NotificationChannelEntity.hashCode(NotificationChannelEntity.java:13)
	at java.base/java.util.AbstractSet.hashCode(AbstractSet.java:124)
	at edu.market.notification.infrastructure.adapter.output.persistence.entity.NotificationEntity.hashCode(NotificationEntity.java:21)
	at edu.market.notification.infrastructure.adapter.output.persistence.entity.NotificationChannelEntity.hashCode(NotificationChannelEntity.java:13)
	at java.base/java.util.AbstractSet.hashCode(AbstractSet.java:124)
	at edu.market.notification.infrastructure.adapter.output.persistence.entity.NotificationEntity.hashCode(NotificationEntity.java:21)
	at edu.market.notification.infrastructure.adapter.output.persistence.entity.NotificationChannelEntity.hashCode(NotificationChannelEntity.java:13)
	at java.base/java.util.AbstractSet.hashCode(AbstractSet.java:124)
	at edu.market.notification.infrastructure.adapter.output.persistence.entity.NotificationEntity.hashCode(NotificationEntity.java:21)
	at edu.market.notification.infrastructure.adapter.output.persistence.entity.NotificationChannelEntity.hashCode(NotificationChannelEntity.java:13)
	at java.base/java.util.AbstractSet.hashCode(AbstractSet.java:124)
	at edu.market.notification.infrastructure.adapter.output.persistence.entity.NotificationEntity.hashCode(NotificationEntity.java:21)
	at edu.market.notification.infrastructure.adapter.output.persistence.entity.NotificationChannelEntity.hashCode(NotificationChannelEntity.java:13)
	at java.base/java.util.AbstractSet.hashCode(AbstractSet.java:124)
	at edu.market.notification.infrastructure.adapter.output.persistence.entity.NotificationEntity.hashCode(NotificationEntity.java:21)
	at edu.market.notification.infrastructure.adapter.output.persistence.entity.NotificationChannelEntity.hashCode(NotificationChannelEntity.java:13)
	at java.base/java.util.AbstractSet.hashCode(AbstractSet.java:124)
	at edu.market.notification.infrastructure.adapter.output.persistence.entity.NotificationEntity.hashCode(NotificationEntity.java:21)
	at edu.market.notification.infrastructure.adapter.output.persistence.entity.NotificationChannelEntity.hashCode(NotificationChannelEntity.java:13)
	at java.base/java.util.AbstractSet.hashCode(AbstractSet.java:124)
	at edu.market.notification.infrastructure.adapter.output.persistence.entity.NotificationEntity.hashCode(NotificationEntity.java:21)
	at edu.market.notification.infrastructure.adapter.output.persistence.entity.NotificationChannelEntity.hashCode(NotificationChannelEntity.java:13)
	at java.base/java.util.AbstractSet.hashCode(AbstractSet.java:124)
	at edu.market.notification.infrastructure.adapter.output.persistence.entity.NotificationEntity.hashCode(NotificationEntity.java:21)
	at edu.market.notification.infrastructure.adapter.output.persistence.entity.NotificationChannelEntity.hashCode(NotificationChannelEntity.java:13)
	at java.base/java.util.AbstractSet.hashCode(AbstractSet.java:124)
	at edu.market.notification.infrastructure.adapter.output.persistence.entity.NotificationEntity.hashCode(NotificationEntity.java:21)
	at edu.market.notification.infrastructure.adapter.output.persistence.entity.NotificationChannelEntity.hashCode(NotificationChannelEntity.java:13)
	at java.base/java.util.AbstractSet.hashCode(AbstractSet.java:124)
	at edu.market.notification.infrastructure.adapter.output.persistence.entity.NotificationEntity.hashCode(NotificationEntity.java:21)
	at edu.market.notification.infrastructure.adapter.output.persistence.entity.NotificationChannelEntity.hashCode(NotificationChannelEntity.java:13)
	at java.base/java.util.AbstractSet.hashCode(AbstractSet.java:124)
	at edu.market.notification.infrastructure.adapter.output.persistence.entity.NotificationEntity.hashCode(NotificationEntity.java:21)
	at edu.market.notification.infrastructure.adapter.output.persistence.entity.NotificationChannelEntity.hashCode(NotificationChannelEntity.java:13)
	at java.base/java.util.AbstractSet.hashCode(AbstractSet.java:124)
	at edu.market.notification.infrastructure.adapter.output.persistence.entity.NotificationEntity.hashCode(NotificationEntity.java:21)
	at edu.market.notification.infrastructure.adapter.output.persistence.entity.NotificationChannelEntity.hashCode(NotificationChannelEntity.java:13)
	at java.base/java.util.AbstractSet.hashCode(AbstractSet.java:124)
	at edu.market.notification.infrastructure.adapter.output.persistence.entity.NotificationEntity.hashCode(NotificationEntity.java:21)
	at edu.market.notification.infrastructure.adapter.output.persistence.entity.NotificationChannelEntity.hashCode(NotificationChannelEntity.java:13)
	at java.base/java.util.AbstractSet.hashCode(AbstractSet.java:124)
	at edu.market.notification.infrastructure.adapter.output.persistence.entity.NotificationEntity.hashCode(NotificationEntity.java:21)
	at edu.market.notification.infrastructure.adapter.output.persistence.entity.NotificationChannelEntity.hashCode(NotificationChannelEntity.java:13)
	at java.base/java.util.AbstractSet.hashCode(AbstractSet.java:124)
	at edu.market.notification.infrastructure.adapter.output.persistence.entity.NotificationEntity.hashCode(NotificationEntity.java:21)
	at edu.market.notification.infrastructure.adapter.output.persistence.entity.NotificationChannelEntity.hashCode(NotificationChannelEntity.java:13)
	at java.base/java.util.AbstractSet.hashCode(AbstractSet.java:124)
	at edu.market.notification.infrastructure.adapter.output.persistence.entity.NotificationEntity.hashCode(NotificationEntity.java:21)
	at edu.market.notification.infrastructure.adapter.output.persistence.entity.NotificationChannelEntity.hashCode(NotificationChannelEntity.java:13)
	at java.base/java.util.AbstractSet.hashCode(AbstractSet.java:124)
	at edu.market.notification.infrastructure.adapter.output.persistence.entity.NotificationEntity.hashCode(NotificationEntity.java:21)
	at edu.market.notification.infrastructure.adapter.output.persistence.entity.NotificationChannelEntity.hashCode(NotificationChannelEntity.java:13)
	at java.base/java.util.AbstractSet.hashCode(AbstractSet.java:124)
	at edu.market.notification.infrastructure.adapter.output.persistence.entity.NotificationEntity.hashCode(NotificationEntity.java:21)
	at edu.market.notification.infrastructure.adapter.output.persistence.entity.NotificationChannelEntity.hashCode(NotificationChannelEntity.java:13)
	at java.base/java.util.AbstractSet.hashCode(AbstractSet.java:124)
	at edu.market.notification.infrastructure.adapter.output.persistence.entity.NotificationEntity.hashCode(NotificationEntity.java:21)
	at edu.market.notification.infrastructure.adapter.output.persistence.entity.NotificationChannelEntity.hashCode(NotificationChannelEntity.java:13)
	at java.base/java.util.AbstractSet.hashCode(AbstractSet.java:124)
	at edu.market.notification.infrastructure.adapter.output.persistence.entity.NotificationEntity.hashCode(NotificationEntity.java:21)
	at edu.market.notification.infrastructure.adapter.output.persistence.entity.NotificationChannelEntity.hashCode(NotificationChannelEntity.java:13)
	at java.base/java.util.AbstractSet.hashCode(AbstractSet.java:124)
	at edu.market.notification.infrastructure.adapter.output.persistence.entity.NotificationEntity.hashCode(NotificationEntity.java:21)
	at edu.market.notification.infrastructure.adapter.output.persistence.entity.NotificationChannelEntity.hashCode(NotificationChannelEntity.java:13)
	at java.base/java.util.AbstractSet.hashCode(AbstractSet.java:124)
	at edu.market.notification.infrastructure.adapter.output.persistence.entity.NotificationEntity.hashCode(NotificationEntity.java:21)
	at edu.market.notification.infrastructure.adapter.output.persistence.entity.NotificationChannelEntity.hashCode(NotificationChannelEntity.java:13)
	at java.base/java.util.AbstractSet.hashCode(AbstractSet.java:124)
	at edu.market.notification.infrastructure.adapter.output.persistence.entity.NotificationEntity.hashCode(NotificationEntity.java:21)
	at edu.market.notification.infrastructure.adapter.output.persistence.entity.NotificationChannelEntity.hashCode(NotificationChannelEntity.java:13)
	at java.base/java.util.AbstractSet.hashCode(AbstractSet.java:124)
	at edu.market.notification.infrastructure.adapter.output.persistence.entity.NotificationEntity.hashCode(NotificationEntity.java:21)
	at edu.market.notification.infrastructure.adapter.output.persistence.entity.NotificationChannelEntity.hashCode(NotificationChannelEntity.java:13)
	at java.base/java.util.AbstractSet.hashCode(AbstractSet.java:124)
	at edu.market.notification.infrastructure.adapter.output.persistence.entity.NotificationEntity.hashCode(NotificationEntity.java:21)
	at edu.market.notification.infrastructure.adapter.output.persistence.entity.NotificationChannelEntity.hashCode(NotificationChannelEntity.java:13)
	at java.base/java.util.AbstractSet.hashCode(AbstractSet.java:124)
	at edu.market.notification.infrastructure.adapter.output.persistence.entity.NotificationEntity.hashCode(NotificationEntity.java:21)
	at edu.market.notification.infrastructure.adapter.output.persistence.entity.NotificationChannelEntity.hashCode(NotificationChannelEntity.java:13)
	at java.base/java.util.AbstractSet.hashCode(AbstractSet.java:124)
	at edu.market.notification.infrastructure.adapter.output.persistence.entity.NotificationEntity.hashCode(NotificationEntity.java:21)
	at edu.market.notification.infrastructure.adapter.output.persistence.entity.NotificationChannelEntity.hashCode(NotificationChannelEntity.java:13)
	at java.base/java.util.AbstractSet.hashCode(AbstractSet.java:124)
	at edu.market.notification.infrastructure.adapter.output.persistence.entity.NotificationEntity.hashCode(NotificationEntity.java:21)
	at edu.market.notification.infrastructure.adapter.output.persistence.entity.NotificationChannelEntity.hashCode(NotificationChannelEntity.java:13)
	at java.base/java.util.AbstractSet.hashCode(AbstractSet.java:124)
	at edu.market.notification.infrastructure.adapter.output.persistence.entity.NotificationEntity.hashCode(NotificationEntity.java:21)
	at edu.market.notification.infrastructure.adapter.output.persistence.entity.NotificationChannelEntity.hashCode(NotificationChannelEntity.java:13)
	at java.base/java.util.AbstractSet.hashCode(AbstractSet.java:124)
	at edu.market.notification.infrastructure.adapter.output.persistence.entity.NotificationEntity.hashCode(NotificationEntity.java:21)
	at edu.market.notification.infrastructure.adapter.output.persistence.entity.NotificationChannelEntity.hashCode(NotificationChannelEntity.java:13)
	at java.base/java.util.AbstractSet.hashCode(AbstractSet.java:124)
	at edu.market.notification.infrastructure.adapter.output.persistence.entity.NotificationEntity.hashCode(NotificationEntity.java:21)
	at edu.market.notification.infrastructure.adapter.output.persistence.entity.NotificationChannelEntity.hashCode(NotificationChannelEntity.java:13)
	at java.base/java.util.AbstractSet.hashCode(AbstractSet.java:124)
	at edu.market.notification.infrastructure.adapter.output.persistence.entity.NotificationEntity.hashCode(NotificationEntity.java:21)
	at edu.market.notification.infrastructure.adapter.output.persistence.entity.NotificationChannelEntity.hashCode(NotificationChannelEntity.java:13)
	at java.base/java.util.AbstractSet.hashCode(AbstractSet.java:124)
	at edu.market.notification.infrastructure.adapter.output.persistence.entity.NotificationEntity.hashCode(NotificationEntity.java:21)
	at edu.market.notification.infrastructure.adapter.output.persistence.entity.NotificationChannelEntity.hashCode(NotificationChannelEntity.java:13)
	at java.base/java.util.AbstractSet.hashCode(AbstractSet.java:124)
	at edu.market.notification.infrastructure.adapter.output.persistence.entity.NotificationEntity.hashCode(NotificationEntity.java:21)
	at edu.market.notification.infrastructure.adapter.output.persistence.entity.NotificationChannelEntity.hashCode(NotificationChannelEntity.java:13)
	at java.base/java.util.AbstractSet.hashCode(AbstractSet.java:124)
	at edu.market.notification.infrastructure.adapter.output.persistence.entity.NotificationEntity.hashCode(NotificationEntity.java:21)
	at edu.market.notification.infrastructure.adapter.output.persistence.entity.NotificationChannelEntity.hashCode(NotificationChannelEntity.java:13)
	at java.base/java.util.AbstractSet.hashCode(AbstractSet.java:124)
	at edu.market.notification.infrastructure.adapter.output.persistence.entity.NotificationEntity.hashCode(NotificationEntity.java:21)
	at edu.market.notification.infrastructure.adapter.output.persistence.entity.NotificationChannelEntity.hashCode(NotificationChannelEntity.java:13)
	at java.base/java.util.AbstractSet.hashCode(AbstractSet.java:124)
	at edu.market.notification.infrastructure.adapter.output.persistence.entity.NotificationEntity.hashCode(NotificationEntity.java:21)
	at edu.market.notification.infrastructure.adapter.output.persistence.entity.NotificationChannelEntity.hashCode(NotificationChannelEntity.java:13)
	at java.base/java.util.AbstractSet.hashCode(AbstractSet.java:124)
	at edu.market.notification.infrastructure.adapter.output.persistence.entity.NotificationEntity.hashCode(NotificationEntity.java:21)
	at edu.market.notification.infrastructure.adapter.output.persistence.entity.NotificationChannelEntity.hashCode(NotificationChannelEntity.java:13)
	at java.base/java.util.AbstractSet.hashCode(AbstractSet.java:124)
	at edu.market.notification.infrastructure.adapter.output.persistence.entity.NotificationEntity.hashCode(NotificationEntity.java:21)
	at edu.market.notification.infrastructure.adapter.output.persistence.entity.NotificationChannelEntity.hashCode(NotificationChannelEntity.java:13)
	at java.base/java.util.AbstractSet.hashCode(AbstractSet.java:124)
	at edu.market.notification.infrastructure.adapter.output.persistence.entity.NotificationEntity.hashCode(NotificationEntity.java:21)
	at edu.market.notification.infrastructure.adapter.output.persistence.entity.NotificationChannelEntity.hashCode(NotificationChannelEntity.java:13)
	at java.base/java.util.AbstractSet.hashCode(AbstractSet.java:124)
	at edu.market.notification.infrastructure.adapter.output.persistence.entity.NotificationEntity.hashCode(NotificationEntity.java:21)
	at edu.market.notification.infrastructure.adapter.output.persistence.entity.NotificationChannelEntity.hashCode(NotificationChannelEntity.java:13)
	at java.base/java.util.AbstractSet.hashCode(AbstractSet.java:124)
	at edu.market.notification.infrastructure.adapter.output.persistence.entity.NotificationEntity.hashCode(NotificationEntity.java:21)
	at edu.market.notification.infrastructure.adapter.output.persistence.entity.NotificationChannelEntity.hashCode(NotificationChannelEntity.java:13)
	at java.base/java.util.AbstractSet.hashCode(AbstractSet.java:124)
	at edu.market.notification.infrastructure.adapter.output.persistence.entity.NotificationEntity.hashCode(NotificationEntity.java:21)
	at edu.market.notification.infrastructure.adapter.output.persistence.entity.NotificationChannelEntity.hashCode(NotificationChannelEntity.java:13)
	at java.base/java.util.AbstractSet.hashCode(AbstractSet.java:124)
	at edu.market.notification.infrastructure.adapter.output.persistence.entity.NotificationEntity.hashCode(NotificationEntity.java:21)
	at edu.market.notification.infrastructure.adapter.output.persistence.entity.NotificationChannelEntity.hashCode(NotificationChannelEntity.java:13)
	at java.base/java.util.AbstractSet.hashCode(AbstractSet.java:124)
	at edu.market.notification.infrastructure.adapter.output.persistence.entity.NotificationEntity.hashCode(NotificationEntity.java:21)
	at edu.market.notification.infrastructure.adapter.output.persistence.entity.NotificationChannelEntity.hashCode(NotificationChannelEntity.java:13)
	at java.base/java.util.AbstractSet.hashCode(AbstractSet.java:124)
	at edu.market.notification.infrastructure.adapter.output.persistence.entity.NotificationEntity.hashCode(NotificationEntity.java:21)
	at edu.market.notification.infrastructure.adapter.output.persistence.entity.NotificationChannelEntity.hashCode(NotificationChannelEntity.java:13)
	at java.base/java.util.AbstractSet.hashCode(AbstractSet.java:124)
	at edu.market.notification.infrastructure.adapter.output.persistence.entity.NotificationEntity.hashCode(NotificationEntity.java:21)
	at edu.market.notification.infrastructure.adapter.output.persistence.entity.NotificationChannelEntity.hashCode(NotificationChannelEntity.java:13)
	at java.base/java.util.AbstractSet.hashCode(AbstractSet.java:124)
	at edu.market.notification.infrastructure.adapter.output.persistence.entity.NotificationEntity.hashCode(NotificationEntity.java:21)
	at edu.market.notification.infrastructure.adapter.output.persistence.entity.NotificationChannelEntity.hashCode(NotificationChannelEntity.java:13)
	at java.base/java.util.AbstractSet.hashCode(AbstractSet.java:124)
	at edu.market.notification.infrastructure.adapter.output.persistence.entity.NotificationEntity.hashCode(NotificationEntity.java:21)
	at edu.market.notification.infrastructure.adapter.output.persistence.entity.NotificationChannelEntity.hashCode(NotificationChannelEntity.java:13)
	at java.base/java.util.AbstractSet.hashCode(AbstractSet.java:124)
	at edu.market.notification.infrastructure.adapter.output.persistence.entity.NotificationEntity.hashCode(NotificationEntity.java:21)
	at edu.market.notification.infrastructure.adapter.output.persistence.entity.NotificationChannelEntity.hashCode(NotificationChannelEntity.java:13)
	at java.base/java.util.AbstractSet.hashCode(AbstractSet.java:124)
	at edu.market.notification.infrastructure.adapter.output.persistence.entity.NotificationEntity.hashCode(NotificationEntity.java:21)
	at edu.market.notification.infrastructure.adapter.output.persistence.entity.NotificationChannelEntity.hashCode(NotificationChannelEntity.java:13)
	at java.base/java.util.AbstractSet.hashCode(AbstractSet.java:124)
	at edu.market.notification.infrastructure.adapter.output.persistence.entity.NotificationEntity.hashCode(NotificationEntity.java:21)
	at edu.market.notification.infrastructure.adapter.output.persistence.entity.NotificationChannelEntity.hashCode(NotificationChannelEntity.java:13)
	at java.base/java.util.AbstractSet.hashCode(AbstractSet.java:124)
	at edu.market.notification.infrastructure.adapter.output.persistence.entity.NotificationEntity.hashCode(NotificationEntity.java:21)
	at edu.market.notification.infrastructure.adapter.output.persistence.entity.NotificationChannelEntity.hashCode(NotificationChannelEntity.java:13)
	at java.base/java.util.AbstractSet.hashCode(AbstractSet.java:124)
	at edu.market.notification.infrastructure.adapter.output.persistence.entity.NotificationEntity.hashCode(NotificationEntity.java:21)
	at edu.market.notification.infrastructure.adapter.output.persistence.entity.NotificationChannelEntity.hashCode(NotificationChannelEntity.java:13)
	at java.base/java.util.AbstractSet.hashCode(AbstractSet.java:124)
	at edu.market.notification.infrastructure.adapter.output.persistence.entity.NotificationEntity.hashCode(NotificationEntity.java:21)
	at edu.market.notification.infrastructure.adapter.output.persistence.entity.NotificationChannelEntity.hashCode(NotificationChannelEntity.java:13)
	at java.base/java.util.AbstractSet.hashCode(AbstractSet.java:124)
	at edu.market.notification.infrastructure.adapter.output.persistence.entity.NotificationEntity.hashCode(NotificationEntity.java:21)
	at edu.market.notification.infrastructure.adapter.output.persistence.entity.NotificationChannelEntity.hashCode(NotificationChannelEntity.java:13)
	at java.base/java.util.AbstractSet.hashCode(AbstractSet.java:124)
	at edu.market.notification.infrastructure.adapter.output.persistence.entity.NotificationEntity.hashCode(NotificationEntity.java:21)
	at edu.market.notification.infrastructure.adapter.output.persistence.entity.NotificationChannelEntity.hashCode(NotificationChannelEntity.java:13)
	at java.base/java.util.AbstractSet.hashCode(AbstractSet.java:124)
	at edu.market.notification.infrastructure.adapter.output.persistence.entity.NotificationEntity.hashCode(NotificationEntity.java:21)
	at edu.market.notification.infrastructure.adapter.output.persistence.entity.NotificationChannelEntity.hashCode(NotificationChannelEntity.java:13)
	at java.base/java.util.AbstractSet.hashCode(AbstractSet.java:124)
	at edu.market.notification.infrastructure.adapter.output.persistence.entity.NotificationEntity.hashCode(NotificationEntity.java:21)
	at edu.market.notification.infrastructure.adapter.output.persistence.entity.NotificationChannelEntity.hashCode(NotificationChannelEntity.java:13)
	at java.base/java.util.AbstractSet.hashCode(AbstractSet.java:124)
	at edu.market.notification.infrastructure.adapter.output.persistence.entity.NotificationEntity.hashCode(NotificationEntity.java:21)
	at edu.market.notification.infrastructure.adapter.output.persistence.entity.NotificationChannelEntity.hashCode(NotificationChannelEntity.java:13)
	at java.base/java.util.AbstractSet.hashCode(AbstractSet.java:124)
	at edu.market.notification.infrastructure.adapter.output.persistence.entity.NotificationEntity.hashCode(NotificationEntity.java:21)
	at edu.market.notification.infrastructure.adapter.output.persistence.entity.NotificationChannelEntity.hashCode(NotificationChannelEntity.java:13)
	at java.base/java.util.AbstractSet.hashCode(AbstractSet.java:124)
	at edu.market.notification.infrastructure.adapter.output.persistence.entity.NotificationEntity.hashCode(NotificationEntity.java:21)
	at edu.market.notification.infrastructure.adapter.output.persistence.entity.NotificationChannelEntity.hashCode(NotificationChannelEntity.java:13)
	at java.base/java.util.AbstractSet.hashCode(AbstractSet.java:124)
	at edu.market.notification.infrastructure.adapter.output.persistence.entity.NotificationEntity.hashCode(NotificationEntity.java:21)
	at edu.market.notification.infrastructure.adapter.output.persistence.entity.NotificationChannelEntity.hashCode(NotificationChannelEntity.java:13)
	at java.base/java.util.AbstractSet.hashCode(AbstractSet.java:124)
	at edu.market.notification.infrastructure.adapter.output.persistence.entity.NotificationEntity.hashCode(NotificationEntity.java:21)
	at edu.market.notification.infrastructure.adapter.output.persistence.entity.NotificationChannelEntity.hashCode(NotificationChannelEntity.java:13)
	at java.base/java.util.AbstractSet.hashCode(AbstractSet.java:124)
	at edu.market.notification.infrastructure.adapter.output.persistence.entity.NotificationEntity.hashCode(NotificationEntity.java:21)
	at edu.market.notification.infrastructure.adapter.output.persistence.entity.NotificationChannelEntity.hashCode(NotificationChannelEntity.java:13)
	at java.base/java.util.AbstractSet.hashCode(AbstractSet.java:124)
	at edu.market.notification.infrastructure.adapter.output.persistence.entity.NotificationEntity.hashCode(NotificationEntity.java:21)
	at edu.market.notification.infrastructure.adapter.output.persistence.entity.NotificationChannelEntity.hashCode(NotificationChannelEntity.java:13)
	at java.base/java.util.AbstractSet.hashCode(AbstractSet.java:124)
	at edu.market.notification.infrastructure.adapter.output.persistence.entity.NotificationEntity.hashCode(NotificationEntity.java:21)
	at edu.market.notification.infrastructure.adapter.output.persistence.entity.NotificationChannelEntity.hashCode(NotificationChannelEntity.java:13)
	at java.base/java.util.AbstractSet.hashCode(AbstractSet.java:124)
	at edu.market.notification.infrastructure.adapter.output.persistence.entity.NotificationEntity.hashCode(NotificationEntity.java:21)
	at edu.market.notification.infrastructure.adapter.output.persistence.entity.NotificationChannelEntity.hashCode(NotificationChannelEntity.java:13)
	at java.base/java.util.AbstractSet.hashCode(AbstractSet.java:124)
	at edu.market.notification.infrastructure.adapter.output.persistence.entity.NotificationEntity.hashCode(NotificationEntity.java:21)
	at edu.market.notification.infrastructure.adapter.output.persistence.entity.NotificationChannelEntity.hashCode(NotificationChannelEntity.java:13)
	at java.base/java.util.AbstractSet.hashCode(AbstractSet.java:124)
	at edu.market.notification.infrastructure.adapter.output.persistence.entity.NotificationEntity.hashCode(NotificationEntity.java:21)
	at edu.market.notification.infrastructure.adapter.output.persistence.entity.NotificationChannelEntity.hashCode(NotificationChannelEntity.java:13)
	at java.base/java.util.AbstractSet.hashCode(AbstractSet.java:124)
	at edu.market.notification.infrastructure.adapter.output.persistence.entity.NotificationEntity.hashCode(NotificationEntity.java:21)
	at edu.market.notification.infrastructure.adapter.output.persistence.entity.NotificationChannelEntity.hashCode(NotificationChannelEntity.java:13)
	at java.base/java.util.AbstractSet.hashCode(AbstractSet.java:124)
	at edu.market.notification.infrastructure.adapter.output.persistence.entity.NotificationEntity.hashCode(NotificationEntity.java:21)
	at edu.market.notification.infrastructure.adapter.output.persistence.entity.NotificationChannelEntity.hashCode(NotificationChannelEntity.java:13)
	at java.base/java.util.AbstractSet.hashCode(AbstractSet.java:124)
	at edu.market.notification.infrastructure.adapter.output.persistence.entity.NotificationEntity.hashCode(NotificationEntity.java:21)
	at edu.market.notification.infrastructure.adapter.output.persistence.entity.NotificationChannelEntity.hashCode(NotificationChannelEntity.java:13)
	at java.base/java.util.AbstractSet.hashCode(AbstractSet.java:124)
	at edu.market.notification.infrastructure.adapter.output.persistence.entity.NotificationEntity.hashCode(NotificationEntity.java:21)
	at edu.market.notification.infrastructure.adapter.output.persistence.entity.NotificationChannelEntity.hashCode(NotificationChannelEntity.java:13)
	at java.base/java.util.AbstractSet.hashCode(AbstractSet.java:124)
	at edu.market.notification.infrastructure.adapter.output.persistence.entity.NotificationEntity.hashCode(NotificationEntity.java:21)
	at edu.market.notification.infrastructure.adapter.output.persistence.entity.NotificationChannelEntity.hashCode(NotificationChannelEntity.java:13)
	at java.base/java.util.AbstractSet.hashCode(AbstractSet.java:124)
	at edu.market.notification.infrastructure.adapter.output.persistence.entity.NotificationEntity.hashCode(NotificationEntity.java:21)
	at edu.market.notification.infrastructure.adapter.output.persistence.entity.NotificationChannelEntity.hashCode(NotificationChannelEntity.java:13)
	at java.base/java.util.AbstractSet.hashCode(AbstractSet.java:124)
	at edu.market.notification.infrastructure.adapter.output.persistence.entity.NotificationEntity.hashCode(NotificationEntity.java:21)
	at edu.market.notification.infrastructure.adapter.output.persistence.entity.NotificationChannelEntity.hashCode(NotificationChannelEntity.java:13)
	at java.base/java.util.AbstractSet.hashCode(AbstractSet.java:124)
	at edu.market.notification.infrastructure.adapter.output.persistence.entity.NotificationEntity.hashCode(NotificationEntity.java:21)
	at edu.market.notification.infrastructure.adapter.output.persistence.entity.NotificationChannelEntity.hashCode(NotificationChannelEntity.java:13)
	at java.base/java.util.AbstractSet.hashCode(AbstractSet.java:124)
	at edu.market.notification.infrastructure.adapter.output.persistence.entity.NotificationEntity.hashCode(NotificationEntity.java:21)
	at edu.market.notification.infrastructure.adapter.output.persistence.entity.NotificationChannelEntity.hashCode(NotificationChannelEntity.java:13)
	at java.base/java.util.AbstractSet.hashCode(AbstractSet.java:124)
	at edu.market.notification.infrastructure.adapter.output.persistence.entity.NotificationEntity.hashCode(NotificationEntity.java:21)
	at edu.market.notification.infrastructure.adapter.output.persistence.entity.NotificationChannelEntity.hashCode(NotificationChannelEntity.java:13)
	at java.base/java.util.AbstractSet.hashCode(AbstractSet.java:124)
	at edu.market.notification.infrastructure.adapter.output.persistence.entity.NotificationEntity.hashCode(NotificationEntity.java:21)
	at edu.market.notification.infrastructure.adapter.output.persistence.entity.NotificationChannelEntity.hashCode(NotificationChannelEntity.java:13)
	at java.base/java.util.AbstractSet.hashCode(AbstractSet.java:124)
	at edu.market.notification.infrastructure.adapter.output.persistence.entity.NotificationEntity.hashCode(NotificationEntity.java:21)
	at edu.market.notification.infrastructure.adapter.output.persistence.entity.NotificationChannelEntity.hashCode(NotificationChannelEntity.java:13)
	at java.base/java.util.AbstractSet.hashCode(AbstractSet.java:124)
	at edu.market.notification.infrastructure.adapter.output.persistence.entity.NotificationEntity.hashCode(NotificationEntity.java:21)
	at edu.market.notification.infrastructure.adapter.output.persistence.entity.NotificationChannelEntity.hashCode(NotificationChannelEntity.java:13)
	at java.base/java.util.AbstractSet.hashCode(AbstractSet.java:124)
	at edu.market.notification.infrastructure.adapter.output.persistence.entity.NotificationEntity.hashCode(NotificationEntity.java:21)
	at edu.market.notification.infrastructure.adapter.output.persistence.entity.NotificationChannelEntity.hashCode(NotificationChannelEntity.java:13)
	at java.base/java.util.AbstractSet.hashCode(AbstractSet.java:124)
	at edu.market.notification.infrastructure.adapter.output.persistence.entity.NotificationEntity.hashCode(NotificationEntity.java:21)
	at edu.market.notification.infrastructure.adapter.output.persistence.entity.NotificationChannelEntity.hashCode(NotificationChannelEntity.java:13)
	at java.base/java.util.AbstractSet.hashCode(AbstractSet.java:124)
	at edu.market.notification.infrastructure.adapter.output.persistence.entity.NotificationEntity.hashCode(NotificationEntity.java:21)
	at edu.market.notification.infrastructure.adapter.output.persistence.entity.NotificationChannelEntity.hashCode(NotificationChannelEntity.java:13)
	at java.base/java.util.AbstractSet.hashCode(AbstractSet.java:124)
	at edu.market.notification.infrastructure.adapter.output.persistence.entity.NotificationEntity.hashCode(NotificationEntity.java:21)
	at edu.market.notification.infrastructure.adapter.output.persistence.entity.NotificationChannelEntity.hashCode(NotificationChannelEntity.java:13)
	at java.base/java.util.AbstractSet.hashCode(AbstractSet.java:124)
	at edu.market.notification.infrastructure.adapter.output.persistence.entity.NotificationEntity.hashCode(NotificationEntity.java:21)
	at edu.market.notification.infrastructure.adapter.output.persistence.entity.NotificationChannelEntity.hashCode(NotificationChannelEntity.java:13)
	at java.base/java.util.AbstractSet.hashCode(AbstractSet.java:124)
	at edu.market.notification.infrastructure.adapter.output.persistence.entity.NotificationEntity.hashCode(NotificationEntity.java:21)
	at edu.market.notification.infrastructure.adapter.output.persistence.entity.NotificationChannelEntity.hashCode(NotificationChannelEntity.java:13)
	at java.base/java.util.AbstractSet.hashCode(AbstractSet.java:124)
	at edu.market.notification.infrastructure.adapter.output.persistence.entity.NotificationEntity.hashCode(NotificationEntity.java:21)
	at edu.market.notification.infrastructure.adapter.output.persistence.entity.NotificationChannelEntity.hashCode(NotificationChannelEntity.java:13)
	at java.base/java.util.AbstractSet.hashCode(AbstractSet.java:124)
	at edu.market.notification.infrastructure.adapter.output.persistence.entity.NotificationEntity.hashCode(NotificationEntity.java:21)
	at edu.market.notification.infrastructure.adapter.output.persistence.entity.NotificationChannelEntity.hashCode(NotificationChannelEntity.java:13)
	at java.base/java.util.AbstractSet.hashCode(AbstractSet.java:124)
	at edu.market.notification.infrastructure.adapter.output.persistence.entity.NotificationEntity.hashCode(NotificationEntity.java:21)
	at edu.market.notification.infrastructure.adapter.output.persistence.entity.NotificationChannelEntity.hashCode(NotificationChannelEntity.java:13)
2025-07-27 12:56:42,700 [http-nio-8080-exec-5] ERROR e.m.n.i.a.i.w.e.RestExceptionHandler               - handleAllUncaughtException - Unexpected error occurred: java.lang.StackOverflowError
java.lang.RuntimeException: java.lang.StackOverflowError
	at org.springframework.data.repository.core.support.RepositoryMethodInvoker$RepositoryFragmentMethodInvoker.lambda$new$0(RepositoryMethodInvoker.java:281)
	at org.springframework.data.repository.core.support.RepositoryMethodInvoker.doInvoke(RepositoryMethodInvoker.java:170)
	at org.springframework.data.repository.core.support.RepositoryMethodInvoker.invoke(RepositoryMethodInvoker.java:158)
	at org.springframework.data.repository.core.support.RepositoryComposition$RepositoryFragments.invoke(RepositoryComposition.java:515)
	at org.springframework.data.repository.core.support.RepositoryComposition.invoke(RepositoryComposition.java:284)
	at org.springframework.data.repository.core.support.RepositoryFactorySupport$ImplementationMethodExecutionInterceptor.invoke(RepositoryFactorySupport.java:731)
	at org.springframework.aop.framework.ReflectiveMethodInvocation.proceed(ReflectiveMethodInvocation.java:184)
	at org.springframework.data.repository.core.support.QueryExecutorMethodInterceptor.doInvoke(QueryExecutorMethodInterceptor.java:174)
	at org.springframework.data.repository.core.support.QueryExecutorMethodInterceptor.invoke(QueryExecutorMethodInterceptor.java:149)
	at org.springframework.aop.framework.ReflectiveMethodInvocation.proceed(ReflectiveMethodInvocation.java:184)
	at org.springframework.data.projection.DefaultMethodInvokingMethodInterceptor.invoke(DefaultMethodInvokingMethodInterceptor.java:69)
	at org.springframework.aop.framework.ReflectiveMethodInvocation.proceed(ReflectiveMethodInvocation.java:184)
	at org.springframework.transaction.interceptor.TransactionAspectSupport.invokeWithinTransaction(TransactionAspectSupport.java:380)
	at org.springframework.transaction.interceptor.TransactionInterceptor.invoke(TransactionInterceptor.java:119)
	at org.springframework.aop.framework.ReflectiveMethodInvocation.proceed(ReflectiveMethodInvocation.java:184)
	at org.springframework.dao.support.PersistenceExceptionTranslationInterceptor.invoke(PersistenceExceptionTranslationInterceptor.java:138)
	at org.springframework.aop.framework.ReflectiveMethodInvocation.proceed(ReflectiveMethodInvocation.java:184)
	at org.springframework.data.jpa.repository.support.CrudMethodMetadataPostProcessor$CrudMethodMetadataPopulatingMethodInterceptor.invoke(CrudMethodMetadataPostProcessor.java:165)
	at org.springframework.aop.framework.ReflectiveMethodInvocation.proceed(ReflectiveMethodInvocation.java:184)
	at org.springframework.aop.framework.JdkDynamicAopProxy.invoke(JdkDynamicAopProxy.java:223)
	at jdk.proxy2/jdk.proxy2.$Proxy186.save(Unknown Source)
	at java.base/jdk.internal.reflect.DirectMethodHandleAccessor.invoke(DirectMethodHandleAccessor.java:103)
	at java.base/java.lang.reflect.Method.invoke(Method.java:580)
	at org.springframework.aop.support.AopUtils.invokeJoinpointUsingReflection(AopUtils.java:359)
	at org.springframework.aop.framework.ReflectiveMethodInvocation.invokeJoinpoint(ReflectiveMethodInvocation.java:196)
	at org.springframework.aop.framework.ReflectiveMethodInvocation.proceed(ReflectiveMethodInvocation.java:163)
	at org.springframework.dao.support.PersistenceExceptionTranslationInterceptor.invoke(PersistenceExceptionTranslationInterceptor.java:138)
	at org.springframework.aop.framework.ReflectiveMethodInvocation.proceed(ReflectiveMethodInvocation.java:184)
	at org.springframework.aop.aspectj.AspectJAfterThrowingAdvice.invoke(AspectJAfterThrowingAdvice.java:64)
	at org.springframework.aop.framework.ReflectiveMethodInvocation.proceed(ReflectiveMethodInvocation.java:184)
	at org.springframework.aop.interceptor.ExposeInvocationInterceptor.invoke(ExposeInvocationInterceptor.java:97)
	at org.springframework.aop.framework.ReflectiveMethodInvocation.proceed(ReflectiveMethodInvocation.java:184)
	at org.springframework.aop.framework.JdkDynamicAopProxy.invoke(JdkDynamicAopProxy.java:223)
	at jdk.proxy2/jdk.proxy2.$Proxy186.save(Unknown Source)
	at edu.market.notification.infrastructure.adapter.output.persistence.NotificationRepositoryAdapter.save(NotificationRepositoryAdapter.java:36)
	at java.base/jdk.internal.reflect.DirectMethodHandleAccessor.invoke(DirectMethodHandleAccessor.java:103)
	at java.base/java.lang.reflect.Method.invoke(Method.java:580)
	at org.springframework.aop.support.AopUtils.invokeJoinpointUsingReflection(AopUtils.java:359)
	at org.springframework.aop.framework.ReflectiveMethodInvocation.invokeJoinpoint(ReflectiveMethodInvocation.java:196)
	at org.springframework.aop.framework.ReflectiveMethodInvocation.proceed(ReflectiveMethodInvocation.java:163)
	at org.springframework.aop.aspectj.AspectJAfterThrowingAdvice.invoke(AspectJAfterThrowingAdvice.java:64)
	at org.springframework.aop.framework.ReflectiveMethodInvocation.proceed(ReflectiveMethodInvocation.java:184)
	at org.springframework.aop.aspectj.AspectJAfterThrowingAdvice.invoke(AspectJAfterThrowingAdvice.java:64)
	at org.springframework.aop.framework.ReflectiveMethodInvocation.proceed(ReflectiveMethodInvocation.java:184)
	at org.springframework.transaction.interceptor.TransactionAspectSupport.invokeWithinTransaction(TransactionAspectSupport.java:380)
	at org.springframework.transaction.interceptor.TransactionInterceptor.invoke(TransactionInterceptor.java:119)
	at org.springframework.aop.framework.ReflectiveMethodInvocation.proceed(ReflectiveMethodInvocation.java:184)
	at org.springframework.aop.interceptor.ExposeInvocationInterceptor.invoke(ExposeInvocationInterceptor.java:97)
	at org.springframework.aop.framework.ReflectiveMethodInvocation.proceed(ReflectiveMethodInvocation.java:184)
	at org.springframework.aop.framework.CglibAopProxy$DynamicAdvisedInterceptor.intercept(CglibAopProxy.java:728)
	at edu.market.notification.infrastructure.adapter.output.persistence.NotificationRepositoryAdapter$$SpringCGLIB$$0.save(<generated>)
	at edu.market.notification.application.usecase.notification.SendNotificationUseCase.send(SendNotificationUseCase.java:76)
	at java.base/jdk.internal.reflect.DirectMethodHandleAccessor.invoke(DirectMethodHandleAccessor.java:103)
	at java.base/java.lang.reflect.Method.invoke(Method.java:580)
	at org.springframework.aop.support.AopUtils.invokeJoinpointUsingReflection(AopUtils.java:359)
	at org.springframework.aop.framework.ReflectiveMethodInvocation.invokeJoinpoint(ReflectiveMethodInvocation.java:196)
	at org.springframework.aop.framework.ReflectiveMethodInvocation.proceed(ReflectiveMethodInvocation.java:163)
	at org.springframework.aop.aspectj.MethodInvocationProceedingJoinPoint.proceed(MethodInvocationProceedingJoinPoint.java:89)
	at edu.market.notification.infrastructure.crosscutting.MetricsCollectionAspect.collectMetrics(MetricsCollectionAspect.java:84)
	at java.base/jdk.internal.reflect.DirectMethodHandleAccessor.invoke(DirectMethodHandleAccessor.java:103)
	at java.base/java.lang.reflect.Method.invoke(Method.java:580)
	at org.springframework.aop.aspectj.AbstractAspectJAdvice.invokeAdviceMethodWithGivenArgs(AbstractAspectJAdvice.java:642)
	at org.springframework.aop.aspectj.AbstractAspectJAdvice.invokeAdviceMethod(AbstractAspectJAdvice.java:632)
	at org.springframework.aop.aspectj.AspectJAroundAdvice.invoke(AspectJAroundAdvice.java:71)
	at org.springframework.aop.framework.ReflectiveMethodInvocation.proceed(ReflectiveMethodInvocation.java:184)
	at org.springframework.aop.aspectj.AspectJAfterThrowingAdvice.invoke(AspectJAfterThrowingAdvice.java:64)
	at org.springframework.aop.framework.ReflectiveMethodInvocation.proceed(ReflectiveMethodInvocation.java:184)
	at org.springframework.aop.interceptor.ExposeInvocationInterceptor.invoke(ExposeInvocationInterceptor.java:97)
	at org.springframework.aop.framework.ReflectiveMethodInvocation.proceed(ReflectiveMethodInvocation.java:184)
	at org.springframework.aop.framework.CglibAopProxy$DynamicAdvisedInterceptor.intercept(CglibAopProxy.java:728)
	at edu.market.notification.application.usecase.notification.SendNotificationUseCase$$SpringCGLIB$$0.send(<generated>)
	at edu.market.notification.infrastructure.adapter.input.web.controller.NotificationController.sendNotification(NotificationController.java:156)
	at java.base/jdk.internal.reflect.DirectMethodHandleAccessor.invoke(DirectMethodHandleAccessor.java:103)
	at java.base/java.lang.reflect.Method.invoke(Method.java:580)
	at org.springframework.aop.support.AopUtils.invokeJoinpointUsingReflection(AopUtils.java:359)
	at org.springframework.aop.framework.ReflectiveMethodInvocation.invokeJoinpoint(ReflectiveMethodInvocation.java:196)
	at org.springframework.aop.framework.ReflectiveMethodInvocation.proceed(ReflectiveMethodInvocation.java:163)
	at org.springframework.aop.aspectj.MethodInvocationProceedingJoinPoint.proceed(MethodInvocationProceedingJoinPoint.java:89)
	at edu.market.notification.infrastructure.crosscutting.MetricsCollectionAspect.collectMetrics(MetricsCollectionAspect.java:84)
	at java.base/jdk.internal.reflect.DirectMethodHandleAccessor.invoke(DirectMethodHandleAccessor.java:103)
	at java.base/java.lang.reflect.Method.invoke(Method.java:580)
	at org.springframework.aop.aspectj.AbstractAspectJAdvice.invokeAdviceMethodWithGivenArgs(AbstractAspectJAdvice.java:642)
	at org.springframework.aop.aspectj.AbstractAspectJAdvice.invokeAdviceMethod(AbstractAspectJAdvice.java:632)
	at org.springframework.aop.aspectj.AspectJAroundAdvice.invoke(AspectJAroundAdvice.java:71)
	at org.springframework.aop.framework.ReflectiveMethodInvocation.proceed(ReflectiveMethodInvocation.java:184)
	at org.springframework.aop.aspectj.AspectJAfterThrowingAdvice.invoke(AspectJAfterThrowingAdvice.java:64)
	at org.springframework.aop.framework.ReflectiveMethodInvocation.proceed(ReflectiveMethodInvocation.java:184)
	at org.springframework.aop.interceptor.ExposeInvocationInterceptor.invoke(ExposeInvocationInterceptor.java:97)
	at org.springframework.aop.framework.ReflectiveMethodInvocation.proceed(ReflectiveMethodInvocation.java:184)
	at org.springframework.aop.framework.CglibAopProxy$DynamicAdvisedInterceptor.intercept(CglibAopProxy.java:728)
	at edu.market.notification.infrastructure.adapter.input.web.controller.NotificationController$$SpringCGLIB$$0.sendNotification(<generated>)
	at java.base/jdk.internal.reflect.DirectMethodHandleAccessor.invoke(DirectMethodHandleAccessor.java:103)
	at java.base/java.lang.reflect.Method.invoke(Method.java:580)
	at org.springframework.web.method.support.InvocableHandlerMethod.doInvoke(InvocableHandlerMethod.java:258)
	at org.springframework.web.method.support.InvocableHandlerMethod.invokeForRequest(InvocableHandlerMethod.java:191)
	at org.springframework.web.servlet.mvc.method.annotation.ServletInvocableHandlerMethod.invokeAndHandle(ServletInvocableHandlerMethod.java:118)
	at org.springframework.web.servlet.mvc.method.annotation.RequestMappingHandlerAdapter.invokeHandlerMethod(RequestMappingHandlerAdapter.java:986)
	at org.springframework.web.servlet.mvc.method.annotation.RequestMappingHandlerAdapter.handleInternal(RequestMappingHandlerAdapter.java:891)
	at org.springframework.web.servlet.mvc.method.AbstractHandlerMethodAdapter.handle(AbstractHandlerMethodAdapter.java:87)
	at org.springframework.web.servlet.DispatcherServlet.doDispatch(DispatcherServlet.java:1089)
	at org.springframework.web.servlet.DispatcherServlet.doService(DispatcherServlet.java:979)
	at org.springframework.web.servlet.FrameworkServlet.processRequest(FrameworkServlet.java:1014)
	at org.springframework.web.servlet.FrameworkServlet.doPost(FrameworkServlet.java:914)
	at jakarta.servlet.http.HttpServlet.service(HttpServlet.java:590)
	at org.springframework.web.servlet.FrameworkServlet.service(FrameworkServlet.java:885)
	at jakarta.servlet.http.HttpServlet.service(HttpServlet.java:658)
	at org.apache.catalina.core.ApplicationFilterChain.internalDoFilter(ApplicationFilterChain.java:195)
	at org.apache.catalina.core.ApplicationFilterChain.doFilter(ApplicationFilterChain.java:140)
	at org.apache.tomcat.websocket.server.WsFilter.doFilter(WsFilter.java:51)
	at org.apache.catalina.core.ApplicationFilterChain.internalDoFilter(ApplicationFilterChain.java:164)
	at org.apache.catalina.core.ApplicationFilterChain.doFilter(ApplicationFilterChain.java:140)
	at org.springframework.web.filter.CompositeFilter$VirtualFilterChain.doFilter(CompositeFilter.java:108)
	at org.springframework.security.web.FilterChainProxy.lambda$doFilterInternal$3(FilterChainProxy.java:231)
	at org.springframework.security.web.ObservationFilterChainDecorator$FilterObservation$SimpleFilterObservation.lambda$wrap$1(ObservationFilterChainDecorator.java:479)
	at org.springframework.security.web.ObservationFilterChainDecorator$AroundFilterObservation$SimpleAroundFilterObservation.lambda$wrap$1(ObservationFilterChainDecorator.java:340)
	at org.springframework.security.web.ObservationFilterChainDecorator.lambda$wrapSecured$0(ObservationFilterChainDecorator.java:82)
	at org.springframework.security.web.ObservationFilterChainDecorator$VirtualFilterChain.doFilter(ObservationFilterChainDecorator.java:128)
	at org.springframework.security.web.access.intercept.AuthorizationFilter.doFilter(AuthorizationFilter.java:101)
	at org.springframework.security.web.ObservationFilterChainDecorator$ObservationFilter.wrapFilter(ObservationFilterChainDecorator.java:240)
	at org.springframework.security.web.ObservationFilterChainDecorator$ObservationFilter.doFilter(ObservationFilterChainDecorator.java:227)
	at org.springframework.security.web.ObservationFilterChainDecorator$VirtualFilterChain.doFilter(ObservationFilterChainDecorator.java:137)
	at org.springframework.security.web.access.ExceptionTranslationFilter.doFilter(ExceptionTranslationFilter.java:126)
	at org.springframework.security.web.access.ExceptionTranslationFilter.doFilter(ExceptionTranslationFilter.java:120)
	at org.springframework.security.web.ObservationFilterChainDecorator$ObservationFilter.wrapFilter(ObservationFilterChainDecorator.java:240)
	at org.springframework.security.web.ObservationFilterChainDecorator$ObservationFilter.doFilter(ObservationFilterChainDecorator.java:227)
	at org.springframework.security.web.ObservationFilterChainDecorator$VirtualFilterChain.doFilter(ObservationFilterChainDecorator.java:137)
	at org.springframework.security.web.authentication.AnonymousAuthenticationFilter.doFilter(AnonymousAuthenticationFilter.java:100)
	at org.springframework.security.web.ObservationFilterChainDecorator$ObservationFilter.wrapFilter(ObservationFilterChainDecorator.java:240)
	at org.springframework.security.web.ObservationFilterChainDecorator$ObservationFilter.doFilter(ObservationFilterChainDecorator.java:227)
	at org.springframework.security.web.ObservationFilterChainDecorator$VirtualFilterChain.doFilter(ObservationFilterChainDecorator.java:137)
	at org.springframework.security.web.servletapi.SecurityContextHolderAwareRequestFilter.doFilter(SecurityContextHolderAwareRequestFilter.java:179)
	at org.springframework.security.web.ObservationFilterChainDecorator$ObservationFilter.wrapFilter(ObservationFilterChainDecorator.java:240)
	at org.springframework.security.web.ObservationFilterChainDecorator$ObservationFilter.doFilter(ObservationFilterChainDecorator.java:227)
	at org.springframework.security.web.ObservationFilterChainDecorator$VirtualFilterChain.doFilter(ObservationFilterChainDecorator.java:137)
	at org.springframework.security.web.savedrequest.RequestCacheAwareFilter.doFilter(RequestCacheAwareFilter.java:63)
	at org.springframework.security.web.ObservationFilterChainDecorator$ObservationFilter.wrapFilter(ObservationFilterChainDecorator.java:240)
	at org.springframework.security.web.ObservationFilterChainDecorator$ObservationFilter.doFilter(ObservationFilterChainDecorator.java:227)
	at org.springframework.security.web.ObservationFilterChainDecorator$VirtualFilterChain.doFilter(ObservationFilterChainDecorator.java:137)
	at org.springframework.security.web.authentication.logout.LogoutFilter.doFilter(LogoutFilter.java:107)
	at org.springframework.security.web.authentication.logout.LogoutFilter.doFilter(LogoutFilter.java:93)
	at org.springframework.security.web.ObservationFilterChainDecorator$ObservationFilter.wrapFilter(ObservationFilterChainDecorator.java:240)
	at org.springframework.security.web.ObservationFilterChainDecorator$ObservationFilter.doFilter(ObservationFilterChainDecorator.java:227)
	at org.springframework.security.web.ObservationFilterChainDecorator$VirtualFilterChain.doFilter(ObservationFilterChainDecorator.java:137)
	at org.springframework.security.web.header.HeaderWriterFilter.doHeadersAfter(HeaderWriterFilter.java:90)
	at org.springframework.security.web.header.HeaderWriterFilter.doFilterInternal(HeaderWriterFilter.java:75)
	at org.springframework.web.filter.OncePerRequestFilter.doFilter(OncePerRequestFilter.java:116)
	at org.springframework.security.web.ObservationFilterChainDecorator$ObservationFilter.wrapFilter(ObservationFilterChainDecorator.java:240)
	at org.springframework.security.web.ObservationFilterChainDecorator$ObservationFilter.doFilter(ObservationFilterChainDecorator.java:227)
	at org.springframework.security.web.ObservationFilterChainDecorator$VirtualFilterChain.doFilter(ObservationFilterChainDecorator.java:137)
	at org.springframework.security.web.context.SecurityContextHolderFilter.doFilter(SecurityContextHolderFilter.java:82)
	at org.springframework.security.web.context.SecurityContextHolderFilter.doFilter(SecurityContextHolderFilter.java:69)
	at org.springframework.security.web.ObservationFilterChainDecorator$ObservationFilter.wrapFilter(ObservationFilterChainDecorator.java:240)
	at org.springframework.security.web.ObservationFilterChainDecorator$ObservationFilter.doFilter(ObservationFilterChainDecorator.java:227)
	at org.springframework.security.web.ObservationFilterChainDecorator$VirtualFilterChain.doFilter(ObservationFilterChainDecorator.java:137)
	at org.springframework.security.web.context.request.async.WebAsyncManagerIntegrationFilter.doFilterInternal(WebAsyncManagerIntegrationFilter.java:62)
	at org.springframework.web.filter.OncePerRequestFilter.doFilter(OncePerRequestFilter.java:116)
	at org.springframework.security.web.ObservationFilterChainDecorator$ObservationFilter.wrapFilter(ObservationFilterChainDecorator.java:240)
	at org.springframework.security.web.ObservationFilterChainDecorator$ObservationFilter.doFilter(ObservationFilterChainDecorator.java:227)
	at org.springframework.security.web.ObservationFilterChainDecorator$VirtualFilterChain.doFilter(ObservationFilterChainDecorator.java:137)
	at org.springframework.security.web.session.DisableEncodeUrlFilter.doFilterInternal(DisableEncodeUrlFilter.java:42)
	at org.springframework.web.filter.OncePerRequestFilter.doFilter(OncePerRequestFilter.java:116)
	at org.springframework.security.web.ObservationFilterChainDecorator$ObservationFilter.wrapFilter(ObservationFilterChainDecorator.java:240)
	at org.springframework.security.web.ObservationFilterChainDecorator$AroundFilterObservation$SimpleAroundFilterObservation.lambda$wrap$0(ObservationFilterChainDecorator.java:323)
	at org.springframework.security.web.ObservationFilterChainDecorator$ObservationFilter.doFilter(ObservationFilterChainDecorator.java:224)
	at org.springframework.security.web.ObservationFilterChainDecorator$VirtualFilterChain.doFilter(ObservationFilterChainDecorator.java:137)
	at org.springframework.security.web.FilterChainProxy.doFilterInternal(FilterChainProxy.java:233)
	at org.springframework.security.web.FilterChainProxy.doFilter(FilterChainProxy.java:191)
	at org.springframework.web.filter.CompositeFilter$VirtualFilterChain.doFilter(CompositeFilter.java:113)
	at org.springframework.web.servlet.handler.HandlerMappingIntrospector.lambda$createCacheFilter$3(HandlerMappingIntrospector.java:243)
	at org.springframework.web.filter.CompositeFilter$VirtualFilterChain.doFilter(CompositeFilter.java:113)
	at org.springframework.web.filter.CompositeFilter.doFilter(CompositeFilter.java:74)
	at org.springframework.security.config.annotation.web.configuration.WebMvcSecurityConfiguration$CompositeFilterChainProxy.doFilter(WebMvcSecurityConfiguration.java:238)
	at org.springframework.web.filter.DelegatingFilterProxy.invokeDelegate(DelegatingFilterProxy.java:362)
	at org.springframework.web.filter.DelegatingFilterProxy.doFilter(DelegatingFilterProxy.java:278)
	at org.apache.catalina.core.ApplicationFilterChain.internalDoFilter(ApplicationFilterChain.java:164)
	at org.apache.catalina.core.ApplicationFilterChain.doFilter(ApplicationFilterChain.java:140)
	at org.springframework.web.filter.RequestContextFilter.doFilterInternal(RequestContextFilter.java:100)
	at org.springframework.web.filter.OncePerRequestFilter.doFilter(OncePerRequestFilter.java:116)
	at org.apache.catalina.core.ApplicationFilterChain.internalDoFilter(ApplicationFilterChain.java:164)
	at org.apache.catalina.core.ApplicationFilterChain.doFilter(ApplicationFilterChain.java:140)
	at org.springframework.web.filter.FormContentFilter.doFilterInternal(FormContentFilter.java:93)
	at org.springframework.web.filter.OncePerRequestFilter.doFilter(OncePerRequestFilter.java:116)
	at org.apache.catalina.core.ApplicationFilterChain.internalDoFilter(ApplicationFilterChain.java:164)
	at org.apache.catalina.core.ApplicationFilterChain.doFilter(ApplicationFilterChain.java:140)
	at org.springframework.web.filter.ServerHttpObservationFilter.doFilterInternal(ServerHttpObservationFilter.java:114)
	at org.springframework.web.filter.OncePerRequestFilter.doFilter(OncePerRequestFilter.java:116)
	at org.apache.catalina.core.ApplicationFilterChain.internalDoFilter(ApplicationFilterChain.java:164)
	at org.apache.catalina.core.ApplicationFilterChain.doFilter(ApplicationFilterChain.java:140)
	at org.springframework.web.filter.CharacterEncodingFilter.doFilterInternal(CharacterEncodingFilter.java:201)
	at org.springframework.web.filter.OncePerRequestFilter.doFilter(OncePerRequestFilter.java:116)
	at org.apache.catalina.core.ApplicationFilterChain.internalDoFilter(ApplicationFilterChain.java:164)
	at org.apache.catalina.core.ApplicationFilterChain.doFilter(ApplicationFilterChain.java:140)
	at org.apache.catalina.core.StandardWrapperValve.invoke(StandardWrapperValve.java:167)
	at org.apache.catalina.core.StandardContextValve.invoke(StandardContextValve.java:90)
	at org.apache.catalina.authenticator.AuthenticatorBase.invoke(AuthenticatorBase.java:483)
	at org.apache.catalina.core.StandardHostValve.invoke(StandardHostValve.java:116)
	at org.apache.catalina.valves.ErrorReportValve.invoke(ErrorReportValve.java:93)
	at org.apache.catalina.core.StandardEngineValve.invoke(StandardEngineValve.java:74)
	at org.apache.catalina.connector.CoyoteAdapter.service(CoyoteAdapter.java:344)
	at org.apache.coyote.http11.Http11Processor.service(Http11Processor.java:398)
	at org.apache.coyote.AbstractProcessorLight.process(AbstractProcessorLight.java:63)
	at org.apache.coyote.AbstractProtocol$ConnectionHandler.process(AbstractProtocol.java:903)
	at org.apache.tomcat.util.net.NioEndpoint$SocketProcessor.doRun(NioEndpoint.java:1740)
	at org.apache.tomcat.util.net.SocketProcessorBase.run(SocketProcessorBase.java:52)
	at org.apache.tomcat.util.threads.ThreadPoolExecutor.runWorker(ThreadPoolExecutor.java:1189)
	at org.apache.tomcat.util.threads.ThreadPoolExecutor$Worker.run(ThreadPoolExecutor.java:658)
	at org.apache.tomcat.util.threads.TaskThread$WrappingRunnable.run(TaskThread.java:63)
	at java.base/java.lang.Thread.run(Thread.java:1583)
Caused by: java.lang.StackOverflowError: null
	at edu.market.notification.infrastructure.adapter.output.persistence.entity.NotificationChannelEntity.hashCode(NotificationChannelEntity.java:13)
	at java.base/java.util.AbstractSet.hashCode(AbstractSet.java:124)
	at edu.market.notification.infrastructure.adapter.output.persistence.entity.NotificationEntity.hashCode(NotificationEntity.java:21)
	at edu.market.notification.infrastructure.adapter.output.persistence.entity.NotificationChannelEntity.hashCode(NotificationChannelEntity.java:13)
	at java.base/java.util.AbstractSet.hashCode(AbstractSet.java:124)
	at edu.market.notification.infrastructure.adapter.output.persistence.entity.NotificationEntity.hashCode(NotificationEntity.java:21)
	at edu.market.notification.infrastructure.adapter.output.persistence.entity.NotificationChannelEntity.hashCode(NotificationChannelEntity.java:13)
	at java.base/java.util.AbstractSet.hashCode(AbstractSet.java:124)
	at edu.market.notification.infrastructure.adapter.output.persistence.entity.NotificationEntity.hashCode(NotificationEntity.java:21)
	at edu.market.notification.infrastructure.adapter.output.persistence.entity.NotificationChannelEntity.hashCode(NotificationChannelEntity.java:13)
	at java.base/java.util.AbstractSet.hashCode(AbstractSet.java:124)
	at edu.market.notification.infrastructure.adapter.output.persistence.entity.NotificationEntity.hashCode(NotificationEntity.java:21)
	at edu.market.notification.infrastructure.adapter.output.persistence.entity.NotificationChannelEntity.hashCode(NotificationChannelEntity.java:13)
	at java.base/java.util.AbstractSet.hashCode(AbstractSet.java:124)
	at edu.market.notification.infrastructure.adapter.output.persistence.entity.NotificationEntity.hashCode(NotificationEntity.java:21)
	at edu.market.notification.infrastructure.adapter.output.persistence.entity.NotificationChannelEntity.hashCode(NotificationChannelEntity.java:13)
	at java.base/java.util.AbstractSet.hashCode(AbstractSet.java:124)
	at edu.market.notification.infrastructure.adapter.output.persistence.entity.NotificationEntity.hashCode(NotificationEntity.java:21)
	at edu.market.notification.infrastructure.adapter.output.persistence.entity.NotificationChannelEntity.hashCode(NotificationChannelEntity.java:13)
	at java.base/java.util.AbstractSet.hashCode(AbstractSet.java:124)
	at edu.market.notification.infrastructure.adapter.output.persistence.entity.NotificationEntity.hashCode(NotificationEntity.java:21)
	at edu.market.notification.infrastructure.adapter.output.persistence.entity.NotificationChannelEntity.hashCode(NotificationChannelEntity.java:13)
	at java.base/java.util.AbstractSet.hashCode(AbstractSet.java:124)
	at edu.market.notification.infrastructure.adapter.output.persistence.entity.NotificationEntity.hashCode(NotificationEntity.java:21)
	at edu.market.notification.infrastructure.adapter.output.persistence.entity.NotificationChannelEntity.hashCode(NotificationChannelEntity.java:13)
	at java.base/java.util.AbstractSet.hashCode(AbstractSet.java:124)
	at edu.market.notification.infrastructure.adapter.output.persistence.entity.NotificationEntity.hashCode(NotificationEntity.java:21)
	at edu.market.notification.infrastructure.adapter.output.persistence.entity.NotificationChannelEntity.hashCode(NotificationChannelEntity.java:13)
	at java.base/java.util.AbstractSet.hashCode(AbstractSet.java:124)
	at edu.market.notification.infrastructure.adapter.output.persistence.entity.NotificationEntity.hashCode(NotificationEntity.java:21)
	at edu.market.notification.infrastructure.adapter.output.persistence.entity.NotificationChannelEntity.hashCode(NotificationChannelEntity.java:13)
	at java.base/java.util.AbstractSet.hashCode(AbstractSet.java:124)
	at edu.market.notification.infrastructure.adapter.output.persistence.entity.NotificationEntity.hashCode(NotificationEntity.java:21)
	at edu.market.notification.infrastructure.adapter.output.persistence.entity.NotificationChannelEntity.hashCode(NotificationChannelEntity.java:13)
	at java.base/java.util.AbstractSet.hashCode(AbstractSet.java:124)
	at edu.market.notification.infrastructure.adapter.output.persistence.entity.NotificationEntity.hashCode(NotificationEntity.java:21)
	at edu.market.notification.infrastructure.adapter.output.persistence.entity.NotificationChannelEntity.hashCode(NotificationChannelEntity.java:13)
	at java.base/java.util.AbstractSet.hashCode(AbstractSet.java:124)
	at edu.market.notification.infrastructure.adapter.output.persistence.entity.NotificationEntity.hashCode(NotificationEntity.java:21)
	at edu.market.notification.infrastructure.adapter.output.persistence.entity.NotificationChannelEntity.hashCode(NotificationChannelEntity.java:13)
	at java.base/java.util.AbstractSet.hashCode(AbstractSet.java:124)
	at edu.market.notification.infrastructure.adapter.output.persistence.entity.NotificationEntity.hashCode(NotificationEntity.java:21)
	at edu.market.notification.infrastructure.adapter.output.persistence.entity.NotificationChannelEntity.hashCode(NotificationChannelEntity.java:13)
	at java.base/java.util.AbstractSet.hashCode(AbstractSet.java:124)
	at edu.market.notification.infrastructure.adapter.output.persistence.entity.NotificationEntity.hashCode(NotificationEntity.java:21)
	at edu.market.notification.infrastructure.adapter.output.persistence.entity.NotificationChannelEntity.hashCode(NotificationChannelEntity.java:13)
	at java.base/java.util.AbstractSet.hashCode(AbstractSet.java:124)
	at edu.market.notification.infrastructure.adapter.output.persistence.entity.NotificationEntity.hashCode(NotificationEntity.java:21)
	at edu.market.notification.infrastructure.adapter.output.persistence.entity.NotificationChannelEntity.hashCode(NotificationChannelEntity.java:13)
	at java.base/java.util.AbstractSet.hashCode(AbstractSet.java:124)
	at edu.market.notification.infrastructure.adapter.output.persistence.entity.NotificationEntity.hashCode(NotificationEntity.java:21)
	at edu.market.notification.infrastructure.adapter.output.persistence.entity.NotificationChannelEntity.hashCode(NotificationChannelEntity.java:13)
	at java.base/java.util.AbstractSet.hashCode(AbstractSet.java:124)
	at edu.market.notification.infrastructure.adapter.output.persistence.entity.NotificationEntity.hashCode(NotificationEntity.java:21)
	at edu.market.notification.infrastructure.adapter.output.persistence.entity.NotificationChannelEntity.hashCode(NotificationChannelEntity.java:13)
	at java.base/java.util.AbstractSet.hashCode(AbstractSet.java:124)
	at edu.market.notification.infrastructure.adapter.output.persistence.entity.NotificationEntity.hashCode(NotificationEntity.java:21)
	at edu.market.notification.infrastructure.adapter.output.persistence.entity.NotificationChannelEntity.hashCode(NotificationChannelEntity.java:13)
	at java.base/java.util.AbstractSet.hashCode(AbstractSet.java:124)
	at edu.market.notification.infrastructure.adapter.output.persistence.entity.NotificationEntity.hashCode(NotificationEntity.java:21)
	at edu.market.notification.infrastructure.adapter.output.persistence.entity.NotificationChannelEntity.hashCode(NotificationChannelEntity.java:13)
	at java.base/java.util.AbstractSet.hashCode(AbstractSet.java:124)
	at edu.market.notification.infrastructure.adapter.output.persistence.entity.NotificationEntity.hashCode(NotificationEntity.java:21)
	at edu.market.notification.infrastructure.adapter.output.persistence.entity.NotificationChannelEntity.hashCode(NotificationChannelEntity.java:13)
	at java.base/java.util.AbstractSet.hashCode(AbstractSet.java:124)
	at edu.market.notification.infrastructure.adapter.output.persistence.entity.NotificationEntity.hashCode(NotificationEntity.java:21)
	at edu.market.notification.infrastructure.adapter.output.persistence.entity.NotificationChannelEntity.hashCode(NotificationChannelEntity.java:13)
	at java.base/java.util.AbstractSet.hashCode(AbstractSet.java:124)
	at edu.market.notification.infrastructure.adapter.output.persistence.entity.NotificationEntity.hashCode(NotificationEntity.java:21)
	at edu.market.notification.infrastructure.adapter.output.persistence.entity.NotificationChannelEntity.hashCode(NotificationChannelEntity.java:13)
	at java.base/java.util.AbstractSet.hashCode(AbstractSet.java:124)
	at edu.market.notification.infrastructure.adapter.output.persistence.entity.NotificationEntity.hashCode(NotificationEntity.java:21)
	at edu.market.notification.infrastructure.adapter.output.persistence.entity.NotificationChannelEntity.hashCode(NotificationChannelEntity.java:13)
	at java.base/java.util.AbstractSet.hashCode(AbstractSet.java:124)
	at edu.market.notification.infrastructure.adapter.output.persistence.entity.NotificationEntity.hashCode(NotificationEntity.java:21)
	at edu.market.notification.infrastructure.adapter.output.persistence.entity.NotificationChannelEntity.hashCode(NotificationChannelEntity.java:13)
	at java.base/java.util.AbstractSet.hashCode(AbstractSet.java:124)
	at edu.market.notification.infrastructure.adapter.output.persistence.entity.NotificationEntity.hashCode(NotificationEntity.java:21)
	at edu.market.notification.infrastructure.adapter.output.persistence.entity.NotificationChannelEntity.hashCode(NotificationChannelEntity.java:13)
	at java.base/java.util.AbstractSet.hashCode(AbstractSet.java:124)
	at edu.market.notification.infrastructure.adapter.output.persistence.entity.NotificationEntity.hashCode(NotificationEntity.java:21)
	at edu.market.notification.infrastructure.adapter.output.persistence.entity.NotificationChannelEntity.hashCode(NotificationChannelEntity.java:13)
	at java.base/java.util.AbstractSet.hashCode(AbstractSet.java:124)
	at edu.market.notification.infrastructure.adapter.output.persistence.entity.NotificationEntity.hashCode(NotificationEntity.java:21)
	at edu.market.notification.infrastructure.adapter.output.persistence.entity.NotificationChannelEntity.hashCode(NotificationChannelEntity.java:13)
	at java.base/java.util.AbstractSet.hashCode(AbstractSet.java:124)
	at edu.market.notification.infrastructure.adapter.output.persistence.entity.NotificationEntity.hashCode(NotificationEntity.java:21)
	at edu.market.notification.infrastructure.adapter.output.persistence.entity.NotificationChannelEntity.hashCode(NotificationChannelEntity.java:13)
	at java.base/java.util.AbstractSet.hashCode(AbstractSet.java:124)
	at edu.market.notification.infrastructure.adapter.output.persistence.entity.NotificationEntity.hashCode(NotificationEntity.java:21)
	at edu.market.notification.infrastructure.adapter.output.persistence.entity.NotificationChannelEntity.hashCode(NotificationChannelEntity.java:13)
	at java.base/java.util.AbstractSet.hashCode(AbstractSet.java:124)
	at edu.market.notification.infrastructure.adapter.output.persistence.entity.NotificationEntity.hashCode(NotificationEntity.java:21)
	at edu.market.notification.infrastructure.adapter.output.persistence.entity.NotificationChannelEntity.hashCode(NotificationChannelEntity.java:13)
	at java.base/java.util.AbstractSet.hashCode(AbstractSet.java:124)
	at edu.market.notification.infrastructure.adapter.output.persistence.entity.NotificationEntity.hashCode(NotificationEntity.java:21)
	at edu.market.notification.infrastructure.adapter.output.persistence.entity.NotificationChannelEntity.hashCode(NotificationChannelEntity.java:13)
	at java.base/java.util.AbstractSet.hashCode(AbstractSet.java:124)
	at edu.market.notification.infrastructure.adapter.output.persistence.entity.NotificationEntity.hashCode(NotificationEntity.java:21)
	at edu.market.notification.infrastructure.adapter.output.persistence.entity.NotificationChannelEntity.hashCode(NotificationChannelEntity.java:13)
	at java.base/java.util.AbstractSet.hashCode(AbstractSet.java:124)
	at edu.market.notification.infrastructure.adapter.output.persistence.entity.NotificationEntity.hashCode(NotificationEntity.java:21)
	at edu.market.notification.infrastructure.adapter.output.persistence.entity.NotificationChannelEntity.hashCode(NotificationChannelEntity.java:13)
	at java.base/java.util.AbstractSet.hashCode(AbstractSet.java:124)
	at edu.market.notification.infrastructure.adapter.output.persistence.entity.NotificationEntity.hashCode(NotificationEntity.java:21)
	at edu.market.notification.infrastructure.adapter.output.persistence.entity.NotificationChannelEntity.hashCode(NotificationChannelEntity.java:13)
	at java.base/java.util.AbstractSet.hashCode(AbstractSet.java:124)
	at edu.market.notification.infrastructure.adapter.output.persistence.entity.NotificationEntity.hashCode(NotificationEntity.java:21)
	at edu.market.notification.infrastructure.adapter.output.persistence.entity.NotificationChannelEntity.hashCode(NotificationChannelEntity.java:13)
	at java.base/java.util.AbstractSet.hashCode(AbstractSet.java:124)
	at edu.market.notification.infrastructure.adapter.output.persistence.entity.NotificationEntity.hashCode(NotificationEntity.java:21)
	at edu.market.notification.infrastructure.adapter.output.persistence.entity.NotificationChannelEntity.hashCode(NotificationChannelEntity.java:13)
	at java.base/java.util.AbstractSet.hashCode(AbstractSet.java:124)
	at edu.market.notification.infrastructure.adapter.output.persistence.entity.NotificationEntity.hashCode(NotificationEntity.java:21)
	at edu.market.notification.infrastructure.adapter.output.persistence.entity.NotificationChannelEntity.hashCode(NotificationChannelEntity.java:13)
	at java.base/java.util.AbstractSet.hashCode(AbstractSet.java:124)
	at edu.market.notification.infrastructure.adapter.output.persistence.entity.NotificationEntity.hashCode(NotificationEntity.java:21)
	at edu.market.notification.infrastructure.adapter.output.persistence.entity.NotificationChannelEntity.hashCode(NotificationChannelEntity.java:13)
	at java.base/java.util.AbstractSet.hashCode(AbstractSet.java:124)
	at edu.market.notification.infrastructure.adapter.output.persistence.entity.NotificationEntity.hashCode(NotificationEntity.java:21)
	at edu.market.notification.infrastructure.adapter.output.persistence.entity.NotificationChannelEntity.hashCode(NotificationChannelEntity.java:13)
	at java.base/java.util.AbstractSet.hashCode(AbstractSet.java:124)
	at edu.market.notification.infrastructure.adapter.output.persistence.entity.NotificationEntity.hashCode(NotificationEntity.java:21)
	at edu.market.notification.infrastructure.adapter.output.persistence.entity.NotificationChannelEntity.hashCode(NotificationChannelEntity.java:13)
	at java.base/java.util.AbstractSet.hashCode(AbstractSet.java:124)
	at edu.market.notification.infrastructure.adapter.output.persistence.entity.NotificationEntity.hashCode(NotificationEntity.java:21)
	at edu.market.notification.infrastructure.adapter.output.persistence.entity.NotificationChannelEntity.hashCode(NotificationChannelEntity.java:13)
	at java.base/java.util.AbstractSet.hashCode(AbstractSet.java:124)
	at edu.market.notification.infrastructure.adapter.output.persistence.entity.NotificationEntity.hashCode(NotificationEntity.java:21)
	at edu.market.notification.infrastructure.adapter.output.persistence.entity.NotificationChannelEntity.hashCode(NotificationChannelEntity.java:13)
	at java.base/java.util.AbstractSet.hashCode(AbstractSet.java:124)
	at edu.market.notification.infrastructure.adapter.output.persistence.entity.NotificationEntity.hashCode(NotificationEntity.java:21)
	at edu.market.notification.infrastructure.adapter.output.persistence.entity.NotificationChannelEntity.hashCode(NotificationChannelEntity.java:13)
	at java.base/java.util.AbstractSet.hashCode(AbstractSet.java:124)
	at edu.market.notification.infrastructure.adapter.output.persistence.entity.NotificationEntity.hashCode(NotificationEntity.java:21)
	at edu.market.notification.infrastructure.adapter.output.persistence.entity.NotificationChannelEntity.hashCode(NotificationChannelEntity.java:13)
	at java.base/java.util.AbstractSet.hashCode(AbstractSet.java:124)
	at edu.market.notification.infrastructure.adapter.output.persistence.entity.NotificationEntity.hashCode(NotificationEntity.java:21)
	at edu.market.notification.infrastructure.adapter.output.persistence.entity.NotificationChannelEntity.hashCode(NotificationChannelEntity.java:13)
	at java.base/java.util.AbstractSet.hashCode(AbstractSet.java:124)
	at edu.market.notification.infrastructure.adapter.output.persistence.entity.NotificationEntity.hashCode(NotificationEntity.java:21)
	at edu.market.notification.infrastructure.adapter.output.persistence.entity.NotificationChannelEntity.hashCode(NotificationChannelEntity.java:13)
	at java.base/java.util.AbstractSet.hashCode(AbstractSet.java:124)
	at edu.market.notification.infrastructure.adapter.output.persistence.entity.NotificationEntity.hashCode(NotificationEntity.java:21)
	at edu.market.notification.infrastructure.adapter.output.persistence.entity.NotificationChannelEntity.hashCode(NotificationChannelEntity.java:13)
	at java.base/java.util.AbstractSet.hashCode(AbstractSet.java:124)
	at edu.market.notification.infrastructure.adapter.output.persistence.entity.NotificationEntity.hashCode(NotificationEntity.java:21)
	at edu.market.notification.infrastructure.adapter.output.persistence.entity.NotificationChannelEntity.hashCode(NotificationChannelEntity.java:13)
	at java.base/java.util.AbstractSet.hashCode(AbstractSet.java:124)
	at edu.market.notification.infrastructure.adapter.output.persistence.entity.NotificationEntity.hashCode(NotificationEntity.java:21)
	at edu.market.notification.infrastructure.adapter.output.persistence.entity.NotificationChannelEntity.hashCode(NotificationChannelEntity.java:13)
	at java.base/java.util.AbstractSet.hashCode(AbstractSet.java:124)
	at edu.market.notification.infrastructure.adapter.output.persistence.entity.NotificationEntity.hashCode(NotificationEntity.java:21)
	at edu.market.notification.infrastructure.adapter.output.persistence.entity.NotificationChannelEntity.hashCode(NotificationChannelEntity.java:13)
	at java.base/java.util.AbstractSet.hashCode(AbstractSet.java:124)
	at edu.market.notification.infrastructure.adapter.output.persistence.entity.NotificationEntity.hashCode(NotificationEntity.java:21)
	at edu.market.notification.infrastructure.adapter.output.persistence.entity.NotificationChannelEntity.hashCode(NotificationChannelEntity.java:13)
	at java.base/java.util.AbstractSet.hashCode(AbstractSet.java:124)
	at edu.market.notification.infrastructure.adapter.output.persistence.entity.NotificationEntity.hashCode(NotificationEntity.java:21)
	at edu.market.notification.infrastructure.adapter.output.persistence.entity.NotificationChannelEntity.hashCode(NotificationChannelEntity.java:13)
	at java.base/java.util.AbstractSet.hashCode(AbstractSet.java:124)
	at edu.market.notification.infrastructure.adapter.output.persistence.entity.NotificationEntity.hashCode(NotificationEntity.java:21)
	at edu.market.notification.infrastructure.adapter.output.persistence.entity.NotificationChannelEntity.hashCode(NotificationChannelEntity.java:13)
	at java.base/java.util.AbstractSet.hashCode(AbstractSet.java:124)
	at edu.market.notification.infrastructure.adapter.output.persistence.entity.NotificationEntity.hashCode(NotificationEntity.java:21)
	at edu.market.notification.infrastructure.adapter.output.persistence.entity.NotificationChannelEntity.hashCode(NotificationChannelEntity.java:13)
	at java.base/java.util.AbstractSet.hashCode(AbstractSet.java:124)
	at edu.market.notification.infrastructure.adapter.output.persistence.entity.NotificationEntity.hashCode(NotificationEntity.java:21)
	at edu.market.notification.infrastructure.adapter.output.persistence.entity.NotificationChannelEntity.hashCode(NotificationChannelEntity.java:13)
	at java.base/java.util.AbstractSet.hashCode(AbstractSet.java:124)
	at edu.market.notification.infrastructure.adapter.output.persistence.entity.NotificationEntity.hashCode(NotificationEntity.java:21)
	at edu.market.notification.infrastructure.adapter.output.persistence.entity.NotificationChannelEntity.hashCode(NotificationChannelEntity.java:13)
	at java.base/java.util.AbstractSet.hashCode(AbstractSet.java:124)
	at edu.market.notification.infrastructure.adapter.output.persistence.entity.NotificationEntity.hashCode(NotificationEntity.java:21)
	at edu.market.notification.infrastructure.adapter.output.persistence.entity.NotificationChannelEntity.hashCode(NotificationChannelEntity.java:13)
	at java.base/java.util.AbstractSet.hashCode(AbstractSet.java:124)
	at edu.market.notification.infrastructure.adapter.output.persistence.entity.NotificationEntity.hashCode(NotificationEntity.java:21)
	at edu.market.notification.infrastructure.adapter.output.persistence.entity.NotificationChannelEntity.hashCode(NotificationChannelEntity.java:13)
	at java.base/java.util.AbstractSet.hashCode(AbstractSet.java:124)
	at edu.market.notification.infrastructure.adapter.output.persistence.entity.NotificationEntity.hashCode(NotificationEntity.java:21)
	at edu.market.notification.infrastructure.adapter.output.persistence.entity.NotificationChannelEntity.hashCode(NotificationChannelEntity.java:13)
	at java.base/java.util.AbstractSet.hashCode(AbstractSet.java:124)
	at edu.market.notification.infrastructure.adapter.output.persistence.entity.NotificationEntity.hashCode(NotificationEntity.java:21)
	at edu.market.notification.infrastructure.adapter.output.persistence.entity.NotificationChannelEntity.hashCode(NotificationChannelEntity.java:13)
	at java.base/java.util.AbstractSet.hashCode(AbstractSet.java:124)
	at edu.market.notification.infrastructure.adapter.output.persistence.entity.NotificationEntity.hashCode(NotificationEntity.java:21)
	at edu.market.notification.infrastructure.adapter.output.persistence.entity.NotificationChannelEntity.hashCode(NotificationChannelEntity.java:13)
	at java.base/java.util.AbstractSet.hashCode(AbstractSet.java:124)
	at edu.market.notification.infrastructure.adapter.output.persistence.entity.NotificationEntity.hashCode(NotificationEntity.java:21)
	at edu.market.notification.infrastructure.adapter.output.persistence.entity.NotificationChannelEntity.hashCode(NotificationChannelEntity.java:13)
	at java.base/java.util.AbstractSet.hashCode(AbstractSet.java:124)
	at edu.market.notification.infrastructure.adapter.output.persistence.entity.NotificationEntity.hashCode(NotificationEntity.java:21)
	at edu.market.notification.infrastructure.adapter.output.persistence.entity.NotificationChannelEntity.hashCode(NotificationChannelEntity.java:13)
	at java.base/java.util.AbstractSet.hashCode(AbstractSet.java:124)
	at edu.market.notification.infrastructure.adapter.output.persistence.entity.NotificationEntity.hashCode(NotificationEntity.java:21)
	at edu.market.notification.infrastructure.adapter.output.persistence.entity.NotificationChannelEntity.hashCode(NotificationChannelEntity.java:13)
	at java.base/java.util.AbstractSet.hashCode(AbstractSet.java:124)
	at edu.market.notification.infrastructure.adapter.output.persistence.entity.NotificationEntity.hashCode(NotificationEntity.java:21)
	at edu.market.notification.infrastructure.adapter.output.persistence.entity.NotificationChannelEntity.hashCode(NotificationChannelEntity.java:13)
	at java.base/java.util.AbstractSet.hashCode(AbstractSet.java:124)
	at edu.market.notification.infrastructure.adapter.output.persistence.entity.NotificationEntity.hashCode(NotificationEntity.java:21)
	at edu.market.notification.infrastructure.adapter.output.persistence.entity.NotificationChannelEntity.hashCode(NotificationChannelEntity.java:13)
	at java.base/java.util.AbstractSet.hashCode(AbstractSet.java:124)
	at edu.market.notification.infrastructure.adapter.output.persistence.entity.NotificationEntity.hashCode(NotificationEntity.java:21)
	at edu.market.notification.infrastructure.adapter.output.persistence.entity.NotificationChannelEntity.hashCode(NotificationChannelEntity.java:13)
	at java.base/java.util.AbstractSet.hashCode(AbstractSet.java:124)
	at edu.market.notification.infrastructure.adapter.output.persistence.entity.NotificationEntity.hashCode(NotificationEntity.java:21)
	at edu.market.notification.infrastructure.adapter.output.persistence.entity.NotificationChannelEntity.hashCode(NotificationChannelEntity.java:13)
	at java.base/java.util.AbstractSet.hashCode(AbstractSet.java:124)
	at edu.market.notification.infrastructure.adapter.output.persistence.entity.NotificationEntity.hashCode(NotificationEntity.java:21)
	at edu.market.notification.infrastructure.adapter.output.persistence.entity.NotificationChannelEntity.hashCode(NotificationChannelEntity.java:13)
	at java.base/java.util.AbstractSet.hashCode(AbstractSet.java:124)
	at edu.market.notification.infrastructure.adapter.output.persistence.entity.NotificationEntity.hashCode(NotificationEntity.java:21)
	at edu.market.notification.infrastructure.adapter.output.persistence.entity.NotificationChannelEntity.hashCode(NotificationChannelEntity.java:13)
	at java.base/java.util.AbstractSet.hashCode(AbstractSet.java:124)
	at edu.market.notification.infrastructure.adapter.output.persistence.entity.NotificationEntity.hashCode(NotificationEntity.java:21)
	at edu.market.notification.infrastructure.adapter.output.persistence.entity.NotificationChannelEntity.hashCode(NotificationChannelEntity.java:13)
	at java.base/java.util.AbstractSet.hashCode(AbstractSet.java:124)
	at edu.market.notification.infrastructure.adapter.output.persistence.entity.NotificationEntity.hashCode(NotificationEntity.java:21)
	at edu.market.notification.infrastructure.adapter.output.persistence.entity.NotificationChannelEntity.hashCode(NotificationChannelEntity.java:13)
	at java.base/java.util.AbstractSet.hashCode(AbstractSet.java:124)
	at edu.market.notification.infrastructure.adapter.output.persistence.entity.NotificationEntity.hashCode(NotificationEntity.java:21)
	at edu.market.notification.infrastructure.adapter.output.persistence.entity.NotificationChannelEntity.hashCode(NotificationChannelEntity.java:13)
	at java.base/java.util.AbstractSet.hashCode(AbstractSet.java:124)
	at edu.market.notification.infrastructure.adapter.output.persistence.entity.NotificationEntity.hashCode(NotificationEntity.java:21)
	at edu.market.notification.infrastructure.adapter.output.persistence.entity.NotificationChannelEntity.hashCode(NotificationChannelEntity.java:13)
	at java.base/java.util.AbstractSet.hashCode(AbstractSet.java:124)
	at edu.market.notification.infrastructure.adapter.output.persistence.entity.NotificationEntity.hashCode(NotificationEntity.java:21)
	at edu.market.notification.infrastructure.adapter.output.persistence.entity.NotificationChannelEntity.hashCode(NotificationChannelEntity.java:13)
	at java.base/java.util.AbstractSet.hashCode(AbstractSet.java:124)
	at edu.market.notification.infrastructure.adapter.output.persistence.entity.NotificationEntity.hashCode(NotificationEntity.java:21)
	at edu.market.notification.infrastructure.adapter.output.persistence.entity.NotificationChannelEntity.hashCode(NotificationChannelEntity.java:13)
	at java.base/java.util.AbstractSet.hashCode(AbstractSet.java:124)
	at edu.market.notification.infrastructure.adapter.output.persistence.entity.NotificationEntity.hashCode(NotificationEntity.java:21)
	at edu.market.notification.infrastructure.adapter.output.persistence.entity.NotificationChannelEntity.hashCode(NotificationChannelEntity.java:13)
	at java.base/java.util.AbstractSet.hashCode(AbstractSet.java:124)
	at edu.market.notification.infrastructure.adapter.output.persistence.entity.NotificationEntity.hashCode(NotificationEntity.java:21)
	at edu.market.notification.infrastructure.adapter.output.persistence.entity.NotificationChannelEntity.hashCode(NotificationChannelEntity.java:13)
	at java.base/java.util.AbstractSet.hashCode(AbstractSet.java:124)
	at edu.market.notification.infrastructure.adapter.output.persistence.entity.NotificationEntity.hashCode(NotificationEntity.java:21)
	at edu.market.notification.infrastructure.adapter.output.persistence.entity.NotificationChannelEntity.hashCode(NotificationChannelEntity.java:13)
	at java.base/java.util.AbstractSet.hashCode(AbstractSet.java:124)
	at edu.market.notification.infrastructure.adapter.output.persistence.entity.NotificationEntity.hashCode(NotificationEntity.java:21)
	at edu.market.notification.infrastructure.adapter.output.persistence.entity.NotificationChannelEntity.hashCode(NotificationChannelEntity.java:13)
	at java.base/java.util.AbstractSet.hashCode(AbstractSet.java:124)
	at edu.market.notification.infrastructure.adapter.output.persistence.entity.NotificationEntity.hashCode(NotificationEntity.java:21)
	at edu.market.notification.infrastructure.adapter.output.persistence.entity.NotificationChannelEntity.hashCode(NotificationChannelEntity.java:13)
	at java.base/java.util.AbstractSet.hashCode(AbstractSet.java:124)
	at edu.market.notification.infrastructure.adapter.output.persistence.entity.NotificationEntity.hashCode(NotificationEntity.java:21)
	at edu.market.notification.infrastructure.adapter.output.persistence.entity.NotificationChannelEntity.hashCode(NotificationChannelEntity.java:13)
	at java.base/java.util.AbstractSet.hashCode(AbstractSet.java:124)
	at edu.market.notification.infrastructure.adapter.output.persistence.entity.NotificationEntity.hashCode(NotificationEntity.java:21)
	at edu.market.notification.infrastructure.adapter.output.persistence.entity.NotificationChannelEntity.hashCode(NotificationChannelEntity.java:13)
	at java.base/java.util.AbstractSet.hashCode(AbstractSet.java:124)
	at edu.market.notification.infrastructure.adapter.output.persistence.entity.NotificationEntity.hashCode(NotificationEntity.java:21)
	at edu.market.notification.infrastructure.adapter.output.persistence.entity.NotificationChannelEntity.hashCode(NotificationChannelEntity.java:13)
	at java.base/java.util.AbstractSet.hashCode(AbstractSet.java:124)
	at edu.market.notification.infrastructure.adapter.output.persistence.entity.NotificationEntity.hashCode(NotificationEntity.java:21)
	at edu.market.notification.infrastructure.adapter.output.persistence.entity.NotificationChannelEntity.hashCode(NotificationChannelEntity.java:13)
	at java.base/java.util.AbstractSet.hashCode(AbstractSet.java:124)
	at edu.market.notification.infrastructure.adapter.output.persistence.entity.NotificationEntity.hashCode(NotificationEntity.java:21)
	at edu.market.notification.infrastructure.adapter.output.persistence.entity.NotificationChannelEntity.hashCode(NotificationChannelEntity.java:13)
	at java.base/java.util.AbstractSet.hashCode(AbstractSet.java:124)
	at edu.market.notification.infrastructure.adapter.output.persistence.entity.NotificationEntity.hashCode(NotificationEntity.java:21)
	at edu.market.notification.infrastructure.adapter.output.persistence.entity.NotificationChannelEntity.hashCode(NotificationChannelEntity.java:13)
	at java.base/java.util.AbstractSet.hashCode(AbstractSet.java:124)
	at edu.market.notification.infrastructure.adapter.output.persistence.entity.NotificationEntity.hashCode(NotificationEntity.java:21)
	at edu.market.notification.infrastructure.adapter.output.persistence.entity.NotificationChannelEntity.hashCode(NotificationChannelEntity.java:13)
	at java.base/java.util.AbstractSet.hashCode(AbstractSet.java:124)
	at edu.market.notification.infrastructure.adapter.output.persistence.entity.NotificationEntity.hashCode(NotificationEntity.java:21)
	at edu.market.notification.infrastructure.adapter.output.persistence.entity.NotificationChannelEntity.hashCode(NotificationChannelEntity.java:13)
	at java.base/java.util.AbstractSet.hashCode(AbstractSet.java:124)
	at edu.market.notification.infrastructure.adapter.output.persistence.entity.NotificationEntity.hashCode(NotificationEntity.java:21)
	at edu.market.notification.infrastructure.adapter.output.persistence.entity.NotificationChannelEntity.hashCode(NotificationChannelEntity.java:13)
	at java.base/java.util.AbstractSet.hashCode(AbstractSet.java:124)
	at edu.market.notification.infrastructure.adapter.output.persistence.entity.NotificationEntity.hashCode(NotificationEntity.java:21)
	at edu.market.notification.infrastructure.adapter.output.persistence.entity.NotificationChannelEntity.hashCode(NotificationChannelEntity.java:13)
	at java.base/java.util.AbstractSet.hashCode(AbstractSet.java:124)
	at edu.market.notification.infrastructure.adapter.output.persistence.entity.NotificationEntity.hashCode(NotificationEntity.java:21)
	at edu.market.notification.infrastructure.adapter.output.persistence.entity.NotificationChannelEntity.hashCode(NotificationChannelEntity.java:13)
	at java.base/java.util.AbstractSet.hashCode(AbstractSet.java:124)
	at edu.market.notification.infrastructure.adapter.output.persistence.entity.NotificationEntity.hashCode(NotificationEntity.java:21)
	at edu.market.notification.infrastructure.adapter.output.persistence.entity.NotificationChannelEntity.hashCode(NotificationChannelEntity.java:13)
	at java.base/java.util.AbstractSet.hashCode(AbstractSet.java:124)
	at edu.market.notification.infrastructure.adapter.output.persistence.entity.NotificationEntity.hashCode(NotificationEntity.java:21)
	at edu.market.notification.infrastructure.adapter.output.persistence.entity.NotificationChannelEntity.hashCode(NotificationChannelEntity.java:13)
	at java.base/java.util.AbstractSet.hashCode(AbstractSet.java:124)
	at edu.market.notification.infrastructure.adapter.output.persistence.entity.NotificationEntity.hashCode(NotificationEntity.java:21)
	at edu.market.notification.infrastructure.adapter.output.persistence.entity.NotificationChannelEntity.hashCode(NotificationChannelEntity.java:13)
	at java.base/java.util.AbstractSet.hashCode(AbstractSet.java:124)
	at edu.market.notification.infrastructure.adapter.output.persistence.entity.NotificationEntity.hashCode(NotificationEntity.java:21)
	at edu.market.notification.infrastructure.adapter.output.persistence.entity.NotificationChannelEntity.hashCode(NotificationChannelEntity.java:13)
	at java.base/java.util.AbstractSet.hashCode(AbstractSet.java:124)
	at edu.market.notification.infrastructure.adapter.output.persistence.entity.NotificationEntity.hashCode(NotificationEntity.java:21)
	at edu.market.notification.infrastructure.adapter.output.persistence.entity.NotificationChannelEntity.hashCode(NotificationChannelEntity.java:13)
	at java.base/java.util.AbstractSet.hashCode(AbstractSet.java:124)
	at edu.market.notification.infrastructure.adapter.output.persistence.entity.NotificationEntity.hashCode(NotificationEntity.java:21)
	at edu.market.notification.infrastructure.adapter.output.persistence.entity.NotificationChannelEntity.hashCode(NotificationChannelEntity.java:13)
	at java.base/java.util.AbstractSet.hashCode(AbstractSet.java:124)
	at edu.market.notification.infrastructure.adapter.output.persistence.entity.NotificationEntity.hashCode(NotificationEntity.java:21)
	at edu.market.notification.infrastructure.adapter.output.persistence.entity.NotificationChannelEntity.hashCode(NotificationChannelEntity.java:13)
	at java.base/java.util.AbstractSet.hashCode(AbstractSet.java:124)
	at edu.market.notification.infrastructure.adapter.output.persistence.entity.NotificationEntity.hashCode(NotificationEntity.java:21)
	at edu.market.notification.infrastructure.adapter.output.persistence.entity.NotificationChannelEntity.hashCode(NotificationChannelEntity.java:13)
	at java.base/java.util.AbstractSet.hashCode(AbstractSet.java:124)
	at edu.market.notification.infrastructure.adapter.output.persistence.entity.NotificationEntity.hashCode(NotificationEntity.java:21)
	at edu.market.notification.infrastructure.adapter.output.persistence.entity.NotificationChannelEntity.hashCode(NotificationChannelEntity.java:13)
	at java.base/java.util.AbstractSet.hashCode(AbstractSet.java:124)
	at edu.market.notification.infrastructure.adapter.output.persistence.entity.NotificationEntity.hashCode(NotificationEntity.java:21)
	at edu.market.notification.infrastructure.adapter.output.persistence.entity.NotificationChannelEntity.hashCode(NotificationChannelEntity.java:13)
	at java.base/java.util.AbstractSet.hashCode(AbstractSet.java:124)
	at edu.market.notification.infrastructure.adapter.output.persistence.entity.NotificationEntity.hashCode(NotificationEntity.java:21)
	at edu.market.notification.infrastructure.adapter.output.persistence.entity.NotificationChannelEntity.hashCode(NotificationChannelEntity.java:13)
	at java.base/java.util.AbstractSet.hashCode(AbstractSet.java:124)
	at edu.market.notification.infrastructure.adapter.output.persistence.entity.NotificationEntity.hashCode(NotificationEntity.java:21)
	at edu.market.notification.infrastructure.adapter.output.persistence.entity.NotificationChannelEntity.hashCode(NotificationChannelEntity.java:13)
	at java.base/java.util.AbstractSet.hashCode(AbstractSet.java:124)
	at edu.market.notification.infrastructure.adapter.output.persistence.entity.NotificationEntity.hashCode(NotificationEntity.java:21)
	at edu.market.notification.infrastructure.adapter.output.persistence.entity.NotificationChannelEntity.hashCode(NotificationChannelEntity.java:13)
	at java.base/java.util.AbstractSet.hashCode(AbstractSet.java:124)
	at edu.market.notification.infrastructure.adapter.output.persistence.entity.NotificationEntity.hashCode(NotificationEntity.java:21)
	at edu.market.notification.infrastructure.adapter.output.persistence.entity.NotificationChannelEntity.hashCode(NotificationChannelEntity.java:13)
	at java.base/java.util.AbstractSet.hashCode(AbstractSet.java:124)
	at edu.market.notification.infrastructure.adapter.output.persistence.entity.NotificationEntity.hashCode(NotificationEntity.java:21)
	at edu.market.notification.infrastructure.adapter.output.persistence.entity.NotificationChannelEntity.hashCode(NotificationChannelEntity.java:13)
	at java.base/java.util.AbstractSet.hashCode(AbstractSet.java:124)
	at edu.market.notification.infrastructure.adapter.output.persistence.entity.NotificationEntity.hashCode(NotificationEntity.java:21)
	at edu.market.notification.infrastructure.adapter.output.persistence.entity.NotificationChannelEntity.hashCode(NotificationChannelEntity.java:13)
	at java.base/java.util.AbstractSet.hashCode(AbstractSet.java:124)
	at edu.market.notification.infrastructure.adapter.output.persistence.entity.NotificationEntity.hashCode(NotificationEntity.java:21)
	at edu.market.notification.infrastructure.adapter.output.persistence.entity.NotificationChannelEntity.hashCode(NotificationChannelEntity.java:13)
	at java.base/java.util.AbstractSet.hashCode(AbstractSet.java:124)
	at edu.market.notification.infrastructure.adapter.output.persistence.entity.NotificationEntity.hashCode(NotificationEntity.java:21)
	at edu.market.notification.infrastructure.adapter.output.persistence.entity.NotificationChannelEntity.hashCode(NotificationChannelEntity.java:13)
	at java.base/java.util.AbstractSet.hashCode(AbstractSet.java:124)
	at edu.market.notification.infrastructure.adapter.output.persistence.entity.NotificationEntity.hashCode(NotificationEntity.java:21)
	at edu.market.notification.infrastructure.adapter.output.persistence.entity.NotificationChannelEntity.hashCode(NotificationChannelEntity.java:13)
	at java.base/java.util.AbstractSet.hashCode(AbstractSet.java:124)
	at edu.market.notification.infrastructure.adapter.output.persistence.entity.NotificationEntity.hashCode(NotificationEntity.java:21)
	at edu.market.notification.infrastructure.adapter.output.persistence.entity.NotificationChannelEntity.hashCode(NotificationChannelEntity.java:13)
	at java.base/java.util.AbstractSet.hashCode(AbstractSet.java:124)
	at edu.market.notification.infrastructure.adapter.output.persistence.entity.NotificationEntity.hashCode(NotificationEntity.java:21)
	at edu.market.notification.infrastructure.adapter.output.persistence.entity.NotificationChannelEntity.hashCode(NotificationChannelEntity.java:13)
	at java.base/java.util.AbstractSet.hashCode(AbstractSet.java:124)
	at edu.market.notification.infrastructure.adapter.output.persistence.entity.NotificationEntity.hashCode(NotificationEntity.java:21)
	at edu.market.notification.infrastructure.adapter.output.persistence.entity.NotificationChannelEntity.hashCode(NotificationChannelEntity.java:13)
	at java.base/java.util.AbstractSet.hashCode(AbstractSet.java:124)
	at edu.market.notification.infrastructure.adapter.output.persistence.entity.NotificationEntity.hashCode(NotificationEntity.java:21)
	at edu.market.notification.infrastructure.adapter.output.persistence.entity.NotificationChannelEntity.hashCode(NotificationChannelEntity.java:13)
	at java.base/java.util.AbstractSet.hashCode(AbstractSet.java:124)
	at edu.market.notification.infrastructure.adapter.output.persistence.entity.NotificationEntity.hashCode(NotificationEntity.java:21)
	at edu.market.notification.infrastructure.adapter.output.persistence.entity.NotificationChannelEntity.hashCode(NotificationChannelEntity.java:13)
	at java.base/java.util.AbstractSet.hashCode(AbstractSet.java:124)
	at edu.market.notification.infrastructure.adapter.output.persistence.entity.NotificationEntity.hashCode(NotificationEntity.java:21)
	at edu.market.notification.infrastructure.adapter.output.persistence.entity.NotificationChannelEntity.hashCode(NotificationChannelEntity.java:13)
	at java.base/java.util.AbstractSet.hashCode(AbstractSet.java:124)
	at edu.market.notification.infrastructure.adapter.output.persistence.entity.NotificationEntity.hashCode(NotificationEntity.java:21)
	at edu.market.notification.infrastructure.adapter.output.persistence.entity.NotificationChannelEntity.hashCode(NotificationChannelEntity.java:13)
	at java.base/java.util.AbstractSet.hashCode(AbstractSet.java:124)
	at edu.market.notification.infrastructure.adapter.output.persistence.entity.NotificationEntity.hashCode(NotificationEntity.java:21)
	at edu.market.notification.infrastructure.adapter.output.persistence.entity.NotificationChannelEntity.hashCode(NotificationChannelEntity.java:13)
	at java.base/java.util.AbstractSet.hashCode(AbstractSet.java:124)
	at edu.market.notification.infrastructure.adapter.output.persistence.entity.NotificationEntity.hashCode(NotificationEntity.java:21)
	at edu.market.notification.infrastructure.adapter.output.persistence.entity.NotificationChannelEntity.hashCode(NotificationChannelEntity.java:13)
	at java.base/java.util.AbstractSet.hashCode(AbstractSet.java:124)
	at edu.market.notification.infrastructure.adapter.output.persistence.entity.NotificationEntity.hashCode(NotificationEntity.java:21)
	at edu.market.notification.infrastructure.adapter.output.persistence.entity.NotificationChannelEntity.hashCode(NotificationChannelEntity.java:13)
	at java.base/java.util.AbstractSet.hashCode(AbstractSet.java:124)
	at edu.market.notification.infrastructure.adapter.output.persistence.entity.NotificationEntity.hashCode(NotificationEntity.java:21)
	at edu.market.notification.infrastructure.adapter.output.persistence.entity.NotificationChannelEntity.hashCode(NotificationChannelEntity.java:13)
	at java.base/java.util.AbstractSet.hashCode(AbstractSet.java:124)
	at edu.market.notification.infrastructure.adapter.output.persistence.entity.NotificationEntity.hashCode(NotificationEntity.java:21)
	at edu.market.notification.infrastructure.adapter.output.persistence.entity.NotificationChannelEntity.hashCode(NotificationChannelEntity.java:13)
	at java.base/java.util.AbstractSet.hashCode(AbstractSet.java:124)
	at edu.market.notification.infrastructure.adapter.output.persistence.entity.NotificationEntity.hashCode(NotificationEntity.java:21)
	at edu.market.notification.infrastructure.adapter.output.persistence.entity.NotificationChannelEntity.hashCode(NotificationChannelEntity.java:13)
	at java.base/java.util.AbstractSet.hashCode(AbstractSet.java:124)
	at edu.market.notification.infrastructure.adapter.output.persistence.entity.NotificationEntity.hashCode(NotificationEntity.java:21)
	at edu.market.notification.infrastructure.adapter.output.persistence.entity.NotificationChannelEntity.hashCode(NotificationChannelEntity.java:13)
	at java.base/java.util.AbstractSet.hashCode(AbstractSet.java:124)
	at edu.market.notification.infrastructure.adapter.output.persistence.entity.NotificationEntity.hashCode(NotificationEntity.java:21)
	at edu.market.notification.infrastructure.adapter.output.persistence.entity.NotificationChannelEntity.hashCode(NotificationChannelEntity.java:13)
	at java.base/java.util.AbstractSet.hashCode(AbstractSet.java:124)
	at edu.market.notification.infrastructure.adapter.output.persistence.entity.NotificationEntity.hashCode(NotificationEntity.java:21)
	at edu.market.notification.infrastructure.adapter.output.persistence.entity.NotificationChannelEntity.hashCode(NotificationChannelEntity.java:13)
	at java.base/java.util.AbstractSet.hashCode(AbstractSet.java:124)
	at edu.market.notification.infrastructure.adapter.output.persistence.entity.NotificationEntity.hashCode(NotificationEntity.java:21)
	at edu.market.notification.infrastructure.adapter.output.persistence.entity.NotificationChannelEntity.hashCode(NotificationChannelEntity.java:13)
	at java.base/java.util.AbstractSet.hashCode(AbstractSet.java:124)
	at edu.market.notification.infrastructure.adapter.output.persistence.entity.NotificationEntity.hashCode(NotificationEntity.java:21)
	at edu.market.notification.infrastructure.adapter.output.persistence.entity.NotificationChannelEntity.hashCode(NotificationChannelEntity.java:13)
	at java.base/java.util.AbstractSet.hashCode(AbstractSet.java:124)
	at edu.market.notification.infrastructure.adapter.output.persistence.entity.NotificationEntity.hashCode(NotificationEntity.java:21)
	at edu.market.notification.infrastructure.adapter.output.persistence.entity.NotificationChannelEntity.hashCode(NotificationChannelEntity.java:13)
	at java.base/java.util.AbstractSet.hashCode(AbstractSet.java:124)
	at edu.market.notification.infrastructure.adapter.output.persistence.entity.NotificationEntity.hashCode(NotificationEntity.java:21)
	at edu.market.notification.infrastructure.adapter.output.persistence.entity.NotificationChannelEntity.hashCode(NotificationChannelEntity.java:13)
	at java.base/java.util.AbstractSet.hashCode(AbstractSet.java:124)
	at edu.market.notification.infrastructure.adapter.output.persistence.entity.NotificationEntity.hashCode(NotificationEntity.java:21)
	at edu.market.notification.infrastructure.adapter.output.persistence.entity.NotificationChannelEntity.hashCode(NotificationChannelEntity.java:13)
	at java.base/java.util.AbstractSet.hashCode(AbstractSet.java:124)
	at edu.market.notification.infrastructure.adapter.output.persistence.entity.NotificationEntity.hashCode(NotificationEntity.java:21)
	at edu.market.notification.infrastructure.adapter.output.persistence.entity.NotificationChannelEntity.hashCode(NotificationChannelEntity.java:13)
	at java.base/java.util.AbstractSet.hashCode(AbstractSet.java:124)
	at edu.market.notification.infrastructure.adapter.output.persistence.entity.NotificationEntity.hashCode(NotificationEntity.java:21)
	at edu.market.notification.infrastructure.adapter.output.persistence.entity.NotificationChannelEntity.hashCode(NotificationChannelEntity.java:13)
	at java.base/java.util.AbstractSet.hashCode(AbstractSet.java:124)
	at edu.market.notification.infrastructure.adapter.output.persistence.entity.NotificationEntity.hashCode(NotificationEntity.java:21)
	at edu.market.notification.infrastructure.adapter.output.persistence.entity.NotificationChannelEntity.hashCode(NotificationChannelEntity.java:13)
	at java.base/java.util.AbstractSet.hashCode(AbstractSet.java:124)
	at edu.market.notification.infrastructure.adapter.output.persistence.entity.NotificationEntity.hashCode(NotificationEntity.java:21)
	at edu.market.notification.infrastructure.adapter.output.persistence.entity.NotificationChannelEntity.hashCode(NotificationChannelEntity.java:13)
	at java.base/java.util.AbstractSet.hashCode(AbstractSet.java:124)
	at edu.market.notification.infrastructure.adapter.output.persistence.entity.NotificationEntity.hashCode(NotificationEntity.java:21)
	at edu.market.notification.infrastructure.adapter.output.persistence.entity.NotificationChannelEntity.hashCode(NotificationChannelEntity.java:13)
	at java.base/java.util.AbstractSet.hashCode(AbstractSet.java:124)
	at edu.market.notification.infrastructure.adapter.output.persistence.entity.NotificationEntity.hashCode(NotificationEntity.java:21)
	at edu.market.notification.infrastructure.adapter.output.persistence.entity.NotificationChannelEntity.hashCode(NotificationChannelEntity.java:13)
	at java.base/java.util.AbstractSet.hashCode(AbstractSet.java:124)
	at edu.market.notification.infrastructure.adapter.output.persistence.entity.NotificationEntity.hashCode(NotificationEntity.java:21)
	at edu.market.notification.infrastructure.adapter.output.persistence.entity.NotificationChannelEntity.hashCode(NotificationChannelEntity.java:13)
	at java.base/java.util.AbstractSet.hashCode(AbstractSet.java:124)
	at edu.market.notification.infrastructure.adapter.output.persistence.entity.NotificationEntity.hashCode(NotificationEntity.java:21)
	at edu.market.notification.infrastructure.adapter.output.persistence.entity.NotificationChannelEntity.hashCode(NotificationChannelEntity.java:13)
	at java.base/java.util.AbstractSet.hashCode(AbstractSet.java:124)
	at edu.market.notification.infrastructure.adapter.output.persistence.entity.NotificationEntity.hashCode(NotificationEntity.java:21)
	at edu.market.notification.infrastructure.adapter.output.persistence.entity.NotificationChannelEntity.hashCode(NotificationChannelEntity.java:13)
	at java.base/java.util.AbstractSet.hashCode(AbstractSet.java:124)
	at edu.market.notification.infrastructure.adapter.output.persistence.entity.NotificationEntity.hashCode(NotificationEntity.java:21)
	at edu.market.notification.infrastructure.adapter.output.persistence.entity.NotificationChannelEntity.hashCode(NotificationChannelEntity.java:13)
	at java.base/java.util.AbstractSet.hashCode(AbstractSet.java:124)
	at edu.market.notification.infrastructure.adapter.output.persistence.entity.NotificationEntity.hashCode(NotificationEntity.java:21)
	at edu.market.notification.infrastructure.adapter.output.persistence.entity.NotificationChannelEntity.hashCode(NotificationChannelEntity.java:13)
	at java.base/java.util.AbstractSet.hashCode(AbstractSet.java:124)
	at edu.market.notification.infrastructure.adapter.output.persistence.entity.NotificationEntity.hashCode(NotificationEntity.java:21)
	at edu.market.notification.infrastructure.adapter.output.persistence.entity.NotificationChannelEntity.hashCode(NotificationChannelEntity.java:13)
	at java.base/java.util.AbstractSet.hashCode(AbstractSet.java:124)
	at edu.market.notification.infrastructure.adapter.output.persistence.entity.NotificationEntity.hashCode(NotificationEntity.java:21)
	at edu.market.notification.infrastructure.adapter.output.persistence.entity.NotificationChannelEntity.hashCode(NotificationChannelEntity.java:13)
	at java.base/java.util.AbstractSet.hashCode(AbstractSet.java:124)
	at edu.market.notification.infrastructure.adapter.output.persistence.entity.NotificationEntity.hashCode(NotificationEntity.java:21)
	at edu.market.notification.infrastructure.adapter.output.persistence.entity.NotificationChannelEntity.hashCode(NotificationChannelEntity.java:13)
	at java.base/java.util.AbstractSet.hashCode(AbstractSet.java:124)
	at edu.market.notification.infrastructure.adapter.output.persistence.entity.NotificationEntity.hashCode(NotificationEntity.java:21)
	at edu.market.notification.infrastructure.adapter.output.persistence.entity.NotificationChannelEntity.hashCode(NotificationChannelEntity.java:13)
	at java.base/java.util.AbstractSet.hashCode(AbstractSet.java:124)
	at edu.market.notification.infrastructure.adapter.output.persistence.entity.NotificationEntity.hashCode(NotificationEntity.java:21)
	at edu.market.notification.infrastructure.adapter.output.persistence.entity.NotificationChannelEntity.hashCode(NotificationChannelEntity.java:13)
	at java.base/java.util.AbstractSet.hashCode(AbstractSet.java:124)
	at edu.market.notification.infrastructure.adapter.output.persistence.entity.NotificationEntity.hashCode(NotificationEntity.java:21)
	at edu.market.notification.infrastructure.adapter.output.persistence.entity.NotificationChannelEntity.hashCode(NotificationChannelEntity.java:13)
	at java.base/java.util.AbstractSet.hashCode(AbstractSet.java:124)
	at edu.market.notification.infrastructure.adapter.output.persistence.entity.NotificationEntity.hashCode(NotificationEntity.java:21)
	at edu.market.notification.infrastructure.adapter.output.persistence.entity.NotificationChannelEntity.hashCode(NotificationChannelEntity.java:13)
	at java.base/java.util.AbstractSet.hashCode(AbstractSet.java:124)
	at edu.market.notification.infrastructure.adapter.output.persistence.entity.NotificationEntity.hashCode(NotificationEntity.java:21)
	at edu.market.notification.infrastructure.adapter.output.persistence.entity.NotificationChannelEntity.hashCode(NotificationChannelEntity.java:13)
	at java.base/java.util.AbstractSet.hashCode(AbstractSet.java:124)
	at edu.market.notification.infrastructure.adapter.output.persistence.entity.NotificationEntity.hashCode(NotificationEntity.java:21)
	at edu.market.notification.infrastructure.adapter.output.persistence.entity.NotificationChannelEntity.hashCode(NotificationChannelEntity.java:13)
	at java.base/java.util.AbstractSet.hashCode(AbstractSet.java:124)
	at edu.market.notification.infrastructure.adapter.output.persistence.entity.NotificationEntity.hashCode(NotificationEntity.java:21)
	at edu.market.notification.infrastructure.adapter.output.persistence.entity.NotificationChannelEntity.hashCode(NotificationChannelEntity.java:13)
	at java.base/java.util.AbstractSet.hashCode(AbstractSet.java:124)
	at edu.market.notification.infrastructure.adapter.output.persistence.entity.NotificationEntity.hashCode(NotificationEntity.java:21)
	at edu.market.notification.infrastructure.adapter.output.persistence.entity.NotificationChannelEntity.hashCode(NotificationChannelEntity.java:13)
	at java.base/java.util.AbstractSet.hashCode(AbstractSet.java:124)
	at edu.market.notification.infrastructure.adapter.output.persistence.entity.NotificationEntity.hashCode(NotificationEntity.java:21)
	at edu.market.notification.infrastructure.adapter.output.persistence.entity.NotificationChannelEntity.hashCode(NotificationChannelEntity.java:13)
	at java.base/java.util.AbstractSet.hashCode(AbstractSet.java:124)
	at edu.market.notification.infrastructure.adapter.output.persistence.entity.NotificationEntity.hashCode(NotificationEntity.java:21)
	at edu.market.notification.infrastructure.adapter.output.persistence.entity.NotificationChannelEntity.hashCode(NotificationChannelEntity.java:13)
	at java.base/java.util.AbstractSet.hashCode(AbstractSet.java:124)
	at edu.market.notification.infrastructure.adapter.output.persistence.entity.NotificationEntity.hashCode(NotificationEntity.java:21)
	at edu.market.notification.infrastructure.adapter.output.persistence.entity.NotificationChannelEntity.hashCode(NotificationChannelEntity.java:13)
	at java.base/java.util.AbstractSet.hashCode(AbstractSet.java:124)
	at edu.market.notification.infrastructure.adapter.output.persistence.entity.NotificationEntity.hashCode(NotificationEntity.java:21)
	at edu.market.notification.infrastructure.adapter.output.persistence.entity.NotificationChannelEntity.hashCode(NotificationChannelEntity.java:13)
	at java.base/java.util.AbstractSet.hashCode(AbstractSet.java:124)
	at edu.market.notification.infrastructure.adapter.output.persistence.entity.NotificationEntity.hashCode(NotificationEntity.java:21)
	at edu.market.notification.infrastructure.adapter.output.persistence.entity.NotificationChannelEntity.hashCode(NotificationChannelEntity.java:13)
	at java.base/java.util.AbstractSet.hashCode(AbstractSet.java:124)
	at edu.market.notification.infrastructure.adapter.output.persistence.entity.NotificationEntity.hashCode(NotificationEntity.java:21)
	at edu.market.notification.infrastructure.adapter.output.persistence.entity.NotificationChannelEntity.hashCode(NotificationChannelEntity.java:13)
	at java.base/java.util.AbstractSet.hashCode(AbstractSet.java:124)
	at edu.market.notification.infrastructure.adapter.output.persistence.entity.NotificationEntity.hashCode(NotificationEntity.java:21)
	at edu.market.notification.infrastructure.adapter.output.persistence.entity.NotificationChannelEntity.hashCode(NotificationChannelEntity.java:13)
	at java.base/java.util.AbstractSet.hashCode(AbstractSet.java:124)
	at edu.market.notification.infrastructure.adapter.output.persistence.entity.NotificationEntity.hashCode(NotificationEntity.java:21)
	at edu.market.notification.infrastructure.adapter.output.persistence.entity.NotificationChannelEntity.hashCode(NotificationChannelEntity.java:13)
	at java.base/java.util.AbstractSet.hashCode(AbstractSet.java:124)
	at edu.market.notification.infrastructure.adapter.output.persistence.entity.NotificationEntity.hashCode(NotificationEntity.java:21)
	at edu.market.notification.infrastructure.adapter.output.persistence.entity.NotificationChannelEntity.hashCode(NotificationChannelEntity.java:13)
	at java.base/java.util.AbstractSet.hashCode(AbstractSet.java:124)
	at edu.market.notification.infrastructure.adapter.output.persistence.entity.NotificationEntity.hashCode(NotificationEntity.java:21)
	at edu.market.notification.infrastructure.adapter.output.persistence.entity.NotificationChannelEntity.hashCode(NotificationChannelEntity.java:13)
	at java.base/java.util.AbstractSet.hashCode(AbstractSet.java:124)
	at edu.market.notification.infrastructure.adapter.output.persistence.entity.NotificationEntity.hashCode(NotificationEntity.java:21)
	at edu.market.notification.infrastructure.adapter.output.persistence.entity.NotificationChannelEntity.hashCode(NotificationChannelEntity.java:13)
	at java.base/java.util.AbstractSet.hashCode(AbstractSet.java:124)
	at edu.market.notification.infrastructure.adapter.output.persistence.entity.NotificationEntity.hashCode(NotificationEntity.java:21)
	at edu.market.notification.infrastructure.adapter.output.persistence.entity.NotificationChannelEntity.hashCode(NotificationChannelEntity.java:13)
	at java.base/java.util.AbstractSet.hashCode(AbstractSet.java:124)
	at edu.market.notification.infrastructure.adapter.output.persistence.entity.NotificationEntity.hashCode(NotificationEntity.java:21)
	at edu.market.notification.infrastructure.adapter.output.persistence.entity.NotificationChannelEntity.hashCode(NotificationChannelEntity.java:13)
	at java.base/java.util.AbstractSet.hashCode(AbstractSet.java:124)
	at edu.market.notification.infrastructure.adapter.output.persistence.entity.NotificationEntity.hashCode(NotificationEntity.java:21)
	at edu.market.notification.infrastructure.adapter.output.persistence.entity.NotificationChannelEntity.hashCode(NotificationChannelEntity.java:13)
	at java.base/java.util.AbstractSet.hashCode(AbstractSet.java:124)
	at edu.market.notification.infrastructure.adapter.output.persistence.entity.NotificationEntity.hashCode(NotificationEntity.java:21)
	at edu.market.notification.infrastructure.adapter.output.persistence.entity.NotificationChannelEntity.hashCode(NotificationChannelEntity.java:13)
	at java.base/java.util.AbstractSet.hashCode(AbstractSet.java:124)
	at edu.market.notification.infrastructure.adapter.output.persistence.entity.NotificationEntity.hashCode(NotificationEntity.java:21)
	at edu.market.notification.infrastructure.adapter.output.persistence.entity.NotificationChannelEntity.hashCode(NotificationChannelEntity.java:13)
	at java.base/java.util.AbstractSet.hashCode(AbstractSet.java:124)
	at edu.market.notification.infrastructure.adapter.output.persistence.entity.NotificationEntity.hashCode(NotificationEntity.java:21)
	at edu.market.notification.infrastructure.adapter.output.persistence.entity.NotificationChannelEntity.hashCode(NotificationChannelEntity.java:13)
	at java.base/java.util.AbstractSet.hashCode(AbstractSet.java:124)
	at edu.market.notification.infrastructure.adapter.output.persistence.entity.NotificationEntity.hashCode(NotificationEntity.java:21)
	at edu.market.notification.infrastructure.adapter.output.persistence.entity.NotificationChannelEntity.hashCode(NotificationChannelEntity.java:13)
	at java.base/java.util.AbstractSet.hashCode(AbstractSet.java:124)
	at edu.market.notification.infrastructure.adapter.output.persistence.entity.NotificationEntity.hashCode(NotificationEntity.java:21)
	at edu.market.notification.infrastructure.adapter.output.persistence.entity.NotificationChannelEntity.hashCode(NotificationChannelEntity.java:13)
	at java.base/java.util.AbstractSet.hashCode(AbstractSet.java:124)
	at edu.market.notification.infrastructure.adapter.output.persistence.entity.NotificationEntity.hashCode(NotificationEntity.java:21)
	at edu.market.notification.infrastructure.adapter.output.persistence.entity.NotificationChannelEntity.hashCode(NotificationChannelEntity.java:13)
	at java.base/java.util.AbstractSet.hashCode(AbstractSet.java:124)
	at edu.market.notification.infrastructure.adapter.output.persistence.entity.NotificationEntity.hashCode(NotificationEntity.java:21)
	at edu.market.notification.infrastructure.adapter.output.persistence.entity.NotificationChannelEntity.hashCode(NotificationChannelEntity.java:13)
	at java.base/java.util.AbstractSet.hashCode(AbstractSet.java:124)
	at edu.market.notification.infrastructure.adapter.output.persistence.entity.NotificationEntity.hashCode(NotificationEntity.java:21)
	at edu.market.notification.infrastructure.adapter.output.persistence.entity.NotificationChannelEntity.hashCode(NotificationChannelEntity.java:13)
	at java.base/java.util.AbstractSet.hashCode(AbstractSet.java:124)
	at edu.market.notification.infrastructure.adapter.output.persistence.entity.NotificationEntity.hashCode(NotificationEntity.java:21)
	at edu.market.notification.infrastructure.adapter.output.persistence.entity.NotificationChannelEntity.hashCode(NotificationChannelEntity.java:13)
	at java.base/java.util.AbstractSet.hashCode(AbstractSet.java:124)
	at edu.market.notification.infrastructure.adapter.output.persistence.entity.NotificationEntity.hashCode(NotificationEntity.java:21)
	at edu.market.notification.infrastructure.adapter.output.persistence.entity.NotificationChannelEntity.hashCode(NotificationChannelEntity.java:13)
	at java.base/java.util.AbstractSet.hashCode(AbstractSet.java:124)
	at edu.market.notification.infrastructure.adapter.output.persistence.entity.NotificationEntity.hashCode(NotificationEntity.java:21)
	at edu.market.notification.infrastructure.adapter.output.persistence.entity.NotificationChannelEntity.hashCode(NotificationChannelEntity.java:13)
	at java.base/java.util.AbstractSet.hashCode(AbstractSet.java:124)
	at edu.market.notification.infrastructure.adapter.output.persistence.entity.NotificationEntity.hashCode(NotificationEntity.java:21)
	at edu.market.notification.infrastructure.adapter.output.persistence.entity.NotificationChannelEntity.hashCode(NotificationChannelEntity.java:13)
	at java.base/java.util.AbstractSet.hashCode(AbstractSet.java:124)
	at edu.market.notification.infrastructure.adapter.output.persistence.entity.NotificationEntity.hashCode(NotificationEntity.java:21)
	at edu.market.notification.infrastructure.adapter.output.persistence.entity.NotificationChannelEntity.hashCode(NotificationChannelEntity.java:13)
	at java.base/java.util.AbstractSet.hashCode(AbstractSet.java:124)
	at edu.market.notification.infrastructure.adapter.output.persistence.entity.NotificationEntity.hashCode(NotificationEntity.java:21)
	at edu.market.notification.infrastructure.adapter.output.persistence.entity.NotificationChannelEntity.hashCode(NotificationChannelEntity.java:13)
	at java.base/java.util.AbstractSet.hashCode(AbstractSet.java:124)
	at edu.market.notification.infrastructure.adapter.output.persistence.entity.NotificationEntity.hashCode(NotificationEntity.java:21)
	at edu.market.notification.infrastructure.adapter.output.persistence.entity.NotificationChannelEntity.hashCode(NotificationChannelEntity.java:13)
	at java.base/java.util.AbstractSet.hashCode(AbstractSet.java:124)
	at edu.market.notification.infrastructure.adapter.output.persistence.entity.NotificationEntity.hashCode(NotificationEntity.java:21)
	at edu.market.notification.infrastructure.adapter.output.persistence.entity.NotificationChannelEntity.hashCode(NotificationChannelEntity.java:13)
	at java.base/java.util.AbstractSet.hashCode(AbstractSet.java:124)
	at edu.market.notification.infrastructure.adapter.output.persistence.entity.NotificationEntity.hashCode(NotificationEntity.java:21)
	at edu.market.notification.infrastructure.adapter.output.persistence.entity.NotificationChannelEntity.hashCode(NotificationChannelEntity.java:13)
	at java.base/java.util.AbstractSet.hashCode(AbstractSet.java:124)
	at edu.market.notification.infrastructure.adapter.output.persistence.entity.NotificationEntity.hashCode(NotificationEntity.java:21)
	at edu.market.notification.infrastructure.adapter.output.persistence.entity.NotificationChannelEntity.hashCode(NotificationChannelEntity.java:13)
	at java.base/java.util.AbstractSet.hashCode(AbstractSet.java:124)
	at edu.market.notification.infrastructure.adapter.output.persistence.entity.NotificationEntity.hashCode(NotificationEntity.java:21)
	at edu.market.notification.infrastructure.adapter.output.persistence.entity.NotificationChannelEntity.hashCode(NotificationChannelEntity.java:13)
	at java.base/java.util.AbstractSet.hashCode(AbstractSet.java:124)
	at edu.market.notification.infrastructure.adapter.output.persistence.entity.NotificationEntity.hashCode(NotificationEntity.java:21)
	at edu.market.notification.infrastructure.adapter.output.persistence.entity.NotificationChannelEntity.hashCode(NotificationChannelEntity.java:13)
	at java.base/java.util.AbstractSet.hashCode(AbstractSet.java:124)
	at edu.market.notification.infrastructure.adapter.output.persistence.entity.NotificationEntity.hashCode(NotificationEntity.java:21)
	at edu.market.notification.infrastructure.adapter.output.persistence.entity.NotificationChannelEntity.hashCode(NotificationChannelEntity.java:13)
	at java.base/java.util.AbstractSet.hashCode(AbstractSet.java:124)
	at edu.market.notification.infrastructure.adapter.output.persistence.entity.NotificationEntity.hashCode(NotificationEntity.java:21)
	at edu.market.notification.infrastructure.adapter.output.persistence.entity.NotificationChannelEntity.hashCode(NotificationChannelEntity.java:13)
	at java.base/java.util.AbstractSet.hashCode(AbstractSet.java:124)
	at edu.market.notification.infrastructure.adapter.output.persistence.entity.NotificationEntity.hashCode(NotificationEntity.java:21)
	at edu.market.notification.infrastructure.adapter.output.persistence.entity.NotificationChannelEntity.hashCode(NotificationChannelEntity.java:13)
	at java.base/java.util.AbstractSet.hashCode(AbstractSet.java:124)
	at edu.market.notification.infrastructure.adapter.output.persistence.entity.NotificationEntity.hashCode(NotificationEntity.java:21)
	at edu.market.notification.infrastructure.adapter.output.persistence.entity.NotificationChannelEntity.hashCode(NotificationChannelEntity.java:13)
	at java.base/java.util.AbstractSet.hashCode(AbstractSet.java:124)
	at edu.market.notification.infrastructure.adapter.output.persistence.entity.NotificationEntity.hashCode(NotificationEntity.java:21)
	at edu.market.notification.infrastructure.adapter.output.persistence.entity.NotificationChannelEntity.hashCode(NotificationChannelEntity.java:13)
	at java.base/java.util.AbstractSet.hashCode(AbstractSet.java:124)
	at edu.market.notification.infrastructure.adapter.output.persistence.entity.NotificationEntity.hashCode(NotificationEntity.java:21)
	at edu.market.notification.infrastructure.adapter.output.persistence.entity.NotificationChannelEntity.hashCode(NotificationChannelEntity.java:13)
	at java.base/java.util.AbstractSet.hashCode(AbstractSet.java:124)
	at edu.market.notification.infrastructure.adapter.output.persistence.entity.NotificationEntity.hashCode(NotificationEntity.java:21)
	at edu.market.notification.infrastructure.adapter.output.persistence.entity.NotificationChannelEntity.hashCode(NotificationChannelEntity.java:13)
	at java.base/java.util.AbstractSet.hashCode(AbstractSet.java:124)
	at edu.market.notification.infrastructure.adapter.output.persistence.entity.NotificationEntity.hashCode(NotificationEntity.java:21)
	at edu.market.notification.infrastructure.adapter.output.persistence.entity.NotificationChannelEntity.hashCode(NotificationChannelEntity.java:13)
	at java.base/java.util.AbstractSet.hashCode(AbstractSet.java:124)
	at edu.market.notification.infrastructure.adapter.output.persistence.entity.NotificationEntity.hashCode(NotificationEntity.java:21)
	at edu.market.notification.infrastructure.adapter.output.persistence.entity.NotificationChannelEntity.hashCode(NotificationChannelEntity.java:13)
	at java.base/java.util.AbstractSet.hashCode(AbstractSet.java:124)
	at edu.market.notification.infrastructure.adapter.output.persistence.entity.NotificationEntity.hashCode(NotificationEntity.java:21)
	at edu.market.notification.infrastructure.adapter.output.persistence.entity.NotificationChannelEntity.hashCode(NotificationChannelEntity.java:13)
	at java.base/java.util.AbstractSet.hashCode(AbstractSet.java:124)
	at edu.market.notification.infrastructure.adapter.output.persistence.entity.NotificationEntity.hashCode(NotificationEntity.java:21)
	at edu.market.notification.infrastructure.adapter.output.persistence.entity.NotificationChannelEntity.hashCode(NotificationChannelEntity.java:13)
	at java.base/java.util.AbstractSet.hashCode(AbstractSet.java:124)
	at edu.market.notification.infrastructure.adapter.output.persistence.entity.NotificationEntity.hashCode(NotificationEntity.java:21)
	at edu.market.notification.infrastructure.adapter.output.persistence.entity.NotificationChannelEntity.hashCode(NotificationChannelEntity.java:13)
	at java.base/java.util.AbstractSet.hashCode(AbstractSet.java:124)
	at edu.market.notification.infrastructure.adapter.output.persistence.entity.NotificationEntity.hashCode(NotificationEntity.java:21)
	at edu.market.notification.infrastructure.adapter.output.persistence.entity.NotificationChannelEntity.hashCode(NotificationChannelEntity.java:13)
	at java.base/java.util.AbstractSet.hashCode(AbstractSet.java:124)
	at edu.market.notification.infrastructure.adapter.output.persistence.entity.NotificationEntity.hashCode(NotificationEntity.java:21)
	at edu.market.notification.infrastructure.adapter.output.persistence.entity.NotificationChannelEntity.hashCode(NotificationChannelEntity.java:13)
	at java.base/java.util.AbstractSet.hashCode(AbstractSet.java:124)
	at edu.market.notification.infrastructure.adapter.output.persistence.entity.NotificationEntity.hashCode(NotificationEntity.java:21)
	at edu.market.notification.infrastructure.adapter.output.persistence.entity.NotificationChannelEntity.hashCode(NotificationChannelEntity.java:13)
	at java.base/java.util.AbstractSet.hashCode(AbstractSet.java:124)
	at edu.market.notification.infrastructure.adapter.output.persistence.entity.NotificationEntity.hashCode(NotificationEntity.java:21)
	at edu.market.notification.infrastructure.adapter.output.persistence.entity.NotificationChannelEntity.hashCode(NotificationChannelEntity.java:13)
	at java.base/java.util.AbstractSet.hashCode(AbstractSet.java:124)
	at edu.market.notification.infrastructure.adapter.output.persistence.entity.NotificationEntity.hashCode(NotificationEntity.java:21)
	at edu.market.notification.infrastructure.adapter.output.persistence.entity.NotificationChannelEntity.hashCode(NotificationChannelEntity.java:13)
	at java.base/java.util.AbstractSet.hashCode(AbstractSet.java:124)
	at edu.market.notification.infrastructure.adapter.output.persistence.entity.NotificationEntity.hashCode(NotificationEntity.java:21)
	at edu.market.notification.infrastructure.adapter.output.persistence.entity.NotificationChannelEntity.hashCode(NotificationChannelEntity.java:13)
	at java.base/java.util.AbstractSet.hashCode(AbstractSet.java:124)
	at edu.market.notification.infrastructure.adapter.output.persistence.entity.NotificationEntity.hashCode(NotificationEntity.java:21)
	at edu.market.notification.infrastructure.adapter.output.persistence.entity.NotificationChannelEntity.hashCode(NotificationChannelEntity.java:13)
	at java.base/java.util.AbstractSet.hashCode(AbstractSet.java:124)
	at edu.market.notification.infrastructure.adapter.output.persistence.entity.NotificationEntity.hashCode(NotificationEntity.java:21)
	at edu.market.notification.infrastructure.adapter.output.persistence.entity.NotificationChannelEntity.hashCode(NotificationChannelEntity.java:13)
	at java.base/java.util.AbstractSet.hashCode(AbstractSet.java:124)
	at edu.market.notification.infrastructure.adapter.output.persistence.entity.NotificationEntity.hashCode(NotificationEntity.java:21)
	at edu.market.notification.infrastructure.adapter.output.persistence.entity.NotificationChannelEntity.hashCode(NotificationChannelEntity.java:13)
	at java.base/java.util.AbstractSet.hashCode(AbstractSet.java:124)
	at edu.market.notification.infrastructure.adapter.output.persistence.entity.NotificationEntity.hashCode(NotificationEntity.java:21)
	at edu.market.notification.infrastructure.adapter.output.persistence.entity.NotificationChannelEntity.hashCode(NotificationChannelEntity.java:13)
	at java.base/java.util.AbstractSet.hashCode(AbstractSet.java:124)
	at edu.market.notification.infrastructure.adapter.output.persistence.entity.NotificationEntity.hashCode(NotificationEntity.java:21)
	at edu.market.notification.infrastructure.adapter.output.persistence.entity.NotificationChannelEntity.hashCode(NotificationChannelEntity.java:13)
	at java.base/java.util.AbstractSet.hashCode(AbstractSet.java:124)
	at edu.market.notification.infrastructure.adapter.output.persistence.entity.NotificationEntity.hashCode(NotificationEntity.java:21)
	at edu.market.notification.infrastructure.adapter.output.persistence.entity.NotificationChannelEntity.hashCode(NotificationChannelEntity.java:13)
	at java.base/java.util.AbstractSet.hashCode(AbstractSet.java:124)
	at edu.market.notification.infrastructure.adapter.output.persistence.entity.NotificationEntity.hashCode(NotificationEntity.java:21)
	at edu.market.notification.infrastructure.adapter.output.persistence.entity.NotificationChannelEntity.hashCode(NotificationChannelEntity.java:13)
	at java.base/java.util.AbstractSet.hashCode(AbstractSet.java:124)
	at edu.market.notification.infrastructure.adapter.output.persistence.entity.NotificationEntity.hashCode(NotificationEntity.java:21)
	at edu.market.notification.infrastructure.adapter.output.persistence.entity.NotificationChannelEntity.hashCode(NotificationChannelEntity.java:13)
	at java.base/java.util.AbstractSet.hashCode(AbstractSet.java:124)
	at edu.market.notification.infrastructure.adapter.output.persistence.entity.NotificationEntity.hashCode(NotificationEntity.java:21)
	at edu.market.notification.infrastructure.adapter.output.persistence.entity.NotificationChannelEntity.hashCode(NotificationChannelEntity.java:13)
	at java.base/java.util.AbstractSet.hashCode(AbstractSet.java:124)
	at edu.market.notification.infrastructure.adapter.output.persistence.entity.NotificationEntity.hashCode(NotificationEntity.java:21)
	at edu.market.notification.infrastructure.adapter.output.persistence.entity.NotificationChannelEntity.hashCode(NotificationChannelEntity.java:13)
	at java.base/java.util.AbstractSet.hashCode(AbstractSet.java:124)
	at edu.market.notification.infrastructure.adapter.output.persistence.entity.NotificationEntity.hashCode(NotificationEntity.java:21)
	at edu.market.notification.infrastructure.adapter.output.persistence.entity.NotificationChannelEntity.hashCode(NotificationChannelEntity.java:13)
	at java.base/java.util.AbstractSet.hashCode(AbstractSet.java:124)
	at edu.market.notification.infrastructure.adapter.output.persistence.entity.NotificationEntity.hashCode(NotificationEntity.java:21)
	at edu.market.notification.infrastructure.adapter.output.persistence.entity.NotificationChannelEntity.hashCode(NotificationChannelEntity.java:13)
	at java.base/java.util.AbstractSet.hashCode(AbstractSet.java:124)
	at edu.market.notification.infrastructure.adapter.output.persistence.entity.NotificationEntity.hashCode(NotificationEntity.java:21)
	at edu.market.notification.infrastructure.adapter.output.persistence.entity.NotificationChannelEntity.hashCode(NotificationChannelEntity.java:13)
	at java.base/java.util.AbstractSet.hashCode(AbstractSet.java:124)
	at edu.market.notification.infrastructure.adapter.output.persistence.entity.NotificationEntity.hashCode(NotificationEntity.java:21)
	at edu.market.notification.infrastructure.adapter.output.persistence.entity.NotificationChannelEntity.hashCode(NotificationChannelEntity.java:13)
	at java.base/java.util.AbstractSet.hashCode(AbstractSet.java:124)
	at edu.market.notification.infrastructure.adapter.output.persistence.entity.NotificationEntity.hashCode(NotificationEntity.java:21)
	at edu.market.notification.infrastructure.adapter.output.persistence.entity.NotificationChannelEntity.hashCode(NotificationChannelEntity.java:13)
	at java.base/java.util.AbstractSet.hashCode(AbstractSet.java:124)
	at edu.market.notification.infrastructure.adapter.output.persistence.entity.NotificationEntity.hashCode(NotificationEntity.java:21)
	at edu.market.notification.infrastructure.adapter.output.persistence.entity.NotificationChannelEntity.hashCode(NotificationChannelEntity.java:13)
	at java.base/java.util.AbstractSet.hashCode(AbstractSet.java:124)
	at edu.market.notification.infrastructure.adapter.output.persistence.entity.NotificationEntity.hashCode(NotificationEntity.java:21)
	at edu.market.notification.infrastructure.adapter.output.persistence.entity.NotificationChannelEntity.hashCode(NotificationChannelEntity.java:13)
	at java.base/java.util.AbstractSet.hashCode(AbstractSet.java:124)
	at edu.market.notification.infrastructure.adapter.output.persistence.entity.NotificationEntity.hashCode(NotificationEntity.java:21)
	at edu.market.notification.infrastructure.adapter.output.persistence.entity.NotificationChannelEntity.hashCode(NotificationChannelEntity.java:13)
	at java.base/java.util.AbstractSet.hashCode(AbstractSet.java:124)
	at edu.market.notification.infrastructure.adapter.output.persistence.entity.NotificationEntity.hashCode(NotificationEntity.java:21)
	at edu.market.notification.infrastructure.adapter.output.persistence.entity.NotificationChannelEntity.hashCode(NotificationChannelEntity.java:13)
	at java.base/java.util.AbstractSet.hashCode(AbstractSet.java:124)
	at edu.market.notification.infrastructure.adapter.output.persistence.entity.NotificationEntity.hashCode(NotificationEntity.java:21)
	at edu.market.notification.infrastructure.adapter.output.persistence.entity.NotificationChannelEntity.hashCode(NotificationChannelEntity.java:13)
	at java.base/java.util.AbstractSet.hashCode(AbstractSet.java:124)
	at edu.market.notification.infrastructure.adapter.output.persistence.entity.NotificationEntity.hashCode(NotificationEntity.java:21)
	at edu.market.notification.infrastructure.adapter.output.persistence.entity.NotificationChannelEntity.hashCode(NotificationChannelEntity.java:13)
	at java.base/java.util.AbstractSet.hashCode(AbstractSet.java:124)
	at edu.market.notification.infrastructure.adapter.output.persistence.entity.NotificationEntity.hashCode(NotificationEntity.java:21)
	at edu.market.notification.infrastructure.adapter.output.persistence.entity.NotificationChannelEntity.hashCode(NotificationChannelEntity.java:13)
	at java.base/java.util.AbstractSet.hashCode(AbstractSet.java:124)
	at edu.market.notification.infrastructure.adapter.output.persistence.entity.NotificationEntity.hashCode(NotificationEntity.java:21)
	at edu.market.notification.infrastructure.adapter.output.persistence.entity.NotificationChannelEntity.hashCode(NotificationChannelEntity.java:13)
	at java.base/java.util.AbstractSet.hashCode(AbstractSet.java:124)
	at edu.market.notification.infrastructure.adapter.output.persistence.entity.NotificationEntity.hashCode(NotificationEntity.java:21)
	at edu.market.notification.infrastructure.adapter.output.persistence.entity.NotificationChannelEntity.hashCode(NotificationChannelEntity.java:13)
	at java.base/java.util.AbstractSet.hashCode(AbstractSet.java:124)
	at edu.market.notification.infrastructure.adapter.output.persistence.entity.NotificationEntity.hashCode(NotificationEntity.java:21)
	at edu.market.notification.infrastructure.adapter.output.persistence.entity.NotificationChannelEntity.hashCode(NotificationChannelEntity.java:13)
	at java.base/java.util.AbstractSet.hashCode(AbstractSet.java:124)
	at edu.market.notification.infrastructure.adapter.output.persistence.entity.NotificationEntity.hashCode(NotificationEntity.java:21)
	at edu.market.notification.infrastructure.adapter.output.persistence.entity.NotificationChannelEntity.hashCode(NotificationChannelEntity.java:13)
	at java.base/java.util.AbstractSet.hashCode(AbstractSet.java:124)
	at edu.market.notification.infrastructure.adapter.output.persistence.entity.NotificationEntity.hashCode(NotificationEntity.java:21)
	at edu.market.notification.infrastructure.adapter.output.persistence.entity.NotificationChannelEntity.hashCode(NotificationChannelEntity.java:13)
	at java.base/java.util.AbstractSet.hashCode(AbstractSet.java:124)
	at edu.market.notification.infrastructure.adapter.output.persistence.entity.NotificationEntity.hashCode(NotificationEntity.java:21)
	at edu.market.notification.infrastructure.adapter.output.persistence.entity.NotificationChannelEntity.hashCode(NotificationChannelEntity.java:13)
	at java.base/java.util.AbstractSet.hashCode(AbstractSet.java:124)
	at edu.market.notification.infrastructure.adapter.output.persistence.entity.NotificationEntity.hashCode(NotificationEntity.java:21)
	at edu.market.notification.infrastructure.adapter.output.persistence.entity.NotificationChannelEntity.hashCode(NotificationChannelEntity.java:13)
	at java.base/java.util.AbstractSet.hashCode(AbstractSet.java:124)
	at edu.market.notification.infrastructure.adapter.output.persistence.entity.NotificationEntity.hashCode(NotificationEntity.java:21)
	at edu.market.notification.infrastructure.adapter.output.persistence.entity.NotificationChannelEntity.hashCode(NotificationChannelEntity.java:13)
	at java.base/java.util.AbstractSet.hashCode(AbstractSet.java:124)
	at edu.market.notification.infrastructure.adapter.output.persistence.entity.NotificationEntity.hashCode(NotificationEntity.java:21)
	at edu.market.notification.infrastructure.adapter.output.persistence.entity.NotificationChannelEntity.hashCode(NotificationChannelEntity.java:13)
	at java.base/java.util.AbstractSet.hashCode(AbstractSet.java:124)
	at edu.market.notification.infrastructure.adapter.output.persistence.entity.NotificationEntity.hashCode(NotificationEntity.java:21)
	at edu.market.notification.infrastructure.adapter.output.persistence.entity.NotificationChannelEntity.hashCode(NotificationChannelEntity.java:13)
	at java.base/java.util.AbstractSet.hashCode(AbstractSet.java:124)
	at edu.market.notification.infrastructure.adapter.output.persistence.entity.NotificationEntity.hashCode(NotificationEntity.java:21)
	at edu.market.notification.infrastructure.adapter.output.persistence.entity.NotificationChannelEntity.hashCode(NotificationChannelEntity.java:13)
	at java.base/java.util.AbstractSet.hashCode(AbstractSet.java:124)
	at edu.market.notification.infrastructure.adapter.output.persistence.entity.NotificationEntity.hashCode(NotificationEntity.java:21)
	at edu.market.notification.infrastructure.adapter.output.persistence.entity.NotificationChannelEntity.hashCode(NotificationChannelEntity.java:13)
	at java.base/java.util.AbstractSet.hashCode(AbstractSet.java:124)
	at edu.market.notification.infrastructure.adapter.output.persistence.entity.NotificationEntity.hashCode(NotificationEntity.java:21)
	at edu.market.notification.infrastructure.adapter.output.persistence.entity.NotificationChannelEntity.hashCode(NotificationChannelEntity.java:13)
	at java.base/java.util.AbstractSet.hashCode(AbstractSet.java:124)
	at edu.market.notification.infrastructure.adapter.output.persistence.entity.NotificationEntity.hashCode(NotificationEntity.java:21)
	at edu.market.notification.infrastructure.adapter.output.persistence.entity.NotificationChannelEntity.hashCode(NotificationChannelEntity.java:13)
	at java.base/java.util.AbstractSet.hashCode(AbstractSet.java:124)
	at edu.market.notification.infrastructure.adapter.output.persistence.entity.NotificationEntity.hashCode(NotificationEntity.java:21)
	at edu.market.notification.infrastructure.adapter.output.persistence.entity.NotificationChannelEntity.hashCode(NotificationChannelEntity.java:13)
	at java.base/java.util.AbstractSet.hashCode(AbstractSet.java:124)
	at edu.market.notification.infrastructure.adapter.output.persistence.entity.NotificationEntity.hashCode(NotificationEntity.java:21)
	at edu.market.notification.infrastructure.adapter.output.persistence.entity.NotificationChannelEntity.hashCode(NotificationChannelEntity.java:13)
	at java.base/java.util.AbstractSet.hashCode(AbstractSet.java:124)
	at edu.market.notification.infrastructure.adapter.output.persistence.entity.NotificationEntity.hashCode(NotificationEntity.java:21)
	at edu.market.notification.infrastructure.adapter.output.persistence.entity.NotificationChannelEntity.hashCode(NotificationChannelEntity.java:13)
	at java.base/java.util.AbstractSet.hashCode(AbstractSet.java:124)
	at edu.market.notification.infrastructure.adapter.output.persistence.entity.NotificationEntity.hashCode(NotificationEntity.java:21)
	at edu.market.notification.infrastructure.adapter.output.persistence.entity.NotificationChannelEntity.hashCode(NotificationChannelEntity.java:13)
	at java.base/java.util.AbstractSet.hashCode(AbstractSet.java:124)
	at edu.market.notification.infrastructure.adapter.output.persistence.entity.NotificationEntity.hashCode(NotificationEntity.java:21)
	at edu.market.notification.infrastructure.adapter.output.persistence.entity.NotificationChannelEntity.hashCode(NotificationChannelEntity.java:13)
	at java.base/java.util.AbstractSet.hashCode(AbstractSet.java:124)
	at edu.market.notification.infrastructure.adapter.output.persistence.entity.NotificationEntity.hashCode(NotificationEntity.java:21)
	at edu.market.notification.infrastructure.adapter.output.persistence.entity.NotificationChannelEntity.hashCode(NotificationChannelEntity.java:13)
	at java.base/java.util.AbstractSet.hashCode(AbstractSet.java:124)
	at edu.market.notification.infrastructure.adapter.output.persistence.entity.NotificationEntity.hashCode(NotificationEntity.java:21)
	at edu.market.notification.infrastructure.adapter.output.persistence.entity.NotificationChannelEntity.hashCode(NotificationChannelEntity.java:13)
	at java.base/java.util.AbstractSet.hashCode(AbstractSet.java:124)
	at edu.market.notification.infrastructure.adapter.output.persistence.entity.NotificationEntity.hashCode(NotificationEntity.java:21)
	at edu.market.notification.infrastructure.adapter.output.persistence.entity.NotificationChannelEntity.hashCode(NotificationChannelEntity.java:13)
	at java.base/java.util.AbstractSet.hashCode(AbstractSet.java:124)
	at edu.market.notification.infrastructure.adapter.output.persistence.entity.NotificationEntity.hashCode(NotificationEntity.java:21)
	at edu.market.notification.infrastructure.adapter.output.persistence.entity.NotificationChannelEntity.hashCode(NotificationChannelEntity.java:13)
	at java.base/java.util.AbstractSet.hashCode(AbstractSet.java:124)
	at edu.market.notification.infrastructure.adapter.output.persistence.entity.NotificationEntity.hashCode(NotificationEntity.java:21)
	at edu.market.notification.infrastructure.adapter.output.persistence.entity.NotificationChannelEntity.hashCode(NotificationChannelEntity.java:13)
	at java.base/java.util.AbstractSet.hashCode(AbstractSet.java:124)
	at edu.market.notification.infrastructure.adapter.output.persistence.entity.NotificationEntity.hashCode(NotificationEntity.java:21)
	at edu.market.notification.infrastructure.adapter.output.persistence.entity.NotificationChannelEntity.hashCode(NotificationChannelEntity.java:13)
	at java.base/java.util.AbstractSet.hashCode(AbstractSet.java:124)
	at edu.market.notification.infrastructure.adapter.output.persistence.entity.NotificationEntity.hashCode(NotificationEntity.java:21)
	at edu.market.notification.infrastructure.adapter.output.persistence.entity.NotificationChannelEntity.hashCode(NotificationChannelEntity.java:13)
	at java.base/java.util.AbstractSet.hashCode(AbstractSet.java:124)
	at edu.market.notification.infrastructure.adapter.output.persistence.entity.NotificationEntity.hashCode(NotificationEntity.java:21)
	at edu.market.notification.infrastructure.adapter.output.persistence.entity.NotificationChannelEntity.hashCode(NotificationChannelEntity.java:13)
	at java.base/java.util.AbstractSet.hashCode(AbstractSet.java:124)
	at edu.market.notification.infrastructure.adapter.output.persistence.entity.NotificationEntity.hashCode(NotificationEntity.java:21)
	at edu.market.notification.infrastructure.adapter.output.persistence.entity.NotificationChannelEntity.hashCode(NotificationChannelEntity.java:13)
	at java.base/java.util.AbstractSet.hashCode(AbstractSet.java:124)
	at edu.market.notification.infrastructure.adapter.output.persistence.entity.NotificationEntity.hashCode(NotificationEntity.java:21)
	at edu.market.notification.infrastructure.adapter.output.persistence.entity.NotificationChannelEntity.hashCode(NotificationChannelEntity.java:13)
	at java.base/java.util.AbstractSet.hashCode(AbstractSet.java:124)
	at edu.market.notification.infrastructure.adapter.output.persistence.entity.NotificationEntity.hashCode(NotificationEntity.java:21)
	at edu.market.notification.infrastructure.adapter.output.persistence.entity.NotificationChannelEntity.hashCode(NotificationChannelEntity.java:13)
	at java.base/java.util.AbstractSet.hashCode(AbstractSet.java:124)
	at edu.market.notification.infrastructure.adapter.output.persistence.entity.NotificationEntity.hashCode(NotificationEntity.java:21)
	at edu.market.notification.infrastructure.adapter.output.persistence.entity.NotificationChannelEntity.hashCode(NotificationChannelEntity.java:13)
	at java.base/java.util.AbstractSet.hashCode(AbstractSet.java:124)
	at edu.market.notification.infrastructure.adapter.output.persistence.entity.NotificationEntity.hashCode(NotificationEntity.java:21)
	at edu.market.notification.infrastructure.adapter.output.persistence.entity.NotificationChannelEntity.hashCode(NotificationChannelEntity.java:13)
	at java.base/java.util.AbstractSet.hashCode(AbstractSet.java:124)
	at edu.market.notification.infrastructure.adapter.output.persistence.entity.NotificationEntity.hashCode(NotificationEntity.java:21)
	at edu.market.notification.infrastructure.adapter.output.persistence.entity.NotificationChannelEntity.hashCode(NotificationChannelEntity.java:13)
	at java.base/java.util.AbstractSet.hashCode(AbstractSet.java:124)
	at edu.market.notification.infrastructure.adapter.output.persistence.entity.NotificationEntity.hashCode(NotificationEntity.java:21)
	at edu.market.notification.infrastructure.adapter.output.persistence.entity.NotificationChannelEntity.hashCode(NotificationChannelEntity.java:13)
	at java.base/java.util.AbstractSet.hashCode(AbstractSet.java:124)
	at edu.market.notification.infrastructure.adapter.output.persistence.entity.NotificationEntity.hashCode(NotificationEntity.java:21)
	at edu.market.notification.infrastructure.adapter.output.persistence.entity.NotificationChannelEntity.hashCode(NotificationChannelEntity.java:13)
	at java.base/java.util.AbstractSet.hashCode(AbstractSet.java:124)
	at edu.market.notification.infrastructure.adapter.output.persistence.entity.NotificationEntity.hashCode(NotificationEntity.java:21)
	at edu.market.notification.infrastructure.adapter.output.persistence.entity.NotificationChannelEntity.hashCode(NotificationChannelEntity.java:13)
	at java.base/java.util.AbstractSet.hashCode(AbstractSet.java:124)
	at edu.market.notification.infrastructure.adapter.output.persistence.entity.NotificationEntity.hashCode(NotificationEntity.java:21)
	at edu.market.notification.infrastructure.adapter.output.persistence.entity.NotificationChannelEntity.hashCode(NotificationChannelEntity.java:13)
	at java.base/java.util.AbstractSet.hashCode(AbstractSet.java:124)
	at edu.market.notification.infrastructure.adapter.output.persistence.entity.NotificationEntity.hashCode(NotificationEntity.java:21)
	at edu.market.notification.infrastructure.adapter.output.persistence.entity.NotificationChannelEntity.hashCode(NotificationChannelEntity.java:13)
	at java.base/java.util.AbstractSet.hashCode(AbstractSet.java:124)
	at edu.market.notification.infrastructure.adapter.output.persistence.entity.NotificationEntity.hashCode(NotificationEntity.java:21)
	at edu.market.notification.infrastructure.adapter.output.persistence.entity.NotificationChannelEntity.hashCode(NotificationChannelEntity.java:13)
	at java.base/java.util.AbstractSet.hashCode(AbstractSet.java:124)
	at edu.market.notification.infrastructure.adapter.output.persistence.entity.NotificationEntity.hashCode(NotificationEntity.java:21)
	at edu.market.notification.infrastructure.adapter.output.persistence.entity.NotificationChannelEntity.hashCode(NotificationChannelEntity.java:13)
	at java.base/java.util.AbstractSet.hashCode(AbstractSet.java:124)
	at edu.market.notification.infrastructure.adapter.output.persistence.entity.NotificationEntity.hashCode(NotificationEntity.java:21)
	at edu.market.notification.infrastructure.adapter.output.persistence.entity.NotificationChannelEntity.hashCode(NotificationChannelEntity.java:13)
	at java.base/java.util.AbstractSet.hashCode(AbstractSet.java:124)
	at edu.market.notification.infrastructure.adapter.output.persistence.entity.NotificationEntity.hashCode(NotificationEntity.java:21)
	at edu.market.notification.infrastructure.adapter.output.persistence.entity.NotificationChannelEntity.hashCode(NotificationChannelEntity.java:13)
	at java.base/java.util.AbstractSet.hashCode(AbstractSet.java:124)
	at edu.market.notification.infrastructure.adapter.output.persistence.entity.NotificationEntity.hashCode(NotificationEntity.java:21)
	at edu.market.notification.infrastructure.adapter.output.persistence.entity.NotificationChannelEntity.hashCode(NotificationChannelEntity.java:13)
	at java.base/java.util.AbstractSet.hashCode(AbstractSet.java:124)
	at edu.market.notification.infrastructure.adapter.output.persistence.entity.NotificationEntity.hashCode(NotificationEntity.java:21)
	at edu.market.notification.infrastructure.adapter.output.persistence.entity.NotificationChannelEntity.hashCode(NotificationChannelEntity.java:13)
	at java.base/java.util.AbstractSet.hashCode(AbstractSet.java:124)
	at edu.market.notification.infrastructure.adapter.output.persistence.entity.NotificationEntity.hashCode(NotificationEntity.java:21)
	at edu.market.notification.infrastructure.adapter.output.persistence.entity.NotificationChannelEntity.hashCode(NotificationChannelEntity.java:13)
	at java.base/java.util.AbstractSet.hashCode(AbstractSet.java:124)
	at edu.market.notification.infrastructure.adapter.output.persistence.entity.NotificationEntity.hashCode(NotificationEntity.java:21)
	at edu.market.notification.infrastructure.adapter.output.persistence.entity.NotificationChannelEntity.hashCode(NotificationChannelEntity.java:13)
	at java.base/java.util.AbstractSet.hashCode(AbstractSet.java:124)
	at edu.market.notification.infrastructure.adapter.output.persistence.entity.NotificationEntity.hashCode(NotificationEntity.java:21)
	at edu.market.notification.infrastructure.adapter.output.persistence.entity.NotificationChannelEntity.hashCode(NotificationChannelEntity.java:13)
	at java.base/java.util.AbstractSet.hashCode(AbstractSet.java:124)
	at edu.market.notification.infrastructure.adapter.output.persistence.entity.NotificationEntity.hashCode(NotificationEntity.java:21)
	at edu.market.notification.infrastructure.adapter.output.persistence.entity.NotificationChannelEntity.hashCode(NotificationChannelEntity.java:13)
	at java.base/java.util.AbstractSet.hashCode(AbstractSet.java:124)
	at edu.market.notification.infrastructure.adapter.output.persistence.entity.NotificationEntity.hashCode(NotificationEntity.java:21)
	at edu.market.notification.infrastructure.adapter.output.persistence.entity.NotificationChannelEntity.hashCode(NotificationChannelEntity.java:13)
	at java.base/java.util.AbstractSet.hashCode(AbstractSet.java:124)
	at edu.market.notification.infrastructure.adapter.output.persistence.entity.NotificationEntity.hashCode(NotificationEntity.java:21)
	at edu.market.notification.infrastructure.adapter.output.persistence.entity.NotificationChannelEntity.hashCode(NotificationChannelEntity.java:13)
	at java.base/java.util.AbstractSet.hashCode(AbstractSet.java:124)
	at edu.market.notification.infrastructure.adapter.output.persistence.entity.NotificationEntity.hashCode(NotificationEntity.java:21)
	at edu.market.notification.infrastructure.adapter.output.persistence.entity.NotificationChannelEntity.hashCode(NotificationChannelEntity.java:13)
	at java.base/java.util.AbstractSet.hashCode(AbstractSet.java:124)
	at edu.market.notification.infrastructure.adapter.output.persistence.entity.NotificationEntity.hashCode(NotificationEntity.java:21)
	at edu.market.notification.infrastructure.adapter.output.persistence.entity.NotificationChannelEntity.hashCode(NotificationChannelEntity.java:13)
	at java.base/java.util.AbstractSet.hashCode(AbstractSet.java:124)
	at edu.market.notification.infrastructure.adapter.output.persistence.entity.NotificationEntity.hashCode(NotificationEntity.java:21)
	at edu.market.notification.infrastructure.adapter.output.persistence.entity.NotificationChannelEntity.hashCode(NotificationChannelEntity.java:13)
	at java.base/java.util.AbstractSet.hashCode(AbstractSet.java:124)
	at edu.market.notification.infrastructure.adapter.output.persistence.entity.NotificationEntity.hashCode(NotificationEntity.java:21)
	at edu.market.notification.infrastructure.adapter.output.persistence.entity.NotificationChannelEntity.hashCode(NotificationChannelEntity.java:13)
	at java.base/java.util.AbstractSet.hashCode(AbstractSet.java:124)
	at edu.market.notification.infrastructure.adapter.output.persistence.entity.NotificationEntity.hashCode(NotificationEntity.java:21)
	at edu.market.notification.infrastructure.adapter.output.persistence.entity.NotificationChannelEntity.hashCode(NotificationChannelEntity.java:13)
	at java.base/java.util.AbstractSet.hashCode(AbstractSet.java:124)
	at edu.market.notification.infrastructure.adapter.output.persistence.entity.NotificationEntity.hashCode(NotificationEntity.java:21)
	at edu.market.notification.infrastructure.adapter.output.persistence.entity.NotificationChannelEntity.hashCode(NotificationChannelEntity.java:13)
	at java.base/java.util.AbstractSet.hashCode(AbstractSet.java:124)
	at edu.market.notification.infrastructure.adapter.output.persistence.entity.NotificationEntity.hashCode(NotificationEntity.java:21)
	at edu.market.notification.infrastructure.adapter.output.persistence.entity.NotificationChannelEntity.hashCode(NotificationChannelEntity.java:13)
	at java.base/java.util.AbstractSet.hashCode(AbstractSet.java:124)
	at edu.market.notification.infrastructure.adapter.output.persistence.entity.NotificationEntity.hashCode(NotificationEntity.java:21)
	at edu.market.notification.infrastructure.adapter.output.persistence.entity.NotificationChannelEntity.hashCode(NotificationChannelEntity.java:13)
	at java.base/java.util.AbstractSet.hashCode(AbstractSet.java:124)
	at edu.market.notification.infrastructure.adapter.output.persistence.entity.NotificationEntity.hashCode(NotificationEntity.java:21)
	at edu.market.notification.infrastructure.adapter.output.persistence.entity.NotificationChannelEntity.hashCode(NotificationChannelEntity.java:13)
	at java.base/java.util.AbstractSet.hashCode(AbstractSet.java:124)
	at edu.market.notification.infrastructure.adapter.output.persistence.entity.NotificationEntity.hashCode(NotificationEntity.java:21)
	at edu.market.notification.infrastructure.adapter.output.persistence.entity.NotificationChannelEntity.hashCode(NotificationChannelEntity.java:13)
	at java.base/java.util.AbstractSet.hashCode(AbstractSet.java:124)
	at edu.market.notification.infrastructure.adapter.output.persistence.entity.NotificationEntity.hashCode(NotificationEntity.java:21)
	at edu.market.notification.infrastructure.adapter.output.persistence.entity.NotificationChannelEntity.hashCode(NotificationChannelEntity.java:13)
	at java.base/java.util.AbstractSet.hashCode(AbstractSet.java:124)
	at edu.market.notification.infrastructure.adapter.output.persistence.entity.NotificationEntity.hashCode(NotificationEntity.java:21)
	at edu.market.notification.infrastructure.adapter.output.persistence.entity.NotificationChannelEntity.hashCode(NotificationChannelEntity.java:13)
	at java.base/java.util.AbstractSet.hashCode(AbstractSet.java:124)
	at edu.market.notification.infrastructure.adapter.output.persistence.entity.NotificationEntity.hashCode(NotificationEntity.java:21)
	at edu.market.notification.infrastructure.adapter.output.persistence.entity.NotificationChannelEntity.hashCode(NotificationChannelEntity.java:13)
	at java.base/java.util.AbstractSet.hashCode(AbstractSet.java:124)
	at edu.market.notification.infrastructure.adapter.output.persistence.entity.NotificationEntity.hashCode(NotificationEntity.java:21)
	at edu.market.notification.infrastructure.adapter.output.persistence.entity.NotificationChannelEntity.hashCode(NotificationChannelEntity.java:13)
	at java.base/java.util.AbstractSet.hashCode(AbstractSet.java:124)
	at edu.market.notification.infrastructure.adapter.output.persistence.entity.NotificationEntity.hashCode(NotificationEntity.java:21)
	at edu.market.notification.infrastructure.adapter.output.persistence.entity.NotificationChannelEntity.hashCode(NotificationChannelEntity.java:13)
	at java.base/java.util.AbstractSet.hashCode(AbstractSet.java:124)
	at edu.market.notification.infrastructure.adapter.output.persistence.entity.NotificationEntity.hashCode(NotificationEntity.java:21)
	at edu.market.notification.infrastructure.adapter.output.persistence.entity.NotificationChannelEntity.hashCode(NotificationChannelEntity.java:13)
	at java.base/java.util.AbstractSet.hashCode(AbstractSet.java:124)
	at edu.market.notification.infrastructure.adapter.output.persistence.entity.NotificationEntity.hashCode(NotificationEntity.java:21)
	at edu.market.notification.infrastructure.adapter.output.persistence.entity.NotificationChannelEntity.hashCode(NotificationChannelEntity.java:13)
	at java.base/java.util.AbstractSet.hashCode(AbstractSet.java:124)
	at edu.market.notification.infrastructure.adapter.output.persistence.entity.NotificationEntity.hashCode(NotificationEntity.java:21)
	at edu.market.notification.infrastructure.adapter.output.persistence.entity.NotificationChannelEntity.hashCode(NotificationChannelEntity.java:13)
	at java.base/java.util.AbstractSet.hashCode(AbstractSet.java:124)
	at edu.market.notification.infrastructure.adapter.output.persistence.entity.NotificationEntity.hashCode(NotificationEntity.java:21)
	at edu.market.notification.infrastructure.adapter.output.persistence.entity.NotificationChannelEntity.hashCode(NotificationChannelEntity.java:13)
	at java.base/java.util.AbstractSet.hashCode(AbstractSet.java:124)
	at edu.market.notification.infrastructure.adapter.output.persistence.entity.NotificationEntity.hashCode(NotificationEntity.java:21)
	at edu.market.notification.infrastructure.adapter.output.persistence.entity.NotificationChannelEntity.hashCode(NotificationChannelEntity.java:13)
	at java.base/java.util.AbstractSet.hashCode(AbstractSet.java:124)
	at edu.market.notification.infrastructure.adapter.output.persistence.entity.NotificationEntity.hashCode(NotificationEntity.java:21)
	at edu.market.notification.infrastructure.adapter.output.persistence.entity.NotificationChannelEntity.hashCode(NotificationChannelEntity.java:13)
	at java.base/java.util.AbstractSet.hashCode(AbstractSet.java:124)
	at edu.market.notification.infrastructure.adapter.output.persistence.entity.NotificationEntity.hashCode(NotificationEntity.java:21)
	at edu.market.notification.infrastructure.adapter.output.persistence.entity.NotificationChannelEntity.hashCode(NotificationChannelEntity.java:13)
	at java.base/java.util.AbstractSet.hashCode(AbstractSet.java:124)
	at edu.market.notification.infrastructure.adapter.output.persistence.entity.NotificationEntity.hashCode(NotificationEntity.java:21)
	at edu.market.notification.infrastructure.adapter.output.persistence.entity.NotificationChannelEntity.hashCode(NotificationChannelEntity.java:13)
	at java.base/java.util.AbstractSet.hashCode(AbstractSet.java:124)
	at edu.market.notification.infrastructure.adapter.output.persistence.entity.NotificationEntity.hashCode(NotificationEntity.java:21)
	at edu.market.notification.infrastructure.adapter.output.persistence.entity.NotificationChannelEntity.hashCode(NotificationChannelEntity.java:13)
	at java.base/java.util.AbstractSet.hashCode(AbstractSet.java:124)
	at edu.market.notification.infrastructure.adapter.output.persistence.entity.NotificationEntity.hashCode(NotificationEntity.java:21)
	at edu.market.notification.infrastructure.adapter.output.persistence.entity.NotificationChannelEntity.hashCode(NotificationChannelEntity.java:13)
	at java.base/java.util.AbstractSet.hashCode(AbstractSet.java:124)
	at edu.market.notification.infrastructure.adapter.output.persistence.entity.NotificationEntity.hashCode(NotificationEntity.java:21)
	at edu.market.notification.infrastructure.adapter.output.persistence.entity.NotificationChannelEntity.hashCode(NotificationChannelEntity.java:13)
	at java.base/java.util.AbstractSet.hashCode(AbstractSet.java:124)
	at edu.market.notification.infrastructure.adapter.output.persistence.entity.NotificationEntity.hashCode(NotificationEntity.java:21)
	at edu.market.notification.infrastructure.adapter.output.persistence.entity.NotificationChannelEntity.hashCode(NotificationChannelEntity.java:13)
	at java.base/java.util.AbstractSet.hashCode(AbstractSet.java:124)
	at edu.market.notification.infrastructure.adapter.output.persistence.entity.NotificationEntity.hashCode(NotificationEntity.java:21)
	at edu.market.notification.infrastructure.adapter.output.persistence.entity.NotificationChannelEntity.hashCode(NotificationChannelEntity.java:13)
	at java.base/java.util.AbstractSet.hashCode(AbstractSet.java:124)
	at edu.market.notification.infrastructure.adapter.output.persistence.entity.NotificationEntity.hashCode(NotificationEntity.java:21)
	at edu.market.notification.infrastructure.adapter.output.persistence.entity.NotificationChannelEntity.hashCode(NotificationChannelEntity.java:13)
	at java.base/java.util.AbstractSet.hashCode(AbstractSet.java:124)
	at edu.market.notification.infrastructure.adapter.output.persistence.entity.NotificationEntity.hashCode(NotificationEntity.java:21)
	at edu.market.notification.infrastructure.adapter.output.persistence.entity.NotificationChannelEntity.hashCode(NotificationChannelEntity.java:13)
	at java.base/java.util.AbstractSet.hashCode(AbstractSet.java:124)
	at edu.market.notification.infrastructure.adapter.output.persistence.entity.NotificationEntity.hashCode(NotificationEntity.java:21)
	at edu.market.notification.infrastructure.adapter.output.persistence.entity.NotificationChannelEntity.hashCode(NotificationChannelEntity.java:13)
	at java.base/java.util.AbstractSet.hashCode(AbstractSet.java:124)
	at edu.market.notification.infrastructure.adapter.output.persistence.entity.NotificationEntity.hashCode(NotificationEntity.java:21)
	at edu.market.notification.infrastructure.adapter.output.persistence.entity.NotificationChannelEntity.hashCode(NotificationChannelEntity.java:13)
	at java.base/java.util.AbstractSet.hashCode(AbstractSet.java:124)
	at edu.market.notification.infrastructure.adapter.output.persistence.entity.NotificationEntity.hashCode(NotificationEntity.java:21)
	at edu.market.notification.infrastructure.adapter.output.persistence.entity.NotificationChannelEntity.hashCode(NotificationChannelEntity.java:13)
	at java.base/java.util.AbstractSet.hashCode(AbstractSet.java:124)
	at edu.market.notification.infrastructure.adapter.output.persistence.entity.NotificationEntity.hashCode(NotificationEntity.java:21)
	at edu.market.notification.infrastructure.adapter.output.persistence.entity.NotificationChannelEntity.hashCode(NotificationChannelEntity.java:13)
	at java.base/java.util.AbstractSet.hashCode(AbstractSet.java:124)
	at edu.market.notification.infrastructure.adapter.output.persistence.entity.NotificationEntity.hashCode(NotificationEntity.java:21)
	at edu.market.notification.infrastructure.adapter.output.persistence.entity.NotificationChannelEntity.hashCode(NotificationChannelEntity.java:13)
	at java.base/java.util.AbstractSet.hashCode(AbstractSet.java:124)
	at edu.market.notification.infrastructure.adapter.output.persistence.entity.NotificationEntity.hashCode(NotificationEntity.java:21)
	at edu.market.notification.infrastructure.adapter.output.persistence.entity.NotificationChannelEntity.hashCode(NotificationChannelEntity.java:13)
	at java.base/java.util.AbstractSet.hashCode(AbstractSet.java:124)
	at edu.market.notification.infrastructure.adapter.output.persistence.entity.NotificationEntity.hashCode(NotificationEntity.java:21)
	at edu.market.notification.infrastructure.adapter.output.persistence.entity.NotificationChannelEntity.hashCode(NotificationChannelEntity.java:13)
	at java.base/java.util.AbstractSet.hashCode(AbstractSet.java:124)
	at edu.market.notification.infrastructure.adapter.output.persistence.entity.NotificationEntity.hashCode(NotificationEntity.java:21)
	at edu.market.notification.infrastructure.adapter.output.persistence.entity.NotificationChannelEntity.hashCode(NotificationChannelEntity.java:13)
	at java.base/java.util.AbstractSet.hashCode(AbstractSet.java:124)
	at edu.market.notification.infrastructure.adapter.output.persistence.entity.NotificationEntity.hashCode(NotificationEntity.java:21)
	at edu.market.notification.infrastructure.adapter.output.persistence.entity.NotificationChannelEntity.hashCode(NotificationChannelEntity.java:13)
	at java.base/java.util.AbstractSet.hashCode(AbstractSet.java:124)
	at edu.market.notification.infrastructure.adapter.output.persistence.entity.NotificationEntity.hashCode(NotificationEntity.java:21)
	at edu.market.notification.infrastructure.adapter.output.persistence.entity.NotificationChannelEntity.hashCode(NotificationChannelEntity.java:13)
	at java.base/java.util.AbstractSet.hashCode(AbstractSet.java:124)
	at edu.market.notification.infrastructure.adapter.output.persistence.entity.NotificationEntity.hashCode(NotificationEntity.java:21)
	at edu.market.notification.infrastructure.adapter.output.persistence.entity.NotificationChannelEntity.hashCode(NotificationChannelEntity.java:13)
	at java.base/java.util.AbstractSet.hashCode(AbstractSet.java:124)
	at edu.market.notification.infrastructure.adapter.output.persistence.entity.NotificationEntity.hashCode(NotificationEntity.java:21)
	at edu.market.notification.infrastructure.adapter.output.persistence.entity.NotificationChannelEntity.hashCode(NotificationChannelEntity.java:13)
	at java.base/java.util.AbstractSet.hashCode(AbstractSet.java:124)
	at edu.market.notification.infrastructure.adapter.output.persistence.entity.NotificationEntity.hashCode(NotificationEntity.java:21)
	at edu.market.notification.infrastructure.adapter.output.persistence.entity.NotificationChannelEntity.hashCode(NotificationChannelEntity.java:13)
	at java.base/java.util.AbstractSet.hashCode(AbstractSet.java:124)
	at edu.market.notification.infrastructure.adapter.output.persistence.entity.NotificationEntity.hashCode(NotificationEntity.java:21)
	at edu.market.notification.infrastructure.adapter.output.persistence.entity.NotificationChannelEntity.hashCode(NotificationChannelEntity.java:13)
	at java.base/java.util.AbstractSet.hashCode(AbstractSet.java:124)
	at edu.market.notification.infrastructure.adapter.output.persistence.entity.NotificationEntity.hashCode(NotificationEntity.java:21)
	at edu.market.notification.infrastructure.adapter.output.persistence.entity.NotificationChannelEntity.hashCode(NotificationChannelEntity.java:13)
	at java.base/java.util.AbstractSet.hashCode(AbstractSet.java:124)
	at edu.market.notification.infrastructure.adapter.output.persistence.entity.NotificationEntity.hashCode(NotificationEntity.java:21)
	at edu.market.notification.infrastructure.adapter.output.persistence.entity.NotificationChannelEntity.hashCode(NotificationChannelEntity.java:13)
	at java.base/java.util.AbstractSet.hashCode(AbstractSet.java:124)
	at edu.market.notification.infrastructure.adapter.output.persistence.entity.NotificationEntity.hashCode(NotificationEntity.java:21)
	at edu.market.notification.infrastructure.adapter.output.persistence.entity.NotificationChannelEntity.hashCode(NotificationChannelEntity.java:13)
	at java.base/java.util.AbstractSet.hashCode(AbstractSet.java:124)
	at edu.market.notification.infrastructure.adapter.output.persistence.entity.NotificationEntity.hashCode(NotificationEntity.java:21)
	at edu.market.notification.infrastructure.adapter.output.persistence.entity.NotificationChannelEntity.hashCode(NotificationChannelEntity.java:13)
	at java.base/java.util.AbstractSet.hashCode(AbstractSet.java:124)
	at edu.market.notification.infrastructure.adapter.output.persistence.entity.NotificationEntity.hashCode(NotificationEntity.java:21)
	at edu.market.notification.infrastructure.adapter.output.persistence.entity.NotificationChannelEntity.hashCode(NotificationChannelEntity.java:13)
	at java.base/java.util.AbstractSet.hashCode(AbstractSet.java:124)
	at edu.market.notification.infrastructure.adapter.output.persistence.entity.NotificationEntity.hashCode(NotificationEntity.java:21)
	at edu.market.notification.infrastructure.adapter.output.persistence.entity.NotificationChannelEntity.hashCode(NotificationChannelEntity.java:13)
	at java.base/java.util.AbstractSet.hashCode(AbstractSet.java:124)
	at edu.market.notification.infrastructure.adapter.output.persistence.entity.NotificationEntity.hashCode(NotificationEntity.java:21)
	at edu.market.notification.infrastructure.adapter.output.persistence.entity.NotificationChannelEntity.hashCode(NotificationChannelEntity.java:13)
	at java.base/java.util.AbstractSet.hashCode(AbstractSet.java:124)
	at edu.market.notification.infrastructure.adapter.output.persistence.entity.NotificationEntity.hashCode(NotificationEntity.java:21)
	at edu.market.notification.infrastructure.adapter.output.persistence.entity.NotificationChannelEntity.hashCode(NotificationChannelEntity.java:13)
	at java.base/java.util.AbstractSet.hashCode(AbstractSet.java:124)
	at edu.market.notification.infrastructure.adapter.output.persistence.entity.NotificationEntity.hashCode(NotificationEntity.java:21)
	at edu.market.notification.infrastructure.adapter.output.persistence.entity.NotificationChannelEntity.hashCode(NotificationChannelEntity.java:13)
	at java.base/java.util.AbstractSet.hashCode(AbstractSet.java:124)
	at edu.market.notification.infrastructure.adapter.output.persistence.entity.NotificationEntity.hashCode(NotificationEntity.java:21)
	at edu.market.notification.infrastructure.adapter.output.persistence.entity.NotificationChannelEntity.hashCode(NotificationChannelEntity.java:13)
	at java.base/java.util.AbstractSet.hashCode(AbstractSet.java:124)
	at edu.market.notification.infrastructure.adapter.output.persistence.entity.NotificationEntity.hashCode(NotificationEntity.java:21)
	at edu.market.notification.infrastructure.adapter.output.persistence.entity.NotificationChannelEntity.hashCode(NotificationChannelEntity.java:13)
	at java.base/java.util.AbstractSet.hashCode(AbstractSet.java:124)
	at edu.market.notification.infrastructure.adapter.output.persistence.entity.NotificationEntity.hashCode(NotificationEntity.java:21)
	at edu.market.notification.infrastructure.adapter.output.persistence.entity.NotificationChannelEntity.hashCode(NotificationChannelEntity.java:13)
	at java.base/java.util.AbstractSet.hashCode(AbstractSet.java:124)
	at edu.market.notification.infrastructure.adapter.output.persistence.entity.NotificationEntity.hashCode(NotificationEntity.java:21)
	at edu.market.notification.infrastructure.adapter.output.persistence.entity.NotificationChannelEntity.hashCode(NotificationChannelEntity.java:13)
	at java.base/java.util.AbstractSet.hashCode(AbstractSet.java:124)
	at edu.market.notification.infrastructure.adapter.output.persistence.entity.NotificationEntity.hashCode(NotificationEntity.java:21)
	at edu.market.notification.infrastructure.adapter.output.persistence.entity.NotificationChannelEntity.hashCode(NotificationChannelEntity.java:13)
	at java.base/java.util.AbstractSet.hashCode(AbstractSet.java:124)
	at edu.market.notification.infrastructure.adapter.output.persistence.entity.NotificationEntity.hashCode(NotificationEntity.java:21)
	at edu.market.notification.infrastructure.adapter.output.persistence.entity.NotificationChannelEntity.hashCode(NotificationChannelEntity.java:13)
	at java.base/java.util.AbstractSet.hashCode(AbstractSet.java:124)
	at edu.market.notification.infrastructure.adapter.output.persistence.entity.NotificationEntity.hashCode(NotificationEntity.java:21)
	at edu.market.notification.infrastructure.adapter.output.persistence.entity.NotificationChannelEntity.hashCode(NotificationChannelEntity.java:13)
	at java.base/java.util.AbstractSet.hashCode(AbstractSet.java:124)
	at edu.market.notification.infrastructure.adapter.output.persistence.entity.NotificationEntity.hashCode(NotificationEntity.java:21)
	at edu.market.notification.infrastructure.adapter.output.persistence.entity.NotificationChannelEntity.hashCode(NotificationChannelEntity.java:13)
	at java.base/java.util.AbstractSet.hashCode(AbstractSet.java:124)
	at edu.market.notification.infrastructure.adapter.output.persistence.entity.NotificationEntity.hashCode(NotificationEntity.java:21)
	at edu.market.notification.infrastructure.adapter.output.persistence.entity.NotificationChannelEntity.hashCode(NotificationChannelEntity.java:13)
2025-07-27 12:56:42,704 [MetricsCollectorAOPExecutor-6] DEBUG e.m.n.i.c.MetricsCollectionAspect                  - MetricsCollectionAspect - Method notification-service.notification.edu.market.notification.infrastructure.adapter.input.web.exception.RestExceptionHandler.handleAllUncaughtException executed in 4 ms, success: true
2025-07-27 12:56:52,948 [SpringApplicationShutdownHook] INFO  o.s.c.n.e.s.EurekaServiceRegistry                  - Unregistering application NOTIFICATION-SERVICE with eureka with status DOWN
2025-07-27 12:56:52,951 [SpringApplicationShutdownHook] INFO  o.s.b.w.embedded.tomcat.GracefulShutdown           - Commencing graceful shutdown. Waiting for active requests to complete
2025-07-27 12:56:52,956 [tomcat-shutdown] INFO  o.s.b.w.embedded.tomcat.GracefulShutdown           - Graceful shutdown complete
2025-07-27 12:56:52,966 [SpringApplicationShutdownHook] INFO  o.s.o.j.LocalContainerEntityManagerFactoryBean     - Closing JPA EntityManagerFactory for persistence unit 'default'
2025-07-27 12:56:52,967 [SpringApplicationShutdownHook] INFO  com.zaxxer.hikari.HikariDataSource                 - HikariPool-1 - Shutdown initiated...
2025-07-27 12:56:52,969 [SpringApplicationShutdownHook] INFO  com.zaxxer.hikari.HikariDataSource                 - HikariPool-1 - Shutdown completed.
2025-07-27 12:56:52,969 [SpringApplicationShutdownHook] INFO  com.netflix.discovery.DiscoveryClient              - Shutting down DiscoveryClient ...
2025-07-27 12:56:52,969 [SpringApplicationShutdownHook] INFO  com.netflix.discovery.DiscoveryClient              - Completed shut down of DiscoveryClient
