2025-07-10 20:56:49,571 [background-preinit] INFO  o.h.validator.internal.util.Version                - HV000001: Hibernate Validator 8.0.2.Final
2025-07-10 20:56:49,624 [main] INFO  edu.market.notification.App                        - Starting App v1.0.0 using Java 21 with PID 22112 (C:\Users\ja2c\Desktop\Cursos\micro-servicio-archt\k8s\microservices\services\notification-service\target\classes started by ja2c in C:\Users\ja2c\Desktop\Cursos\micro-servicio-archt\k8s\microservices\services\notification-service)
2025-07-10 20:56:49,625 [main] DEBUG edu.market.notification.App                        - Running with Spring Boot v3.4.5, Spring v6.2.6
2025-07-10 20:56:49,626 [main] INFO  edu.market.notification.App                        - The following 1 profile is active: "dev"
2025-07-10 20:56:49,664 [main] INFO  o.s.c.c.c.ConfigServerConfigDataLoader             - Fetching config from server at : http://localhost:8890
2025-07-10 20:56:49,664 [main] INFO  o.s.c.c.c.ConfigServerConfigDataLoader             - Exception on Url - http://localhost:8890:org.springframework.web.client.ResourceAccessException: I/O error on GET request for "http://localhost:8890/notification-service/default": Connection refused: no further information. Will be trying the next url if available
2025-07-10 20:56:49,665 [main] WARN  o.s.c.c.c.ConfigServerConfigDataLoader             - Could not locate PropertySource ([ConfigServerConfigDataResource@3c818ac4 uris = array<String>['http://localhost:8890'], optional = true, profiles = 'default']): I/O error on GET request for "http://localhost:8890/notification-service/default": Connection refused: no further information
2025-07-10 20:56:49,665 [main] INFO  o.s.c.c.c.ConfigServerConfigDataLoader             - Fetching config from server at : http://localhost:8890
2025-07-10 20:56:49,665 [main] INFO  o.s.c.c.c.ConfigServerConfigDataLoader             - Exception on Url - http://localhost:8890:org.springframework.web.client.ResourceAccessException: I/O error on GET request for "http://localhost:8890/notification-service/dev": Connection refused: no further information. Will be trying the next url if available
2025-07-10 20:56:49,665 [main] WARN  o.s.c.c.c.ConfigServerConfigDataLoader             - Could not locate PropertySource ([ConfigServerConfigDataResource@109f5dd8 uris = array<String>['http://localhost:8890'], optional = true, profiles = 'dev']): I/O error on GET request for "http://localhost:8890/notification-service/dev": Connection refused: no further information
2025-07-10 20:56:49,666 [main] INFO  o.s.c.c.c.ConfigServerConfigDataLoader             - Fetching config from server at : http://localhost:8890
2025-07-10 20:56:49,666 [main] INFO  o.s.c.c.c.ConfigServerConfigDataLoader             - Exception on Url - http://localhost:8890:org.springframework.web.client.ResourceAccessException: I/O error on GET request for "http://localhost:8890/notification-service/default": Connection refused: no further information. Will be trying the next url if available
2025-07-10 20:56:49,666 [main] WARN  o.s.c.c.c.ConfigServerConfigDataLoader             - Could not locate PropertySource ([ConfigServerConfigDataResource@67fe380b uris = array<String>['http://localhost:8890'], optional = true, profiles = 'default']): I/O error on GET request for "http://localhost:8890/notification-service/default": Connection refused: no further information
2025-07-10 20:56:49,927 [main] WARN  o.s.b.w.s.c.AnnotationConfigServletWebServerApplicationContext - Exception encountered during context initialization - cancelling refresh attempt: org.springframework.beans.factory.BeanDefinitionStoreException: Failed to parse configuration class [edu.market.notification.App]
2025-07-10 20:56:49,954 [main] ERROR o.springframework.boot.SpringApplication           - Application run failed
org.springframework.beans.factory.BeanDefinitionStoreException: Failed to parse configuration class [edu.market.notification.App]
	at org.springframework.context.annotation.ConfigurationClassParser.parse(ConfigurationClassParser.java:194)
	at org.springframework.context.annotation.ConfigurationClassPostProcessor.processConfigBeanDefinitions(ConfigurationClassPostProcessor.java:418)
	at org.springframework.context.annotation.ConfigurationClassPostProcessor.postProcessBeanDefinitionRegistry(ConfigurationClassPostProcessor.java:290)
	at org.springframework.context.support.PostProcessorRegistrationDelegate.invokeBeanDefinitionRegistryPostProcessors(PostProcessorRegistrationDelegate.java:349)
	at org.springframework.context.support.PostProcessorRegistrationDelegate.invokeBeanFactoryPostProcessors(PostProcessorRegistrationDelegate.java:118)
	at org.springframework.context.support.AbstractApplicationContext.invokeBeanFactoryPostProcessors(AbstractApplicationContext.java:791)
	at org.springframework.context.support.AbstractApplicationContext.refresh(AbstractApplicationContext.java:609)
	at org.springframework.boot.web.servlet.context.ServletWebServerApplicationContext.refresh(ServletWebServerApplicationContext.java:146)
	at org.springframework.boot.SpringApplication.refresh(SpringApplication.java:753)
	at org.springframework.boot.SpringApplication.refreshContext(SpringApplication.java:439)
	at org.springframework.boot.SpringApplication.run(SpringApplication.java:318)
	at org.springframework.boot.SpringApplication.run(SpringApplication.java:1362)
	at org.springframework.boot.SpringApplication.run(SpringApplication.java:1351)
	at edu.market.notification.App.main(App.java:10)
Caused by: org.springframework.context.annotation.ConflictingBeanDefinitionException: Annotation-specified bean name 'notificationMapper' for bean class [edu.market.notification.infrastructure.adapter.output.persistence.mapper.NotificationOutputMapper] conflicts with existing, non-compatible bean definition of same name and class [edu.market.notification.infrastructure.adapter.input.web.mapper.NotificationInputMapper]
	at org.springframework.context.annotation.ClassPathBeanDefinitionScanner.checkCandidate(ClassPathBeanDefinitionScanner.java:361)
	at org.springframework.context.annotation.ClassPathBeanDefinitionScanner.doScan(ClassPathBeanDefinitionScanner.java:288)
	at org.springframework.context.annotation.ComponentScanAnnotationParser.parse(ComponentScanAnnotationParser.java:128)
	at org.springframework.context.annotation.ConfigurationClassParser.doProcessConfigurationClass(ConfigurationClassParser.java:346)
	at org.springframework.context.annotation.ConfigurationClassParser.processConfigurationClass(ConfigurationClassParser.java:281)
	at org.springframework.context.annotation.ConfigurationClassParser.parse(ConfigurationClassParser.java:204)
	at org.springframework.context.annotation.ConfigurationClassParser.parse(ConfigurationClassParser.java:172)
	... 13 common frames omitted
2025-07-10 21:37:04,900 [background-preinit] INFO  o.h.validator.internal.util.Version                - HV000001: Hibernate Validator 8.0.2.Final
2025-07-10 21:37:04,933 [main] INFO  edu.market.notification.App                        - Starting App v1.0.0 using Java 21 with PID 12680 (C:\Users\ja2c\Desktop\Cursos\micro-servicio-archt\k8s\microservices\services\notification-service\target\classes started by ja2c in C:\Users\ja2c\Desktop\Cursos\micro-servicio-archt\k8s\microservices\services\notification-service)
2025-07-10 21:37:04,934 [main] DEBUG edu.market.notification.App                        - Running with Spring Boot v3.4.5, Spring v6.2.6
2025-07-10 21:37:04,935 [main] INFO  edu.market.notification.App                        - The following 1 profile is active: "dev"
2025-07-10 21:37:04,961 [main] INFO  o.s.c.c.c.ConfigServerConfigDataLoader             - Fetching config from server at : http://localhost:8890
2025-07-10 21:37:04,961 [main] INFO  o.s.c.c.c.ConfigServerConfigDataLoader             - Exception on Url - http://localhost:8890:org.springframework.web.client.ResourceAccessException: I/O error on GET request for "http://localhost:8890/notification-service/default": Connection refused: no further information. Will be trying the next url if available
2025-07-10 21:37:04,961 [main] WARN  o.s.c.c.c.ConfigServerConfigDataLoader             - Could not locate PropertySource ([ConfigServerConfigDataResource@71154f21 uris = array<String>['http://localhost:8890'], optional = true, profiles = 'default']): I/O error on GET request for "http://localhost:8890/notification-service/default": Connection refused: no further information
2025-07-10 21:37:04,962 [main] INFO  o.s.c.c.c.ConfigServerConfigDataLoader             - Fetching config from server at : http://localhost:8890
2025-07-10 21:37:04,962 [main] INFO  o.s.c.c.c.ConfigServerConfigDataLoader             - Exception on Url - http://localhost:8890:org.springframework.web.client.ResourceAccessException: I/O error on GET request for "http://localhost:8890/notification-service/dev": Connection refused: no further information. Will be trying the next url if available
2025-07-10 21:37:04,962 [main] WARN  o.s.c.c.c.ConfigServerConfigDataLoader             - Could not locate PropertySource ([ConfigServerConfigDataResource@4a325eb9 uris = array<String>['http://localhost:8890'], optional = true, profiles = 'dev']): I/O error on GET request for "http://localhost:8890/notification-service/dev": Connection refused: no further information
2025-07-10 21:37:04,962 [main] INFO  o.s.c.c.c.ConfigServerConfigDataLoader             - Fetching config from server at : http://localhost:8890
2025-07-10 21:37:04,962 [main] INFO  o.s.c.c.c.ConfigServerConfigDataLoader             - Exception on Url - http://localhost:8890:org.springframework.web.client.ResourceAccessException: I/O error on GET request for "http://localhost:8890/notification-service/default": Connection refused: no further information. Will be trying the next url if available
2025-07-10 21:37:04,963 [main] WARN  o.s.c.c.c.ConfigServerConfigDataLoader             - Could not locate PropertySource ([ConfigServerConfigDataResource@3dedb4a6 uris = array<String>['http://localhost:8890'], optional = true, profiles = 'default']): I/O error on GET request for "http://localhost:8890/notification-service/default": Connection refused: no further information
2025-07-10 21:37:05,780 [main] INFO  o.s.d.r.c.RepositoryConfigurationDelegate          - Bootstrapping Spring Data JPA repositories in DEFAULT mode.
2025-07-10 21:37:05,945 [main] INFO  o.s.d.r.c.RepositoryConfigurationDelegate          - Finished Spring Data repository scanning in 157 ms. Found 6 JPA repository interfaces.
2025-07-10 21:37:06,158 [main] INFO  o.s.cloud.context.scope.GenericScope               - BeanFactory id=77753357-cceb-3f4b-ac79-00a3e87d7170
2025-07-10 21:37:06,752 [main] INFO  o.s.b.w.embedded.tomcat.TomcatWebServer            - Tomcat initialized with port 0 (http)
2025-07-10 21:37:06,766 [main] INFO  o.apache.coyote.http11.Http11NioProtocol           - Initializing ProtocolHandler ["http-nio-auto-1"]
2025-07-10 21:37:06,768 [main] INFO  o.apache.catalina.core.StandardService             - Starting service [Tomcat]
2025-07-10 21:37:06,768 [main] INFO  org.apache.catalina.core.StandardEngine            - Starting Servlet engine: [Apache Tomcat/10.1.40]
2025-07-10 21:37:06,835 [main] INFO  o.a.c.c.C.[Tomcat].[localhost].[/]                 - Initializing Spring embedded WebApplicationContext
2025-07-10 21:37:06,835 [main] INFO  o.s.b.w.s.c.ServletWebServerApplicationContext     - Root WebApplicationContext: initialization completed in 1871 ms
2025-07-10 21:37:07,158 [main] INFO  com.zaxxer.hikari.HikariDataSource                 - HikariPool-1 - Starting...
2025-07-10 21:37:07,304 [main] INFO  com.zaxxer.hikari.pool.HikariPool                  - HikariPool-1 - Added connection conn0: url=jdbc:h2:mem:userdb user=SA
2025-07-10 21:37:07,306 [main] INFO  com.zaxxer.hikari.HikariDataSource                 - HikariPool-1 - Start completed.
2025-07-10 21:37:07,456 [main] INFO  o.hibernate.jpa.internal.util.LogHelper            - HHH000204: Processing PersistenceUnitInfo [name: default]
2025-07-10 21:37:07,516 [main] INFO  org.hibernate.Version                              - HHH000412: Hibernate ORM core version 6.6.13.Final
2025-07-10 21:37:07,551 [main] INFO  o.h.c.internal.RegionFactoryInitiator              - HHH000026: Second-level cache disabled
2025-07-10 21:37:07,782 [main] INFO  o.s.o.j.p.SpringPersistenceUnitInfo                - No LoadTimeWeaver setup: ignoring JPA class transformer
2025-07-10 21:37:07,838 [main] INFO  org.hibernate.orm.connections.pooling              - HHH10001005: Database info:
	Database JDBC URL [Connecting through datasource 'HikariDataSource (HikariPool-1)']
	Database driver: undefined/unknown
	Database version: 2.3.232
	Autocommit mode: undefined/unknown
	Isolation level: undefined/unknown
	Minimum pool size: undefined/unknown
	Maximum pool size: undefined/unknown
2025-07-10 21:37:08,669 [main] INFO  o.h.e.t.j.p.i.JtaPlatformInitiator                 - HHH000489: No JTA platform available (set 'hibernate.transaction.jta.platform' to enable JTA platform integration)
2025-07-10 21:37:08,788 [main] INFO  o.s.o.j.LocalContainerEntityManagerFactoryBean     - Initialized JPA EntityManagerFactory for persistence unit 'default'
2025-07-10 21:37:09,239 [main] WARN  o.s.b.w.s.c.AnnotationConfigServletWebServerApplicationContext - Exception encountered during context initialization - cancelling refresh attempt: org.springframework.beans.factory.UnsatisfiedDependencyException: Error creating bean with name 'eventController' defined in file [C:\Users\ja2c\Desktop\Cursos\micro-servicio-archt\k8s\microservices\services\notification-service\target\classes\edu\market\notification\infrastructure\adapter\input\web\controller\EventController.class]: Unsatisfied dependency expressed through constructor parameter 0: Error creating bean with name 'processDomainEventUseCase' defined in class path resource [edu/market/notification/infrastructure/config/ApplicationConfig.class]: Unsatisfied dependency expressed through method 'processDomainEventUseCase' parameter 2: Error creating bean with name 'sendNotificationUseCase' defined in class path resource [edu/market/notification/infrastructure/config/ApplicationConfig.class]: Unsatisfied dependency expressed through method 'sendNotificationUseCase' parameter 0: Error creating bean with name 'notificationChannelServiceAdapter' defined in file [C:\Users\ja2c\Desktop\Cursos\micro-servicio-archt\k8s\microservices\services\notification-service\target\classes\edu\market\notification\infrastructure\adapter\output\service\NotificationChannelServiceAdapter.class]: Failed to instantiate [edu.market.notification.infrastructure.adapter.output.service.NotificationChannelServiceAdapter]: No default constructor found
2025-07-10 21:37:09,239 [main] INFO  o.s.o.j.LocalContainerEntityManagerFactoryBean     - Closing JPA EntityManagerFactory for persistence unit 'default'
2025-07-10 21:37:09,241 [main] INFO  com.zaxxer.hikari.HikariDataSource                 - HikariPool-1 - Shutdown initiated...
2025-07-10 21:37:09,242 [main] INFO  com.zaxxer.hikari.HikariDataSource                 - HikariPool-1 - Shutdown completed.
2025-07-10 21:37:09,249 [main] INFO  o.apache.catalina.core.StandardService             - Stopping service [Tomcat]
2025-07-10 21:37:09,262 [main] INFO  o.s.b.a.l.ConditionEvaluationReportLogger          - 

Error starting ApplicationContext. To display the condition evaluation report re-run your application with 'debug' enabled.
2025-07-10 21:37:09,279 [main] ERROR o.springframework.boot.SpringApplication           - Application run failed
org.springframework.beans.factory.UnsatisfiedDependencyException: Error creating bean with name 'eventController' defined in file [C:\Users\ja2c\Desktop\Cursos\micro-servicio-archt\k8s\microservices\services\notification-service\target\classes\edu\market\notification\infrastructure\adapter\input\web\controller\EventController.class]: Unsatisfied dependency expressed through constructor parameter 0: Error creating bean with name 'processDomainEventUseCase' defined in class path resource [edu/market/notification/infrastructure/config/ApplicationConfig.class]: Unsatisfied dependency expressed through method 'processDomainEventUseCase' parameter 2: Error creating bean with name 'sendNotificationUseCase' defined in class path resource [edu/market/notification/infrastructure/config/ApplicationConfig.class]: Unsatisfied dependency expressed through method 'sendNotificationUseCase' parameter 0: Error creating bean with name 'notificationChannelServiceAdapter' defined in file [C:\Users\ja2c\Desktop\Cursos\micro-servicio-archt\k8s\microservices\services\notification-service\target\classes\edu\market\notification\infrastructure\adapter\output\service\NotificationChannelServiceAdapter.class]: Failed to instantiate [edu.market.notification.infrastructure.adapter.output.service.NotificationChannelServiceAdapter]: No default constructor found
	at org.springframework.beans.factory.support.ConstructorResolver.createArgumentArray(ConstructorResolver.java:804)
	at org.springframework.beans.factory.support.ConstructorResolver.autowireConstructor(ConstructorResolver.java:240)
	at org.springframework.beans.factory.support.AbstractAutowireCapableBeanFactory.autowireConstructor(AbstractAutowireCapableBeanFactory.java:1387)
	at org.springframework.beans.factory.support.AbstractAutowireCapableBeanFactory.createBeanInstance(AbstractAutowireCapableBeanFactory.java:1224)
	at org.springframework.beans.factory.support.AbstractAutowireCapableBeanFactory.doCreateBean(AbstractAutowireCapableBeanFactory.java:569)
	at org.springframework.beans.factory.support.AbstractAutowireCapableBeanFactory.createBean(AbstractAutowireCapableBeanFactory.java:529)
	at org.springframework.beans.factory.support.AbstractBeanFactory.lambda$doGetBean$0(AbstractBeanFactory.java:339)
	at org.springframework.beans.factory.support.DefaultSingletonBeanRegistry.getSingleton(DefaultSingletonBeanRegistry.java:371)
	at org.springframework.beans.factory.support.AbstractBeanFactory.doGetBean(AbstractBeanFactory.java:337)
	at org.springframework.beans.factory.support.AbstractBeanFactory.getBean(AbstractBeanFactory.java:202)
	at org.springframework.beans.factory.support.DefaultListableBeanFactory.instantiateSingleton(DefaultListableBeanFactory.java:1221)
	at org.springframework.beans.factory.support.DefaultListableBeanFactory.preInstantiateSingleton(DefaultListableBeanFactory.java:1187)
	at org.springframework.beans.factory.support.DefaultListableBeanFactory.preInstantiateSingletons(DefaultListableBeanFactory.java:1122)
	at org.springframework.context.support.AbstractApplicationContext.finishBeanFactoryInitialization(AbstractApplicationContext.java:987)
	at org.springframework.context.support.AbstractApplicationContext.refresh(AbstractApplicationContext.java:627)
	at org.springframework.boot.web.servlet.context.ServletWebServerApplicationContext.refresh(ServletWebServerApplicationContext.java:146)
	at org.springframework.boot.SpringApplication.refresh(SpringApplication.java:753)
	at org.springframework.boot.SpringApplication.refreshContext(SpringApplication.java:439)
	at org.springframework.boot.SpringApplication.run(SpringApplication.java:318)
	at org.springframework.boot.SpringApplication.run(SpringApplication.java:1362)
	at org.springframework.boot.SpringApplication.run(SpringApplication.java:1351)
	at edu.market.notification.App.main(App.java:10)
Caused by: org.springframework.beans.factory.UnsatisfiedDependencyException: Error creating bean with name 'processDomainEventUseCase' defined in class path resource [edu/market/notification/infrastructure/config/ApplicationConfig.class]: Unsatisfied dependency expressed through method 'processDomainEventUseCase' parameter 2: Error creating bean with name 'sendNotificationUseCase' defined in class path resource [edu/market/notification/infrastructure/config/ApplicationConfig.class]: Unsatisfied dependency expressed through method 'sendNotificationUseCase' parameter 0: Error creating bean with name 'notificationChannelServiceAdapter' defined in file [C:\Users\ja2c\Desktop\Cursos\micro-servicio-archt\k8s\microservices\services\notification-service\target\classes\edu\market\notification\infrastructure\adapter\output\service\NotificationChannelServiceAdapter.class]: Failed to instantiate [edu.market.notification.infrastructure.adapter.output.service.NotificationChannelServiceAdapter]: No default constructor found
	at org.springframework.beans.factory.support.ConstructorResolver.createArgumentArray(ConstructorResolver.java:804)
	at org.springframework.beans.factory.support.ConstructorResolver.instantiateUsingFactoryMethod(ConstructorResolver.java:546)
	at org.springframework.beans.factory.support.AbstractAutowireCapableBeanFactory.instantiateUsingFactoryMethod(AbstractAutowireCapableBeanFactory.java:1367)
	at org.springframework.beans.factory.support.AbstractAutowireCapableBeanFactory.createBeanInstance(AbstractAutowireCapableBeanFactory.java:1197)
	at org.springframework.beans.factory.support.AbstractAutowireCapableBeanFactory.doCreateBean(AbstractAutowireCapableBeanFactory.java:569)
	at org.springframework.beans.factory.support.AbstractAutowireCapableBeanFactory.createBean(AbstractAutowireCapableBeanFactory.java:529)
	at org.springframework.beans.factory.support.AbstractBeanFactory.lambda$doGetBean$0(AbstractBeanFactory.java:339)
	at org.springframework.beans.factory.support.DefaultSingletonBeanRegistry.getSingleton(DefaultSingletonBeanRegistry.java:371)
	at org.springframework.beans.factory.support.AbstractBeanFactory.doGetBean(AbstractBeanFactory.java:337)
	at org.springframework.beans.factory.support.AbstractBeanFactory.getBean(AbstractBeanFactory.java:202)
	at org.springframework.beans.factory.support.DefaultListableBeanFactory.doResolveDependency(DefaultListableBeanFactory.java:1681)
	at org.springframework.beans.factory.support.DefaultListableBeanFactory.resolveDependency(DefaultListableBeanFactory.java:1627)
	at org.springframework.beans.factory.support.ConstructorResolver.resolveAutowiredArgument(ConstructorResolver.java:913)
	at org.springframework.beans.factory.support.ConstructorResolver.createArgumentArray(ConstructorResolver.java:791)
	... 21 common frames omitted
Caused by: org.springframework.beans.factory.UnsatisfiedDependencyException: Error creating bean with name 'sendNotificationUseCase' defined in class path resource [edu/market/notification/infrastructure/config/ApplicationConfig.class]: Unsatisfied dependency expressed through method 'sendNotificationUseCase' parameter 0: Error creating bean with name 'notificationChannelServiceAdapter' defined in file [C:\Users\ja2c\Desktop\Cursos\micro-servicio-archt\k8s\microservices\services\notification-service\target\classes\edu\market\notification\infrastructure\adapter\output\service\NotificationChannelServiceAdapter.class]: Failed to instantiate [edu.market.notification.infrastructure.adapter.output.service.NotificationChannelServiceAdapter]: No default constructor found
	at org.springframework.beans.factory.support.ConstructorResolver.createArgumentArray(ConstructorResolver.java:804)
	at org.springframework.beans.factory.support.ConstructorResolver.instantiateUsingFactoryMethod(ConstructorResolver.java:546)
	at org.springframework.beans.factory.support.AbstractAutowireCapableBeanFactory.instantiateUsingFactoryMethod(AbstractAutowireCapableBeanFactory.java:1367)
	at org.springframework.beans.factory.support.AbstractAutowireCapableBeanFactory.createBeanInstance(AbstractAutowireCapableBeanFactory.java:1197)
	at org.springframework.beans.factory.support.AbstractAutowireCapableBeanFactory.doCreateBean(AbstractAutowireCapableBeanFactory.java:569)
	at org.springframework.beans.factory.support.AbstractAutowireCapableBeanFactory.createBean(AbstractAutowireCapableBeanFactory.java:529)
	at org.springframework.beans.factory.support.AbstractBeanFactory.lambda$doGetBean$0(AbstractBeanFactory.java:339)
	at org.springframework.beans.factory.support.DefaultSingletonBeanRegistry.getSingleton(DefaultSingletonBeanRegistry.java:371)
	at org.springframework.beans.factory.support.AbstractBeanFactory.doGetBean(AbstractBeanFactory.java:337)
	at org.springframework.beans.factory.support.AbstractBeanFactory.getBean(AbstractBeanFactory.java:202)
	at org.springframework.beans.factory.support.DefaultListableBeanFactory.doResolveDependency(DefaultListableBeanFactory.java:1681)
	at org.springframework.beans.factory.support.DefaultListableBeanFactory.resolveDependency(DefaultListableBeanFactory.java:1627)
	at org.springframework.beans.factory.support.ConstructorResolver.resolveAutowiredArgument(ConstructorResolver.java:913)
	at org.springframework.beans.factory.support.ConstructorResolver.createArgumentArray(ConstructorResolver.java:791)
	... 34 common frames omitted
Caused by: org.springframework.beans.factory.BeanCreationException: Error creating bean with name 'notificationChannelServiceAdapter' defined in file [C:\Users\ja2c\Desktop\Cursos\micro-servicio-archt\k8s\microservices\services\notification-service\target\classes\edu\market\notification\infrastructure\adapter\output\service\NotificationChannelServiceAdapter.class]: Failed to instantiate [edu.market.notification.infrastructure.adapter.output.service.NotificationChannelServiceAdapter]: No default constructor found
	at org.springframework.beans.factory.support.AbstractAutowireCapableBeanFactory.instantiateBean(AbstractAutowireCapableBeanFactory.java:1349)
	at org.springframework.beans.factory.support.AbstractAutowireCapableBeanFactory.createBeanInstance(AbstractAutowireCapableBeanFactory.java:1234)
	at org.springframework.beans.factory.support.AbstractAutowireCapableBeanFactory.doCreateBean(AbstractAutowireCapableBeanFactory.java:569)
	at org.springframework.beans.factory.support.AbstractAutowireCapableBeanFactory.createBean(AbstractAutowireCapableBeanFactory.java:529)
	at org.springframework.beans.factory.support.AbstractBeanFactory.lambda$doGetBean$0(AbstractBeanFactory.java:339)
	at org.springframework.beans.factory.support.DefaultSingletonBeanRegistry.getSingleton(DefaultSingletonBeanRegistry.java:371)
	at org.springframework.beans.factory.support.AbstractBeanFactory.doGetBean(AbstractBeanFactory.java:337)
	at org.springframework.beans.factory.support.AbstractBeanFactory.getBean(AbstractBeanFactory.java:202)
	at org.springframework.beans.factory.config.DependencyDescriptor.resolveCandidate(DependencyDescriptor.java:254)
	at org.springframework.beans.factory.support.DefaultListableBeanFactory.doResolveDependency(DefaultListableBeanFactory.java:1739)
	at org.springframework.beans.factory.support.DefaultListableBeanFactory.resolveDependency(DefaultListableBeanFactory.java:1627)
	at org.springframework.beans.factory.support.ConstructorResolver.resolveAutowiredArgument(ConstructorResolver.java:913)
	at org.springframework.beans.factory.support.ConstructorResolver.createArgumentArray(ConstructorResolver.java:791)
	... 47 common frames omitted
Caused by: org.springframework.beans.BeanInstantiationException: Failed to instantiate [edu.market.notification.infrastructure.adapter.output.service.NotificationChannelServiceAdapter]: No default constructor found
	at org.springframework.beans.factory.support.SimpleInstantiationStrategy.instantiate(SimpleInstantiationStrategy.java:118)
	at org.springframework.beans.factory.support.AbstractAutowireCapableBeanFactory.instantiateBean(AbstractAutowireCapableBeanFactory.java:1343)
	... 59 common frames omitted
Caused by: java.lang.NoSuchMethodException: edu.market.notification.infrastructure.adapter.output.service.NotificationChannelServiceAdapter.<init>()
	at java.base/java.lang.Class.getConstructor0(Class.java:3761)
	at java.base/java.lang.Class.getDeclaredConstructor(Class.java:2930)
	at org.springframework.beans.factory.support.SimpleInstantiationStrategy.instantiate(SimpleInstantiationStrategy.java:114)
	... 60 common frames omitted
2025-07-10 21:38:38,516 [background-preinit] INFO  o.h.validator.internal.util.Version                - HV000001: Hibernate Validator 8.0.2.Final
2025-07-10 21:38:38,560 [main] INFO  edu.market.notification.App                        - Starting App v1.0.0 using Java 21 with PID 26640 (C:\Users\ja2c\Desktop\Cursos\micro-servicio-archt\k8s\microservices\services\notification-service\target\classes started by ja2c in C:\Users\ja2c\Desktop\Cursos\micro-servicio-archt\k8s\microservices\services\notification-service)
2025-07-10 21:38:38,560 [main] DEBUG edu.market.notification.App                        - Running with Spring Boot v3.4.5, Spring v6.2.6
2025-07-10 21:38:38,561 [main] INFO  edu.market.notification.App                        - The following 1 profile is active: "dev"
2025-07-10 21:38:38,591 [main] INFO  o.s.c.c.c.ConfigServerConfigDataLoader             - Fetching config from server at : http://localhost:8890
2025-07-10 21:38:38,591 [main] INFO  o.s.c.c.c.ConfigServerConfigDataLoader             - Exception on Url - http://localhost:8890:org.springframework.web.client.ResourceAccessException: I/O error on GET request for "http://localhost:8890/notification-service/default": Connection refused: no further information. Will be trying the next url if available
2025-07-10 21:38:38,591 [main] WARN  o.s.c.c.c.ConfigServerConfigDataLoader             - Could not locate PropertySource ([ConfigServerConfigDataResource@3c818ac4 uris = array<String>['http://localhost:8890'], optional = true, profiles = 'default']): I/O error on GET request for "http://localhost:8890/notification-service/default": Connection refused: no further information
2025-07-10 21:38:38,591 [main] INFO  o.s.c.c.c.ConfigServerConfigDataLoader             - Fetching config from server at : http://localhost:8890
2025-07-10 21:38:38,592 [main] INFO  o.s.c.c.c.ConfigServerConfigDataLoader             - Exception on Url - http://localhost:8890:org.springframework.web.client.ResourceAccessException: I/O error on GET request for "http://localhost:8890/notification-service/dev": Connection refused: no further information. Will be trying the next url if available
2025-07-10 21:38:38,592 [main] WARN  o.s.c.c.c.ConfigServerConfigDataLoader             - Could not locate PropertySource ([ConfigServerConfigDataResource@109f5dd8 uris = array<String>['http://localhost:8890'], optional = true, profiles = 'dev']): I/O error on GET request for "http://localhost:8890/notification-service/dev": Connection refused: no further information
2025-07-10 21:38:38,592 [main] INFO  o.s.c.c.c.ConfigServerConfigDataLoader             - Fetching config from server at : http://localhost:8890
2025-07-10 21:38:38,592 [main] INFO  o.s.c.c.c.ConfigServerConfigDataLoader             - Exception on Url - http://localhost:8890:org.springframework.web.client.ResourceAccessException: I/O error on GET request for "http://localhost:8890/notification-service/default": Connection refused: no further information. Will be trying the next url if available
2025-07-10 21:38:38,592 [main] WARN  o.s.c.c.c.ConfigServerConfigDataLoader             - Could not locate PropertySource ([ConfigServerConfigDataResource@67fe380b uris = array<String>['http://localhost:8890'], optional = true, profiles = 'default']): I/O error on GET request for "http://localhost:8890/notification-service/default": Connection refused: no further information
2025-07-10 21:38:39,631 [main] INFO  o.s.d.r.c.RepositoryConfigurationDelegate          - Bootstrapping Spring Data JPA repositories in DEFAULT mode.
2025-07-10 21:38:39,812 [main] INFO  o.s.d.r.c.RepositoryConfigurationDelegate          - Finished Spring Data repository scanning in 168 ms. Found 6 JPA repository interfaces.
2025-07-10 21:38:40,121 [main] INFO  o.s.cloud.context.scope.GenericScope               - BeanFactory id=77753357-cceb-3f4b-ac79-00a3e87d7170
2025-07-10 21:38:40,997 [main] INFO  o.s.b.w.embedded.tomcat.TomcatWebServer            - Tomcat initialized with port 0 (http)
2025-07-10 21:38:41,015 [main] INFO  o.apache.coyote.http11.Http11NioProtocol           - Initializing ProtocolHandler ["http-nio-auto-1"]
2025-07-10 21:38:41,016 [main] INFO  o.apache.catalina.core.StandardService             - Starting service [Tomcat]
2025-07-10 21:38:41,017 [main] INFO  org.apache.catalina.core.StandardEngine            - Starting Servlet engine: [Apache Tomcat/10.1.40]
2025-07-10 21:38:41,095 [main] INFO  o.a.c.c.C.[Tomcat].[localhost].[/]                 - Initializing Spring embedded WebApplicationContext
2025-07-10 21:38:41,095 [main] INFO  o.s.b.w.s.c.ServletWebServerApplicationContext     - Root WebApplicationContext: initialization completed in 2501 ms
2025-07-10 21:38:41,648 [main] INFO  com.zaxxer.hikari.HikariDataSource                 - HikariPool-1 - Starting...
2025-07-10 21:38:41,857 [main] INFO  com.zaxxer.hikari.pool.HikariPool                  - HikariPool-1 - Added connection conn0: url=jdbc:h2:mem:userdb user=SA
2025-07-10 21:38:41,859 [main] INFO  com.zaxxer.hikari.HikariDataSource                 - HikariPool-1 - Start completed.
2025-07-10 21:38:42,156 [main] INFO  o.hibernate.jpa.internal.util.LogHelper            - HHH000204: Processing PersistenceUnitInfo [name: default]
2025-07-10 21:38:42,260 [main] INFO  org.hibernate.Version                              - HHH000412: Hibernate ORM core version 6.6.13.Final
2025-07-10 21:38:42,338 [main] INFO  o.h.c.internal.RegionFactoryInitiator              - HHH000026: Second-level cache disabled
2025-07-10 21:38:42,654 [main] INFO  o.s.o.j.p.SpringPersistenceUnitInfo                - No LoadTimeWeaver setup: ignoring JPA class transformer
2025-07-10 21:38:42,707 [main] INFO  org.hibernate.orm.connections.pooling              - HHH10001005: Database info:
	Database JDBC URL [Connecting through datasource 'HikariDataSource (HikariPool-1)']
	Database driver: undefined/unknown
	Database version: 2.3.232
	Autocommit mode: undefined/unknown
	Isolation level: undefined/unknown
	Minimum pool size: undefined/unknown
	Maximum pool size: undefined/unknown
2025-07-10 21:38:43,606 [main] INFO  o.h.e.t.j.p.i.JtaPlatformInitiator                 - HHH000489: No JTA platform available (set 'hibernate.transaction.jta.platform' to enable JTA platform integration)
2025-07-10 21:38:43,734 [main] INFO  o.s.o.j.LocalContainerEntityManagerFactoryBean     - Initialized JPA EntityManagerFactory for persistence unit 'default'
2025-07-10 21:38:44,566 [main] WARN  o.s.b.w.s.c.AnnotationConfigServletWebServerApplicationContext - Exception encountered during context initialization - cancelling refresh attempt: org.springframework.beans.factory.UnsatisfiedDependencyException: Error creating bean with name 'eventController' defined in file [C:\Users\ja2c\Desktop\Cursos\micro-servicio-archt\k8s\microservices\services\notification-service\target\classes\edu\market\notification\infrastructure\adapter\input\web\controller\EventController.class]: Unsatisfied dependency expressed through constructor parameter 0: Error creating bean with name 'processDomainEventUseCase' defined in class path resource [edu/market/notification/infrastructure/config/ApplicationConfig.class]: Unsatisfied dependency expressed through method 'processDomainEventUseCase' parameter 2: Error creating bean with name 'sendNotificationUseCase' defined in class path resource [edu/market/notification/infrastructure/config/ApplicationConfig.class]: Unsatisfied dependency expressed through method 'sendNotificationUseCase' parameter 0: Error creating bean with name 'notificationChannelServiceAdapter' defined in file [C:\Users\ja2c\Desktop\Cursos\micro-servicio-archt\k8s\microservices\services\notification-service\target\classes\edu\market\notification\infrastructure\adapter\output\service\NotificationChannelServiceAdapter.class]: Unsatisfied dependency expressed through constructor parameter 1: Error creating bean with name 'micrometerMetricsAdapter' defined in file [C:\Users\ja2c\Desktop\Cursos\micro-servicio-archt\k8s\microservices\services\notification-service\target\classes\edu\market\notification\infrastructure\adapter\output\monitoring\MicrometerMetricsAdapter.class]: Unsatisfied dependency expressed through constructor parameter 1: Error creating bean with name 'metricsProperties': Could not bind properties to 'MetricsProperties' : prefix=app.config.infrastructure.metrics, ignoreInvalidFields=false, ignoreUnknownFields=true
2025-07-10 21:38:44,567 [main] INFO  o.s.o.j.LocalContainerEntityManagerFactoryBean     - Closing JPA EntityManagerFactory for persistence unit 'default'
2025-07-10 21:38:44,570 [main] INFO  com.zaxxer.hikari.HikariDataSource                 - HikariPool-1 - Shutdown initiated...
2025-07-10 21:38:44,572 [main] INFO  com.zaxxer.hikari.HikariDataSource                 - HikariPool-1 - Shutdown completed.
2025-07-10 21:38:44,577 [main] INFO  o.apache.catalina.core.StandardService             - Stopping service [Tomcat]
2025-07-10 21:38:44,597 [main] INFO  o.s.b.a.l.ConditionEvaluationReportLogger          - 

Error starting ApplicationContext. To display the condition evaluation report re-run your application with 'debug' enabled.
2025-07-10 21:38:44,621 [main] ERROR o.s.b.d.LoggingFailureAnalysisReporter             - 

***************************
APPLICATION FAILED TO START
***************************

Description:

Binding to target edu.market.notification.infrastructure.config.properties.MetricsProperties$$SpringCGLIB$$0 failed:

    Property: app.config.infrastructure.metrics.prefix
    Value: "null"
    Reason: no debe estar vacío


Action:

Update your application's configuration

2025-07-10 21:39:34,246 [background-preinit] INFO  o.h.validator.internal.util.Version                - HV000001: Hibernate Validator 8.0.2.Final
2025-07-10 21:39:34,290 [main] INFO  edu.market.notification.App                        - Starting App v1.0.0 using Java 21 with PID 22548 (C:\Users\ja2c\Desktop\Cursos\micro-servicio-archt\k8s\microservices\services\notification-service\target\classes started by ja2c in C:\Users\ja2c\Desktop\Cursos\micro-servicio-archt\k8s\microservices\services\notification-service)
2025-07-10 21:39:34,290 [main] DEBUG edu.market.notification.App                        - Running with Spring Boot v3.4.5, Spring v6.2.6
2025-07-10 21:39:34,291 [main] INFO  edu.market.notification.App                        - The following 1 profile is active: "dev"
2025-07-10 21:39:34,322 [main] INFO  o.s.c.c.c.ConfigServerConfigDataLoader             - Fetching config from server at : http://localhost:8890
2025-07-10 21:39:34,322 [main] INFO  o.s.c.c.c.ConfigServerConfigDataLoader             - Exception on Url - http://localhost:8890:org.springframework.web.client.ResourceAccessException: I/O error on GET request for "http://localhost:8890/notification-service/default": Connection refused: no further information. Will be trying the next url if available
2025-07-10 21:39:34,322 [main] WARN  o.s.c.c.c.ConfigServerConfigDataLoader             - Could not locate PropertySource ([ConfigServerConfigDataResource@3c818ac4 uris = array<String>['http://localhost:8890'], optional = true, profiles = 'default']): I/O error on GET request for "http://localhost:8890/notification-service/default": Connection refused: no further information
2025-07-10 21:39:34,322 [main] INFO  o.s.c.c.c.ConfigServerConfigDataLoader             - Fetching config from server at : http://localhost:8890
2025-07-10 21:39:34,323 [main] INFO  o.s.c.c.c.ConfigServerConfigDataLoader             - Exception on Url - http://localhost:8890:org.springframework.web.client.ResourceAccessException: I/O error on GET request for "http://localhost:8890/notification-service/dev": Connection refused: no further information. Will be trying the next url if available
2025-07-10 21:39:34,323 [main] WARN  o.s.c.c.c.ConfigServerConfigDataLoader             - Could not locate PropertySource ([ConfigServerConfigDataResource@109f5dd8 uris = array<String>['http://localhost:8890'], optional = true, profiles = 'dev']): I/O error on GET request for "http://localhost:8890/notification-service/dev": Connection refused: no further information
2025-07-10 21:39:34,323 [main] INFO  o.s.c.c.c.ConfigServerConfigDataLoader             - Fetching config from server at : http://localhost:8890
2025-07-10 21:39:34,323 [main] INFO  o.s.c.c.c.ConfigServerConfigDataLoader             - Exception on Url - http://localhost:8890:org.springframework.web.client.ResourceAccessException: I/O error on GET request for "http://localhost:8890/notification-service/default": Connection refused: no further information. Will be trying the next url if available
2025-07-10 21:39:34,323 [main] WARN  o.s.c.c.c.ConfigServerConfigDataLoader             - Could not locate PropertySource ([ConfigServerConfigDataResource@67fe380b uris = array<String>['http://localhost:8890'], optional = true, profiles = 'default']): I/O error on GET request for "http://localhost:8890/notification-service/default": Connection refused: no further information
2025-07-10 21:39:35,432 [main] INFO  o.s.d.r.c.RepositoryConfigurationDelegate          - Bootstrapping Spring Data JPA repositories in DEFAULT mode.
2025-07-10 21:39:35,620 [main] INFO  o.s.d.r.c.RepositoryConfigurationDelegate          - Finished Spring Data repository scanning in 170 ms. Found 6 JPA repository interfaces.
2025-07-10 21:39:35,925 [main] INFO  o.s.cloud.context.scope.GenericScope               - BeanFactory id=77753357-cceb-3f4b-ac79-00a3e87d7170
2025-07-10 21:39:36,859 [main] INFO  o.s.b.w.embedded.tomcat.TomcatWebServer            - Tomcat initialized with port 0 (http)
2025-07-10 21:39:36,872 [main] INFO  o.apache.coyote.http11.Http11NioProtocol           - Initializing ProtocolHandler ["http-nio-auto-1"]
2025-07-10 21:39:36,874 [main] INFO  o.apache.catalina.core.StandardService             - Starting service [Tomcat]
2025-07-10 21:39:36,874 [main] INFO  org.apache.catalina.core.StandardEngine            - Starting Servlet engine: [Apache Tomcat/10.1.40]
2025-07-10 21:39:36,959 [main] INFO  o.a.c.c.C.[Tomcat].[localhost].[/]                 - Initializing Spring embedded WebApplicationContext
2025-07-10 21:39:36,959 [main] INFO  o.s.b.w.s.c.ServletWebServerApplicationContext     - Root WebApplicationContext: initialization completed in 2634 ms
2025-07-10 21:39:37,512 [main] INFO  com.zaxxer.hikari.HikariDataSource                 - HikariPool-1 - Starting...
2025-07-10 21:39:37,722 [main] INFO  com.zaxxer.hikari.pool.HikariPool                  - HikariPool-1 - Added connection conn0: url=jdbc:h2:mem:userdb user=SA
2025-07-10 21:39:37,724 [main] INFO  com.zaxxer.hikari.HikariDataSource                 - HikariPool-1 - Start completed.
2025-07-10 21:39:38,026 [main] INFO  o.hibernate.jpa.internal.util.LogHelper            - HHH000204: Processing PersistenceUnitInfo [name: default]
2025-07-10 21:39:38,118 [main] INFO  org.hibernate.Version                              - HHH000412: Hibernate ORM core version 6.6.13.Final
2025-07-10 21:39:38,173 [main] INFO  o.h.c.internal.RegionFactoryInitiator              - HHH000026: Second-level cache disabled
2025-07-10 21:39:38,504 [main] INFO  o.s.o.j.p.SpringPersistenceUnitInfo                - No LoadTimeWeaver setup: ignoring JPA class transformer
2025-07-10 21:39:38,559 [main] INFO  org.hibernate.orm.connections.pooling              - HHH10001005: Database info:
	Database JDBC URL [Connecting through datasource 'HikariDataSource (HikariPool-1)']
	Database driver: undefined/unknown
	Database version: 2.3.232
	Autocommit mode: undefined/unknown
	Isolation level: undefined/unknown
	Minimum pool size: undefined/unknown
	Maximum pool size: undefined/unknown
2025-07-10 21:39:39,428 [main] INFO  o.h.e.t.j.p.i.JtaPlatformInitiator                 - HHH000489: No JTA platform available (set 'hibernate.transaction.jta.platform' to enable JTA platform integration)
2025-07-10 21:39:39,555 [main] INFO  o.s.o.j.LocalContainerEntityManagerFactoryBean     - Initialized JPA EntityManagerFactory for persistence unit 'default'
2025-07-10 21:39:40,430 [main] WARN  o.s.b.w.s.c.AnnotationConfigServletWebServerApplicationContext - Exception encountered during context initialization - cancelling refresh attempt: org.springframework.beans.factory.UnsatisfiedDependencyException: Error creating bean with name 'eventController' defined in file [C:\Users\ja2c\Desktop\Cursos\micro-servicio-archt\k8s\microservices\services\notification-service\target\classes\edu\market\notification\infrastructure\adapter\input\web\controller\EventController.class]: Unsatisfied dependency expressed through constructor parameter 0: Error creating bean with name 'processDomainEventUseCase' defined in class path resource [edu/market/notification/infrastructure/config/ApplicationConfig.class]: Unsatisfied dependency expressed through method 'processDomainEventUseCase' parameter 2: Error creating bean with name 'sendNotificationUseCase' defined in class path resource [edu/market/notification/infrastructure/config/ApplicationConfig.class]: Unsatisfied dependency expressed through method 'sendNotificationUseCase' parameter 0: Error creating bean with name 'notificationChannelServiceAdapter' defined in file [C:\Users\ja2c\Desktop\Cursos\micro-servicio-archt\k8s\microservices\services\notification-service\target\classes\edu\market\notification\infrastructure\adapter\output\service\NotificationChannelServiceAdapter.class]: Unsatisfied dependency expressed through constructor parameter 1: Error creating bean with name 'micrometerMetricsAdapter' defined in file [C:\Users\ja2c\Desktop\Cursos\micro-servicio-archt\k8s\microservices\services\notification-service\target\classes\edu\market\notification\infrastructure\adapter\output\monitoring\MicrometerMetricsAdapter.class]: Unsatisfied dependency expressed through constructor parameter 1: Error creating bean with name 'metricsProperties': Could not bind properties to 'MetricsProperties' : prefix=app.config.infrastructure.metrics, ignoreInvalidFields=false, ignoreUnknownFields=true
2025-07-10 21:39:40,430 [main] INFO  o.s.o.j.LocalContainerEntityManagerFactoryBean     - Closing JPA EntityManagerFactory for persistence unit 'default'
2025-07-10 21:39:40,433 [main] INFO  com.zaxxer.hikari.HikariDataSource                 - HikariPool-1 - Shutdown initiated...
2025-07-10 21:39:40,435 [main] INFO  com.zaxxer.hikari.HikariDataSource                 - HikariPool-1 - Shutdown completed.
2025-07-10 21:39:40,439 [main] INFO  o.apache.catalina.core.StandardService             - Stopping service [Tomcat]
2025-07-10 21:39:40,454 [main] INFO  o.s.b.a.l.ConditionEvaluationReportLogger          - 

Error starting ApplicationContext. To display the condition evaluation report re-run your application with 'debug' enabled.
2025-07-10 21:39:40,469 [main] ERROR o.s.b.d.LoggingFailureAnalysisReporter             - 

***************************
APPLICATION FAILED TO START
***************************

Description:

Binding to target edu.market.notification.infrastructure.config.properties.MetricsProperties$$SpringCGLIB$$0 failed:

    Property: app.config.infrastructure.metrics.prefix
    Value: "null"
    Reason: no debe estar vacío


Action:

Update your application's configuration

2025-07-10 21:40:35,959 [background-preinit] INFO  o.h.validator.internal.util.Version                - HV000001: Hibernate Validator 8.0.2.Final
2025-07-10 21:40:36,002 [main] INFO  edu.market.notification.App                        - Starting App v1.0.0 using Java 21 with PID 1900 (C:\Users\ja2c\Desktop\Cursos\micro-servicio-archt\k8s\microservices\services\notification-service\target\classes started by ja2c in C:\Users\ja2c\Desktop\Cursos\micro-servicio-archt\k8s\microservices\services\notification-service)
2025-07-10 21:40:36,002 [main] DEBUG edu.market.notification.App                        - Running with Spring Boot v3.4.5, Spring v6.2.6
2025-07-10 21:40:36,003 [main] INFO  edu.market.notification.App                        - The following 1 profile is active: "dev"
2025-07-10 21:40:36,034 [main] INFO  o.s.c.c.c.ConfigServerConfigDataLoader             - Fetching config from server at : http://localhost:8890
2025-07-10 21:40:36,034 [main] INFO  o.s.c.c.c.ConfigServerConfigDataLoader             - Exception on Url - http://localhost:8890:org.springframework.web.client.ResourceAccessException: I/O error on GET request for "http://localhost:8890/notification-service/default": Connection refused: no further information. Will be trying the next url if available
2025-07-10 21:40:36,035 [main] WARN  o.s.c.c.c.ConfigServerConfigDataLoader             - Could not locate PropertySource ([ConfigServerConfigDataResource@3c818ac4 uris = array<String>['http://localhost:8890'], optional = true, profiles = 'default']): I/O error on GET request for "http://localhost:8890/notification-service/default": Connection refused: no further information
2025-07-10 21:40:36,035 [main] INFO  o.s.c.c.c.ConfigServerConfigDataLoader             - Fetching config from server at : http://localhost:8890
2025-07-10 21:40:36,035 [main] INFO  o.s.c.c.c.ConfigServerConfigDataLoader             - Exception on Url - http://localhost:8890:org.springframework.web.client.ResourceAccessException: I/O error on GET request for "http://localhost:8890/notification-service/dev": Connection refused: no further information. Will be trying the next url if available
2025-07-10 21:40:36,035 [main] WARN  o.s.c.c.c.ConfigServerConfigDataLoader             - Could not locate PropertySource ([ConfigServerConfigDataResource@109f5dd8 uris = array<String>['http://localhost:8890'], optional = true, profiles = 'dev']): I/O error on GET request for "http://localhost:8890/notification-service/dev": Connection refused: no further information
2025-07-10 21:40:36,035 [main] INFO  o.s.c.c.c.ConfigServerConfigDataLoader             - Fetching config from server at : http://localhost:8890
2025-07-10 21:40:36,036 [main] INFO  o.s.c.c.c.ConfigServerConfigDataLoader             - Exception on Url - http://localhost:8890:org.springframework.web.client.ResourceAccessException: I/O error on GET request for "http://localhost:8890/notification-service/default": Connection refused: no further information. Will be trying the next url if available
2025-07-10 21:40:36,036 [main] WARN  o.s.c.c.c.ConfigServerConfigDataLoader             - Could not locate PropertySource ([ConfigServerConfigDataResource@67fe380b uris = array<String>['http://localhost:8890'], optional = true, profiles = 'default']): I/O error on GET request for "http://localhost:8890/notification-service/default": Connection refused: no further information
2025-07-10 21:40:37,072 [main] INFO  o.s.d.r.c.RepositoryConfigurationDelegate          - Bootstrapping Spring Data JPA repositories in DEFAULT mode.
2025-07-10 21:40:37,261 [main] INFO  o.s.d.r.c.RepositoryConfigurationDelegate          - Finished Spring Data repository scanning in 176 ms. Found 6 JPA repository interfaces.
2025-07-10 21:40:37,569 [main] INFO  o.s.cloud.context.scope.GenericScope               - BeanFactory id=77753357-cceb-3f4b-ac79-00a3e87d7170
2025-07-10 21:40:38,508 [main] INFO  o.s.b.w.embedded.tomcat.TomcatWebServer            - Tomcat initialized with port 0 (http)
2025-07-10 21:40:38,521 [main] INFO  o.apache.coyote.http11.Http11NioProtocol           - Initializing ProtocolHandler ["http-nio-auto-1"]
2025-07-10 21:40:38,523 [main] INFO  o.apache.catalina.core.StandardService             - Starting service [Tomcat]
2025-07-10 21:40:38,524 [main] INFO  org.apache.catalina.core.StandardEngine            - Starting Servlet engine: [Apache Tomcat/10.1.40]
2025-07-10 21:40:38,609 [main] INFO  o.a.c.c.C.[Tomcat].[localhost].[/]                 - Initializing Spring embedded WebApplicationContext
2025-07-10 21:40:38,610 [main] INFO  o.s.b.w.s.c.ServletWebServerApplicationContext     - Root WebApplicationContext: initialization completed in 2573 ms
2025-07-10 21:40:39,169 [main] INFO  com.zaxxer.hikari.HikariDataSource                 - HikariPool-1 - Starting...
2025-07-10 21:40:39,361 [main] INFO  com.zaxxer.hikari.pool.HikariPool                  - HikariPool-1 - Added connection conn0: url=jdbc:h2:mem:userdb user=SA
2025-07-10 21:40:39,363 [main] INFO  com.zaxxer.hikari.HikariDataSource                 - HikariPool-1 - Start completed.
2025-07-10 21:40:39,658 [main] INFO  o.hibernate.jpa.internal.util.LogHelper            - HHH000204: Processing PersistenceUnitInfo [name: default]
2025-07-10 21:40:39,735 [main] INFO  org.hibernate.Version                              - HHH000412: Hibernate ORM core version 6.6.13.Final
2025-07-10 21:40:39,809 [main] INFO  o.h.c.internal.RegionFactoryInitiator              - HHH000026: Second-level cache disabled
2025-07-10 21:40:40,187 [main] INFO  o.s.o.j.p.SpringPersistenceUnitInfo                - No LoadTimeWeaver setup: ignoring JPA class transformer
2025-07-10 21:40:40,249 [main] INFO  org.hibernate.orm.connections.pooling              - HHH10001005: Database info:
	Database JDBC URL [Connecting through datasource 'HikariDataSource (HikariPool-1)']
	Database driver: undefined/unknown
	Database version: 2.3.232
	Autocommit mode: undefined/unknown
	Isolation level: undefined/unknown
	Minimum pool size: undefined/unknown
	Maximum pool size: undefined/unknown
2025-07-10 21:40:41,145 [main] INFO  o.h.e.t.j.p.i.JtaPlatformInitiator                 - HHH000489: No JTA platform available (set 'hibernate.transaction.jta.platform' to enable JTA platform integration)
2025-07-10 21:40:41,270 [main] INFO  o.s.o.j.LocalContainerEntityManagerFactoryBean     - Initialized JPA EntityManagerFactory for persistence unit 'default'
2025-07-10 21:40:42,047 [main] WARN  o.s.b.w.s.c.AnnotationConfigServletWebServerApplicationContext - Exception encountered during context initialization - cancelling refresh attempt: org.springframework.beans.factory.UnsatisfiedDependencyException: Error creating bean with name 'eventController' defined in file [C:\Users\ja2c\Desktop\Cursos\micro-servicio-archt\k8s\microservices\services\notification-service\target\classes\edu\market\notification\infrastructure\adapter\input\web\controller\EventController.class]: Unsatisfied dependency expressed through constructor parameter 0: Error creating bean with name 'processDomainEventUseCase' defined in class path resource [edu/market/notification/infrastructure/config/ApplicationConfig.class]: Unsatisfied dependency expressed through method 'processDomainEventUseCase' parameter 2: Error creating bean with name 'sendNotificationUseCase' defined in class path resource [edu/market/notification/infrastructure/config/ApplicationConfig.class]: Unsatisfied dependency expressed through method 'sendNotificationUseCase' parameter 0: Error creating bean with name 'notificationChannelServiceAdapter' defined in file [C:\Users\ja2c\Desktop\Cursos\micro-servicio-archt\k8s\microservices\services\notification-service\target\classes\edu\market\notification\infrastructure\adapter\output\service\NotificationChannelServiceAdapter.class]: Unsatisfied dependency expressed through constructor parameter 2: No qualifying bean of type 'java.lang.String' available: expected at least 1 bean which qualifies as autowire candidate. Dependency annotations: {}
2025-07-10 21:40:42,048 [main] INFO  o.s.o.j.LocalContainerEntityManagerFactoryBean     - Closing JPA EntityManagerFactory for persistence unit 'default'
2025-07-10 21:40:42,052 [main] INFO  com.zaxxer.hikari.HikariDataSource                 - HikariPool-1 - Shutdown initiated...
2025-07-10 21:40:42,054 [main] INFO  com.zaxxer.hikari.HikariDataSource                 - HikariPool-1 - Shutdown completed.
2025-07-10 21:40:42,059 [main] INFO  o.apache.catalina.core.StandardService             - Stopping service [Tomcat]
2025-07-10 21:40:42,080 [main] INFO  o.s.b.a.l.ConditionEvaluationReportLogger          - 

Error starting ApplicationContext. To display the condition evaluation report re-run your application with 'debug' enabled.
2025-07-10 21:40:42,129 [main] ERROR o.s.b.d.LoggingFailureAnalysisReporter             - 

***************************
APPLICATION FAILED TO START
***************************

Description:

Parameter 2 of constructor in edu.market.notification.infrastructure.adapter.output.service.NotificationChannelServiceAdapter required a bean of type 'java.lang.String' that could not be found.


Action:

Consider defining a bean of type 'java.lang.String' in your configuration.

2025-07-10 21:42:41,328 [background-preinit] INFO  o.h.validator.internal.util.Version                - HV000001: Hibernate Validator 8.0.2.Final
2025-07-10 21:42:41,368 [main] INFO  edu.market.notification.App                        - Starting App v1.0.0 using Java 21 with PID 7812 (C:\Users\ja2c\Desktop\Cursos\micro-servicio-archt\k8s\microservices\services\notification-service\target\classes started by ja2c in C:\Users\ja2c\Desktop\Cursos\micro-servicio-archt\k8s\microservices\services\notification-service)
2025-07-10 21:42:41,369 [main] DEBUG edu.market.notification.App                        - Running with Spring Boot v3.4.5, Spring v6.2.6
2025-07-10 21:42:41,370 [main] INFO  edu.market.notification.App                        - The following 1 profile is active: "dev"
2025-07-10 21:42:41,399 [main] INFO  o.s.c.c.c.ConfigServerConfigDataLoader             - Fetching config from server at : http://localhost:8890
2025-07-10 21:42:41,400 [main] INFO  o.s.c.c.c.ConfigServerConfigDataLoader             - Exception on Url - http://localhost:8890:org.springframework.web.client.ResourceAccessException: I/O error on GET request for "http://localhost:8890/notification-service/default": Connection refused: no further information. Will be trying the next url if available
2025-07-10 21:42:41,400 [main] WARN  o.s.c.c.c.ConfigServerConfigDataLoader             - Could not locate PropertySource ([ConfigServerConfigDataResource@3c818ac4 uris = array<String>['http://localhost:8890'], optional = true, profiles = 'default']): I/O error on GET request for "http://localhost:8890/notification-service/default": Connection refused: no further information
2025-07-10 21:42:41,400 [main] INFO  o.s.c.c.c.ConfigServerConfigDataLoader             - Fetching config from server at : http://localhost:8890
2025-07-10 21:42:41,400 [main] INFO  o.s.c.c.c.ConfigServerConfigDataLoader             - Exception on Url - http://localhost:8890:org.springframework.web.client.ResourceAccessException: I/O error on GET request for "http://localhost:8890/notification-service/dev": Connection refused: no further information. Will be trying the next url if available
2025-07-10 21:42:41,400 [main] WARN  o.s.c.c.c.ConfigServerConfigDataLoader             - Could not locate PropertySource ([ConfigServerConfigDataResource@109f5dd8 uris = array<String>['http://localhost:8890'], optional = true, profiles = 'dev']): I/O error on GET request for "http://localhost:8890/notification-service/dev": Connection refused: no further information
2025-07-10 21:42:41,400 [main] INFO  o.s.c.c.c.ConfigServerConfigDataLoader             - Fetching config from server at : http://localhost:8890
2025-07-10 21:42:41,401 [main] INFO  o.s.c.c.c.ConfigServerConfigDataLoader             - Exception on Url - http://localhost:8890:org.springframework.web.client.ResourceAccessException: I/O error on GET request for "http://localhost:8890/notification-service/default": Connection refused: no further information. Will be trying the next url if available
2025-07-10 21:42:41,401 [main] WARN  o.s.c.c.c.ConfigServerConfigDataLoader             - Could not locate PropertySource ([ConfigServerConfigDataResource@67fe380b uris = array<String>['http://localhost:8890'], optional = true, profiles = 'default']): I/O error on GET request for "http://localhost:8890/notification-service/default": Connection refused: no further information
2025-07-10 21:42:42,425 [main] INFO  o.s.d.r.c.RepositoryConfigurationDelegate          - Bootstrapping Spring Data JPA repositories in DEFAULT mode.
2025-07-10 21:42:42,614 [main] INFO  o.s.d.r.c.RepositoryConfigurationDelegate          - Finished Spring Data repository scanning in 172 ms. Found 6 JPA repository interfaces.
2025-07-10 21:42:42,926 [main] INFO  o.s.cloud.context.scope.GenericScope               - BeanFactory id=77753357-cceb-3f4b-ac79-00a3e87d7170
2025-07-10 21:42:43,853 [main] INFO  o.s.b.w.embedded.tomcat.TomcatWebServer            - Tomcat initialized with port 0 (http)
2025-07-10 21:42:43,875 [main] INFO  o.apache.coyote.http11.Http11NioProtocol           - Initializing ProtocolHandler ["http-nio-auto-1"]
2025-07-10 21:42:43,877 [main] INFO  o.apache.catalina.core.StandardService             - Starting service [Tomcat]
2025-07-10 21:42:43,878 [main] INFO  org.apache.catalina.core.StandardEngine            - Starting Servlet engine: [Apache Tomcat/10.1.40]
2025-07-10 21:42:43,963 [main] INFO  o.a.c.c.C.[Tomcat].[localhost].[/]                 - Initializing Spring embedded WebApplicationContext
2025-07-10 21:42:43,964 [main] INFO  o.s.b.w.s.c.ServletWebServerApplicationContext     - Root WebApplicationContext: initialization completed in 2562 ms
2025-07-10 21:42:44,455 [main] INFO  com.zaxxer.hikari.HikariDataSource                 - HikariPool-1 - Starting...
2025-07-10 21:42:44,652 [main] INFO  com.zaxxer.hikari.pool.HikariPool                  - HikariPool-1 - Added connection conn0: url=jdbc:h2:mem:userdb user=SA
2025-07-10 21:42:44,654 [main] INFO  com.zaxxer.hikari.HikariDataSource                 - HikariPool-1 - Start completed.
2025-07-10 21:42:44,930 [main] INFO  o.hibernate.jpa.internal.util.LogHelper            - HHH000204: Processing PersistenceUnitInfo [name: default]
2025-07-10 21:42:45,007 [main] INFO  org.hibernate.Version                              - HHH000412: Hibernate ORM core version 6.6.13.Final
2025-07-10 21:42:45,083 [main] INFO  o.h.c.internal.RegionFactoryInitiator              - HHH000026: Second-level cache disabled
2025-07-10 21:42:45,337 [main] INFO  o.s.o.j.p.SpringPersistenceUnitInfo                - No LoadTimeWeaver setup: ignoring JPA class transformer
2025-07-10 21:42:45,397 [main] INFO  org.hibernate.orm.connections.pooling              - HHH10001005: Database info:
	Database JDBC URL [Connecting through datasource 'HikariDataSource (HikariPool-1)']
	Database driver: undefined/unknown
	Database version: 2.3.232
	Autocommit mode: undefined/unknown
	Isolation level: undefined/unknown
	Minimum pool size: undefined/unknown
	Maximum pool size: undefined/unknown
2025-07-10 21:42:46,339 [main] INFO  o.h.e.t.j.p.i.JtaPlatformInitiator                 - HHH000489: No JTA platform available (set 'hibernate.transaction.jta.platform' to enable JTA platform integration)
2025-07-10 21:42:46,469 [main] INFO  o.s.o.j.LocalContainerEntityManagerFactoryBean     - Initialized JPA EntityManagerFactory for persistence unit 'default'
2025-07-10 21:42:47,378 [main] INFO  o.s.d.j.r.query.QueryEnhancerFactory               - Hibernate is in classpath; If applicable, HQL parser will be used.
2025-07-10 21:42:47,885 [main] WARN  o.s.b.w.s.c.AnnotationConfigServletWebServerApplicationContext - Exception encountered during context initialization - cancelling refresh attempt: org.springframework.beans.factory.UnsatisfiedDependencyException: Error creating bean with name 'eventController' defined in file [C:\Users\ja2c\Desktop\Cursos\micro-servicio-archt\k8s\microservices\services\notification-service\target\classes\edu\market\notification\infrastructure\adapter\input\web\controller\EventController.class]: Unsatisfied dependency expressed through constructor parameter 0: Error creating bean with name 'processDomainEventUseCase' defined in class path resource [edu/market/notification/infrastructure/config/ApplicationConfig.class]: Unsatisfied dependency expressed through method 'processDomainEventUseCase' parameter 2: Error creating bean with name 'sendNotificationUseCase' defined in class path resource [edu/market/notification/infrastructure/config/ApplicationConfig.class]: Unsatisfied dependency expressed through method 'sendNotificationUseCase' parameter 1: Error creating bean with name 'notificationRepositoryAdapter' defined in file [C:\Users\ja2c\Desktop\Cursos\micro-servicio-archt\k8s\microservices\services\notification-service\target\classes\edu\market\notification\infrastructure\adapter\output\persistence\NotificationRepositoryAdapter.class]: Unsatisfied dependency expressed through constructor parameter 0: Error creating bean with name 'jpaNotificationRepository' defined in edu.market.notification.infrastructure.adapter.output.persistence.repository.JpaNotificationRepository defined in @EnableJpaRepositories declared on JpaRepositoriesRegistrar.EnableJpaRepositoriesConfiguration: Could not create query for public abstract java.util.List edu.market.notification.infrastructure.adapter.output.persistence.repository.JpaNotificationRepository.findByUserId(java.util.UUID); Reason: Failed to create query for method public abstract java.util.List edu.market.notification.infrastructure.adapter.output.persistence.repository.JpaNotificationRepository.findByUserId(java.util.UUID); No property 'userId' found for type 'NotificationEntity'
2025-07-10 21:42:47,887 [main] INFO  o.s.o.j.LocalContainerEntityManagerFactoryBean     - Closing JPA EntityManagerFactory for persistence unit 'default'
2025-07-10 21:42:47,888 [main] INFO  com.zaxxer.hikari.HikariDataSource                 - HikariPool-1 - Shutdown initiated...
2025-07-10 21:42:47,890 [main] INFO  com.zaxxer.hikari.HikariDataSource                 - HikariPool-1 - Shutdown completed.
2025-07-10 21:42:47,893 [main] INFO  o.apache.catalina.core.StandardService             - Stopping service [Tomcat]
2025-07-10 21:42:47,908 [main] INFO  o.s.b.a.l.ConditionEvaluationReportLogger          - 

Error starting ApplicationContext. To display the condition evaluation report re-run your application with 'debug' enabled.
2025-07-10 21:42:47,922 [main] ERROR o.springframework.boot.SpringApplication           - Application run failed
org.springframework.beans.factory.UnsatisfiedDependencyException: Error creating bean with name 'eventController' defined in file [C:\Users\ja2c\Desktop\Cursos\micro-servicio-archt\k8s\microservices\services\notification-service\target\classes\edu\market\notification\infrastructure\adapter\input\web\controller\EventController.class]: Unsatisfied dependency expressed through constructor parameter 0: Error creating bean with name 'processDomainEventUseCase' defined in class path resource [edu/market/notification/infrastructure/config/ApplicationConfig.class]: Unsatisfied dependency expressed through method 'processDomainEventUseCase' parameter 2: Error creating bean with name 'sendNotificationUseCase' defined in class path resource [edu/market/notification/infrastructure/config/ApplicationConfig.class]: Unsatisfied dependency expressed through method 'sendNotificationUseCase' parameter 1: Error creating bean with name 'notificationRepositoryAdapter' defined in file [C:\Users\ja2c\Desktop\Cursos\micro-servicio-archt\k8s\microservices\services\notification-service\target\classes\edu\market\notification\infrastructure\adapter\output\persistence\NotificationRepositoryAdapter.class]: Unsatisfied dependency expressed through constructor parameter 0: Error creating bean with name 'jpaNotificationRepository' defined in edu.market.notification.infrastructure.adapter.output.persistence.repository.JpaNotificationRepository defined in @EnableJpaRepositories declared on JpaRepositoriesRegistrar.EnableJpaRepositoriesConfiguration: Could not create query for public abstract java.util.List edu.market.notification.infrastructure.adapter.output.persistence.repository.JpaNotificationRepository.findByUserId(java.util.UUID); Reason: Failed to create query for method public abstract java.util.List edu.market.notification.infrastructure.adapter.output.persistence.repository.JpaNotificationRepository.findByUserId(java.util.UUID); No property 'userId' found for type 'NotificationEntity'
	at org.springframework.beans.factory.support.ConstructorResolver.createArgumentArray(ConstructorResolver.java:804)
	at org.springframework.beans.factory.support.ConstructorResolver.autowireConstructor(ConstructorResolver.java:240)
	at org.springframework.beans.factory.support.AbstractAutowireCapableBeanFactory.autowireConstructor(AbstractAutowireCapableBeanFactory.java:1387)
	at org.springframework.beans.factory.support.AbstractAutowireCapableBeanFactory.createBeanInstance(AbstractAutowireCapableBeanFactory.java:1224)
	at org.springframework.beans.factory.support.AbstractAutowireCapableBeanFactory.doCreateBean(AbstractAutowireCapableBeanFactory.java:569)
	at org.springframework.beans.factory.support.AbstractAutowireCapableBeanFactory.createBean(AbstractAutowireCapableBeanFactory.java:529)
	at org.springframework.beans.factory.support.AbstractBeanFactory.lambda$doGetBean$0(AbstractBeanFactory.java:339)
	at org.springframework.beans.factory.support.DefaultSingletonBeanRegistry.getSingleton(DefaultSingletonBeanRegistry.java:371)
	at org.springframework.beans.factory.support.AbstractBeanFactory.doGetBean(AbstractBeanFactory.java:337)
	at org.springframework.beans.factory.support.AbstractBeanFactory.getBean(AbstractBeanFactory.java:202)
	at org.springframework.beans.factory.support.DefaultListableBeanFactory.instantiateSingleton(DefaultListableBeanFactory.java:1221)
	at org.springframework.beans.factory.support.DefaultListableBeanFactory.preInstantiateSingleton(DefaultListableBeanFactory.java:1187)
	at org.springframework.beans.factory.support.DefaultListableBeanFactory.preInstantiateSingletons(DefaultListableBeanFactory.java:1122)
	at org.springframework.context.support.AbstractApplicationContext.finishBeanFactoryInitialization(AbstractApplicationContext.java:987)
	at org.springframework.context.support.AbstractApplicationContext.refresh(AbstractApplicationContext.java:627)
	at org.springframework.boot.web.servlet.context.ServletWebServerApplicationContext.refresh(ServletWebServerApplicationContext.java:146)
	at org.springframework.boot.SpringApplication.refresh(SpringApplication.java:753)
	at org.springframework.boot.SpringApplication.refreshContext(SpringApplication.java:439)
	at org.springframework.boot.SpringApplication.run(SpringApplication.java:318)
	at org.springframework.boot.SpringApplication.run(SpringApplication.java:1362)
	at org.springframework.boot.SpringApplication.run(SpringApplication.java:1351)
	at edu.market.notification.App.main(App.java:10)
Caused by: org.springframework.beans.factory.UnsatisfiedDependencyException: Error creating bean with name 'processDomainEventUseCase' defined in class path resource [edu/market/notification/infrastructure/config/ApplicationConfig.class]: Unsatisfied dependency expressed through method 'processDomainEventUseCase' parameter 2: Error creating bean with name 'sendNotificationUseCase' defined in class path resource [edu/market/notification/infrastructure/config/ApplicationConfig.class]: Unsatisfied dependency expressed through method 'sendNotificationUseCase' parameter 1: Error creating bean with name 'notificationRepositoryAdapter' defined in file [C:\Users\ja2c\Desktop\Cursos\micro-servicio-archt\k8s\microservices\services\notification-service\target\classes\edu\market\notification\infrastructure\adapter\output\persistence\NotificationRepositoryAdapter.class]: Unsatisfied dependency expressed through constructor parameter 0: Error creating bean with name 'jpaNotificationRepository' defined in edu.market.notification.infrastructure.adapter.output.persistence.repository.JpaNotificationRepository defined in @EnableJpaRepositories declared on JpaRepositoriesRegistrar.EnableJpaRepositoriesConfiguration: Could not create query for public abstract java.util.List edu.market.notification.infrastructure.adapter.output.persistence.repository.JpaNotificationRepository.findByUserId(java.util.UUID); Reason: Failed to create query for method public abstract java.util.List edu.market.notification.infrastructure.adapter.output.persistence.repository.JpaNotificationRepository.findByUserId(java.util.UUID); No property 'userId' found for type 'NotificationEntity'
	at org.springframework.beans.factory.support.ConstructorResolver.createArgumentArray(ConstructorResolver.java:804)
	at org.springframework.beans.factory.support.ConstructorResolver.instantiateUsingFactoryMethod(ConstructorResolver.java:546)
	at org.springframework.beans.factory.support.AbstractAutowireCapableBeanFactory.instantiateUsingFactoryMethod(AbstractAutowireCapableBeanFactory.java:1367)
	at org.springframework.beans.factory.support.AbstractAutowireCapableBeanFactory.createBeanInstance(AbstractAutowireCapableBeanFactory.java:1197)
	at org.springframework.beans.factory.support.AbstractAutowireCapableBeanFactory.doCreateBean(AbstractAutowireCapableBeanFactory.java:569)
	at org.springframework.beans.factory.support.AbstractAutowireCapableBeanFactory.createBean(AbstractAutowireCapableBeanFactory.java:529)
	at org.springframework.beans.factory.support.AbstractBeanFactory.lambda$doGetBean$0(AbstractBeanFactory.java:339)
	at org.springframework.beans.factory.support.DefaultSingletonBeanRegistry.getSingleton(DefaultSingletonBeanRegistry.java:371)
	at org.springframework.beans.factory.support.AbstractBeanFactory.doGetBean(AbstractBeanFactory.java:337)
	at org.springframework.beans.factory.support.AbstractBeanFactory.getBean(AbstractBeanFactory.java:202)
	at org.springframework.beans.factory.support.DefaultListableBeanFactory.doResolveDependency(DefaultListableBeanFactory.java:1681)
	at org.springframework.beans.factory.support.DefaultListableBeanFactory.resolveDependency(DefaultListableBeanFactory.java:1627)
	at org.springframework.beans.factory.support.ConstructorResolver.resolveAutowiredArgument(ConstructorResolver.java:913)
	at org.springframework.beans.factory.support.ConstructorResolver.createArgumentArray(ConstructorResolver.java:791)
	... 21 common frames omitted
Caused by: org.springframework.beans.factory.UnsatisfiedDependencyException: Error creating bean with name 'sendNotificationUseCase' defined in class path resource [edu/market/notification/infrastructure/config/ApplicationConfig.class]: Unsatisfied dependency expressed through method 'sendNotificationUseCase' parameter 1: Error creating bean with name 'notificationRepositoryAdapter' defined in file [C:\Users\ja2c\Desktop\Cursos\micro-servicio-archt\k8s\microservices\services\notification-service\target\classes\edu\market\notification\infrastructure\adapter\output\persistence\NotificationRepositoryAdapter.class]: Unsatisfied dependency expressed through constructor parameter 0: Error creating bean with name 'jpaNotificationRepository' defined in edu.market.notification.infrastructure.adapter.output.persistence.repository.JpaNotificationRepository defined in @EnableJpaRepositories declared on JpaRepositoriesRegistrar.EnableJpaRepositoriesConfiguration: Could not create query for public abstract java.util.List edu.market.notification.infrastructure.adapter.output.persistence.repository.JpaNotificationRepository.findByUserId(java.util.UUID); Reason: Failed to create query for method public abstract java.util.List edu.market.notification.infrastructure.adapter.output.persistence.repository.JpaNotificationRepository.findByUserId(java.util.UUID); No property 'userId' found for type 'NotificationEntity'
	at org.springframework.beans.factory.support.ConstructorResolver.createArgumentArray(ConstructorResolver.java:804)
	at org.springframework.beans.factory.support.ConstructorResolver.instantiateUsingFactoryMethod(ConstructorResolver.java:546)
	at org.springframework.beans.factory.support.AbstractAutowireCapableBeanFactory.instantiateUsingFactoryMethod(AbstractAutowireCapableBeanFactory.java:1367)
	at org.springframework.beans.factory.support.AbstractAutowireCapableBeanFactory.createBeanInstance(AbstractAutowireCapableBeanFactory.java:1197)
	at org.springframework.beans.factory.support.AbstractAutowireCapableBeanFactory.doCreateBean(AbstractAutowireCapableBeanFactory.java:569)
	at org.springframework.beans.factory.support.AbstractAutowireCapableBeanFactory.createBean(AbstractAutowireCapableBeanFactory.java:529)
	at org.springframework.beans.factory.support.AbstractBeanFactory.lambda$doGetBean$0(AbstractBeanFactory.java:339)
	at org.springframework.beans.factory.support.DefaultSingletonBeanRegistry.getSingleton(DefaultSingletonBeanRegistry.java:371)
	at org.springframework.beans.factory.support.AbstractBeanFactory.doGetBean(AbstractBeanFactory.java:337)
	at org.springframework.beans.factory.support.AbstractBeanFactory.getBean(AbstractBeanFactory.java:202)
	at org.springframework.beans.factory.support.DefaultListableBeanFactory.doResolveDependency(DefaultListableBeanFactory.java:1681)
	at org.springframework.beans.factory.support.DefaultListableBeanFactory.resolveDependency(DefaultListableBeanFactory.java:1627)
	at org.springframework.beans.factory.support.ConstructorResolver.resolveAutowiredArgument(ConstructorResolver.java:913)
	at org.springframework.beans.factory.support.ConstructorResolver.createArgumentArray(ConstructorResolver.java:791)
	... 34 common frames omitted
Caused by: org.springframework.beans.factory.UnsatisfiedDependencyException: Error creating bean with name 'notificationRepositoryAdapter' defined in file [C:\Users\ja2c\Desktop\Cursos\micro-servicio-archt\k8s\microservices\services\notification-service\target\classes\edu\market\notification\infrastructure\adapter\output\persistence\NotificationRepositoryAdapter.class]: Unsatisfied dependency expressed through constructor parameter 0: Error creating bean with name 'jpaNotificationRepository' defined in edu.market.notification.infrastructure.adapter.output.persistence.repository.JpaNotificationRepository defined in @EnableJpaRepositories declared on JpaRepositoriesRegistrar.EnableJpaRepositoriesConfiguration: Could not create query for public abstract java.util.List edu.market.notification.infrastructure.adapter.output.persistence.repository.JpaNotificationRepository.findByUserId(java.util.UUID); Reason: Failed to create query for method public abstract java.util.List edu.market.notification.infrastructure.adapter.output.persistence.repository.JpaNotificationRepository.findByUserId(java.util.UUID); No property 'userId' found for type 'NotificationEntity'
	at org.springframework.beans.factory.support.ConstructorResolver.createArgumentArray(ConstructorResolver.java:804)
	at org.springframework.beans.factory.support.ConstructorResolver.autowireConstructor(ConstructorResolver.java:240)
	at org.springframework.beans.factory.support.AbstractAutowireCapableBeanFactory.autowireConstructor(AbstractAutowireCapableBeanFactory.java:1387)
	at org.springframework.beans.factory.support.AbstractAutowireCapableBeanFactory.createBeanInstance(AbstractAutowireCapableBeanFactory.java:1224)
	at org.springframework.beans.factory.support.AbstractAutowireCapableBeanFactory.doCreateBean(AbstractAutowireCapableBeanFactory.java:569)
	at org.springframework.beans.factory.support.AbstractAutowireCapableBeanFactory.createBean(AbstractAutowireCapableBeanFactory.java:529)
	at org.springframework.beans.factory.support.AbstractBeanFactory.lambda$doGetBean$0(AbstractBeanFactory.java:339)
	at org.springframework.beans.factory.support.DefaultSingletonBeanRegistry.getSingleton(DefaultSingletonBeanRegistry.java:371)
	at org.springframework.beans.factory.support.AbstractBeanFactory.doGetBean(AbstractBeanFactory.java:337)
	at org.springframework.beans.factory.support.AbstractBeanFactory.getBean(AbstractBeanFactory.java:202)
	at org.springframework.beans.factory.config.DependencyDescriptor.resolveCandidate(DependencyDescriptor.java:254)
	at org.springframework.beans.factory.support.DefaultListableBeanFactory.doResolveDependency(DefaultListableBeanFactory.java:1739)
	at org.springframework.beans.factory.support.DefaultListableBeanFactory.resolveDependency(DefaultListableBeanFactory.java:1627)
	at org.springframework.beans.factory.support.ConstructorResolver.resolveAutowiredArgument(ConstructorResolver.java:913)
	at org.springframework.beans.factory.support.ConstructorResolver.createArgumentArray(ConstructorResolver.java:791)
	... 47 common frames omitted
Caused by: org.springframework.beans.factory.BeanCreationException: Error creating bean with name 'jpaNotificationRepository' defined in edu.market.notification.infrastructure.adapter.output.persistence.repository.JpaNotificationRepository defined in @EnableJpaRepositories declared on JpaRepositoriesRegistrar.EnableJpaRepositoriesConfiguration: Could not create query for public abstract java.util.List edu.market.notification.infrastructure.adapter.output.persistence.repository.JpaNotificationRepository.findByUserId(java.util.UUID); Reason: Failed to create query for method public abstract java.util.List edu.market.notification.infrastructure.adapter.output.persistence.repository.JpaNotificationRepository.findByUserId(java.util.UUID); No property 'userId' found for type 'NotificationEntity'
	at org.springframework.beans.factory.support.AbstractAutowireCapableBeanFactory.initializeBean(AbstractAutowireCapableBeanFactory.java:1818)
	at org.springframework.beans.factory.support.AbstractAutowireCapableBeanFactory.doCreateBean(AbstractAutowireCapableBeanFactory.java:607)
	at org.springframework.beans.factory.support.AbstractAutowireCapableBeanFactory.createBean(AbstractAutowireCapableBeanFactory.java:529)
	at org.springframework.beans.factory.support.AbstractBeanFactory.lambda$doGetBean$0(AbstractBeanFactory.java:339)
	at org.springframework.beans.factory.support.DefaultSingletonBeanRegistry.getSingleton(DefaultSingletonBeanRegistry.java:371)
	at org.springframework.beans.factory.support.AbstractBeanFactory.doGetBean(AbstractBeanFactory.java:337)
	at org.springframework.beans.factory.support.AbstractBeanFactory.getBean(AbstractBeanFactory.java:202)
	at org.springframework.beans.factory.config.DependencyDescriptor.resolveCandidate(DependencyDescriptor.java:254)
	at org.springframework.beans.factory.support.DefaultListableBeanFactory.doResolveDependency(DefaultListableBeanFactory.java:1739)
	at org.springframework.beans.factory.support.DefaultListableBeanFactory.resolveDependency(DefaultListableBeanFactory.java:1627)
	at org.springframework.beans.factory.support.ConstructorResolver.resolveAutowiredArgument(ConstructorResolver.java:913)
	at org.springframework.beans.factory.support.ConstructorResolver.createArgumentArray(ConstructorResolver.java:791)
	... 61 common frames omitted
Caused by: org.springframework.data.repository.query.QueryCreationException: Could not create query for public abstract java.util.List edu.market.notification.infrastructure.adapter.output.persistence.repository.JpaNotificationRepository.findByUserId(java.util.UUID); Reason: Failed to create query for method public abstract java.util.List edu.market.notification.infrastructure.adapter.output.persistence.repository.JpaNotificationRepository.findByUserId(java.util.UUID); No property 'userId' found for type 'NotificationEntity'
	at org.springframework.data.repository.query.QueryCreationException.create(QueryCreationException.java:101)
	at org.springframework.data.repository.core.support.QueryExecutorMethodInterceptor.lookupQuery(QueryExecutorMethodInterceptor.java:120)
	at org.springframework.data.repository.core.support.QueryExecutorMethodInterceptor.mapMethodsToQuery(QueryExecutorMethodInterceptor.java:104)
	at org.springframework.data.repository.core.support.QueryExecutorMethodInterceptor.lambda$new$0(QueryExecutorMethodInterceptor.java:92)
	at java.base/java.util.Optional.map(Optional.java:260)
	at org.springframework.data.repository.core.support.QueryExecutorMethodInterceptor.<init>(QueryExecutorMethodInterceptor.java:92)
	at org.springframework.data.repository.core.support.RepositoryFactorySupport.getRepository(RepositoryFactorySupport.java:431)
	at org.springframework.data.repository.core.support.RepositoryFactoryBeanSupport.lambda$afterPropertiesSet$4(RepositoryFactoryBeanSupport.java:350)
	at org.springframework.data.util.Lazy.getNullable(Lazy.java:135)
	at org.springframework.data.util.Lazy.get(Lazy.java:113)
	at org.springframework.data.repository.core.support.RepositoryFactoryBeanSupport.afterPropertiesSet(RepositoryFactoryBeanSupport.java:356)
	at org.springframework.data.jpa.repository.support.JpaRepositoryFactoryBean.afterPropertiesSet(JpaRepositoryFactoryBean.java:132)
	at org.springframework.beans.factory.support.AbstractAutowireCapableBeanFactory.invokeInitMethods(AbstractAutowireCapableBeanFactory.java:1865)
	at org.springframework.beans.factory.support.AbstractAutowireCapableBeanFactory.initializeBean(AbstractAutowireCapableBeanFactory.java:1814)
	... 72 common frames omitted
Caused by: java.lang.IllegalArgumentException: Failed to create query for method public abstract java.util.List edu.market.notification.infrastructure.adapter.output.persistence.repository.JpaNotificationRepository.findByUserId(java.util.UUID); No property 'userId' found for type 'NotificationEntity'
	at org.springframework.data.jpa.repository.query.PartTreeJpaQuery.<init>(PartTreeJpaQuery.java:107)
	at org.springframework.data.jpa.repository.query.JpaQueryLookupStrategy$CreateQueryLookupStrategy.resolveQuery(JpaQueryLookupStrategy.java:128)
	at org.springframework.data.jpa.repository.query.JpaQueryLookupStrategy$CreateIfNotFoundQueryLookupStrategy.resolveQuery(JpaQueryLookupStrategy.java:260)
	at org.springframework.data.jpa.repository.query.JpaQueryLookupStrategy$AbstractQueryLookupStrategy.resolveQuery(JpaQueryLookupStrategy.java:99)
	at org.springframework.data.repository.core.support.QueryExecutorMethodInterceptor.lookupQuery(QueryExecutorMethodInterceptor.java:116)
	... 84 common frames omitted
Caused by: org.springframework.data.mapping.PropertyReferenceException: No property 'userId' found for type 'NotificationEntity'
	at org.springframework.data.mapping.PropertyPath.<init>(PropertyPath.java:94)
	at org.springframework.data.mapping.PropertyPath.create(PropertyPath.java:455)
	at org.springframework.data.mapping.PropertyPath.create(PropertyPath.java:431)
	at org.springframework.data.mapping.PropertyPath.lambda$from$0(PropertyPath.java:384)
	at java.base/java.util.concurrent.ConcurrentMap.computeIfAbsent(ConcurrentMap.java:330)
	at org.springframework.data.mapping.PropertyPath.from(PropertyPath.java:366)
	at org.springframework.data.mapping.PropertyPath.from(PropertyPath.java:344)
	at org.springframework.data.repository.query.parser.Part.<init>(Part.java:81)
	at org.springframework.data.repository.query.parser.PartTree$OrPart.lambda$new$0(PartTree.java:259)
	at java.base/java.util.stream.ReferencePipeline$3$1.accept(ReferencePipeline.java:197)
	at java.base/java.util.stream.ReferencePipeline$2$1.accept(ReferencePipeline.java:179)
	at java.base/java.util.Spliterators$ArraySpliterator.forEachRemaining(Spliterators.java:1024)
	at java.base/java.util.stream.AbstractPipeline.copyInto(AbstractPipeline.java:509)
	at java.base/java.util.stream.AbstractPipeline.wrapAndCopyInto(AbstractPipeline.java:499)
	at java.base/java.util.stream.ReduceOps$ReduceOp.evaluateSequential(ReduceOps.java:921)
	at java.base/java.util.stream.AbstractPipeline.evaluate(AbstractPipeline.java:234)
	at java.base/java.util.stream.ReferencePipeline.collect(ReferencePipeline.java:682)
	at org.springframework.data.repository.query.parser.PartTree$OrPart.<init>(PartTree.java:260)
	at org.springframework.data.repository.query.parser.PartTree$Predicate.lambda$new$0(PartTree.java:389)
	at java.base/java.util.stream.ReferencePipeline$3$1.accept(ReferencePipeline.java:197)
	at java.base/java.util.stream.ReferencePipeline$2$1.accept(ReferencePipeline.java:179)
	at java.base/java.util.Spliterators$ArraySpliterator.forEachRemaining(Spliterators.java:1024)
	at java.base/java.util.stream.AbstractPipeline.copyInto(AbstractPipeline.java:509)
	at java.base/java.util.stream.AbstractPipeline.wrapAndCopyInto(AbstractPipeline.java:499)
	at java.base/java.util.stream.ReduceOps$ReduceOp.evaluateSequential(ReduceOps.java:921)
	at java.base/java.util.stream.AbstractPipeline.evaluate(AbstractPipeline.java:234)
	at java.base/java.util.stream.ReferencePipeline.collect(ReferencePipeline.java:682)
	at org.springframework.data.repository.query.parser.PartTree$Predicate.<init>(PartTree.java:390)
	at org.springframework.data.repository.query.parser.PartTree.<init>(PartTree.java:103)
	at org.springframework.data.jpa.repository.query.PartTreeJpaQuery.<init>(PartTreeJpaQuery.java:101)
	... 88 common frames omitted
2025-07-10 21:46:57,931 [background-preinit] INFO  o.h.validator.internal.util.Version                - HV000001: Hibernate Validator 8.0.2.Final
2025-07-10 21:46:57,968 [main] INFO  edu.market.notification.App                        - Starting App v1.0.0 using Java 21 with PID 18136 (C:\Users\ja2c\Desktop\Cursos\micro-servicio-archt\k8s\microservices\services\notification-service\target\classes started by ja2c in C:\Users\ja2c\Desktop\Cursos\micro-servicio-archt\k8s\microservices\services\notification-service)
2025-07-10 21:46:57,969 [main] DEBUG edu.market.notification.App                        - Running with Spring Boot v3.4.5, Spring v6.2.6
2025-07-10 21:46:57,970 [main] INFO  edu.market.notification.App                        - The following 1 profile is active: "dev"
2025-07-10 21:46:58,003 [main] INFO  o.s.c.c.c.ConfigServerConfigDataLoader             - Fetching config from server at : http://localhost:8890
2025-07-10 21:46:58,004 [main] INFO  o.s.c.c.c.ConfigServerConfigDataLoader             - Exception on Url - http://localhost:8890:org.springframework.web.client.ResourceAccessException: I/O error on GET request for "http://localhost:8890/notification-service/default": Connection refused: no further information. Will be trying the next url if available
2025-07-10 21:46:58,004 [main] WARN  o.s.c.c.c.ConfigServerConfigDataLoader             - Could not locate PropertySource ([ConfigServerConfigDataResource@3c818ac4 uris = array<String>['http://localhost:8890'], optional = true, profiles = 'default']): I/O error on GET request for "http://localhost:8890/notification-service/default": Connection refused: no further information
2025-07-10 21:46:58,004 [main] INFO  o.s.c.c.c.ConfigServerConfigDataLoader             - Fetching config from server at : http://localhost:8890
2025-07-10 21:46:58,005 [main] INFO  o.s.c.c.c.ConfigServerConfigDataLoader             - Exception on Url - http://localhost:8890:org.springframework.web.client.ResourceAccessException: I/O error on GET request for "http://localhost:8890/notification-service/dev": Connection refused: no further information. Will be trying the next url if available
2025-07-10 21:46:58,005 [main] WARN  o.s.c.c.c.ConfigServerConfigDataLoader             - Could not locate PropertySource ([ConfigServerConfigDataResource@109f5dd8 uris = array<String>['http://localhost:8890'], optional = true, profiles = 'dev']): I/O error on GET request for "http://localhost:8890/notification-service/dev": Connection refused: no further information
2025-07-10 21:46:58,005 [main] INFO  o.s.c.c.c.ConfigServerConfigDataLoader             - Fetching config from server at : http://localhost:8890
2025-07-10 21:46:58,005 [main] INFO  o.s.c.c.c.ConfigServerConfigDataLoader             - Exception on Url - http://localhost:8890:org.springframework.web.client.ResourceAccessException: I/O error on GET request for "http://localhost:8890/notification-service/default": Connection refused: no further information. Will be trying the next url if available
2025-07-10 21:46:58,005 [main] WARN  o.s.c.c.c.ConfigServerConfigDataLoader             - Could not locate PropertySource ([ConfigServerConfigDataResource@67fe380b uris = array<String>['http://localhost:8890'], optional = true, profiles = 'default']): I/O error on GET request for "http://localhost:8890/notification-service/default": Connection refused: no further information
2025-07-10 21:46:58,980 [main] INFO  o.s.d.r.c.RepositoryConfigurationDelegate          - Bootstrapping Spring Data JPA repositories in DEFAULT mode.
2025-07-10 21:46:59,178 [main] INFO  o.s.d.r.c.RepositoryConfigurationDelegate          - Finished Spring Data repository scanning in 180 ms. Found 6 JPA repository interfaces.
2025-07-10 21:46:59,493 [main] INFO  o.s.cloud.context.scope.GenericScope               - BeanFactory id=77753357-cceb-3f4b-ac79-00a3e87d7170
2025-07-10 21:47:00,415 [main] INFO  o.s.b.w.embedded.tomcat.TomcatWebServer            - Tomcat initialized with port 0 (http)
2025-07-10 21:47:00,439 [main] INFO  o.apache.coyote.http11.Http11NioProtocol           - Initializing ProtocolHandler ["http-nio-auto-1"]
2025-07-10 21:47:00,443 [main] INFO  o.apache.catalina.core.StandardService             - Starting service [Tomcat]
2025-07-10 21:47:00,444 [main] INFO  org.apache.catalina.core.StandardEngine            - Starting Servlet engine: [Apache Tomcat/10.1.40]
2025-07-10 21:47:00,545 [main] INFO  o.a.c.c.C.[Tomcat].[localhost].[/]                 - Initializing Spring embedded WebApplicationContext
2025-07-10 21:47:00,546 [main] INFO  o.s.b.w.s.c.ServletWebServerApplicationContext     - Root WebApplicationContext: initialization completed in 2539 ms
2025-07-10 21:47:01,114 [main] INFO  com.zaxxer.hikari.HikariDataSource                 - HikariPool-1 - Starting...
2025-07-10 21:47:01,341 [main] INFO  com.zaxxer.hikari.pool.HikariPool                  - HikariPool-1 - Added connection conn0: url=jdbc:h2:mem:userdb user=SA
2025-07-10 21:47:01,344 [main] INFO  com.zaxxer.hikari.HikariDataSource                 - HikariPool-1 - Start completed.
2025-07-10 21:47:01,658 [main] INFO  o.hibernate.jpa.internal.util.LogHelper            - HHH000204: Processing PersistenceUnitInfo [name: default]
2025-07-10 21:47:01,758 [main] INFO  org.hibernate.Version                              - HHH000412: Hibernate ORM core version 6.6.13.Final
2025-07-10 21:47:01,844 [main] INFO  o.h.c.internal.RegionFactoryInitiator              - HHH000026: Second-level cache disabled
2025-07-10 21:47:02,091 [main] INFO  o.s.o.j.p.SpringPersistenceUnitInfo                - No LoadTimeWeaver setup: ignoring JPA class transformer
2025-07-10 21:47:02,147 [main] INFO  org.hibernate.orm.connections.pooling              - HHH10001005: Database info:
	Database JDBC URL [Connecting through datasource 'HikariDataSource (HikariPool-1)']
	Database driver: undefined/unknown
	Database version: 2.3.232
	Autocommit mode: undefined/unknown
	Isolation level: undefined/unknown
	Minimum pool size: undefined/unknown
	Maximum pool size: undefined/unknown
2025-07-10 21:47:03,000 [main] INFO  o.h.e.t.j.p.i.JtaPlatformInitiator                 - HHH000489: No JTA platform available (set 'hibernate.transaction.jta.platform' to enable JTA platform integration)
2025-07-10 21:47:03,121 [main] INFO  o.s.o.j.LocalContainerEntityManagerFactoryBean     - Initialized JPA EntityManagerFactory for persistence unit 'default'
2025-07-10 21:47:04,003 [main] INFO  o.s.d.j.r.query.QueryEnhancerFactory               - Hibernate is in classpath; If applicable, HQL parser will be used.
2025-07-10 21:47:04,647 [main] WARN  o.s.b.w.s.c.AnnotationConfigServletWebServerApplicationContext - Exception encountered during context initialization - cancelling refresh attempt: org.springframework.beans.factory.UnsatisfiedDependencyException: Error creating bean with name 'eventController' defined in file [C:\Users\ja2c\Desktop\Cursos\micro-servicio-archt\k8s\microservices\services\notification-service\target\classes\edu\market\notification\infrastructure\adapter\input\web\controller\EventController.class]: Unsatisfied dependency expressed through constructor parameter 0: Error creating bean with name 'processDomainEventUseCase' defined in class path resource [edu/market/notification/infrastructure/config/ApplicationConfig.class]: Unsatisfied dependency expressed through method 'processDomainEventUseCase' parameter 2: Error creating bean with name 'sendNotificationUseCase' defined in class path resource [edu/market/notification/infrastructure/config/ApplicationConfig.class]: Unsatisfied dependency expressed through method 'sendNotificationUseCase' parameter 1: Error creating bean with name 'notificationRepositoryAdapter' defined in file [C:\Users\ja2c\Desktop\Cursos\micro-servicio-archt\k8s\microservices\services\notification-service\target\classes\edu\market\notification\infrastructure\adapter\output\persistence\NotificationRepositoryAdapter.class]: Unsatisfied dependency expressed through constructor parameter 0: Error creating bean with name 'jpaNotificationRepository' defined in edu.market.notification.infrastructure.adapter.output.persistence.repository.JpaNotificationRepository defined in @EnableJpaRepositories declared on JpaRepositoriesRegistrar.EnableJpaRepositoriesConfiguration: Could not create query for public abstract java.util.List edu.market.notification.infrastructure.adapter.output.persistence.repository.JpaNotificationRepository.findByFilters(java.util.UUID,java.lang.String,java.lang.String,java.time.LocalDateTime,java.time.LocalDateTime,org.springframework.data.domain.Pageable); Reason: Validation failed for query for method public abstract java.util.List edu.market.notification.infrastructure.adapter.output.persistence.repository.JpaNotificationRepository.findByFilters(java.util.UUID,java.lang.String,java.lang.String,java.time.LocalDateTime,java.time.LocalDateTime,org.springframework.data.domain.Pageable)
2025-07-10 21:47:04,648 [main] INFO  o.s.o.j.LocalContainerEntityManagerFactoryBean     - Closing JPA EntityManagerFactory for persistence unit 'default'
2025-07-10 21:47:04,649 [main] INFO  com.zaxxer.hikari.HikariDataSource                 - HikariPool-1 - Shutdown initiated...
2025-07-10 21:47:04,651 [main] INFO  com.zaxxer.hikari.HikariDataSource                 - HikariPool-1 - Shutdown completed.
2025-07-10 21:47:04,653 [main] INFO  o.apache.catalina.core.StandardService             - Stopping service [Tomcat]
2025-07-10 21:47:04,668 [main] INFO  o.s.b.a.l.ConditionEvaluationReportLogger          - 

Error starting ApplicationContext. To display the condition evaluation report re-run your application with 'debug' enabled.
2025-07-10 21:47:04,684 [main] ERROR o.springframework.boot.SpringApplication           - Application run failed
org.springframework.beans.factory.UnsatisfiedDependencyException: Error creating bean with name 'eventController' defined in file [C:\Users\ja2c\Desktop\Cursos\micro-servicio-archt\k8s\microservices\services\notification-service\target\classes\edu\market\notification\infrastructure\adapter\input\web\controller\EventController.class]: Unsatisfied dependency expressed through constructor parameter 0: Error creating bean with name 'processDomainEventUseCase' defined in class path resource [edu/market/notification/infrastructure/config/ApplicationConfig.class]: Unsatisfied dependency expressed through method 'processDomainEventUseCase' parameter 2: Error creating bean with name 'sendNotificationUseCase' defined in class path resource [edu/market/notification/infrastructure/config/ApplicationConfig.class]: Unsatisfied dependency expressed through method 'sendNotificationUseCase' parameter 1: Error creating bean with name 'notificationRepositoryAdapter' defined in file [C:\Users\ja2c\Desktop\Cursos\micro-servicio-archt\k8s\microservices\services\notification-service\target\classes\edu\market\notification\infrastructure\adapter\output\persistence\NotificationRepositoryAdapter.class]: Unsatisfied dependency expressed through constructor parameter 0: Error creating bean with name 'jpaNotificationRepository' defined in edu.market.notification.infrastructure.adapter.output.persistence.repository.JpaNotificationRepository defined in @EnableJpaRepositories declared on JpaRepositoriesRegistrar.EnableJpaRepositoriesConfiguration: Could not create query for public abstract java.util.List edu.market.notification.infrastructure.adapter.output.persistence.repository.JpaNotificationRepository.findByFilters(java.util.UUID,java.lang.String,java.lang.String,java.time.LocalDateTime,java.time.LocalDateTime,org.springframework.data.domain.Pageable); Reason: Validation failed for query for method public abstract java.util.List edu.market.notification.infrastructure.adapter.output.persistence.repository.JpaNotificationRepository.findByFilters(java.util.UUID,java.lang.String,java.lang.String,java.time.LocalDateTime,java.time.LocalDateTime,org.springframework.data.domain.Pageable)
	at org.springframework.beans.factory.support.ConstructorResolver.createArgumentArray(ConstructorResolver.java:804)
	at org.springframework.beans.factory.support.ConstructorResolver.autowireConstructor(ConstructorResolver.java:240)
	at org.springframework.beans.factory.support.AbstractAutowireCapableBeanFactory.autowireConstructor(AbstractAutowireCapableBeanFactory.java:1387)
	at org.springframework.beans.factory.support.AbstractAutowireCapableBeanFactory.createBeanInstance(AbstractAutowireCapableBeanFactory.java:1224)
	at org.springframework.beans.factory.support.AbstractAutowireCapableBeanFactory.doCreateBean(AbstractAutowireCapableBeanFactory.java:569)
	at org.springframework.beans.factory.support.AbstractAutowireCapableBeanFactory.createBean(AbstractAutowireCapableBeanFactory.java:529)
	at org.springframework.beans.factory.support.AbstractBeanFactory.lambda$doGetBean$0(AbstractBeanFactory.java:339)
	at org.springframework.beans.factory.support.DefaultSingletonBeanRegistry.getSingleton(DefaultSingletonBeanRegistry.java:371)
	at org.springframework.beans.factory.support.AbstractBeanFactory.doGetBean(AbstractBeanFactory.java:337)
	at org.springframework.beans.factory.support.AbstractBeanFactory.getBean(AbstractBeanFactory.java:202)
	at org.springframework.beans.factory.support.DefaultListableBeanFactory.instantiateSingleton(DefaultListableBeanFactory.java:1221)
	at org.springframework.beans.factory.support.DefaultListableBeanFactory.preInstantiateSingleton(DefaultListableBeanFactory.java:1187)
	at org.springframework.beans.factory.support.DefaultListableBeanFactory.preInstantiateSingletons(DefaultListableBeanFactory.java:1122)
	at org.springframework.context.support.AbstractApplicationContext.finishBeanFactoryInitialization(AbstractApplicationContext.java:987)
	at org.springframework.context.support.AbstractApplicationContext.refresh(AbstractApplicationContext.java:627)
	at org.springframework.boot.web.servlet.context.ServletWebServerApplicationContext.refresh(ServletWebServerApplicationContext.java:146)
	at org.springframework.boot.SpringApplication.refresh(SpringApplication.java:753)
	at org.springframework.boot.SpringApplication.refreshContext(SpringApplication.java:439)
	at org.springframework.boot.SpringApplication.run(SpringApplication.java:318)
	at org.springframework.boot.SpringApplication.run(SpringApplication.java:1362)
	at org.springframework.boot.SpringApplication.run(SpringApplication.java:1351)
	at edu.market.notification.App.main(App.java:10)
Caused by: org.springframework.beans.factory.UnsatisfiedDependencyException: Error creating bean with name 'processDomainEventUseCase' defined in class path resource [edu/market/notification/infrastructure/config/ApplicationConfig.class]: Unsatisfied dependency expressed through method 'processDomainEventUseCase' parameter 2: Error creating bean with name 'sendNotificationUseCase' defined in class path resource [edu/market/notification/infrastructure/config/ApplicationConfig.class]: Unsatisfied dependency expressed through method 'sendNotificationUseCase' parameter 1: Error creating bean with name 'notificationRepositoryAdapter' defined in file [C:\Users\ja2c\Desktop\Cursos\micro-servicio-archt\k8s\microservices\services\notification-service\target\classes\edu\market\notification\infrastructure\adapter\output\persistence\NotificationRepositoryAdapter.class]: Unsatisfied dependency expressed through constructor parameter 0: Error creating bean with name 'jpaNotificationRepository' defined in edu.market.notification.infrastructure.adapter.output.persistence.repository.JpaNotificationRepository defined in @EnableJpaRepositories declared on JpaRepositoriesRegistrar.EnableJpaRepositoriesConfiguration: Could not create query for public abstract java.util.List edu.market.notification.infrastructure.adapter.output.persistence.repository.JpaNotificationRepository.findByFilters(java.util.UUID,java.lang.String,java.lang.String,java.time.LocalDateTime,java.time.LocalDateTime,org.springframework.data.domain.Pageable); Reason: Validation failed for query for method public abstract java.util.List edu.market.notification.infrastructure.adapter.output.persistence.repository.JpaNotificationRepository.findByFilters(java.util.UUID,java.lang.String,java.lang.String,java.time.LocalDateTime,java.time.LocalDateTime,org.springframework.data.domain.Pageable)
	at org.springframework.beans.factory.support.ConstructorResolver.createArgumentArray(ConstructorResolver.java:804)
	at org.springframework.beans.factory.support.ConstructorResolver.instantiateUsingFactoryMethod(ConstructorResolver.java:546)
	at org.springframework.beans.factory.support.AbstractAutowireCapableBeanFactory.instantiateUsingFactoryMethod(AbstractAutowireCapableBeanFactory.java:1367)
	at org.springframework.beans.factory.support.AbstractAutowireCapableBeanFactory.createBeanInstance(AbstractAutowireCapableBeanFactory.java:1197)
	at org.springframework.beans.factory.support.AbstractAutowireCapableBeanFactory.doCreateBean(AbstractAutowireCapableBeanFactory.java:569)
	at org.springframework.beans.factory.support.AbstractAutowireCapableBeanFactory.createBean(AbstractAutowireCapableBeanFactory.java:529)
	at org.springframework.beans.factory.support.AbstractBeanFactory.lambda$doGetBean$0(AbstractBeanFactory.java:339)
	at org.springframework.beans.factory.support.DefaultSingletonBeanRegistry.getSingleton(DefaultSingletonBeanRegistry.java:371)
	at org.springframework.beans.factory.support.AbstractBeanFactory.doGetBean(AbstractBeanFactory.java:337)
	at org.springframework.beans.factory.support.AbstractBeanFactory.getBean(AbstractBeanFactory.java:202)
	at org.springframework.beans.factory.support.DefaultListableBeanFactory.doResolveDependency(DefaultListableBeanFactory.java:1681)
	at org.springframework.beans.factory.support.DefaultListableBeanFactory.resolveDependency(DefaultListableBeanFactory.java:1627)
	at org.springframework.beans.factory.support.ConstructorResolver.resolveAutowiredArgument(ConstructorResolver.java:913)
	at org.springframework.beans.factory.support.ConstructorResolver.createArgumentArray(ConstructorResolver.java:791)
	... 21 common frames omitted
Caused by: org.springframework.beans.factory.UnsatisfiedDependencyException: Error creating bean with name 'sendNotificationUseCase' defined in class path resource [edu/market/notification/infrastructure/config/ApplicationConfig.class]: Unsatisfied dependency expressed through method 'sendNotificationUseCase' parameter 1: Error creating bean with name 'notificationRepositoryAdapter' defined in file [C:\Users\ja2c\Desktop\Cursos\micro-servicio-archt\k8s\microservices\services\notification-service\target\classes\edu\market\notification\infrastructure\adapter\output\persistence\NotificationRepositoryAdapter.class]: Unsatisfied dependency expressed through constructor parameter 0: Error creating bean with name 'jpaNotificationRepository' defined in edu.market.notification.infrastructure.adapter.output.persistence.repository.JpaNotificationRepository defined in @EnableJpaRepositories declared on JpaRepositoriesRegistrar.EnableJpaRepositoriesConfiguration: Could not create query for public abstract java.util.List edu.market.notification.infrastructure.adapter.output.persistence.repository.JpaNotificationRepository.findByFilters(java.util.UUID,java.lang.String,java.lang.String,java.time.LocalDateTime,java.time.LocalDateTime,org.springframework.data.domain.Pageable); Reason: Validation failed for query for method public abstract java.util.List edu.market.notification.infrastructure.adapter.output.persistence.repository.JpaNotificationRepository.findByFilters(java.util.UUID,java.lang.String,java.lang.String,java.time.LocalDateTime,java.time.LocalDateTime,org.springframework.data.domain.Pageable)
	at org.springframework.beans.factory.support.ConstructorResolver.createArgumentArray(ConstructorResolver.java:804)
	at org.springframework.beans.factory.support.ConstructorResolver.instantiateUsingFactoryMethod(ConstructorResolver.java:546)
	at org.springframework.beans.factory.support.AbstractAutowireCapableBeanFactory.instantiateUsingFactoryMethod(AbstractAutowireCapableBeanFactory.java:1367)
	at org.springframework.beans.factory.support.AbstractAutowireCapableBeanFactory.createBeanInstance(AbstractAutowireCapableBeanFactory.java:1197)
	at org.springframework.beans.factory.support.AbstractAutowireCapableBeanFactory.doCreateBean(AbstractAutowireCapableBeanFactory.java:569)
	at org.springframework.beans.factory.support.AbstractAutowireCapableBeanFactory.createBean(AbstractAutowireCapableBeanFactory.java:529)
	at org.springframework.beans.factory.support.AbstractBeanFactory.lambda$doGetBean$0(AbstractBeanFactory.java:339)
	at org.springframework.beans.factory.support.DefaultSingletonBeanRegistry.getSingleton(DefaultSingletonBeanRegistry.java:371)
	at org.springframework.beans.factory.support.AbstractBeanFactory.doGetBean(AbstractBeanFactory.java:337)
	at org.springframework.beans.factory.support.AbstractBeanFactory.getBean(AbstractBeanFactory.java:202)
	at org.springframework.beans.factory.support.DefaultListableBeanFactory.doResolveDependency(DefaultListableBeanFactory.java:1681)
	at org.springframework.beans.factory.support.DefaultListableBeanFactory.resolveDependency(DefaultListableBeanFactory.java:1627)
	at org.springframework.beans.factory.support.ConstructorResolver.resolveAutowiredArgument(ConstructorResolver.java:913)
	at org.springframework.beans.factory.support.ConstructorResolver.createArgumentArray(ConstructorResolver.java:791)
	... 34 common frames omitted
Caused by: org.springframework.beans.factory.UnsatisfiedDependencyException: Error creating bean with name 'notificationRepositoryAdapter' defined in file [C:\Users\ja2c\Desktop\Cursos\micro-servicio-archt\k8s\microservices\services\notification-service\target\classes\edu\market\notification\infrastructure\adapter\output\persistence\NotificationRepositoryAdapter.class]: Unsatisfied dependency expressed through constructor parameter 0: Error creating bean with name 'jpaNotificationRepository' defined in edu.market.notification.infrastructure.adapter.output.persistence.repository.JpaNotificationRepository defined in @EnableJpaRepositories declared on JpaRepositoriesRegistrar.EnableJpaRepositoriesConfiguration: Could not create query for public abstract java.util.List edu.market.notification.infrastructure.adapter.output.persistence.repository.JpaNotificationRepository.findByFilters(java.util.UUID,java.lang.String,java.lang.String,java.time.LocalDateTime,java.time.LocalDateTime,org.springframework.data.domain.Pageable); Reason: Validation failed for query for method public abstract java.util.List edu.market.notification.infrastructure.adapter.output.persistence.repository.JpaNotificationRepository.findByFilters(java.util.UUID,java.lang.String,java.lang.String,java.time.LocalDateTime,java.time.LocalDateTime,org.springframework.data.domain.Pageable)
	at org.springframework.beans.factory.support.ConstructorResolver.createArgumentArray(ConstructorResolver.java:804)
	at org.springframework.beans.factory.support.ConstructorResolver.autowireConstructor(ConstructorResolver.java:240)
	at org.springframework.beans.factory.support.AbstractAutowireCapableBeanFactory.autowireConstructor(AbstractAutowireCapableBeanFactory.java:1387)
	at org.springframework.beans.factory.support.AbstractAutowireCapableBeanFactory.createBeanInstance(AbstractAutowireCapableBeanFactory.java:1224)
	at org.springframework.beans.factory.support.AbstractAutowireCapableBeanFactory.doCreateBean(AbstractAutowireCapableBeanFactory.java:569)
	at org.springframework.beans.factory.support.AbstractAutowireCapableBeanFactory.createBean(AbstractAutowireCapableBeanFactory.java:529)
	at org.springframework.beans.factory.support.AbstractBeanFactory.lambda$doGetBean$0(AbstractBeanFactory.java:339)
	at org.springframework.beans.factory.support.DefaultSingletonBeanRegistry.getSingleton(DefaultSingletonBeanRegistry.java:371)
	at org.springframework.beans.factory.support.AbstractBeanFactory.doGetBean(AbstractBeanFactory.java:337)
	at org.springframework.beans.factory.support.AbstractBeanFactory.getBean(AbstractBeanFactory.java:202)
	at org.springframework.beans.factory.config.DependencyDescriptor.resolveCandidate(DependencyDescriptor.java:254)
	at org.springframework.beans.factory.support.DefaultListableBeanFactory.doResolveDependency(DefaultListableBeanFactory.java:1739)
	at org.springframework.beans.factory.support.DefaultListableBeanFactory.resolveDependency(DefaultListableBeanFactory.java:1627)
	at org.springframework.beans.factory.support.ConstructorResolver.resolveAutowiredArgument(ConstructorResolver.java:913)
	at org.springframework.beans.factory.support.ConstructorResolver.createArgumentArray(ConstructorResolver.java:791)
	... 47 common frames omitted
Caused by: org.springframework.beans.factory.BeanCreationException: Error creating bean with name 'jpaNotificationRepository' defined in edu.market.notification.infrastructure.adapter.output.persistence.repository.JpaNotificationRepository defined in @EnableJpaRepositories declared on JpaRepositoriesRegistrar.EnableJpaRepositoriesConfiguration: Could not create query for public abstract java.util.List edu.market.notification.infrastructure.adapter.output.persistence.repository.JpaNotificationRepository.findByFilters(java.util.UUID,java.lang.String,java.lang.String,java.time.LocalDateTime,java.time.LocalDateTime,org.springframework.data.domain.Pageable); Reason: Validation failed for query for method public abstract java.util.List edu.market.notification.infrastructure.adapter.output.persistence.repository.JpaNotificationRepository.findByFilters(java.util.UUID,java.lang.String,java.lang.String,java.time.LocalDateTime,java.time.LocalDateTime,org.springframework.data.domain.Pageable)
	at org.springframework.beans.factory.support.AbstractAutowireCapableBeanFactory.initializeBean(AbstractAutowireCapableBeanFactory.java:1818)
	at org.springframework.beans.factory.support.AbstractAutowireCapableBeanFactory.doCreateBean(AbstractAutowireCapableBeanFactory.java:607)
	at org.springframework.beans.factory.support.AbstractAutowireCapableBeanFactory.createBean(AbstractAutowireCapableBeanFactory.java:529)
	at org.springframework.beans.factory.support.AbstractBeanFactory.lambda$doGetBean$0(AbstractBeanFactory.java:339)
	at org.springframework.beans.factory.support.DefaultSingletonBeanRegistry.getSingleton(DefaultSingletonBeanRegistry.java:371)
	at org.springframework.beans.factory.support.AbstractBeanFactory.doGetBean(AbstractBeanFactory.java:337)
	at org.springframework.beans.factory.support.AbstractBeanFactory.getBean(AbstractBeanFactory.java:202)
	at org.springframework.beans.factory.config.DependencyDescriptor.resolveCandidate(DependencyDescriptor.java:254)
	at org.springframework.beans.factory.support.DefaultListableBeanFactory.doResolveDependency(DefaultListableBeanFactory.java:1739)
	at org.springframework.beans.factory.support.DefaultListableBeanFactory.resolveDependency(DefaultListableBeanFactory.java:1627)
	at org.springframework.beans.factory.support.ConstructorResolver.resolveAutowiredArgument(ConstructorResolver.java:913)
	at org.springframework.beans.factory.support.ConstructorResolver.createArgumentArray(ConstructorResolver.java:791)
	... 61 common frames omitted
Caused by: org.springframework.data.repository.query.QueryCreationException: Could not create query for public abstract java.util.List edu.market.notification.infrastructure.adapter.output.persistence.repository.JpaNotificationRepository.findByFilters(java.util.UUID,java.lang.String,java.lang.String,java.time.LocalDateTime,java.time.LocalDateTime,org.springframework.data.domain.Pageable); Reason: Validation failed for query for method public abstract java.util.List edu.market.notification.infrastructure.adapter.output.persistence.repository.JpaNotificationRepository.findByFilters(java.util.UUID,java.lang.String,java.lang.String,java.time.LocalDateTime,java.time.LocalDateTime,org.springframework.data.domain.Pageable)
	at org.springframework.data.repository.query.QueryCreationException.create(QueryCreationException.java:101)
	at org.springframework.data.repository.core.support.QueryExecutorMethodInterceptor.lookupQuery(QueryExecutorMethodInterceptor.java:120)
	at org.springframework.data.repository.core.support.QueryExecutorMethodInterceptor.mapMethodsToQuery(QueryExecutorMethodInterceptor.java:104)
	at org.springframework.data.repository.core.support.QueryExecutorMethodInterceptor.lambda$new$0(QueryExecutorMethodInterceptor.java:92)
	at java.base/java.util.Optional.map(Optional.java:260)
	at org.springframework.data.repository.core.support.QueryExecutorMethodInterceptor.<init>(QueryExecutorMethodInterceptor.java:92)
	at org.springframework.data.repository.core.support.RepositoryFactorySupport.getRepository(RepositoryFactorySupport.java:431)
	at org.springframework.data.repository.core.support.RepositoryFactoryBeanSupport.lambda$afterPropertiesSet$4(RepositoryFactoryBeanSupport.java:350)
	at org.springframework.data.util.Lazy.getNullable(Lazy.java:135)
	at org.springframework.data.util.Lazy.get(Lazy.java:113)
	at org.springframework.data.repository.core.support.RepositoryFactoryBeanSupport.afterPropertiesSet(RepositoryFactoryBeanSupport.java:356)
	at org.springframework.data.jpa.repository.support.JpaRepositoryFactoryBean.afterPropertiesSet(JpaRepositoryFactoryBean.java:132)
	at org.springframework.beans.factory.support.AbstractAutowireCapableBeanFactory.invokeInitMethods(AbstractAutowireCapableBeanFactory.java:1865)
	at org.springframework.beans.factory.support.AbstractAutowireCapableBeanFactory.initializeBean(AbstractAutowireCapableBeanFactory.java:1814)
	... 72 common frames omitted
Caused by: java.lang.IllegalArgumentException: Validation failed for query for method public abstract java.util.List edu.market.notification.infrastructure.adapter.output.persistence.repository.JpaNotificationRepository.findByFilters(java.util.UUID,java.lang.String,java.lang.String,java.time.LocalDateTime,java.time.LocalDateTime,org.springframework.data.domain.Pageable)
	at org.springframework.data.jpa.repository.query.SimpleJpaQuery.validateQuery(SimpleJpaQuery.java:97)
	at org.springframework.data.jpa.repository.query.SimpleJpaQuery.<init>(SimpleJpaQuery.java:67)
	at org.springframework.data.jpa.repository.query.JpaQueryFactory.fromMethodWithQueryString(JpaQueryFactory.java:49)
	at org.springframework.data.jpa.repository.query.JpaQueryLookupStrategy$DeclaredQueryLookupStrategy.resolveQuery(JpaQueryLookupStrategy.java:174)
	at org.springframework.data.jpa.repository.query.JpaQueryLookupStrategy$CreateIfNotFoundQueryLookupStrategy.resolveQuery(JpaQueryLookupStrategy.java:254)
	at org.springframework.data.jpa.repository.query.JpaQueryLookupStrategy$AbstractQueryLookupStrategy.resolveQuery(JpaQueryLookupStrategy.java:99)
	at org.springframework.data.repository.core.support.QueryExecutorMethodInterceptor.lookupQuery(QueryExecutorMethodInterceptor.java:116)
	... 84 common frames omitted
Caused by: java.lang.IllegalArgumentException: org.hibernate.query.sqm.UnknownPathException: Could not resolve attribute 'userId' of 'edu.market.notification.infrastructure.adapter.output.persistence.entity.NotificationEntity' [SELECT n FROM NotificationEntity n WHERE (:userId is null OR n.userId = :userId) AND (:notificationType is null OR n.type = :notificationType) AND (:status is null OR n.status = :status) AND (:startDate is null OR n.createdAt >= :startDate) AND (:endDate is null OR n.createdAt <= :endDate)]
	at org.hibernate.internal.ExceptionConverterImpl.convert(ExceptionConverterImpl.java:143)
	at org.hibernate.internal.ExceptionConverterImpl.convert(ExceptionConverterImpl.java:167)
	at org.hibernate.internal.ExceptionConverterImpl.convert(ExceptionConverterImpl.java:173)
	at org.hibernate.internal.AbstractSharedSessionContract.createQuery(AbstractSharedSessionContract.java:886)
	at org.hibernate.internal.AbstractSharedSessionContract.createQuery(AbstractSharedSessionContract.java:796)
	at org.hibernate.internal.AbstractSharedSessionContract.createQuery(AbstractSharedSessionContract.java:143)
	at java.base/jdk.internal.reflect.DirectMethodHandleAccessor.invoke(DirectMethodHandleAccessor.java:103)
	at java.base/java.lang.reflect.Method.invoke(Method.java:580)
	at org.springframework.orm.jpa.ExtendedEntityManagerCreator$ExtendedEntityManagerInvocationHandler.invoke(ExtendedEntityManagerCreator.java:364)
	at jdk.proxy2/jdk.proxy2.$Proxy179.createQuery(Unknown Source)
	at org.springframework.data.jpa.repository.query.SimpleJpaQuery.validateQuery(SimpleJpaQuery.java:91)
	... 90 common frames omitted
Caused by: org.hibernate.query.sqm.UnknownPathException: Could not resolve attribute 'userId' of 'edu.market.notification.infrastructure.adapter.output.persistence.entity.NotificationEntity' [SELECT n FROM NotificationEntity n WHERE (:userId is null OR n.userId = :userId) AND (:notificationType is null OR n.type = :notificationType) AND (:status is null OR n.status = :status) AND (:startDate is null OR n.createdAt >= :startDate) AND (:endDate is null OR n.createdAt <= :endDate)]
	at org.hibernate.query.hql.internal.StandardHqlTranslator.translate(StandardHqlTranslator.java:88)
	at org.hibernate.query.internal.QueryInterpretationCacheStandardImpl.createHqlInterpretation(QueryInterpretationCacheStandardImpl.java:145)
	at org.hibernate.query.internal.QueryInterpretationCacheStandardImpl.resolveHqlInterpretation(QueryInterpretationCacheStandardImpl.java:132)
	at org.hibernate.query.spi.QueryEngine.interpretHql(QueryEngine.java:54)
	at org.hibernate.internal.AbstractSharedSessionContract.interpretHql(AbstractSharedSessionContract.java:832)
	at org.hibernate.internal.AbstractSharedSessionContract.createQuery(AbstractSharedSessionContract.java:878)
	... 97 common frames omitted
Caused by: org.hibernate.query.sqm.PathElementException: Could not resolve attribute 'userId' of 'edu.market.notification.infrastructure.adapter.output.persistence.entity.NotificationEntity'
	at org.hibernate.query.sqm.SqmPathSource.getSubPathSource(SqmPathSource.java:95)
	at org.hibernate.query.sqm.tree.domain.AbstractSqmPath.get(AbstractSqmPath.java:198)
	at org.hibernate.query.sqm.tree.domain.AbstractSqmFrom.resolvePathPart(AbstractSqmFrom.java:198)
	at org.hibernate.query.hql.internal.DomainPathPart.resolvePathPart(DomainPathPart.java:42)
	at org.hibernate.query.hql.internal.BasicDotIdentifierConsumer.consumeIdentifier(BasicDotIdentifierConsumer.java:92)
	at org.hibernate.query.hql.internal.SemanticQueryBuilder.visitSimplePath(SemanticQueryBuilder.java:5465)
	at org.hibernate.query.hql.internal.SemanticQueryBuilder.visitGeneralPathFragment(SemanticQueryBuilder.java:5298)
	at org.hibernate.query.hql.internal.SemanticQueryBuilder.visitGeneralPathExpression(SemanticQueryBuilder.java:1891)
	at org.hibernate.grammars.hql.HqlParser$GeneralPathExpressionContext.accept(HqlParser.java:8268)
	at org.antlr.v4.runtime.tree.AbstractParseTreeVisitor.visitChildren(AbstractParseTreeVisitor.java:46)
	at org.hibernate.grammars.hql.HqlParserBaseVisitor.visitBarePrimaryExpression(HqlParserBaseVisitor.java:812)
	at org.hibernate.grammars.hql.HqlParser$BarePrimaryExpressionContext.accept(HqlParser.java:7726)
	at org.hibernate.query.hql.internal.SemanticQueryBuilder.createComparisonPredicate(SemanticQueryBuilder.java:2548)
	at org.hibernate.query.hql.internal.SemanticQueryBuilder.visitComparisonPredicate(SemanticQueryBuilder.java:2509)
	at org.hibernate.query.hql.internal.SemanticQueryBuilder.visitComparisonPredicate(SemanticQueryBuilder.java:277)
	at org.hibernate.grammars.hql.HqlParser$ComparisonPredicateContext.accept(HqlParser.java:6611)
	at org.hibernate.query.hql.internal.SemanticQueryBuilder.visitOrPredicate(SemanticQueryBuilder.java:2388)
	at org.hibernate.query.hql.internal.SemanticQueryBuilder.visitOrPredicate(SemanticQueryBuilder.java:277)
	at org.hibernate.grammars.hql.HqlParser$OrPredicateContext.accept(HqlParser.java:6702)
	at org.hibernate.query.hql.internal.SemanticQueryBuilder.visitGroupedPredicate(SemanticQueryBuilder.java:2369)
	at org.hibernate.query.hql.internal.SemanticQueryBuilder.visitGroupedPredicate(SemanticQueryBuilder.java:277)
	at org.hibernate.grammars.hql.HqlParser$GroupedPredicateContext.accept(HqlParser.java:6506)
	at org.hibernate.query.hql.internal.SemanticQueryBuilder.visitAndPredicate(SemanticQueryBuilder.java:2378)
	at org.hibernate.query.hql.internal.SemanticQueryBuilder.visitAndPredicate(SemanticQueryBuilder.java:277)
	at org.hibernate.grammars.hql.HqlParser$AndPredicateContext.accept(HqlParser.java:6461)
	at org.hibernate.query.hql.internal.SemanticQueryBuilder.visitAndPredicate(SemanticQueryBuilder.java:2378)
	at org.hibernate.query.hql.internal.SemanticQueryBuilder.visitAndPredicate(SemanticQueryBuilder.java:277)
	at org.hibernate.grammars.hql.HqlParser$AndPredicateContext.accept(HqlParser.java:6461)
	at org.hibernate.query.hql.internal.SemanticQueryBuilder.visitAndPredicate(SemanticQueryBuilder.java:2378)
	at org.hibernate.query.hql.internal.SemanticQueryBuilder.visitAndPredicate(SemanticQueryBuilder.java:277)
	at org.hibernate.grammars.hql.HqlParser$AndPredicateContext.accept(HqlParser.java:6461)
	at org.hibernate.query.hql.internal.SemanticQueryBuilder.visitAndPredicate(SemanticQueryBuilder.java:2378)
	at org.hibernate.query.hql.internal.SemanticQueryBuilder.visitAndPredicate(SemanticQueryBuilder.java:277)
	at org.hibernate.grammars.hql.HqlParser$AndPredicateContext.accept(HqlParser.java:6461)
	at org.hibernate.query.hql.internal.SemanticQueryBuilder.visitWhereClause(SemanticQueryBuilder.java:2361)
	at org.hibernate.query.hql.internal.SemanticQueryBuilder.visitWhereClause(SemanticQueryBuilder.java:277)
	at org.hibernate.grammars.hql.HqlParser$WhereClauseContext.accept(HqlParser.java:6302)
	at org.hibernate.query.hql.internal.SemanticQueryBuilder.visitQuery(SemanticQueryBuilder.java:1259)
	at org.hibernate.query.hql.internal.SemanticQueryBuilder.visitQuerySpecExpression(SemanticQueryBuilder.java:1040)
	at org.hibernate.query.hql.internal.SemanticQueryBuilder.visitQuerySpecExpression(SemanticQueryBuilder.java:277)
	at org.hibernate.grammars.hql.HqlParser$QuerySpecExpressionContext.accept(HqlParser.java:2134)
	at org.hibernate.query.hql.internal.SemanticQueryBuilder.visitSimpleQueryGroup(SemanticQueryBuilder.java:1025)
	at org.hibernate.query.hql.internal.SemanticQueryBuilder.visitSimpleQueryGroup(SemanticQueryBuilder.java:277)
	at org.hibernate.grammars.hql.HqlParser$SimpleQueryGroupContext.accept(HqlParser.java:2005)
	at org.hibernate.query.hql.internal.SemanticQueryBuilder.visitSelectStatement(SemanticQueryBuilder.java:492)
	at org.hibernate.query.hql.internal.SemanticQueryBuilder.visitStatement(SemanticQueryBuilder.java:451)
	at org.hibernate.query.hql.internal.SemanticQueryBuilder.buildSemanticModel(SemanticQueryBuilder.java:324)
	at org.hibernate.query.hql.internal.StandardHqlTranslator.translate(StandardHqlTranslator.java:71)
	... 102 common frames omitted
2025-07-10 21:48:14,713 [background-preinit] INFO  o.h.validator.internal.util.Version                - HV000001: Hibernate Validator 8.0.2.Final
2025-07-10 21:48:14,750 [main] INFO  edu.market.notification.App                        - Starting App v1.0.0 using Java 21 with PID 1608 (C:\Users\ja2c\Desktop\Cursos\micro-servicio-archt\k8s\microservices\services\notification-service\target\classes started by ja2c in C:\Users\ja2c\Desktop\Cursos\micro-servicio-archt\k8s\microservices\services\notification-service)
2025-07-10 21:48:14,751 [main] DEBUG edu.market.notification.App                        - Running with Spring Boot v3.4.5, Spring v6.2.6
2025-07-10 21:48:14,751 [main] INFO  edu.market.notification.App                        - The following 1 profile is active: "dev"
2025-07-10 21:48:14,783 [main] INFO  o.s.c.c.c.ConfigServerConfigDataLoader             - Fetching config from server at : http://localhost:8890
2025-07-10 21:48:14,783 [main] INFO  o.s.c.c.c.ConfigServerConfigDataLoader             - Exception on Url - http://localhost:8890:org.springframework.web.client.ResourceAccessException: I/O error on GET request for "http://localhost:8890/notification-service/default": Connection refused: no further information. Will be trying the next url if available
2025-07-10 21:48:14,783 [main] WARN  o.s.c.c.c.ConfigServerConfigDataLoader             - Could not locate PropertySource ([ConfigServerConfigDataResource@3c818ac4 uris = array<String>['http://localhost:8890'], optional = true, profiles = 'default']): I/O error on GET request for "http://localhost:8890/notification-service/default": Connection refused: no further information
2025-07-10 21:48:14,783 [main] INFO  o.s.c.c.c.ConfigServerConfigDataLoader             - Fetching config from server at : http://localhost:8890
2025-07-10 21:48:14,783 [main] INFO  o.s.c.c.c.ConfigServerConfigDataLoader             - Exception on Url - http://localhost:8890:org.springframework.web.client.ResourceAccessException: I/O error on GET request for "http://localhost:8890/notification-service/dev": Connection refused: no further information. Will be trying the next url if available
2025-07-10 21:48:14,783 [main] WARN  o.s.c.c.c.ConfigServerConfigDataLoader             - Could not locate PropertySource ([ConfigServerConfigDataResource@109f5dd8 uris = array<String>['http://localhost:8890'], optional = true, profiles = 'dev']): I/O error on GET request for "http://localhost:8890/notification-service/dev": Connection refused: no further information
2025-07-10 21:48:14,783 [main] INFO  o.s.c.c.c.ConfigServerConfigDataLoader             - Fetching config from server at : http://localhost:8890
2025-07-10 21:48:14,784 [main] INFO  o.s.c.c.c.ConfigServerConfigDataLoader             - Exception on Url - http://localhost:8890:org.springframework.web.client.ResourceAccessException: I/O error on GET request for "http://localhost:8890/notification-service/default": Connection refused: no further information. Will be trying the next url if available
2025-07-10 21:48:14,784 [main] WARN  o.s.c.c.c.ConfigServerConfigDataLoader             - Could not locate PropertySource ([ConfigServerConfigDataResource@67fe380b uris = array<String>['http://localhost:8890'], optional = true, profiles = 'default']): I/O error on GET request for "http://localhost:8890/notification-service/default": Connection refused: no further information
2025-07-10 21:48:15,820 [main] INFO  o.s.d.r.c.RepositoryConfigurationDelegate          - Bootstrapping Spring Data JPA repositories in DEFAULT mode.
2025-07-10 21:48:16,006 [main] INFO  o.s.d.r.c.RepositoryConfigurationDelegate          - Finished Spring Data repository scanning in 170 ms. Found 6 JPA repository interfaces.
2025-07-10 21:48:16,339 [main] INFO  o.s.cloud.context.scope.GenericScope               - BeanFactory id=77753357-cceb-3f4b-ac79-00a3e87d7170
2025-07-10 21:48:17,330 [main] INFO  o.s.b.w.embedded.tomcat.TomcatWebServer            - Tomcat initialized with port 0 (http)
2025-07-10 21:48:17,344 [main] INFO  o.apache.coyote.http11.Http11NioProtocol           - Initializing ProtocolHandler ["http-nio-auto-1"]
2025-07-10 21:48:17,346 [main] INFO  o.apache.catalina.core.StandardService             - Starting service [Tomcat]
2025-07-10 21:48:17,347 [main] INFO  org.apache.catalina.core.StandardEngine            - Starting Servlet engine: [Apache Tomcat/10.1.40]
2025-07-10 21:48:17,422 [main] INFO  o.a.c.c.C.[Tomcat].[localhost].[/]                 - Initializing Spring embedded WebApplicationContext
2025-07-10 21:48:17,423 [main] INFO  o.s.b.w.s.c.ServletWebServerApplicationContext     - Root WebApplicationContext: initialization completed in 2638 ms
2025-07-10 21:48:17,977 [main] INFO  com.zaxxer.hikari.HikariDataSource                 - HikariPool-1 - Starting...
2025-07-10 21:48:18,170 [main] INFO  com.zaxxer.hikari.pool.HikariPool                  - HikariPool-1 - Added connection conn0: url=jdbc:h2:mem:userdb user=SA
2025-07-10 21:48:18,173 [main] INFO  com.zaxxer.hikari.HikariDataSource                 - HikariPool-1 - Start completed.
2025-07-10 21:48:18,467 [main] INFO  o.hibernate.jpa.internal.util.LogHelper            - HHH000204: Processing PersistenceUnitInfo [name: default]
2025-07-10 21:48:18,549 [main] INFO  org.hibernate.Version                              - HHH000412: Hibernate ORM core version 6.6.13.Final
2025-07-10 21:48:18,633 [main] INFO  o.h.c.internal.RegionFactoryInitiator              - HHH000026: Second-level cache disabled
2025-07-10 21:48:18,875 [main] INFO  o.s.o.j.p.SpringPersistenceUnitInfo                - No LoadTimeWeaver setup: ignoring JPA class transformer
2025-07-10 21:48:18,930 [main] INFO  org.hibernate.orm.connections.pooling              - HHH10001005: Database info:
	Database JDBC URL [Connecting through datasource 'HikariDataSource (HikariPool-1)']
	Database driver: undefined/unknown
	Database version: 2.3.232
	Autocommit mode: undefined/unknown
	Isolation level: undefined/unknown
	Minimum pool size: undefined/unknown
	Maximum pool size: undefined/unknown
2025-07-10 21:48:19,805 [main] INFO  o.h.e.t.j.p.i.JtaPlatformInitiator                 - HHH000489: No JTA platform available (set 'hibernate.transaction.jta.platform' to enable JTA platform integration)
2025-07-10 21:48:19,920 [main] INFO  o.s.o.j.LocalContainerEntityManagerFactoryBean     - Initialized JPA EntityManagerFactory for persistence unit 'default'
2025-07-10 21:48:20,784 [main] INFO  o.s.d.j.r.query.QueryEnhancerFactory               - Hibernate is in classpath; If applicable, HQL parser will be used.
2025-07-10 21:48:21,384 [main] WARN  o.s.b.w.s.c.AnnotationConfigServletWebServerApplicationContext - Exception encountered during context initialization - cancelling refresh attempt: org.springframework.beans.factory.UnsatisfiedDependencyException: Error creating bean with name 'eventController' defined in file [C:\Users\ja2c\Desktop\Cursos\micro-servicio-archt\k8s\microservices\services\notification-service\target\classes\edu\market\notification\infrastructure\adapter\input\web\controller\EventController.class]: Unsatisfied dependency expressed through constructor parameter 0: Error creating bean with name 'processDomainEventUseCase' defined in class path resource [edu/market/notification/infrastructure/config/ApplicationConfig.class]: Unsatisfied dependency expressed through method 'processDomainEventUseCase' parameter 2: Error creating bean with name 'sendNotificationUseCase' defined in class path resource [edu/market/notification/infrastructure/config/ApplicationConfig.class]: Unsatisfied dependency expressed through method 'sendNotificationUseCase' parameter 1: Error creating bean with name 'notificationRepositoryAdapter' defined in file [C:\Users\ja2c\Desktop\Cursos\micro-servicio-archt\k8s\microservices\services\notification-service\target\classes\edu\market\notification\infrastructure\adapter\output\persistence\NotificationRepositoryAdapter.class]: Unsatisfied dependency expressed through constructor parameter 0: Error creating bean with name 'jpaNotificationRepository' defined in edu.market.notification.infrastructure.adapter.output.persistence.repository.JpaNotificationRepository defined in @EnableJpaRepositories declared on JpaRepositoriesRegistrar.EnableJpaRepositoriesConfiguration: Could not create query for public abstract java.util.List edu.market.notification.infrastructure.adapter.output.persistence.repository.JpaNotificationRepository.findByFilters(java.util.UUID,java.lang.String,java.lang.String,java.time.LocalDateTime,java.time.LocalDateTime,org.springframework.data.domain.Pageable); Reason: Validation failed for query for method public abstract java.util.List edu.market.notification.infrastructure.adapter.output.persistence.repository.JpaNotificationRepository.findByFilters(java.util.UUID,java.lang.String,java.lang.String,java.time.LocalDateTime,java.time.LocalDateTime,org.springframework.data.domain.Pageable)
2025-07-10 21:48:21,385 [main] INFO  o.s.o.j.LocalContainerEntityManagerFactoryBean     - Closing JPA EntityManagerFactory for persistence unit 'default'
2025-07-10 21:48:21,387 [main] INFO  com.zaxxer.hikari.HikariDataSource                 - HikariPool-1 - Shutdown initiated...
2025-07-10 21:48:21,389 [main] INFO  com.zaxxer.hikari.HikariDataSource                 - HikariPool-1 - Shutdown completed.
2025-07-10 21:48:21,393 [main] INFO  o.apache.catalina.core.StandardService             - Stopping service [Tomcat]
2025-07-10 21:48:21,412 [main] INFO  o.s.b.a.l.ConditionEvaluationReportLogger          - 

Error starting ApplicationContext. To display the condition evaluation report re-run your application with 'debug' enabled.
2025-07-10 21:48:21,427 [main] ERROR o.springframework.boot.SpringApplication           - Application run failed
org.springframework.beans.factory.UnsatisfiedDependencyException: Error creating bean with name 'eventController' defined in file [C:\Users\ja2c\Desktop\Cursos\micro-servicio-archt\k8s\microservices\services\notification-service\target\classes\edu\market\notification\infrastructure\adapter\input\web\controller\EventController.class]: Unsatisfied dependency expressed through constructor parameter 0: Error creating bean with name 'processDomainEventUseCase' defined in class path resource [edu/market/notification/infrastructure/config/ApplicationConfig.class]: Unsatisfied dependency expressed through method 'processDomainEventUseCase' parameter 2: Error creating bean with name 'sendNotificationUseCase' defined in class path resource [edu/market/notification/infrastructure/config/ApplicationConfig.class]: Unsatisfied dependency expressed through method 'sendNotificationUseCase' parameter 1: Error creating bean with name 'notificationRepositoryAdapter' defined in file [C:\Users\ja2c\Desktop\Cursos\micro-servicio-archt\k8s\microservices\services\notification-service\target\classes\edu\market\notification\infrastructure\adapter\output\persistence\NotificationRepositoryAdapter.class]: Unsatisfied dependency expressed through constructor parameter 0: Error creating bean with name 'jpaNotificationRepository' defined in edu.market.notification.infrastructure.adapter.output.persistence.repository.JpaNotificationRepository defined in @EnableJpaRepositories declared on JpaRepositoriesRegistrar.EnableJpaRepositoriesConfiguration: Could not create query for public abstract java.util.List edu.market.notification.infrastructure.adapter.output.persistence.repository.JpaNotificationRepository.findByFilters(java.util.UUID,java.lang.String,java.lang.String,java.time.LocalDateTime,java.time.LocalDateTime,org.springframework.data.domain.Pageable); Reason: Validation failed for query for method public abstract java.util.List edu.market.notification.infrastructure.adapter.output.persistence.repository.JpaNotificationRepository.findByFilters(java.util.UUID,java.lang.String,java.lang.String,java.time.LocalDateTime,java.time.LocalDateTime,org.springframework.data.domain.Pageable)
	at org.springframework.beans.factory.support.ConstructorResolver.createArgumentArray(ConstructorResolver.java:804)
	at org.springframework.beans.factory.support.ConstructorResolver.autowireConstructor(ConstructorResolver.java:240)
	at org.springframework.beans.factory.support.AbstractAutowireCapableBeanFactory.autowireConstructor(AbstractAutowireCapableBeanFactory.java:1387)
	at org.springframework.beans.factory.support.AbstractAutowireCapableBeanFactory.createBeanInstance(AbstractAutowireCapableBeanFactory.java:1224)
	at org.springframework.beans.factory.support.AbstractAutowireCapableBeanFactory.doCreateBean(AbstractAutowireCapableBeanFactory.java:569)
	at org.springframework.beans.factory.support.AbstractAutowireCapableBeanFactory.createBean(AbstractAutowireCapableBeanFactory.java:529)
	at org.springframework.beans.factory.support.AbstractBeanFactory.lambda$doGetBean$0(AbstractBeanFactory.java:339)
	at org.springframework.beans.factory.support.DefaultSingletonBeanRegistry.getSingleton(DefaultSingletonBeanRegistry.java:371)
	at org.springframework.beans.factory.support.AbstractBeanFactory.doGetBean(AbstractBeanFactory.java:337)
	at org.springframework.beans.factory.support.AbstractBeanFactory.getBean(AbstractBeanFactory.java:202)
	at org.springframework.beans.factory.support.DefaultListableBeanFactory.instantiateSingleton(DefaultListableBeanFactory.java:1221)
	at org.springframework.beans.factory.support.DefaultListableBeanFactory.preInstantiateSingleton(DefaultListableBeanFactory.java:1187)
	at org.springframework.beans.factory.support.DefaultListableBeanFactory.preInstantiateSingletons(DefaultListableBeanFactory.java:1122)
	at org.springframework.context.support.AbstractApplicationContext.finishBeanFactoryInitialization(AbstractApplicationContext.java:987)
	at org.springframework.context.support.AbstractApplicationContext.refresh(AbstractApplicationContext.java:627)
	at org.springframework.boot.web.servlet.context.ServletWebServerApplicationContext.refresh(ServletWebServerApplicationContext.java:146)
	at org.springframework.boot.SpringApplication.refresh(SpringApplication.java:753)
	at org.springframework.boot.SpringApplication.refreshContext(SpringApplication.java:439)
	at org.springframework.boot.SpringApplication.run(SpringApplication.java:318)
	at org.springframework.boot.SpringApplication.run(SpringApplication.java:1362)
	at org.springframework.boot.SpringApplication.run(SpringApplication.java:1351)
	at edu.market.notification.App.main(App.java:10)
Caused by: org.springframework.beans.factory.UnsatisfiedDependencyException: Error creating bean with name 'processDomainEventUseCase' defined in class path resource [edu/market/notification/infrastructure/config/ApplicationConfig.class]: Unsatisfied dependency expressed through method 'processDomainEventUseCase' parameter 2: Error creating bean with name 'sendNotificationUseCase' defined in class path resource [edu/market/notification/infrastructure/config/ApplicationConfig.class]: Unsatisfied dependency expressed through method 'sendNotificationUseCase' parameter 1: Error creating bean with name 'notificationRepositoryAdapter' defined in file [C:\Users\ja2c\Desktop\Cursos\micro-servicio-archt\k8s\microservices\services\notification-service\target\classes\edu\market\notification\infrastructure\adapter\output\persistence\NotificationRepositoryAdapter.class]: Unsatisfied dependency expressed through constructor parameter 0: Error creating bean with name 'jpaNotificationRepository' defined in edu.market.notification.infrastructure.adapter.output.persistence.repository.JpaNotificationRepository defined in @EnableJpaRepositories declared on JpaRepositoriesRegistrar.EnableJpaRepositoriesConfiguration: Could not create query for public abstract java.util.List edu.market.notification.infrastructure.adapter.output.persistence.repository.JpaNotificationRepository.findByFilters(java.util.UUID,java.lang.String,java.lang.String,java.time.LocalDateTime,java.time.LocalDateTime,org.springframework.data.domain.Pageable); Reason: Validation failed for query for method public abstract java.util.List edu.market.notification.infrastructure.adapter.output.persistence.repository.JpaNotificationRepository.findByFilters(java.util.UUID,java.lang.String,java.lang.String,java.time.LocalDateTime,java.time.LocalDateTime,org.springframework.data.domain.Pageable)
	at org.springframework.beans.factory.support.ConstructorResolver.createArgumentArray(ConstructorResolver.java:804)
	at org.springframework.beans.factory.support.ConstructorResolver.instantiateUsingFactoryMethod(ConstructorResolver.java:546)
	at org.springframework.beans.factory.support.AbstractAutowireCapableBeanFactory.instantiateUsingFactoryMethod(AbstractAutowireCapableBeanFactory.java:1367)
	at org.springframework.beans.factory.support.AbstractAutowireCapableBeanFactory.createBeanInstance(AbstractAutowireCapableBeanFactory.java:1197)
	at org.springframework.beans.factory.support.AbstractAutowireCapableBeanFactory.doCreateBean(AbstractAutowireCapableBeanFactory.java:569)
	at org.springframework.beans.factory.support.AbstractAutowireCapableBeanFactory.createBean(AbstractAutowireCapableBeanFactory.java:529)
	at org.springframework.beans.factory.support.AbstractBeanFactory.lambda$doGetBean$0(AbstractBeanFactory.java:339)
	at org.springframework.beans.factory.support.DefaultSingletonBeanRegistry.getSingleton(DefaultSingletonBeanRegistry.java:371)
	at org.springframework.beans.factory.support.AbstractBeanFactory.doGetBean(AbstractBeanFactory.java:337)
	at org.springframework.beans.factory.support.AbstractBeanFactory.getBean(AbstractBeanFactory.java:202)
	at org.springframework.beans.factory.support.DefaultListableBeanFactory.doResolveDependency(DefaultListableBeanFactory.java:1681)
	at org.springframework.beans.factory.support.DefaultListableBeanFactory.resolveDependency(DefaultListableBeanFactory.java:1627)
	at org.springframework.beans.factory.support.ConstructorResolver.resolveAutowiredArgument(ConstructorResolver.java:913)
	at org.springframework.beans.factory.support.ConstructorResolver.createArgumentArray(ConstructorResolver.java:791)
	... 21 common frames omitted
Caused by: org.springframework.beans.factory.UnsatisfiedDependencyException: Error creating bean with name 'sendNotificationUseCase' defined in class path resource [edu/market/notification/infrastructure/config/ApplicationConfig.class]: Unsatisfied dependency expressed through method 'sendNotificationUseCase' parameter 1: Error creating bean with name 'notificationRepositoryAdapter' defined in file [C:\Users\ja2c\Desktop\Cursos\micro-servicio-archt\k8s\microservices\services\notification-service\target\classes\edu\market\notification\infrastructure\adapter\output\persistence\NotificationRepositoryAdapter.class]: Unsatisfied dependency expressed through constructor parameter 0: Error creating bean with name 'jpaNotificationRepository' defined in edu.market.notification.infrastructure.adapter.output.persistence.repository.JpaNotificationRepository defined in @EnableJpaRepositories declared on JpaRepositoriesRegistrar.EnableJpaRepositoriesConfiguration: Could not create query for public abstract java.util.List edu.market.notification.infrastructure.adapter.output.persistence.repository.JpaNotificationRepository.findByFilters(java.util.UUID,java.lang.String,java.lang.String,java.time.LocalDateTime,java.time.LocalDateTime,org.springframework.data.domain.Pageable); Reason: Validation failed for query for method public abstract java.util.List edu.market.notification.infrastructure.adapter.output.persistence.repository.JpaNotificationRepository.findByFilters(java.util.UUID,java.lang.String,java.lang.String,java.time.LocalDateTime,java.time.LocalDateTime,org.springframework.data.domain.Pageable)
	at org.springframework.beans.factory.support.ConstructorResolver.createArgumentArray(ConstructorResolver.java:804)
	at org.springframework.beans.factory.support.ConstructorResolver.instantiateUsingFactoryMethod(ConstructorResolver.java:546)
	at org.springframework.beans.factory.support.AbstractAutowireCapableBeanFactory.instantiateUsingFactoryMethod(AbstractAutowireCapableBeanFactory.java:1367)
	at org.springframework.beans.factory.support.AbstractAutowireCapableBeanFactory.createBeanInstance(AbstractAutowireCapableBeanFactory.java:1197)
	at org.springframework.beans.factory.support.AbstractAutowireCapableBeanFactory.doCreateBean(AbstractAutowireCapableBeanFactory.java:569)
	at org.springframework.beans.factory.support.AbstractAutowireCapableBeanFactory.createBean(AbstractAutowireCapableBeanFactory.java:529)
	at org.springframework.beans.factory.support.AbstractBeanFactory.lambda$doGetBean$0(AbstractBeanFactory.java:339)
	at org.springframework.beans.factory.support.DefaultSingletonBeanRegistry.getSingleton(DefaultSingletonBeanRegistry.java:371)
	at org.springframework.beans.factory.support.AbstractBeanFactory.doGetBean(AbstractBeanFactory.java:337)
	at org.springframework.beans.factory.support.AbstractBeanFactory.getBean(AbstractBeanFactory.java:202)
	at org.springframework.beans.factory.support.DefaultListableBeanFactory.doResolveDependency(DefaultListableBeanFactory.java:1681)
	at org.springframework.beans.factory.support.DefaultListableBeanFactory.resolveDependency(DefaultListableBeanFactory.java:1627)
	at org.springframework.beans.factory.support.ConstructorResolver.resolveAutowiredArgument(ConstructorResolver.java:913)
	at org.springframework.beans.factory.support.ConstructorResolver.createArgumentArray(ConstructorResolver.java:791)
	... 34 common frames omitted
Caused by: org.springframework.beans.factory.UnsatisfiedDependencyException: Error creating bean with name 'notificationRepositoryAdapter' defined in file [C:\Users\ja2c\Desktop\Cursos\micro-servicio-archt\k8s\microservices\services\notification-service\target\classes\edu\market\notification\infrastructure\adapter\output\persistence\NotificationRepositoryAdapter.class]: Unsatisfied dependency expressed through constructor parameter 0: Error creating bean with name 'jpaNotificationRepository' defined in edu.market.notification.infrastructure.adapter.output.persistence.repository.JpaNotificationRepository defined in @EnableJpaRepositories declared on JpaRepositoriesRegistrar.EnableJpaRepositoriesConfiguration: Could not create query for public abstract java.util.List edu.market.notification.infrastructure.adapter.output.persistence.repository.JpaNotificationRepository.findByFilters(java.util.UUID,java.lang.String,java.lang.String,java.time.LocalDateTime,java.time.LocalDateTime,org.springframework.data.domain.Pageable); Reason: Validation failed for query for method public abstract java.util.List edu.market.notification.infrastructure.adapter.output.persistence.repository.JpaNotificationRepository.findByFilters(java.util.UUID,java.lang.String,java.lang.String,java.time.LocalDateTime,java.time.LocalDateTime,org.springframework.data.domain.Pageable)
	at org.springframework.beans.factory.support.ConstructorResolver.createArgumentArray(ConstructorResolver.java:804)
	at org.springframework.beans.factory.support.ConstructorResolver.autowireConstructor(ConstructorResolver.java:240)
	at org.springframework.beans.factory.support.AbstractAutowireCapableBeanFactory.autowireConstructor(AbstractAutowireCapableBeanFactory.java:1387)
	at org.springframework.beans.factory.support.AbstractAutowireCapableBeanFactory.createBeanInstance(AbstractAutowireCapableBeanFactory.java:1224)
	at org.springframework.beans.factory.support.AbstractAutowireCapableBeanFactory.doCreateBean(AbstractAutowireCapableBeanFactory.java:569)
	at org.springframework.beans.factory.support.AbstractAutowireCapableBeanFactory.createBean(AbstractAutowireCapableBeanFactory.java:529)
	at org.springframework.beans.factory.support.AbstractBeanFactory.lambda$doGetBean$0(AbstractBeanFactory.java:339)
	at org.springframework.beans.factory.support.DefaultSingletonBeanRegistry.getSingleton(DefaultSingletonBeanRegistry.java:371)
	at org.springframework.beans.factory.support.AbstractBeanFactory.doGetBean(AbstractBeanFactory.java:337)
	at org.springframework.beans.factory.support.AbstractBeanFactory.getBean(AbstractBeanFactory.java:202)
	at org.springframework.beans.factory.config.DependencyDescriptor.resolveCandidate(DependencyDescriptor.java:254)
	at org.springframework.beans.factory.support.DefaultListableBeanFactory.doResolveDependency(DefaultListableBeanFactory.java:1739)
	at org.springframework.beans.factory.support.DefaultListableBeanFactory.resolveDependency(DefaultListableBeanFactory.java:1627)
	at org.springframework.beans.factory.support.ConstructorResolver.resolveAutowiredArgument(ConstructorResolver.java:913)
	at org.springframework.beans.factory.support.ConstructorResolver.createArgumentArray(ConstructorResolver.java:791)
	... 47 common frames omitted
Caused by: org.springframework.beans.factory.BeanCreationException: Error creating bean with name 'jpaNotificationRepository' defined in edu.market.notification.infrastructure.adapter.output.persistence.repository.JpaNotificationRepository defined in @EnableJpaRepositories declared on JpaRepositoriesRegistrar.EnableJpaRepositoriesConfiguration: Could not create query for public abstract java.util.List edu.market.notification.infrastructure.adapter.output.persistence.repository.JpaNotificationRepository.findByFilters(java.util.UUID,java.lang.String,java.lang.String,java.time.LocalDateTime,java.time.LocalDateTime,org.springframework.data.domain.Pageable); Reason: Validation failed for query for method public abstract java.util.List edu.market.notification.infrastructure.adapter.output.persistence.repository.JpaNotificationRepository.findByFilters(java.util.UUID,java.lang.String,java.lang.String,java.time.LocalDateTime,java.time.LocalDateTime,org.springframework.data.domain.Pageable)
	at org.springframework.beans.factory.support.AbstractAutowireCapableBeanFactory.initializeBean(AbstractAutowireCapableBeanFactory.java:1818)
	at org.springframework.beans.factory.support.AbstractAutowireCapableBeanFactory.doCreateBean(AbstractAutowireCapableBeanFactory.java:607)
	at org.springframework.beans.factory.support.AbstractAutowireCapableBeanFactory.createBean(AbstractAutowireCapableBeanFactory.java:529)
	at org.springframework.beans.factory.support.AbstractBeanFactory.lambda$doGetBean$0(AbstractBeanFactory.java:339)
	at org.springframework.beans.factory.support.DefaultSingletonBeanRegistry.getSingleton(DefaultSingletonBeanRegistry.java:371)
	at org.springframework.beans.factory.support.AbstractBeanFactory.doGetBean(AbstractBeanFactory.java:337)
	at org.springframework.beans.factory.support.AbstractBeanFactory.getBean(AbstractBeanFactory.java:202)
	at org.springframework.beans.factory.config.DependencyDescriptor.resolveCandidate(DependencyDescriptor.java:254)
	at org.springframework.beans.factory.support.DefaultListableBeanFactory.doResolveDependency(DefaultListableBeanFactory.java:1739)
	at org.springframework.beans.factory.support.DefaultListableBeanFactory.resolveDependency(DefaultListableBeanFactory.java:1627)
	at org.springframework.beans.factory.support.ConstructorResolver.resolveAutowiredArgument(ConstructorResolver.java:913)
	at org.springframework.beans.factory.support.ConstructorResolver.createArgumentArray(ConstructorResolver.java:791)
	... 61 common frames omitted
Caused by: org.springframework.data.repository.query.QueryCreationException: Could not create query for public abstract java.util.List edu.market.notification.infrastructure.adapter.output.persistence.repository.JpaNotificationRepository.findByFilters(java.util.UUID,java.lang.String,java.lang.String,java.time.LocalDateTime,java.time.LocalDateTime,org.springframework.data.domain.Pageable); Reason: Validation failed for query for method public abstract java.util.List edu.market.notification.infrastructure.adapter.output.persistence.repository.JpaNotificationRepository.findByFilters(java.util.UUID,java.lang.String,java.lang.String,java.time.LocalDateTime,java.time.LocalDateTime,org.springframework.data.domain.Pageable)
	at org.springframework.data.repository.query.QueryCreationException.create(QueryCreationException.java:101)
	at org.springframework.data.repository.core.support.QueryExecutorMethodInterceptor.lookupQuery(QueryExecutorMethodInterceptor.java:120)
	at org.springframework.data.repository.core.support.QueryExecutorMethodInterceptor.mapMethodsToQuery(QueryExecutorMethodInterceptor.java:104)
	at org.springframework.data.repository.core.support.QueryExecutorMethodInterceptor.lambda$new$0(QueryExecutorMethodInterceptor.java:92)
	at java.base/java.util.Optional.map(Optional.java:260)
	at org.springframework.data.repository.core.support.QueryExecutorMethodInterceptor.<init>(QueryExecutorMethodInterceptor.java:92)
	at org.springframework.data.repository.core.support.RepositoryFactorySupport.getRepository(RepositoryFactorySupport.java:431)
	at org.springframework.data.repository.core.support.RepositoryFactoryBeanSupport.lambda$afterPropertiesSet$4(RepositoryFactoryBeanSupport.java:350)
	at org.springframework.data.util.Lazy.getNullable(Lazy.java:135)
	at org.springframework.data.util.Lazy.get(Lazy.java:113)
	at org.springframework.data.repository.core.support.RepositoryFactoryBeanSupport.afterPropertiesSet(RepositoryFactoryBeanSupport.java:356)
	at org.springframework.data.jpa.repository.support.JpaRepositoryFactoryBean.afterPropertiesSet(JpaRepositoryFactoryBean.java:132)
	at org.springframework.beans.factory.support.AbstractAutowireCapableBeanFactory.invokeInitMethods(AbstractAutowireCapableBeanFactory.java:1865)
	at org.springframework.beans.factory.support.AbstractAutowireCapableBeanFactory.initializeBean(AbstractAutowireCapableBeanFactory.java:1814)
	... 72 common frames omitted
Caused by: java.lang.IllegalArgumentException: Validation failed for query for method public abstract java.util.List edu.market.notification.infrastructure.adapter.output.persistence.repository.JpaNotificationRepository.findByFilters(java.util.UUID,java.lang.String,java.lang.String,java.time.LocalDateTime,java.time.LocalDateTime,org.springframework.data.domain.Pageable)
	at org.springframework.data.jpa.repository.query.SimpleJpaQuery.validateQuery(SimpleJpaQuery.java:97)
	at org.springframework.data.jpa.repository.query.SimpleJpaQuery.<init>(SimpleJpaQuery.java:67)
	at org.springframework.data.jpa.repository.query.JpaQueryFactory.fromMethodWithQueryString(JpaQueryFactory.java:49)
	at org.springframework.data.jpa.repository.query.JpaQueryLookupStrategy$DeclaredQueryLookupStrategy.resolveQuery(JpaQueryLookupStrategy.java:174)
	at org.springframework.data.jpa.repository.query.JpaQueryLookupStrategy$CreateIfNotFoundQueryLookupStrategy.resolveQuery(JpaQueryLookupStrategy.java:254)
	at org.springframework.data.jpa.repository.query.JpaQueryLookupStrategy$AbstractQueryLookupStrategy.resolveQuery(JpaQueryLookupStrategy.java:99)
	at org.springframework.data.repository.core.support.QueryExecutorMethodInterceptor.lookupQuery(QueryExecutorMethodInterceptor.java:116)
	... 84 common frames omitted
Caused by: java.lang.IllegalArgumentException: org.hibernate.query.sqm.UnknownPathException: Could not resolve attribute 'type' of 'edu.market.notification.infrastructure.adapter.output.persistence.entity.NotificationEntity' [SELECT n FROM NotificationEntity n WHERE (:userId is null OR n.recipientUserId = :userId) AND (:notificationType is null OR n.type = :notificationType) AND (:status is null OR n.status = :status) AND (:startDate is null OR n.createdAt >= :startDate) AND (:endDate is null OR n.createdAt <= :endDate)]
	at org.hibernate.internal.ExceptionConverterImpl.convert(ExceptionConverterImpl.java:143)
	at org.hibernate.internal.ExceptionConverterImpl.convert(ExceptionConverterImpl.java:167)
	at org.hibernate.internal.ExceptionConverterImpl.convert(ExceptionConverterImpl.java:173)
	at org.hibernate.internal.AbstractSharedSessionContract.createQuery(AbstractSharedSessionContract.java:886)
	at org.hibernate.internal.AbstractSharedSessionContract.createQuery(AbstractSharedSessionContract.java:796)
	at org.hibernate.internal.AbstractSharedSessionContract.createQuery(AbstractSharedSessionContract.java:143)
	at java.base/jdk.internal.reflect.DirectMethodHandleAccessor.invoke(DirectMethodHandleAccessor.java:103)
	at java.base/java.lang.reflect.Method.invoke(Method.java:580)
	at org.springframework.orm.jpa.ExtendedEntityManagerCreator$ExtendedEntityManagerInvocationHandler.invoke(ExtendedEntityManagerCreator.java:364)
	at jdk.proxy2/jdk.proxy2.$Proxy179.createQuery(Unknown Source)
	at org.springframework.data.jpa.repository.query.SimpleJpaQuery.validateQuery(SimpleJpaQuery.java:91)
	... 90 common frames omitted
Caused by: org.hibernate.query.sqm.UnknownPathException: Could not resolve attribute 'type' of 'edu.market.notification.infrastructure.adapter.output.persistence.entity.NotificationEntity' [SELECT n FROM NotificationEntity n WHERE (:userId is null OR n.recipientUserId = :userId) AND (:notificationType is null OR n.type = :notificationType) AND (:status is null OR n.status = :status) AND (:startDate is null OR n.createdAt >= :startDate) AND (:endDate is null OR n.createdAt <= :endDate)]
	at org.hibernate.query.hql.internal.StandardHqlTranslator.translate(StandardHqlTranslator.java:88)
	at org.hibernate.query.internal.QueryInterpretationCacheStandardImpl.createHqlInterpretation(QueryInterpretationCacheStandardImpl.java:145)
	at org.hibernate.query.internal.QueryInterpretationCacheStandardImpl.resolveHqlInterpretation(QueryInterpretationCacheStandardImpl.java:132)
	at org.hibernate.query.spi.QueryEngine.interpretHql(QueryEngine.java:54)
	at org.hibernate.internal.AbstractSharedSessionContract.interpretHql(AbstractSharedSessionContract.java:832)
	at org.hibernate.internal.AbstractSharedSessionContract.createQuery(AbstractSharedSessionContract.java:878)
	... 97 common frames omitted
Caused by: org.hibernate.query.sqm.PathElementException: Could not resolve attribute 'type' of 'edu.market.notification.infrastructure.adapter.output.persistence.entity.NotificationEntity'
	at org.hibernate.query.sqm.SqmPathSource.getSubPathSource(SqmPathSource.java:95)
	at org.hibernate.query.sqm.tree.domain.AbstractSqmPath.get(AbstractSqmPath.java:198)
	at org.hibernate.query.sqm.tree.domain.AbstractSqmFrom.resolvePathPart(AbstractSqmFrom.java:198)
	at org.hibernate.query.hql.internal.DomainPathPart.resolvePathPart(DomainPathPart.java:42)
	at org.hibernate.query.hql.internal.BasicDotIdentifierConsumer.consumeIdentifier(BasicDotIdentifierConsumer.java:92)
	at org.hibernate.query.hql.internal.SemanticQueryBuilder.visitSimplePath(SemanticQueryBuilder.java:5465)
	at org.hibernate.query.hql.internal.SemanticQueryBuilder.visitGeneralPathFragment(SemanticQueryBuilder.java:5298)
	at org.hibernate.query.hql.internal.SemanticQueryBuilder.visitGeneralPathExpression(SemanticQueryBuilder.java:1891)
	at org.hibernate.grammars.hql.HqlParser$GeneralPathExpressionContext.accept(HqlParser.java:8268)
	at org.antlr.v4.runtime.tree.AbstractParseTreeVisitor.visitChildren(AbstractParseTreeVisitor.java:46)
	at org.hibernate.grammars.hql.HqlParserBaseVisitor.visitBarePrimaryExpression(HqlParserBaseVisitor.java:812)
	at org.hibernate.grammars.hql.HqlParser$BarePrimaryExpressionContext.accept(HqlParser.java:7726)
	at org.hibernate.query.hql.internal.SemanticQueryBuilder.createComparisonPredicate(SemanticQueryBuilder.java:2548)
	at org.hibernate.query.hql.internal.SemanticQueryBuilder.visitComparisonPredicate(SemanticQueryBuilder.java:2509)
	at org.hibernate.query.hql.internal.SemanticQueryBuilder.visitComparisonPredicate(SemanticQueryBuilder.java:277)
	at org.hibernate.grammars.hql.HqlParser$ComparisonPredicateContext.accept(HqlParser.java:6611)
	at org.hibernate.query.hql.internal.SemanticQueryBuilder.visitOrPredicate(SemanticQueryBuilder.java:2388)
	at org.hibernate.query.hql.internal.SemanticQueryBuilder.visitOrPredicate(SemanticQueryBuilder.java:277)
	at org.hibernate.grammars.hql.HqlParser$OrPredicateContext.accept(HqlParser.java:6702)
	at org.hibernate.query.hql.internal.SemanticQueryBuilder.visitGroupedPredicate(SemanticQueryBuilder.java:2369)
	at org.hibernate.query.hql.internal.SemanticQueryBuilder.visitGroupedPredicate(SemanticQueryBuilder.java:277)
	at org.hibernate.grammars.hql.HqlParser$GroupedPredicateContext.accept(HqlParser.java:6506)
	at org.hibernate.query.hql.internal.SemanticQueryBuilder.visitAndPredicate(SemanticQueryBuilder.java:2379)
	at org.hibernate.query.hql.internal.SemanticQueryBuilder.visitAndPredicate(SemanticQueryBuilder.java:277)
	at org.hibernate.grammars.hql.HqlParser$AndPredicateContext.accept(HqlParser.java:6461)
	at org.hibernate.query.hql.internal.SemanticQueryBuilder.visitAndPredicate(SemanticQueryBuilder.java:2378)
	at org.hibernate.query.hql.internal.SemanticQueryBuilder.visitAndPredicate(SemanticQueryBuilder.java:277)
	at org.hibernate.grammars.hql.HqlParser$AndPredicateContext.accept(HqlParser.java:6461)
	at org.hibernate.query.hql.internal.SemanticQueryBuilder.visitAndPredicate(SemanticQueryBuilder.java:2378)
	at org.hibernate.query.hql.internal.SemanticQueryBuilder.visitAndPredicate(SemanticQueryBuilder.java:277)
	at org.hibernate.grammars.hql.HqlParser$AndPredicateContext.accept(HqlParser.java:6461)
	at org.hibernate.query.hql.internal.SemanticQueryBuilder.visitAndPredicate(SemanticQueryBuilder.java:2378)
	at org.hibernate.query.hql.internal.SemanticQueryBuilder.visitAndPredicate(SemanticQueryBuilder.java:277)
	at org.hibernate.grammars.hql.HqlParser$AndPredicateContext.accept(HqlParser.java:6461)
	at org.hibernate.query.hql.internal.SemanticQueryBuilder.visitWhereClause(SemanticQueryBuilder.java:2361)
	at org.hibernate.query.hql.internal.SemanticQueryBuilder.visitWhereClause(SemanticQueryBuilder.java:277)
	at org.hibernate.grammars.hql.HqlParser$WhereClauseContext.accept(HqlParser.java:6302)
	at org.hibernate.query.hql.internal.SemanticQueryBuilder.visitQuery(SemanticQueryBuilder.java:1259)
	at org.hibernate.query.hql.internal.SemanticQueryBuilder.visitQuerySpecExpression(SemanticQueryBuilder.java:1040)
	at org.hibernate.query.hql.internal.SemanticQueryBuilder.visitQuerySpecExpression(SemanticQueryBuilder.java:277)
	at org.hibernate.grammars.hql.HqlParser$QuerySpecExpressionContext.accept(HqlParser.java:2134)
	at org.hibernate.query.hql.internal.SemanticQueryBuilder.visitSimpleQueryGroup(SemanticQueryBuilder.java:1025)
	at org.hibernate.query.hql.internal.SemanticQueryBuilder.visitSimpleQueryGroup(SemanticQueryBuilder.java:277)
	at org.hibernate.grammars.hql.HqlParser$SimpleQueryGroupContext.accept(HqlParser.java:2005)
	at org.hibernate.query.hql.internal.SemanticQueryBuilder.visitSelectStatement(SemanticQueryBuilder.java:492)
	at org.hibernate.query.hql.internal.SemanticQueryBuilder.visitStatement(SemanticQueryBuilder.java:451)
	at org.hibernate.query.hql.internal.SemanticQueryBuilder.buildSemanticModel(SemanticQueryBuilder.java:324)
	at org.hibernate.query.hql.internal.StandardHqlTranslator.translate(StandardHqlTranslator.java:71)
	... 102 common frames omitted
2025-07-10 21:50:39,835 [background-preinit] INFO  o.h.validator.internal.util.Version                - HV000001: Hibernate Validator 8.0.2.Final
2025-07-10 21:50:39,877 [main] INFO  edu.market.notification.App                        - Starting App v1.0.0 using Java 21 with PID 26356 (C:\Users\ja2c\Desktop\Cursos\micro-servicio-archt\k8s\microservices\services\notification-service\target\classes started by ja2c in C:\Users\ja2c\Desktop\Cursos\micro-servicio-archt\k8s\microservices\services\notification-service)
2025-07-10 21:50:39,878 [main] DEBUG edu.market.notification.App                        - Running with Spring Boot v3.4.5, Spring v6.2.6
2025-07-10 21:50:39,878 [main] INFO  edu.market.notification.App                        - The following 1 profile is active: "dev"
2025-07-10 21:50:39,909 [main] INFO  o.s.c.c.c.ConfigServerConfigDataLoader             - Fetching config from server at : http://localhost:8890
2025-07-10 21:50:39,909 [main] INFO  o.s.c.c.c.ConfigServerConfigDataLoader             - Exception on Url - http://localhost:8890:org.springframework.web.client.ResourceAccessException: I/O error on GET request for "http://localhost:8890/notification-service/default": Connection refused: no further information. Will be trying the next url if available
2025-07-10 21:50:39,910 [main] WARN  o.s.c.c.c.ConfigServerConfigDataLoader             - Could not locate PropertySource ([ConfigServerConfigDataResource@3c818ac4 uris = array<String>['http://localhost:8890'], optional = true, profiles = 'default']): I/O error on GET request for "http://localhost:8890/notification-service/default": Connection refused: no further information
2025-07-10 21:50:39,910 [main] INFO  o.s.c.c.c.ConfigServerConfigDataLoader             - Fetching config from server at : http://localhost:8890
2025-07-10 21:50:39,910 [main] INFO  o.s.c.c.c.ConfigServerConfigDataLoader             - Exception on Url - http://localhost:8890:org.springframework.web.client.ResourceAccessException: I/O error on GET request for "http://localhost:8890/notification-service/dev": Connection refused: no further information. Will be trying the next url if available
2025-07-10 21:50:39,910 [main] WARN  o.s.c.c.c.ConfigServerConfigDataLoader             - Could not locate PropertySource ([ConfigServerConfigDataResource@109f5dd8 uris = array<String>['http://localhost:8890'], optional = true, profiles = 'dev']): I/O error on GET request for "http://localhost:8890/notification-service/dev": Connection refused: no further information
2025-07-10 21:50:39,910 [main] INFO  o.s.c.c.c.ConfigServerConfigDataLoader             - Fetching config from server at : http://localhost:8890
2025-07-10 21:50:39,910 [main] INFO  o.s.c.c.c.ConfigServerConfigDataLoader             - Exception on Url - http://localhost:8890:org.springframework.web.client.ResourceAccessException: I/O error on GET request for "http://localhost:8890/notification-service/default": Connection refused: no further information. Will be trying the next url if available
2025-07-10 21:50:39,910 [main] WARN  o.s.c.c.c.ConfigServerConfigDataLoader             - Could not locate PropertySource ([ConfigServerConfigDataResource@67fe380b uris = array<String>['http://localhost:8890'], optional = true, profiles = 'default']): I/O error on GET request for "http://localhost:8890/notification-service/default": Connection refused: no further information
2025-07-10 21:50:40,962 [main] INFO  o.s.d.r.c.RepositoryConfigurationDelegate          - Bootstrapping Spring Data JPA repositories in DEFAULT mode.
2025-07-10 21:50:41,147 [main] INFO  o.s.d.r.c.RepositoryConfigurationDelegate          - Finished Spring Data repository scanning in 169 ms. Found 6 JPA repository interfaces.
2025-07-10 21:50:41,471 [main] INFO  o.s.cloud.context.scope.GenericScope               - BeanFactory id=77753357-cceb-3f4b-ac79-00a3e87d7170
2025-07-10 21:50:42,366 [main] INFO  o.s.b.w.embedded.tomcat.TomcatWebServer            - Tomcat initialized with port 0 (http)
2025-07-10 21:50:42,377 [main] INFO  o.apache.coyote.http11.Http11NioProtocol           - Initializing ProtocolHandler ["http-nio-auto-1"]
2025-07-10 21:50:42,379 [main] INFO  o.apache.catalina.core.StandardService             - Starting service [Tomcat]
2025-07-10 21:50:42,380 [main] INFO  org.apache.catalina.core.StandardEngine            - Starting Servlet engine: [Apache Tomcat/10.1.40]
2025-07-10 21:50:42,448 [main] INFO  o.a.c.c.C.[Tomcat].[localhost].[/]                 - Initializing Spring embedded WebApplicationContext
2025-07-10 21:50:42,449 [main] INFO  o.s.b.w.s.c.ServletWebServerApplicationContext     - Root WebApplicationContext: initialization completed in 2537 ms
2025-07-10 21:50:43,011 [main] INFO  com.zaxxer.hikari.HikariDataSource                 - HikariPool-1 - Starting...
2025-07-10 21:50:43,238 [main] INFO  com.zaxxer.hikari.pool.HikariPool                  - HikariPool-1 - Added connection conn0: url=jdbc:h2:mem:userdb user=SA
2025-07-10 21:50:43,240 [main] INFO  com.zaxxer.hikari.HikariDataSource                 - HikariPool-1 - Start completed.
2025-07-10 21:50:43,506 [main] INFO  o.hibernate.jpa.internal.util.LogHelper            - HHH000204: Processing PersistenceUnitInfo [name: default]
2025-07-10 21:50:43,614 [main] INFO  org.hibernate.Version                              - HHH000412: Hibernate ORM core version 6.6.13.Final
2025-07-10 21:50:43,695 [main] INFO  o.h.c.internal.RegionFactoryInitiator              - HHH000026: Second-level cache disabled
2025-07-10 21:50:43,933 [main] INFO  o.s.o.j.p.SpringPersistenceUnitInfo                - No LoadTimeWeaver setup: ignoring JPA class transformer
2025-07-10 21:50:43,990 [main] INFO  org.hibernate.orm.connections.pooling              - HHH10001005: Database info:
	Database JDBC URL [Connecting through datasource 'HikariDataSource (HikariPool-1)']
	Database driver: undefined/unknown
	Database version: 2.3.232
	Autocommit mode: undefined/unknown
	Isolation level: undefined/unknown
	Minimum pool size: undefined/unknown
	Maximum pool size: undefined/unknown
2025-07-10 21:50:44,945 [main] INFO  o.h.e.t.j.p.i.JtaPlatformInitiator                 - HHH000489: No JTA platform available (set 'hibernate.transaction.jta.platform' to enable JTA platform integration)
2025-07-10 21:50:45,064 [main] INFO  o.s.o.j.LocalContainerEntityManagerFactoryBean     - Initialized JPA EntityManagerFactory for persistence unit 'default'
2025-07-10 21:50:45,953 [main] INFO  o.s.d.j.r.query.QueryEnhancerFactory               - Hibernate is in classpath; If applicable, HQL parser will be used.
2025-07-10 21:50:46,394 [main] WARN  o.s.b.w.s.c.AnnotationConfigServletWebServerApplicationContext - Exception encountered during context initialization - cancelling refresh attempt: org.springframework.beans.factory.UnsatisfiedDependencyException: Error creating bean with name 'eventController' defined in file [C:\Users\ja2c\Desktop\Cursos\micro-servicio-archt\k8s\microservices\services\notification-service\target\classes\edu\market\notification\infrastructure\adapter\input\web\controller\EventController.class]: Unsatisfied dependency expressed through constructor parameter 0: Error creating bean with name 'processDomainEventUseCase' defined in class path resource [edu/market/notification/infrastructure/config/ApplicationConfig.class]: Unsatisfied dependency expressed through method 'processDomainEventUseCase' parameter 2: Error creating bean with name 'sendNotificationUseCase' defined in class path resource [edu/market/notification/infrastructure/config/ApplicationConfig.class]: Unsatisfied dependency expressed through method 'sendNotificationUseCase' parameter 1: Error creating bean with name 'notificationRepositoryAdapter' defined in file [C:\Users\ja2c\Desktop\Cursos\micro-servicio-archt\k8s\microservices\services\notification-service\target\classes\edu\market\notification\infrastructure\adapter\output\persistence\NotificationRepositoryAdapter.class]: Unsatisfied dependency expressed through constructor parameter 0: Error creating bean with name 'jpaNotificationRepository' defined in edu.market.notification.infrastructure.adapter.output.persistence.repository.JpaNotificationRepository defined in @EnableJpaRepositories declared on JpaRepositoriesRegistrar.EnableJpaRepositoriesConfiguration: Could not create query for public abstract java.util.List edu.market.notification.infrastructure.adapter.output.persistence.repository.JpaNotificationRepository.findScheduledNotificationsReadyToSend(java.time.LocalDateTime); Reason: Validation failed for query for method public abstract java.util.List edu.market.notification.infrastructure.adapter.output.persistence.repository.JpaNotificationRepository.findScheduledNotificationsReadyToSend(java.time.LocalDateTime)
2025-07-10 21:50:46,395 [main] INFO  o.s.o.j.LocalContainerEntityManagerFactoryBean     - Closing JPA EntityManagerFactory for persistence unit 'default'
2025-07-10 21:50:46,396 [main] INFO  com.zaxxer.hikari.HikariDataSource                 - HikariPool-1 - Shutdown initiated...
2025-07-10 21:50:46,397 [main] INFO  com.zaxxer.hikari.HikariDataSource                 - HikariPool-1 - Shutdown completed.
2025-07-10 21:50:46,399 [main] INFO  o.apache.catalina.core.StandardService             - Stopping service [Tomcat]
2025-07-10 21:50:46,414 [main] INFO  o.s.b.a.l.ConditionEvaluationReportLogger          - 

Error starting ApplicationContext. To display the condition evaluation report re-run your application with 'debug' enabled.
2025-07-10 21:50:46,427 [main] ERROR o.springframework.boot.SpringApplication           - Application run failed
org.springframework.beans.factory.UnsatisfiedDependencyException: Error creating bean with name 'eventController' defined in file [C:\Users\ja2c\Desktop\Cursos\micro-servicio-archt\k8s\microservices\services\notification-service\target\classes\edu\market\notification\infrastructure\adapter\input\web\controller\EventController.class]: Unsatisfied dependency expressed through constructor parameter 0: Error creating bean with name 'processDomainEventUseCase' defined in class path resource [edu/market/notification/infrastructure/config/ApplicationConfig.class]: Unsatisfied dependency expressed through method 'processDomainEventUseCase' parameter 2: Error creating bean with name 'sendNotificationUseCase' defined in class path resource [edu/market/notification/infrastructure/config/ApplicationConfig.class]: Unsatisfied dependency expressed through method 'sendNotificationUseCase' parameter 1: Error creating bean with name 'notificationRepositoryAdapter' defined in file [C:\Users\ja2c\Desktop\Cursos\micro-servicio-archt\k8s\microservices\services\notification-service\target\classes\edu\market\notification\infrastructure\adapter\output\persistence\NotificationRepositoryAdapter.class]: Unsatisfied dependency expressed through constructor parameter 0: Error creating bean with name 'jpaNotificationRepository' defined in edu.market.notification.infrastructure.adapter.output.persistence.repository.JpaNotificationRepository defined in @EnableJpaRepositories declared on JpaRepositoriesRegistrar.EnableJpaRepositoriesConfiguration: Could not create query for public abstract java.util.List edu.market.notification.infrastructure.adapter.output.persistence.repository.JpaNotificationRepository.findScheduledNotificationsReadyToSend(java.time.LocalDateTime); Reason: Validation failed for query for method public abstract java.util.List edu.market.notification.infrastructure.adapter.output.persistence.repository.JpaNotificationRepository.findScheduledNotificationsReadyToSend(java.time.LocalDateTime)
	at org.springframework.beans.factory.support.ConstructorResolver.createArgumentArray(ConstructorResolver.java:804)
	at org.springframework.beans.factory.support.ConstructorResolver.autowireConstructor(ConstructorResolver.java:240)
	at org.springframework.beans.factory.support.AbstractAutowireCapableBeanFactory.autowireConstructor(AbstractAutowireCapableBeanFactory.java:1387)
	at org.springframework.beans.factory.support.AbstractAutowireCapableBeanFactory.createBeanInstance(AbstractAutowireCapableBeanFactory.java:1224)
	at org.springframework.beans.factory.support.AbstractAutowireCapableBeanFactory.doCreateBean(AbstractAutowireCapableBeanFactory.java:569)
	at org.springframework.beans.factory.support.AbstractAutowireCapableBeanFactory.createBean(AbstractAutowireCapableBeanFactory.java:529)
	at org.springframework.beans.factory.support.AbstractBeanFactory.lambda$doGetBean$0(AbstractBeanFactory.java:339)
	at org.springframework.beans.factory.support.DefaultSingletonBeanRegistry.getSingleton(DefaultSingletonBeanRegistry.java:371)
	at org.springframework.beans.factory.support.AbstractBeanFactory.doGetBean(AbstractBeanFactory.java:337)
	at org.springframework.beans.factory.support.AbstractBeanFactory.getBean(AbstractBeanFactory.java:202)
	at org.springframework.beans.factory.support.DefaultListableBeanFactory.instantiateSingleton(DefaultListableBeanFactory.java:1221)
	at org.springframework.beans.factory.support.DefaultListableBeanFactory.preInstantiateSingleton(DefaultListableBeanFactory.java:1187)
	at org.springframework.beans.factory.support.DefaultListableBeanFactory.preInstantiateSingletons(DefaultListableBeanFactory.java:1122)
	at org.springframework.context.support.AbstractApplicationContext.finishBeanFactoryInitialization(AbstractApplicationContext.java:987)
	at org.springframework.context.support.AbstractApplicationContext.refresh(AbstractApplicationContext.java:627)
	at org.springframework.boot.web.servlet.context.ServletWebServerApplicationContext.refresh(ServletWebServerApplicationContext.java:146)
	at org.springframework.boot.SpringApplication.refresh(SpringApplication.java:753)
	at org.springframework.boot.SpringApplication.refreshContext(SpringApplication.java:439)
	at org.springframework.boot.SpringApplication.run(SpringApplication.java:318)
	at org.springframework.boot.SpringApplication.run(SpringApplication.java:1362)
	at org.springframework.boot.SpringApplication.run(SpringApplication.java:1351)
	at edu.market.notification.App.main(App.java:10)
Caused by: org.springframework.beans.factory.UnsatisfiedDependencyException: Error creating bean with name 'processDomainEventUseCase' defined in class path resource [edu/market/notification/infrastructure/config/ApplicationConfig.class]: Unsatisfied dependency expressed through method 'processDomainEventUseCase' parameter 2: Error creating bean with name 'sendNotificationUseCase' defined in class path resource [edu/market/notification/infrastructure/config/ApplicationConfig.class]: Unsatisfied dependency expressed through method 'sendNotificationUseCase' parameter 1: Error creating bean with name 'notificationRepositoryAdapter' defined in file [C:\Users\ja2c\Desktop\Cursos\micro-servicio-archt\k8s\microservices\services\notification-service\target\classes\edu\market\notification\infrastructure\adapter\output\persistence\NotificationRepositoryAdapter.class]: Unsatisfied dependency expressed through constructor parameter 0: Error creating bean with name 'jpaNotificationRepository' defined in edu.market.notification.infrastructure.adapter.output.persistence.repository.JpaNotificationRepository defined in @EnableJpaRepositories declared on JpaRepositoriesRegistrar.EnableJpaRepositoriesConfiguration: Could not create query for public abstract java.util.List edu.market.notification.infrastructure.adapter.output.persistence.repository.JpaNotificationRepository.findScheduledNotificationsReadyToSend(java.time.LocalDateTime); Reason: Validation failed for query for method public abstract java.util.List edu.market.notification.infrastructure.adapter.output.persistence.repository.JpaNotificationRepository.findScheduledNotificationsReadyToSend(java.time.LocalDateTime)
	at org.springframework.beans.factory.support.ConstructorResolver.createArgumentArray(ConstructorResolver.java:804)
	at org.springframework.beans.factory.support.ConstructorResolver.instantiateUsingFactoryMethod(ConstructorResolver.java:546)
	at org.springframework.beans.factory.support.AbstractAutowireCapableBeanFactory.instantiateUsingFactoryMethod(AbstractAutowireCapableBeanFactory.java:1367)
	at org.springframework.beans.factory.support.AbstractAutowireCapableBeanFactory.createBeanInstance(AbstractAutowireCapableBeanFactory.java:1197)
	at org.springframework.beans.factory.support.AbstractAutowireCapableBeanFactory.doCreateBean(AbstractAutowireCapableBeanFactory.java:569)
	at org.springframework.beans.factory.support.AbstractAutowireCapableBeanFactory.createBean(AbstractAutowireCapableBeanFactory.java:529)
	at org.springframework.beans.factory.support.AbstractBeanFactory.lambda$doGetBean$0(AbstractBeanFactory.java:339)
	at org.springframework.beans.factory.support.DefaultSingletonBeanRegistry.getSingleton(DefaultSingletonBeanRegistry.java:371)
	at org.springframework.beans.factory.support.AbstractBeanFactory.doGetBean(AbstractBeanFactory.java:337)
	at org.springframework.beans.factory.support.AbstractBeanFactory.getBean(AbstractBeanFactory.java:202)
	at org.springframework.beans.factory.support.DefaultListableBeanFactory.doResolveDependency(DefaultListableBeanFactory.java:1681)
	at org.springframework.beans.factory.support.DefaultListableBeanFactory.resolveDependency(DefaultListableBeanFactory.java:1627)
	at org.springframework.beans.factory.support.ConstructorResolver.resolveAutowiredArgument(ConstructorResolver.java:913)
	at org.springframework.beans.factory.support.ConstructorResolver.createArgumentArray(ConstructorResolver.java:791)
	... 21 common frames omitted
Caused by: org.springframework.beans.factory.UnsatisfiedDependencyException: Error creating bean with name 'sendNotificationUseCase' defined in class path resource [edu/market/notification/infrastructure/config/ApplicationConfig.class]: Unsatisfied dependency expressed through method 'sendNotificationUseCase' parameter 1: Error creating bean with name 'notificationRepositoryAdapter' defined in file [C:\Users\ja2c\Desktop\Cursos\micro-servicio-archt\k8s\microservices\services\notification-service\target\classes\edu\market\notification\infrastructure\adapter\output\persistence\NotificationRepositoryAdapter.class]: Unsatisfied dependency expressed through constructor parameter 0: Error creating bean with name 'jpaNotificationRepository' defined in edu.market.notification.infrastructure.adapter.output.persistence.repository.JpaNotificationRepository defined in @EnableJpaRepositories declared on JpaRepositoriesRegistrar.EnableJpaRepositoriesConfiguration: Could not create query for public abstract java.util.List edu.market.notification.infrastructure.adapter.output.persistence.repository.JpaNotificationRepository.findScheduledNotificationsReadyToSend(java.time.LocalDateTime); Reason: Validation failed for query for method public abstract java.util.List edu.market.notification.infrastructure.adapter.output.persistence.repository.JpaNotificationRepository.findScheduledNotificationsReadyToSend(java.time.LocalDateTime)
	at org.springframework.beans.factory.support.ConstructorResolver.createArgumentArray(ConstructorResolver.java:804)
	at org.springframework.beans.factory.support.ConstructorResolver.instantiateUsingFactoryMethod(ConstructorResolver.java:546)
	at org.springframework.beans.factory.support.AbstractAutowireCapableBeanFactory.instantiateUsingFactoryMethod(AbstractAutowireCapableBeanFactory.java:1367)
	at org.springframework.beans.factory.support.AbstractAutowireCapableBeanFactory.createBeanInstance(AbstractAutowireCapableBeanFactory.java:1197)
	at org.springframework.beans.factory.support.AbstractAutowireCapableBeanFactory.doCreateBean(AbstractAutowireCapableBeanFactory.java:569)
	at org.springframework.beans.factory.support.AbstractAutowireCapableBeanFactory.createBean(AbstractAutowireCapableBeanFactory.java:529)
	at org.springframework.beans.factory.support.AbstractBeanFactory.lambda$doGetBean$0(AbstractBeanFactory.java:339)
	at org.springframework.beans.factory.support.DefaultSingletonBeanRegistry.getSingleton(DefaultSingletonBeanRegistry.java:371)
	at org.springframework.beans.factory.support.AbstractBeanFactory.doGetBean(AbstractBeanFactory.java:337)
	at org.springframework.beans.factory.support.AbstractBeanFactory.getBean(AbstractBeanFactory.java:202)
	at org.springframework.beans.factory.support.DefaultListableBeanFactory.doResolveDependency(DefaultListableBeanFactory.java:1681)
	at org.springframework.beans.factory.support.DefaultListableBeanFactory.resolveDependency(DefaultListableBeanFactory.java:1627)
	at org.springframework.beans.factory.support.ConstructorResolver.resolveAutowiredArgument(ConstructorResolver.java:913)
	at org.springframework.beans.factory.support.ConstructorResolver.createArgumentArray(ConstructorResolver.java:791)
	... 34 common frames omitted
Caused by: org.springframework.beans.factory.UnsatisfiedDependencyException: Error creating bean with name 'notificationRepositoryAdapter' defined in file [C:\Users\ja2c\Desktop\Cursos\micro-servicio-archt\k8s\microservices\services\notification-service\target\classes\edu\market\notification\infrastructure\adapter\output\persistence\NotificationRepositoryAdapter.class]: Unsatisfied dependency expressed through constructor parameter 0: Error creating bean with name 'jpaNotificationRepository' defined in edu.market.notification.infrastructure.adapter.output.persistence.repository.JpaNotificationRepository defined in @EnableJpaRepositories declared on JpaRepositoriesRegistrar.EnableJpaRepositoriesConfiguration: Could not create query for public abstract java.util.List edu.market.notification.infrastructure.adapter.output.persistence.repository.JpaNotificationRepository.findScheduledNotificationsReadyToSend(java.time.LocalDateTime); Reason: Validation failed for query for method public abstract java.util.List edu.market.notification.infrastructure.adapter.output.persistence.repository.JpaNotificationRepository.findScheduledNotificationsReadyToSend(java.time.LocalDateTime)
	at org.springframework.beans.factory.support.ConstructorResolver.createArgumentArray(ConstructorResolver.java:804)
	at org.springframework.beans.factory.support.ConstructorResolver.autowireConstructor(ConstructorResolver.java:240)
	at org.springframework.beans.factory.support.AbstractAutowireCapableBeanFactory.autowireConstructor(AbstractAutowireCapableBeanFactory.java:1387)
	at org.springframework.beans.factory.support.AbstractAutowireCapableBeanFactory.createBeanInstance(AbstractAutowireCapableBeanFactory.java:1224)
	at org.springframework.beans.factory.support.AbstractAutowireCapableBeanFactory.doCreateBean(AbstractAutowireCapableBeanFactory.java:569)
	at org.springframework.beans.factory.support.AbstractAutowireCapableBeanFactory.createBean(AbstractAutowireCapableBeanFactory.java:529)
	at org.springframework.beans.factory.support.AbstractBeanFactory.lambda$doGetBean$0(AbstractBeanFactory.java:339)
	at org.springframework.beans.factory.support.DefaultSingletonBeanRegistry.getSingleton(DefaultSingletonBeanRegistry.java:371)
	at org.springframework.beans.factory.support.AbstractBeanFactory.doGetBean(AbstractBeanFactory.java:337)
	at org.springframework.beans.factory.support.AbstractBeanFactory.getBean(AbstractBeanFactory.java:202)
	at org.springframework.beans.factory.config.DependencyDescriptor.resolveCandidate(DependencyDescriptor.java:254)
	at org.springframework.beans.factory.support.DefaultListableBeanFactory.doResolveDependency(DefaultListableBeanFactory.java:1739)
	at org.springframework.beans.factory.support.DefaultListableBeanFactory.resolveDependency(DefaultListableBeanFactory.java:1627)
	at org.springframework.beans.factory.support.ConstructorResolver.resolveAutowiredArgument(ConstructorResolver.java:913)
	at org.springframework.beans.factory.support.ConstructorResolver.createArgumentArray(ConstructorResolver.java:791)
	... 47 common frames omitted
Caused by: org.springframework.beans.factory.BeanCreationException: Error creating bean with name 'jpaNotificationRepository' defined in edu.market.notification.infrastructure.adapter.output.persistence.repository.JpaNotificationRepository defined in @EnableJpaRepositories declared on JpaRepositoriesRegistrar.EnableJpaRepositoriesConfiguration: Could not create query for public abstract java.util.List edu.market.notification.infrastructure.adapter.output.persistence.repository.JpaNotificationRepository.findScheduledNotificationsReadyToSend(java.time.LocalDateTime); Reason: Validation failed for query for method public abstract java.util.List edu.market.notification.infrastructure.adapter.output.persistence.repository.JpaNotificationRepository.findScheduledNotificationsReadyToSend(java.time.LocalDateTime)
	at org.springframework.beans.factory.support.AbstractAutowireCapableBeanFactory.initializeBean(AbstractAutowireCapableBeanFactory.java:1818)
	at org.springframework.beans.factory.support.AbstractAutowireCapableBeanFactory.doCreateBean(AbstractAutowireCapableBeanFactory.java:607)
	at org.springframework.beans.factory.support.AbstractAutowireCapableBeanFactory.createBean(AbstractAutowireCapableBeanFactory.java:529)
	at org.springframework.beans.factory.support.AbstractBeanFactory.lambda$doGetBean$0(AbstractBeanFactory.java:339)
	at org.springframework.beans.factory.support.DefaultSingletonBeanRegistry.getSingleton(DefaultSingletonBeanRegistry.java:371)
	at org.springframework.beans.factory.support.AbstractBeanFactory.doGetBean(AbstractBeanFactory.java:337)
	at org.springframework.beans.factory.support.AbstractBeanFactory.getBean(AbstractBeanFactory.java:202)
	at org.springframework.beans.factory.config.DependencyDescriptor.resolveCandidate(DependencyDescriptor.java:254)
	at org.springframework.beans.factory.support.DefaultListableBeanFactory.doResolveDependency(DefaultListableBeanFactory.java:1739)
	at org.springframework.beans.factory.support.DefaultListableBeanFactory.resolveDependency(DefaultListableBeanFactory.java:1627)
	at org.springframework.beans.factory.support.ConstructorResolver.resolveAutowiredArgument(ConstructorResolver.java:913)
	at org.springframework.beans.factory.support.ConstructorResolver.createArgumentArray(ConstructorResolver.java:791)
	... 61 common frames omitted
Caused by: org.springframework.data.repository.query.QueryCreationException: Could not create query for public abstract java.util.List edu.market.notification.infrastructure.adapter.output.persistence.repository.JpaNotificationRepository.findScheduledNotificationsReadyToSend(java.time.LocalDateTime); Reason: Validation failed for query for method public abstract java.util.List edu.market.notification.infrastructure.adapter.output.persistence.repository.JpaNotificationRepository.findScheduledNotificationsReadyToSend(java.time.LocalDateTime)
	at org.springframework.data.repository.query.QueryCreationException.create(QueryCreationException.java:101)
	at org.springframework.data.repository.core.support.QueryExecutorMethodInterceptor.lookupQuery(QueryExecutorMethodInterceptor.java:120)
	at org.springframework.data.repository.core.support.QueryExecutorMethodInterceptor.mapMethodsToQuery(QueryExecutorMethodInterceptor.java:104)
	at org.springframework.data.repository.core.support.QueryExecutorMethodInterceptor.lambda$new$0(QueryExecutorMethodInterceptor.java:92)
	at java.base/java.util.Optional.map(Optional.java:260)
	at org.springframework.data.repository.core.support.QueryExecutorMethodInterceptor.<init>(QueryExecutorMethodInterceptor.java:92)
	at org.springframework.data.repository.core.support.RepositoryFactorySupport.getRepository(RepositoryFactorySupport.java:431)
	at org.springframework.data.repository.core.support.RepositoryFactoryBeanSupport.lambda$afterPropertiesSet$4(RepositoryFactoryBeanSupport.java:350)
	at org.springframework.data.util.Lazy.getNullable(Lazy.java:135)
	at org.springframework.data.util.Lazy.get(Lazy.java:113)
	at org.springframework.data.repository.core.support.RepositoryFactoryBeanSupport.afterPropertiesSet(RepositoryFactoryBeanSupport.java:356)
	at org.springframework.data.jpa.repository.support.JpaRepositoryFactoryBean.afterPropertiesSet(JpaRepositoryFactoryBean.java:132)
	at org.springframework.beans.factory.support.AbstractAutowireCapableBeanFactory.invokeInitMethods(AbstractAutowireCapableBeanFactory.java:1865)
	at org.springframework.beans.factory.support.AbstractAutowireCapableBeanFactory.initializeBean(AbstractAutowireCapableBeanFactory.java:1814)
	... 72 common frames omitted
Caused by: java.lang.IllegalArgumentException: Validation failed for query for method public abstract java.util.List edu.market.notification.infrastructure.adapter.output.persistence.repository.JpaNotificationRepository.findScheduledNotificationsReadyToSend(java.time.LocalDateTime)
	at org.springframework.data.jpa.repository.query.SimpleJpaQuery.validateQuery(SimpleJpaQuery.java:97)
	at org.springframework.data.jpa.repository.query.SimpleJpaQuery.<init>(SimpleJpaQuery.java:67)
	at org.springframework.data.jpa.repository.query.JpaQueryFactory.fromMethodWithQueryString(JpaQueryFactory.java:49)
	at org.springframework.data.jpa.repository.query.JpaQueryLookupStrategy$DeclaredQueryLookupStrategy.resolveQuery(JpaQueryLookupStrategy.java:174)
	at org.springframework.data.jpa.repository.query.JpaQueryLookupStrategy$CreateIfNotFoundQueryLookupStrategy.resolveQuery(JpaQueryLookupStrategy.java:254)
	at org.springframework.data.jpa.repository.query.JpaQueryLookupStrategy$AbstractQueryLookupStrategy.resolveQuery(JpaQueryLookupStrategy.java:99)
	at org.springframework.data.repository.core.support.QueryExecutorMethodInterceptor.lookupQuery(QueryExecutorMethodInterceptor.java:116)
	... 84 common frames omitted
Caused by: java.lang.IllegalArgumentException: org.hibernate.query.sqm.UnknownPathException: Could not resolve attribute 'scheduledAt' of 'edu.market.notification.infrastructure.adapter.output.persistence.entity.NotificationEntity' [SELECT n FROM NotificationEntity n WHERE n.status = 'SCHEDULED' AND n.scheduledAt <= :now]
	at org.hibernate.internal.ExceptionConverterImpl.convert(ExceptionConverterImpl.java:143)
	at org.hibernate.internal.ExceptionConverterImpl.convert(ExceptionConverterImpl.java:167)
	at org.hibernate.internal.ExceptionConverterImpl.convert(ExceptionConverterImpl.java:173)
	at org.hibernate.internal.AbstractSharedSessionContract.createQuery(AbstractSharedSessionContract.java:886)
	at org.hibernate.internal.AbstractSharedSessionContract.createQuery(AbstractSharedSessionContract.java:796)
	at org.hibernate.internal.AbstractSharedSessionContract.createQuery(AbstractSharedSessionContract.java:143)
	at java.base/jdk.internal.reflect.DirectMethodHandleAccessor.invoke(DirectMethodHandleAccessor.java:103)
	at java.base/java.lang.reflect.Method.invoke(Method.java:580)
	at org.springframework.orm.jpa.ExtendedEntityManagerCreator$ExtendedEntityManagerInvocationHandler.invoke(ExtendedEntityManagerCreator.java:364)
	at jdk.proxy2/jdk.proxy2.$Proxy179.createQuery(Unknown Source)
	at org.springframework.data.jpa.repository.query.SimpleJpaQuery.validateQuery(SimpleJpaQuery.java:91)
	... 90 common frames omitted
Caused by: org.hibernate.query.sqm.UnknownPathException: Could not resolve attribute 'scheduledAt' of 'edu.market.notification.infrastructure.adapter.output.persistence.entity.NotificationEntity' [SELECT n FROM NotificationEntity n WHERE n.status = 'SCHEDULED' AND n.scheduledAt <= :now]
	at org.hibernate.query.hql.internal.StandardHqlTranslator.translate(StandardHqlTranslator.java:88)
	at org.hibernate.query.internal.QueryInterpretationCacheStandardImpl.createHqlInterpretation(QueryInterpretationCacheStandardImpl.java:145)
	at org.hibernate.query.internal.QueryInterpretationCacheStandardImpl.resolveHqlInterpretation(QueryInterpretationCacheStandardImpl.java:132)
	at org.hibernate.query.spi.QueryEngine.interpretHql(QueryEngine.java:54)
	at org.hibernate.internal.AbstractSharedSessionContract.interpretHql(AbstractSharedSessionContract.java:832)
	at org.hibernate.internal.AbstractSharedSessionContract.createQuery(AbstractSharedSessionContract.java:878)
	... 97 common frames omitted
Caused by: org.hibernate.query.sqm.PathElementException: Could not resolve attribute 'scheduledAt' of 'edu.market.notification.infrastructure.adapter.output.persistence.entity.NotificationEntity'
	at org.hibernate.query.sqm.SqmPathSource.getSubPathSource(SqmPathSource.java:95)
	at org.hibernate.query.sqm.tree.domain.AbstractSqmPath.get(AbstractSqmPath.java:198)
	at org.hibernate.query.sqm.tree.domain.AbstractSqmFrom.resolvePathPart(AbstractSqmFrom.java:198)
	at org.hibernate.query.hql.internal.DomainPathPart.resolvePathPart(DomainPathPart.java:42)
	at org.hibernate.query.hql.internal.BasicDotIdentifierConsumer.consumeIdentifier(BasicDotIdentifierConsumer.java:92)
	at org.hibernate.query.hql.internal.SemanticQueryBuilder.visitSimplePath(SemanticQueryBuilder.java:5465)
	at org.hibernate.query.hql.internal.SemanticQueryBuilder.visitGeneralPathFragment(SemanticQueryBuilder.java:5298)
	at org.hibernate.query.hql.internal.SemanticQueryBuilder.visitGeneralPathExpression(SemanticQueryBuilder.java:1891)
	at org.hibernate.grammars.hql.HqlParser$GeneralPathExpressionContext.accept(HqlParser.java:8268)
	at org.antlr.v4.runtime.tree.AbstractParseTreeVisitor.visitChildren(AbstractParseTreeVisitor.java:46)
	at org.hibernate.grammars.hql.HqlParserBaseVisitor.visitBarePrimaryExpression(HqlParserBaseVisitor.java:812)
	at org.hibernate.grammars.hql.HqlParser$BarePrimaryExpressionContext.accept(HqlParser.java:7726)
	at org.hibernate.query.hql.internal.SemanticQueryBuilder.createComparisonPredicate(SemanticQueryBuilder.java:2548)
	at org.hibernate.query.hql.internal.SemanticQueryBuilder.visitComparisonPredicate(SemanticQueryBuilder.java:2509)
	at org.hibernate.query.hql.internal.SemanticQueryBuilder.visitComparisonPredicate(SemanticQueryBuilder.java:277)
	at org.hibernate.grammars.hql.HqlParser$ComparisonPredicateContext.accept(HqlParser.java:6611)
	at org.hibernate.query.hql.internal.SemanticQueryBuilder.visitAndPredicate(SemanticQueryBuilder.java:2379)
	at org.hibernate.query.hql.internal.SemanticQueryBuilder.visitAndPredicate(SemanticQueryBuilder.java:277)
	at org.hibernate.grammars.hql.HqlParser$AndPredicateContext.accept(HqlParser.java:6461)
	at org.hibernate.query.hql.internal.SemanticQueryBuilder.visitWhereClause(SemanticQueryBuilder.java:2361)
	at org.hibernate.query.hql.internal.SemanticQueryBuilder.visitWhereClause(SemanticQueryBuilder.java:277)
	at org.hibernate.grammars.hql.HqlParser$WhereClauseContext.accept(HqlParser.java:6302)
	at org.hibernate.query.hql.internal.SemanticQueryBuilder.visitQuery(SemanticQueryBuilder.java:1259)
	at org.hibernate.query.hql.internal.SemanticQueryBuilder.visitQuerySpecExpression(SemanticQueryBuilder.java:1040)
	at org.hibernate.query.hql.internal.SemanticQueryBuilder.visitQuerySpecExpression(SemanticQueryBuilder.java:277)
	at org.hibernate.grammars.hql.HqlParser$QuerySpecExpressionContext.accept(HqlParser.java:2134)
	at org.hibernate.query.hql.internal.SemanticQueryBuilder.visitSimpleQueryGroup(SemanticQueryBuilder.java:1025)
	at org.hibernate.query.hql.internal.SemanticQueryBuilder.visitSimpleQueryGroup(SemanticQueryBuilder.java:277)
	at org.hibernate.grammars.hql.HqlParser$SimpleQueryGroupContext.accept(HqlParser.java:2005)
	at org.hibernate.query.hql.internal.SemanticQueryBuilder.visitSelectStatement(SemanticQueryBuilder.java:492)
	at org.hibernate.query.hql.internal.SemanticQueryBuilder.visitStatement(SemanticQueryBuilder.java:451)
	at org.hibernate.query.hql.internal.SemanticQueryBuilder.buildSemanticModel(SemanticQueryBuilder.java:324)
	at org.hibernate.query.hql.internal.StandardHqlTranslator.translate(StandardHqlTranslator.java:71)
	... 102 common frames omitted
2025-07-10 21:52:35,508 [background-preinit] INFO  o.h.validator.internal.util.Version                - HV000001: Hibernate Validator 8.0.2.Final
2025-07-10 21:52:35,549 [main] INFO  edu.market.notification.App                        - Starting App v1.0.0 using Java 21 with PID 20288 (C:\Users\ja2c\Desktop\Cursos\micro-servicio-archt\k8s\microservices\services\notification-service\target\classes started by ja2c in C:\Users\ja2c\Desktop\Cursos\micro-servicio-archt\k8s\microservices\services\notification-service)
2025-07-10 21:52:35,550 [main] DEBUG edu.market.notification.App                        - Running with Spring Boot v3.4.5, Spring v6.2.6
2025-07-10 21:52:35,550 [main] INFO  edu.market.notification.App                        - The following 1 profile is active: "dev"
2025-07-10 21:52:35,579 [main] INFO  o.s.c.c.c.ConfigServerConfigDataLoader             - Fetching config from server at : http://localhost:8890
2025-07-10 21:52:35,579 [main] INFO  o.s.c.c.c.ConfigServerConfigDataLoader             - Exception on Url - http://localhost:8890:org.springframework.web.client.ResourceAccessException: I/O error on GET request for "http://localhost:8890/notification-service/default": Connection refused: no further information. Will be trying the next url if available
2025-07-10 21:52:35,579 [main] WARN  o.s.c.c.c.ConfigServerConfigDataLoader             - Could not locate PropertySource ([ConfigServerConfigDataResource@3c818ac4 uris = array<String>['http://localhost:8890'], optional = true, profiles = 'default']): I/O error on GET request for "http://localhost:8890/notification-service/default": Connection refused: no further information
2025-07-10 21:52:35,580 [main] INFO  o.s.c.c.c.ConfigServerConfigDataLoader             - Fetching config from server at : http://localhost:8890
2025-07-10 21:52:35,580 [main] INFO  o.s.c.c.c.ConfigServerConfigDataLoader             - Exception on Url - http://localhost:8890:org.springframework.web.client.ResourceAccessException: I/O error on GET request for "http://localhost:8890/notification-service/dev": Connection refused: no further information. Will be trying the next url if available
2025-07-10 21:52:35,580 [main] WARN  o.s.c.c.c.ConfigServerConfigDataLoader             - Could not locate PropertySource ([ConfigServerConfigDataResource@109f5dd8 uris = array<String>['http://localhost:8890'], optional = true, profiles = 'dev']): I/O error on GET request for "http://localhost:8890/notification-service/dev": Connection refused: no further information
2025-07-10 21:52:35,580 [main] INFO  o.s.c.c.c.ConfigServerConfigDataLoader             - Fetching config from server at : http://localhost:8890
2025-07-10 21:52:35,580 [main] INFO  o.s.c.c.c.ConfigServerConfigDataLoader             - Exception on Url - http://localhost:8890:org.springframework.web.client.ResourceAccessException: I/O error on GET request for "http://localhost:8890/notification-service/default": Connection refused: no further information. Will be trying the next url if available
2025-07-10 21:52:35,580 [main] WARN  o.s.c.c.c.ConfigServerConfigDataLoader             - Could not locate PropertySource ([ConfigServerConfigDataResource@67fe380b uris = array<String>['http://localhost:8890'], optional = true, profiles = 'default']): I/O error on GET request for "http://localhost:8890/notification-service/default": Connection refused: no further information
2025-07-10 21:52:36,637 [main] INFO  o.s.d.r.c.RepositoryConfigurationDelegate          - Bootstrapping Spring Data JPA repositories in DEFAULT mode.
2025-07-10 21:52:36,834 [main] INFO  o.s.d.r.c.RepositoryConfigurationDelegate          - Finished Spring Data repository scanning in 180 ms. Found 6 JPA repository interfaces.
2025-07-10 21:52:37,154 [main] INFO  o.s.cloud.context.scope.GenericScope               - BeanFactory id=77753357-cceb-3f4b-ac79-00a3e87d7170
2025-07-10 21:52:38,192 [main] INFO  o.s.b.w.embedded.tomcat.TomcatWebServer            - Tomcat initialized with port 0 (http)
2025-07-10 21:52:38,209 [main] INFO  o.apache.coyote.http11.Http11NioProtocol           - Initializing ProtocolHandler ["http-nio-auto-1"]
2025-07-10 21:52:38,212 [main] INFO  o.apache.catalina.core.StandardService             - Starting service [Tomcat]
2025-07-10 21:52:38,213 [main] INFO  org.apache.catalina.core.StandardEngine            - Starting Servlet engine: [Apache Tomcat/10.1.40]
2025-07-10 21:52:38,286 [main] INFO  o.a.c.c.C.[Tomcat].[localhost].[/]                 - Initializing Spring embedded WebApplicationContext
2025-07-10 21:52:38,286 [main] INFO  o.s.b.w.s.c.ServletWebServerApplicationContext     - Root WebApplicationContext: initialization completed in 2704 ms
2025-07-10 21:52:38,854 [main] INFO  com.zaxxer.hikari.HikariDataSource                 - HikariPool-1 - Starting...
2025-07-10 21:52:39,070 [main] INFO  com.zaxxer.hikari.pool.HikariPool                  - HikariPool-1 - Added connection conn0: url=jdbc:h2:mem:userdb user=SA
2025-07-10 21:52:39,072 [main] INFO  com.zaxxer.hikari.HikariDataSource                 - HikariPool-1 - Start completed.
2025-07-10 21:52:39,379 [main] INFO  o.hibernate.jpa.internal.util.LogHelper            - HHH000204: Processing PersistenceUnitInfo [name: default]
2025-07-10 21:52:39,474 [main] INFO  org.hibernate.Version                              - HHH000412: Hibernate ORM core version 6.6.13.Final
2025-07-10 21:52:39,528 [main] INFO  o.h.c.internal.RegionFactoryInitiator              - HHH000026: Second-level cache disabled
2025-07-10 21:52:39,864 [main] INFO  o.s.o.j.p.SpringPersistenceUnitInfo                - No LoadTimeWeaver setup: ignoring JPA class transformer
2025-07-10 21:52:39,917 [main] INFO  org.hibernate.orm.connections.pooling              - HHH10001005: Database info:
	Database JDBC URL [Connecting through datasource 'HikariDataSource (HikariPool-1)']
	Database driver: undefined/unknown
	Database version: 2.3.232
	Autocommit mode: undefined/unknown
	Isolation level: undefined/unknown
	Minimum pool size: undefined/unknown
	Maximum pool size: undefined/unknown
2025-07-10 21:52:40,799 [main] INFO  o.h.e.t.j.p.i.JtaPlatformInitiator                 - HHH000489: No JTA platform available (set 'hibernate.transaction.jta.platform' to enable JTA platform integration)
2025-07-10 21:52:40,925 [main] INFO  o.s.o.j.LocalContainerEntityManagerFactoryBean     - Initialized JPA EntityManagerFactory for persistence unit 'default'
2025-07-10 21:52:41,809 [main] INFO  o.s.d.j.r.query.QueryEnhancerFactory               - Hibernate is in classpath; If applicable, HQL parser will be used.
2025-07-10 21:52:42,452 [main] WARN  o.s.b.w.s.c.AnnotationConfigServletWebServerApplicationContext - Exception encountered during context initialization - cancelling refresh attempt: org.springframework.beans.factory.UnsatisfiedDependencyException: Error creating bean with name 'eventController' defined in file [C:\Users\ja2c\Desktop\Cursos\micro-servicio-archt\k8s\microservices\services\notification-service\target\classes\edu\market\notification\infrastructure\adapter\input\web\controller\EventController.class]: Unsatisfied dependency expressed through constructor parameter 0: Error creating bean with name 'processDomainEventUseCase' defined in class path resource [edu/market/notification/infrastructure/config/ApplicationConfig.class]: Unsatisfied dependency expressed through method 'processDomainEventUseCase' parameter 2: Error creating bean with name 'sendNotificationUseCase' defined in class path resource [edu/market/notification/infrastructure/config/ApplicationConfig.class]: Unsatisfied dependency expressed through method 'sendNotificationUseCase' parameter 1: Error creating bean with name 'notificationRepositoryAdapter' defined in file [C:\Users\ja2c\Desktop\Cursos\micro-servicio-archt\k8s\microservices\services\notification-service\target\classes\edu\market\notification\infrastructure\adapter\output\persistence\NotificationRepositoryAdapter.class]: Unsatisfied dependency expressed through constructor parameter 0: Error creating bean with name 'jpaNotificationRepository' defined in edu.market.notification.infrastructure.adapter.output.persistence.repository.JpaNotificationRepository defined in @EnableJpaRepositories declared on JpaRepositoriesRegistrar.EnableJpaRepositoriesConfiguration: Could not create query for public abstract java.util.List edu.market.notification.infrastructure.adapter.output.persistence.repository.JpaNotificationRepository.findByFilters(java.util.UUID,java.lang.String,java.lang.String,java.time.LocalDateTime,java.time.LocalDateTime,org.springframework.data.domain.Pageable); Reason: Validation failed for query for method public abstract java.util.List edu.market.notification.infrastructure.adapter.output.persistence.repository.JpaNotificationRepository.findByFilters(java.util.UUID,java.lang.String,java.lang.String,java.time.LocalDateTime,java.time.LocalDateTime,org.springframework.data.domain.Pageable)
2025-07-10 21:52:42,453 [main] INFO  o.s.o.j.LocalContainerEntityManagerFactoryBean     - Closing JPA EntityManagerFactory for persistence unit 'default'
2025-07-10 21:52:42,454 [main] INFO  com.zaxxer.hikari.HikariDataSource                 - HikariPool-1 - Shutdown initiated...
2025-07-10 21:52:42,456 [main] INFO  com.zaxxer.hikari.HikariDataSource                 - HikariPool-1 - Shutdown completed.
2025-07-10 21:52:42,460 [main] INFO  o.apache.catalina.core.StandardService             - Stopping service [Tomcat]
2025-07-10 21:52:42,475 [main] INFO  o.s.b.a.l.ConditionEvaluationReportLogger          - 

Error starting ApplicationContext. To display the condition evaluation report re-run your application with 'debug' enabled.
2025-07-10 21:52:42,490 [main] ERROR o.springframework.boot.SpringApplication           - Application run failed
org.springframework.beans.factory.UnsatisfiedDependencyException: Error creating bean with name 'eventController' defined in file [C:\Users\ja2c\Desktop\Cursos\micro-servicio-archt\k8s\microservices\services\notification-service\target\classes\edu\market\notification\infrastructure\adapter\input\web\controller\EventController.class]: Unsatisfied dependency expressed through constructor parameter 0: Error creating bean with name 'processDomainEventUseCase' defined in class path resource [edu/market/notification/infrastructure/config/ApplicationConfig.class]: Unsatisfied dependency expressed through method 'processDomainEventUseCase' parameter 2: Error creating bean with name 'sendNotificationUseCase' defined in class path resource [edu/market/notification/infrastructure/config/ApplicationConfig.class]: Unsatisfied dependency expressed through method 'sendNotificationUseCase' parameter 1: Error creating bean with name 'notificationRepositoryAdapter' defined in file [C:\Users\ja2c\Desktop\Cursos\micro-servicio-archt\k8s\microservices\services\notification-service\target\classes\edu\market\notification\infrastructure\adapter\output\persistence\NotificationRepositoryAdapter.class]: Unsatisfied dependency expressed through constructor parameter 0: Error creating bean with name 'jpaNotificationRepository' defined in edu.market.notification.infrastructure.adapter.output.persistence.repository.JpaNotificationRepository defined in @EnableJpaRepositories declared on JpaRepositoriesRegistrar.EnableJpaRepositoriesConfiguration: Could not create query for public abstract java.util.List edu.market.notification.infrastructure.adapter.output.persistence.repository.JpaNotificationRepository.findByFilters(java.util.UUID,java.lang.String,java.lang.String,java.time.LocalDateTime,java.time.LocalDateTime,org.springframework.data.domain.Pageable); Reason: Validation failed for query for method public abstract java.util.List edu.market.notification.infrastructure.adapter.output.persistence.repository.JpaNotificationRepository.findByFilters(java.util.UUID,java.lang.String,java.lang.String,java.time.LocalDateTime,java.time.LocalDateTime,org.springframework.data.domain.Pageable)
	at org.springframework.beans.factory.support.ConstructorResolver.createArgumentArray(ConstructorResolver.java:804)
	at org.springframework.beans.factory.support.ConstructorResolver.autowireConstructor(ConstructorResolver.java:240)
	at org.springframework.beans.factory.support.AbstractAutowireCapableBeanFactory.autowireConstructor(AbstractAutowireCapableBeanFactory.java:1387)
	at org.springframework.beans.factory.support.AbstractAutowireCapableBeanFactory.createBeanInstance(AbstractAutowireCapableBeanFactory.java:1224)
	at org.springframework.beans.factory.support.AbstractAutowireCapableBeanFactory.doCreateBean(AbstractAutowireCapableBeanFactory.java:569)
	at org.springframework.beans.factory.support.AbstractAutowireCapableBeanFactory.createBean(AbstractAutowireCapableBeanFactory.java:529)
	at org.springframework.beans.factory.support.AbstractBeanFactory.lambda$doGetBean$0(AbstractBeanFactory.java:339)
	at org.springframework.beans.factory.support.DefaultSingletonBeanRegistry.getSingleton(DefaultSingletonBeanRegistry.java:371)
	at org.springframework.beans.factory.support.AbstractBeanFactory.doGetBean(AbstractBeanFactory.java:337)
	at org.springframework.beans.factory.support.AbstractBeanFactory.getBean(AbstractBeanFactory.java:202)
	at org.springframework.beans.factory.support.DefaultListableBeanFactory.instantiateSingleton(DefaultListableBeanFactory.java:1221)
	at org.springframework.beans.factory.support.DefaultListableBeanFactory.preInstantiateSingleton(DefaultListableBeanFactory.java:1187)
	at org.springframework.beans.factory.support.DefaultListableBeanFactory.preInstantiateSingletons(DefaultListableBeanFactory.java:1122)
	at org.springframework.context.support.AbstractApplicationContext.finishBeanFactoryInitialization(AbstractApplicationContext.java:987)
	at org.springframework.context.support.AbstractApplicationContext.refresh(AbstractApplicationContext.java:627)
	at org.springframework.boot.web.servlet.context.ServletWebServerApplicationContext.refresh(ServletWebServerApplicationContext.java:146)
	at org.springframework.boot.SpringApplication.refresh(SpringApplication.java:753)
	at org.springframework.boot.SpringApplication.refreshContext(SpringApplication.java:439)
	at org.springframework.boot.SpringApplication.run(SpringApplication.java:318)
	at org.springframework.boot.SpringApplication.run(SpringApplication.java:1362)
	at org.springframework.boot.SpringApplication.run(SpringApplication.java:1351)
	at edu.market.notification.App.main(App.java:10)
Caused by: org.springframework.beans.factory.UnsatisfiedDependencyException: Error creating bean with name 'processDomainEventUseCase' defined in class path resource [edu/market/notification/infrastructure/config/ApplicationConfig.class]: Unsatisfied dependency expressed through method 'processDomainEventUseCase' parameter 2: Error creating bean with name 'sendNotificationUseCase' defined in class path resource [edu/market/notification/infrastructure/config/ApplicationConfig.class]: Unsatisfied dependency expressed through method 'sendNotificationUseCase' parameter 1: Error creating bean with name 'notificationRepositoryAdapter' defined in file [C:\Users\ja2c\Desktop\Cursos\micro-servicio-archt\k8s\microservices\services\notification-service\target\classes\edu\market\notification\infrastructure\adapter\output\persistence\NotificationRepositoryAdapter.class]: Unsatisfied dependency expressed through constructor parameter 0: Error creating bean with name 'jpaNotificationRepository' defined in edu.market.notification.infrastructure.adapter.output.persistence.repository.JpaNotificationRepository defined in @EnableJpaRepositories declared on JpaRepositoriesRegistrar.EnableJpaRepositoriesConfiguration: Could not create query for public abstract java.util.List edu.market.notification.infrastructure.adapter.output.persistence.repository.JpaNotificationRepository.findByFilters(java.util.UUID,java.lang.String,java.lang.String,java.time.LocalDateTime,java.time.LocalDateTime,org.springframework.data.domain.Pageable); Reason: Validation failed for query for method public abstract java.util.List edu.market.notification.infrastructure.adapter.output.persistence.repository.JpaNotificationRepository.findByFilters(java.util.UUID,java.lang.String,java.lang.String,java.time.LocalDateTime,java.time.LocalDateTime,org.springframework.data.domain.Pageable)
	at org.springframework.beans.factory.support.ConstructorResolver.createArgumentArray(ConstructorResolver.java:804)
	at org.springframework.beans.factory.support.ConstructorResolver.instantiateUsingFactoryMethod(ConstructorResolver.java:546)
	at org.springframework.beans.factory.support.AbstractAutowireCapableBeanFactory.instantiateUsingFactoryMethod(AbstractAutowireCapableBeanFactory.java:1367)
	at org.springframework.beans.factory.support.AbstractAutowireCapableBeanFactory.createBeanInstance(AbstractAutowireCapableBeanFactory.java:1197)
	at org.springframework.beans.factory.support.AbstractAutowireCapableBeanFactory.doCreateBean(AbstractAutowireCapableBeanFactory.java:569)
	at org.springframework.beans.factory.support.AbstractAutowireCapableBeanFactory.createBean(AbstractAutowireCapableBeanFactory.java:529)
	at org.springframework.beans.factory.support.AbstractBeanFactory.lambda$doGetBean$0(AbstractBeanFactory.java:339)
	at org.springframework.beans.factory.support.DefaultSingletonBeanRegistry.getSingleton(DefaultSingletonBeanRegistry.java:371)
	at org.springframework.beans.factory.support.AbstractBeanFactory.doGetBean(AbstractBeanFactory.java:337)
	at org.springframework.beans.factory.support.AbstractBeanFactory.getBean(AbstractBeanFactory.java:202)
	at org.springframework.beans.factory.support.DefaultListableBeanFactory.doResolveDependency(DefaultListableBeanFactory.java:1681)
	at org.springframework.beans.factory.support.DefaultListableBeanFactory.resolveDependency(DefaultListableBeanFactory.java:1627)
	at org.springframework.beans.factory.support.ConstructorResolver.resolveAutowiredArgument(ConstructorResolver.java:913)
	at org.springframework.beans.factory.support.ConstructorResolver.createArgumentArray(ConstructorResolver.java:791)
	... 21 common frames omitted
Caused by: org.springframework.beans.factory.UnsatisfiedDependencyException: Error creating bean with name 'sendNotificationUseCase' defined in class path resource [edu/market/notification/infrastructure/config/ApplicationConfig.class]: Unsatisfied dependency expressed through method 'sendNotificationUseCase' parameter 1: Error creating bean with name 'notificationRepositoryAdapter' defined in file [C:\Users\ja2c\Desktop\Cursos\micro-servicio-archt\k8s\microservices\services\notification-service\target\classes\edu\market\notification\infrastructure\adapter\output\persistence\NotificationRepositoryAdapter.class]: Unsatisfied dependency expressed through constructor parameter 0: Error creating bean with name 'jpaNotificationRepository' defined in edu.market.notification.infrastructure.adapter.output.persistence.repository.JpaNotificationRepository defined in @EnableJpaRepositories declared on JpaRepositoriesRegistrar.EnableJpaRepositoriesConfiguration: Could not create query for public abstract java.util.List edu.market.notification.infrastructure.adapter.output.persistence.repository.JpaNotificationRepository.findByFilters(java.util.UUID,java.lang.String,java.lang.String,java.time.LocalDateTime,java.time.LocalDateTime,org.springframework.data.domain.Pageable); Reason: Validation failed for query for method public abstract java.util.List edu.market.notification.infrastructure.adapter.output.persistence.repository.JpaNotificationRepository.findByFilters(java.util.UUID,java.lang.String,java.lang.String,java.time.LocalDateTime,java.time.LocalDateTime,org.springframework.data.domain.Pageable)
	at org.springframework.beans.factory.support.ConstructorResolver.createArgumentArray(ConstructorResolver.java:804)
	at org.springframework.beans.factory.support.ConstructorResolver.instantiateUsingFactoryMethod(ConstructorResolver.java:546)
	at org.springframework.beans.factory.support.AbstractAutowireCapableBeanFactory.instantiateUsingFactoryMethod(AbstractAutowireCapableBeanFactory.java:1367)
	at org.springframework.beans.factory.support.AbstractAutowireCapableBeanFactory.createBeanInstance(AbstractAutowireCapableBeanFactory.java:1197)
	at org.springframework.beans.factory.support.AbstractAutowireCapableBeanFactory.doCreateBean(AbstractAutowireCapableBeanFactory.java:569)
	at org.springframework.beans.factory.support.AbstractAutowireCapableBeanFactory.createBean(AbstractAutowireCapableBeanFactory.java:529)
	at org.springframework.beans.factory.support.AbstractBeanFactory.lambda$doGetBean$0(AbstractBeanFactory.java:339)
	at org.springframework.beans.factory.support.DefaultSingletonBeanRegistry.getSingleton(DefaultSingletonBeanRegistry.java:371)
	at org.springframework.beans.factory.support.AbstractBeanFactory.doGetBean(AbstractBeanFactory.java:337)
	at org.springframework.beans.factory.support.AbstractBeanFactory.getBean(AbstractBeanFactory.java:202)
	at org.springframework.beans.factory.support.DefaultListableBeanFactory.doResolveDependency(DefaultListableBeanFactory.java:1681)
	at org.springframework.beans.factory.support.DefaultListableBeanFactory.resolveDependency(DefaultListableBeanFactory.java:1627)
	at org.springframework.beans.factory.support.ConstructorResolver.resolveAutowiredArgument(ConstructorResolver.java:913)
	at org.springframework.beans.factory.support.ConstructorResolver.createArgumentArray(ConstructorResolver.java:791)
	... 34 common frames omitted
Caused by: org.springframework.beans.factory.UnsatisfiedDependencyException: Error creating bean with name 'notificationRepositoryAdapter' defined in file [C:\Users\ja2c\Desktop\Cursos\micro-servicio-archt\k8s\microservices\services\notification-service\target\classes\edu\market\notification\infrastructure\adapter\output\persistence\NotificationRepositoryAdapter.class]: Unsatisfied dependency expressed through constructor parameter 0: Error creating bean with name 'jpaNotificationRepository' defined in edu.market.notification.infrastructure.adapter.output.persistence.repository.JpaNotificationRepository defined in @EnableJpaRepositories declared on JpaRepositoriesRegistrar.EnableJpaRepositoriesConfiguration: Could not create query for public abstract java.util.List edu.market.notification.infrastructure.adapter.output.persistence.repository.JpaNotificationRepository.findByFilters(java.util.UUID,java.lang.String,java.lang.String,java.time.LocalDateTime,java.time.LocalDateTime,org.springframework.data.domain.Pageable); Reason: Validation failed for query for method public abstract java.util.List edu.market.notification.infrastructure.adapter.output.persistence.repository.JpaNotificationRepository.findByFilters(java.util.UUID,java.lang.String,java.lang.String,java.time.LocalDateTime,java.time.LocalDateTime,org.springframework.data.domain.Pageable)
	at org.springframework.beans.factory.support.ConstructorResolver.createArgumentArray(ConstructorResolver.java:804)
	at org.springframework.beans.factory.support.ConstructorResolver.autowireConstructor(ConstructorResolver.java:240)
	at org.springframework.beans.factory.support.AbstractAutowireCapableBeanFactory.autowireConstructor(AbstractAutowireCapableBeanFactory.java:1387)
	at org.springframework.beans.factory.support.AbstractAutowireCapableBeanFactory.createBeanInstance(AbstractAutowireCapableBeanFactory.java:1224)
	at org.springframework.beans.factory.support.AbstractAutowireCapableBeanFactory.doCreateBean(AbstractAutowireCapableBeanFactory.java:569)
	at org.springframework.beans.factory.support.AbstractAutowireCapableBeanFactory.createBean(AbstractAutowireCapableBeanFactory.java:529)
	at org.springframework.beans.factory.support.AbstractBeanFactory.lambda$doGetBean$0(AbstractBeanFactory.java:339)
	at org.springframework.beans.factory.support.DefaultSingletonBeanRegistry.getSingleton(DefaultSingletonBeanRegistry.java:371)
	at org.springframework.beans.factory.support.AbstractBeanFactory.doGetBean(AbstractBeanFactory.java:337)
	at org.springframework.beans.factory.support.AbstractBeanFactory.getBean(AbstractBeanFactory.java:202)
	at org.springframework.beans.factory.config.DependencyDescriptor.resolveCandidate(DependencyDescriptor.java:254)
	at org.springframework.beans.factory.support.DefaultListableBeanFactory.doResolveDependency(DefaultListableBeanFactory.java:1739)
	at org.springframework.beans.factory.support.DefaultListableBeanFactory.resolveDependency(DefaultListableBeanFactory.java:1627)
	at org.springframework.beans.factory.support.ConstructorResolver.resolveAutowiredArgument(ConstructorResolver.java:913)
	at org.springframework.beans.factory.support.ConstructorResolver.createArgumentArray(ConstructorResolver.java:791)
	... 47 common frames omitted
Caused by: org.springframework.beans.factory.BeanCreationException: Error creating bean with name 'jpaNotificationRepository' defined in edu.market.notification.infrastructure.adapter.output.persistence.repository.JpaNotificationRepository defined in @EnableJpaRepositories declared on JpaRepositoriesRegistrar.EnableJpaRepositoriesConfiguration: Could not create query for public abstract java.util.List edu.market.notification.infrastructure.adapter.output.persistence.repository.JpaNotificationRepository.findByFilters(java.util.UUID,java.lang.String,java.lang.String,java.time.LocalDateTime,java.time.LocalDateTime,org.springframework.data.domain.Pageable); Reason: Validation failed for query for method public abstract java.util.List edu.market.notification.infrastructure.adapter.output.persistence.repository.JpaNotificationRepository.findByFilters(java.util.UUID,java.lang.String,java.lang.String,java.time.LocalDateTime,java.time.LocalDateTime,org.springframework.data.domain.Pageable)
	at org.springframework.beans.factory.support.AbstractAutowireCapableBeanFactory.initializeBean(AbstractAutowireCapableBeanFactory.java:1818)
	at org.springframework.beans.factory.support.AbstractAutowireCapableBeanFactory.doCreateBean(AbstractAutowireCapableBeanFactory.java:607)
	at org.springframework.beans.factory.support.AbstractAutowireCapableBeanFactory.createBean(AbstractAutowireCapableBeanFactory.java:529)
	at org.springframework.beans.factory.support.AbstractBeanFactory.lambda$doGetBean$0(AbstractBeanFactory.java:339)
	at org.springframework.beans.factory.support.DefaultSingletonBeanRegistry.getSingleton(DefaultSingletonBeanRegistry.java:371)
	at org.springframework.beans.factory.support.AbstractBeanFactory.doGetBean(AbstractBeanFactory.java:337)
	at org.springframework.beans.factory.support.AbstractBeanFactory.getBean(AbstractBeanFactory.java:202)
	at org.springframework.beans.factory.config.DependencyDescriptor.resolveCandidate(DependencyDescriptor.java:254)
	at org.springframework.beans.factory.support.DefaultListableBeanFactory.doResolveDependency(DefaultListableBeanFactory.java:1739)
	at org.springframework.beans.factory.support.DefaultListableBeanFactory.resolveDependency(DefaultListableBeanFactory.java:1627)
	at org.springframework.beans.factory.support.ConstructorResolver.resolveAutowiredArgument(ConstructorResolver.java:913)
	at org.springframework.beans.factory.support.ConstructorResolver.createArgumentArray(ConstructorResolver.java:791)
	... 61 common frames omitted
Caused by: org.springframework.data.repository.query.QueryCreationException: Could not create query for public abstract java.util.List edu.market.notification.infrastructure.adapter.output.persistence.repository.JpaNotificationRepository.findByFilters(java.util.UUID,java.lang.String,java.lang.String,java.time.LocalDateTime,java.time.LocalDateTime,org.springframework.data.domain.Pageable); Reason: Validation failed for query for method public abstract java.util.List edu.market.notification.infrastructure.adapter.output.persistence.repository.JpaNotificationRepository.findByFilters(java.util.UUID,java.lang.String,java.lang.String,java.time.LocalDateTime,java.time.LocalDateTime,org.springframework.data.domain.Pageable)
	at org.springframework.data.repository.query.QueryCreationException.create(QueryCreationException.java:101)
	at org.springframework.data.repository.core.support.QueryExecutorMethodInterceptor.lookupQuery(QueryExecutorMethodInterceptor.java:120)
	at org.springframework.data.repository.core.support.QueryExecutorMethodInterceptor.mapMethodsToQuery(QueryExecutorMethodInterceptor.java:104)
	at org.springframework.data.repository.core.support.QueryExecutorMethodInterceptor.lambda$new$0(QueryExecutorMethodInterceptor.java:92)
	at java.base/java.util.Optional.map(Optional.java:260)
	at org.springframework.data.repository.core.support.QueryExecutorMethodInterceptor.<init>(QueryExecutorMethodInterceptor.java:92)
	at org.springframework.data.repository.core.support.RepositoryFactorySupport.getRepository(RepositoryFactorySupport.java:431)
	at org.springframework.data.repository.core.support.RepositoryFactoryBeanSupport.lambda$afterPropertiesSet$4(RepositoryFactoryBeanSupport.java:350)
	at org.springframework.data.util.Lazy.getNullable(Lazy.java:135)
	at org.springframework.data.util.Lazy.get(Lazy.java:113)
	at org.springframework.data.repository.core.support.RepositoryFactoryBeanSupport.afterPropertiesSet(RepositoryFactoryBeanSupport.java:356)
	at org.springframework.data.jpa.repository.support.JpaRepositoryFactoryBean.afterPropertiesSet(JpaRepositoryFactoryBean.java:132)
	at org.springframework.beans.factory.support.AbstractAutowireCapableBeanFactory.invokeInitMethods(AbstractAutowireCapableBeanFactory.java:1865)
	at org.springframework.beans.factory.support.AbstractAutowireCapableBeanFactory.initializeBean(AbstractAutowireCapableBeanFactory.java:1814)
	... 72 common frames omitted
Caused by: java.lang.IllegalArgumentException: Validation failed for query for method public abstract java.util.List edu.market.notification.infrastructure.adapter.output.persistence.repository.JpaNotificationRepository.findByFilters(java.util.UUID,java.lang.String,java.lang.String,java.time.LocalDateTime,java.time.LocalDateTime,org.springframework.data.domain.Pageable)
	at org.springframework.data.jpa.repository.query.SimpleJpaQuery.validateQuery(SimpleJpaQuery.java:97)
	at org.springframework.data.jpa.repository.query.SimpleJpaQuery.<init>(SimpleJpaQuery.java:67)
	at org.springframework.data.jpa.repository.query.JpaQueryFactory.fromMethodWithQueryString(JpaQueryFactory.java:49)
	at org.springframework.data.jpa.repository.query.JpaQueryLookupStrategy$DeclaredQueryLookupStrategy.resolveQuery(JpaQueryLookupStrategy.java:174)
	at org.springframework.data.jpa.repository.query.JpaQueryLookupStrategy$CreateIfNotFoundQueryLookupStrategy.resolveQuery(JpaQueryLookupStrategy.java:254)
	at org.springframework.data.jpa.repository.query.JpaQueryLookupStrategy$AbstractQueryLookupStrategy.resolveQuery(JpaQueryLookupStrategy.java:99)
	at org.springframework.data.repository.core.support.QueryExecutorMethodInterceptor.lookupQuery(QueryExecutorMethodInterceptor.java:116)
	... 84 common frames omitted
Caused by: java.lang.IllegalArgumentException: org.hibernate.query.sqm.UnknownPathException: Could not resolve attribute 'type' of 'edu.market.notification.infrastructure.adapter.output.persistence.entity.NotificationEntity' [SELECT n FROM NotificationEntity n WHERE (:userId is null OR n.recipientUserId = :userId) AND (:notificationType is null OR n.type = :notificationType) AND (:status is null OR n.status = :status) AND (:startDate is null OR n.createdAt >= :startDate) AND (:endDate is null OR n.createdAt <= :endDate)]
	at org.hibernate.internal.ExceptionConverterImpl.convert(ExceptionConverterImpl.java:143)
	at org.hibernate.internal.ExceptionConverterImpl.convert(ExceptionConverterImpl.java:167)
	at org.hibernate.internal.ExceptionConverterImpl.convert(ExceptionConverterImpl.java:173)
	at org.hibernate.internal.AbstractSharedSessionContract.createQuery(AbstractSharedSessionContract.java:886)
	at org.hibernate.internal.AbstractSharedSessionContract.createQuery(AbstractSharedSessionContract.java:796)
	at org.hibernate.internal.AbstractSharedSessionContract.createQuery(AbstractSharedSessionContract.java:143)
	at java.base/jdk.internal.reflect.DirectMethodHandleAccessor.invoke(DirectMethodHandleAccessor.java:103)
	at java.base/java.lang.reflect.Method.invoke(Method.java:580)
	at org.springframework.orm.jpa.ExtendedEntityManagerCreator$ExtendedEntityManagerInvocationHandler.invoke(ExtendedEntityManagerCreator.java:364)
	at jdk.proxy2/jdk.proxy2.$Proxy179.createQuery(Unknown Source)
	at org.springframework.data.jpa.repository.query.SimpleJpaQuery.validateQuery(SimpleJpaQuery.java:91)
	... 90 common frames omitted
Caused by: org.hibernate.query.sqm.UnknownPathException: Could not resolve attribute 'type' of 'edu.market.notification.infrastructure.adapter.output.persistence.entity.NotificationEntity' [SELECT n FROM NotificationEntity n WHERE (:userId is null OR n.recipientUserId = :userId) AND (:notificationType is null OR n.type = :notificationType) AND (:status is null OR n.status = :status) AND (:startDate is null OR n.createdAt >= :startDate) AND (:endDate is null OR n.createdAt <= :endDate)]
	at org.hibernate.query.hql.internal.StandardHqlTranslator.translate(StandardHqlTranslator.java:88)
	at org.hibernate.query.internal.QueryInterpretationCacheStandardImpl.createHqlInterpretation(QueryInterpretationCacheStandardImpl.java:145)
	at org.hibernate.query.internal.QueryInterpretationCacheStandardImpl.resolveHqlInterpretation(QueryInterpretationCacheStandardImpl.java:132)
	at org.hibernate.query.spi.QueryEngine.interpretHql(QueryEngine.java:54)
	at org.hibernate.internal.AbstractSharedSessionContract.interpretHql(AbstractSharedSessionContract.java:832)
	at org.hibernate.internal.AbstractSharedSessionContract.createQuery(AbstractSharedSessionContract.java:878)
	... 97 common frames omitted
Caused by: org.hibernate.query.sqm.PathElementException: Could not resolve attribute 'type' of 'edu.market.notification.infrastructure.adapter.output.persistence.entity.NotificationEntity'
	at org.hibernate.query.sqm.SqmPathSource.getSubPathSource(SqmPathSource.java:95)
	at org.hibernate.query.sqm.tree.domain.AbstractSqmPath.get(AbstractSqmPath.java:198)
	at org.hibernate.query.sqm.tree.domain.AbstractSqmFrom.resolvePathPart(AbstractSqmFrom.java:198)
	at org.hibernate.query.hql.internal.DomainPathPart.resolvePathPart(DomainPathPart.java:42)
	at org.hibernate.query.hql.internal.BasicDotIdentifierConsumer.consumeIdentifier(BasicDotIdentifierConsumer.java:92)
	at org.hibernate.query.hql.internal.SemanticQueryBuilder.visitSimplePath(SemanticQueryBuilder.java:5465)
	at org.hibernate.query.hql.internal.SemanticQueryBuilder.visitGeneralPathFragment(SemanticQueryBuilder.java:5298)
	at org.hibernate.query.hql.internal.SemanticQueryBuilder.visitGeneralPathExpression(SemanticQueryBuilder.java:1891)
	at org.hibernate.grammars.hql.HqlParser$GeneralPathExpressionContext.accept(HqlParser.java:8268)
	at org.antlr.v4.runtime.tree.AbstractParseTreeVisitor.visitChildren(AbstractParseTreeVisitor.java:46)
	at org.hibernate.grammars.hql.HqlParserBaseVisitor.visitBarePrimaryExpression(HqlParserBaseVisitor.java:812)
	at org.hibernate.grammars.hql.HqlParser$BarePrimaryExpressionContext.accept(HqlParser.java:7726)
	at org.hibernate.query.hql.internal.SemanticQueryBuilder.createComparisonPredicate(SemanticQueryBuilder.java:2548)
	at org.hibernate.query.hql.internal.SemanticQueryBuilder.visitComparisonPredicate(SemanticQueryBuilder.java:2509)
	at org.hibernate.query.hql.internal.SemanticQueryBuilder.visitComparisonPredicate(SemanticQueryBuilder.java:277)
	at org.hibernate.grammars.hql.HqlParser$ComparisonPredicateContext.accept(HqlParser.java:6611)
	at org.hibernate.query.hql.internal.SemanticQueryBuilder.visitOrPredicate(SemanticQueryBuilder.java:2388)
	at org.hibernate.query.hql.internal.SemanticQueryBuilder.visitOrPredicate(SemanticQueryBuilder.java:277)
	at org.hibernate.grammars.hql.HqlParser$OrPredicateContext.accept(HqlParser.java:6702)
	at org.hibernate.query.hql.internal.SemanticQueryBuilder.visitGroupedPredicate(SemanticQueryBuilder.java:2369)
	at org.hibernate.query.hql.internal.SemanticQueryBuilder.visitGroupedPredicate(SemanticQueryBuilder.java:277)
	at org.hibernate.grammars.hql.HqlParser$GroupedPredicateContext.accept(HqlParser.java:6506)
	at org.hibernate.query.hql.internal.SemanticQueryBuilder.visitAndPredicate(SemanticQueryBuilder.java:2379)
	at org.hibernate.query.hql.internal.SemanticQueryBuilder.visitAndPredicate(SemanticQueryBuilder.java:277)
	at org.hibernate.grammars.hql.HqlParser$AndPredicateContext.accept(HqlParser.java:6461)
	at org.hibernate.query.hql.internal.SemanticQueryBuilder.visitAndPredicate(SemanticQueryBuilder.java:2378)
	at org.hibernate.query.hql.internal.SemanticQueryBuilder.visitAndPredicate(SemanticQueryBuilder.java:277)
	at org.hibernate.grammars.hql.HqlParser$AndPredicateContext.accept(HqlParser.java:6461)
	at org.hibernate.query.hql.internal.SemanticQueryBuilder.visitAndPredicate(SemanticQueryBuilder.java:2378)
	at org.hibernate.query.hql.internal.SemanticQueryBuilder.visitAndPredicate(SemanticQueryBuilder.java:277)
	at org.hibernate.grammars.hql.HqlParser$AndPredicateContext.accept(HqlParser.java:6461)
	at org.hibernate.query.hql.internal.SemanticQueryBuilder.visitAndPredicate(SemanticQueryBuilder.java:2378)
	at org.hibernate.query.hql.internal.SemanticQueryBuilder.visitAndPredicate(SemanticQueryBuilder.java:277)
	at org.hibernate.grammars.hql.HqlParser$AndPredicateContext.accept(HqlParser.java:6461)
	at org.hibernate.query.hql.internal.SemanticQueryBuilder.visitWhereClause(SemanticQueryBuilder.java:2361)
	at org.hibernate.query.hql.internal.SemanticQueryBuilder.visitWhereClause(SemanticQueryBuilder.java:277)
	at org.hibernate.grammars.hql.HqlParser$WhereClauseContext.accept(HqlParser.java:6302)
	at org.hibernate.query.hql.internal.SemanticQueryBuilder.visitQuery(SemanticQueryBuilder.java:1259)
	at org.hibernate.query.hql.internal.SemanticQueryBuilder.visitQuerySpecExpression(SemanticQueryBuilder.java:1040)
	at org.hibernate.query.hql.internal.SemanticQueryBuilder.visitQuerySpecExpression(SemanticQueryBuilder.java:277)
	at org.hibernate.grammars.hql.HqlParser$QuerySpecExpressionContext.accept(HqlParser.java:2134)
	at org.hibernate.query.hql.internal.SemanticQueryBuilder.visitSimpleQueryGroup(SemanticQueryBuilder.java:1025)
	at org.hibernate.query.hql.internal.SemanticQueryBuilder.visitSimpleQueryGroup(SemanticQueryBuilder.java:277)
	at org.hibernate.grammars.hql.HqlParser$SimpleQueryGroupContext.accept(HqlParser.java:2005)
	at org.hibernate.query.hql.internal.SemanticQueryBuilder.visitSelectStatement(SemanticQueryBuilder.java:492)
	at org.hibernate.query.hql.internal.SemanticQueryBuilder.visitStatement(SemanticQueryBuilder.java:451)
	at org.hibernate.query.hql.internal.SemanticQueryBuilder.buildSemanticModel(SemanticQueryBuilder.java:324)
	at org.hibernate.query.hql.internal.StandardHqlTranslator.translate(StandardHqlTranslator.java:71)
	... 102 common frames omitted
2025-07-10 21:53:36,085 [background-preinit] INFO  o.h.validator.internal.util.Version                - HV000001: Hibernate Validator 8.0.2.Final
2025-07-10 21:53:36,126 [main] INFO  edu.market.notification.App                        - Starting App v1.0.0 using Java 21 with PID 4264 (C:\Users\ja2c\Desktop\Cursos\micro-servicio-archt\k8s\microservices\services\notification-service\target\classes started by ja2c in C:\Users\ja2c\Desktop\Cursos\micro-servicio-archt\k8s\microservices\services\notification-service)
2025-07-10 21:53:36,127 [main] DEBUG edu.market.notification.App                        - Running with Spring Boot v3.4.5, Spring v6.2.6
2025-07-10 21:53:36,127 [main] INFO  edu.market.notification.App                        - The following 1 profile is active: "dev"
2025-07-10 21:53:36,159 [main] INFO  o.s.c.c.c.ConfigServerConfigDataLoader             - Fetching config from server at : http://localhost:8890
2025-07-10 21:53:36,159 [main] INFO  o.s.c.c.c.ConfigServerConfigDataLoader             - Exception on Url - http://localhost:8890:org.springframework.web.client.ResourceAccessException: I/O error on GET request for "http://localhost:8890/notification-service/default": Connection refused: no further information. Will be trying the next url if available
2025-07-10 21:53:36,159 [main] WARN  o.s.c.c.c.ConfigServerConfigDataLoader             - Could not locate PropertySource ([ConfigServerConfigDataResource@3c818ac4 uris = array<String>['http://localhost:8890'], optional = true, profiles = 'default']): I/O error on GET request for "http://localhost:8890/notification-service/default": Connection refused: no further information
2025-07-10 21:53:36,159 [main] INFO  o.s.c.c.c.ConfigServerConfigDataLoader             - Fetching config from server at : http://localhost:8890
2025-07-10 21:53:36,159 [main] INFO  o.s.c.c.c.ConfigServerConfigDataLoader             - Exception on Url - http://localhost:8890:org.springframework.web.client.ResourceAccessException: I/O error on GET request for "http://localhost:8890/notification-service/dev": Connection refused: no further information. Will be trying the next url if available
2025-07-10 21:53:36,159 [main] WARN  o.s.c.c.c.ConfigServerConfigDataLoader             - Could not locate PropertySource ([ConfigServerConfigDataResource@109f5dd8 uris = array<String>['http://localhost:8890'], optional = true, profiles = 'dev']): I/O error on GET request for "http://localhost:8890/notification-service/dev": Connection refused: no further information
2025-07-10 21:53:36,160 [main] INFO  o.s.c.c.c.ConfigServerConfigDataLoader             - Fetching config from server at : http://localhost:8890
2025-07-10 21:53:36,160 [main] INFO  o.s.c.c.c.ConfigServerConfigDataLoader             - Exception on Url - http://localhost:8890:org.springframework.web.client.ResourceAccessException: I/O error on GET request for "http://localhost:8890/notification-service/default": Connection refused: no further information. Will be trying the next url if available
2025-07-10 21:53:36,160 [main] WARN  o.s.c.c.c.ConfigServerConfigDataLoader             - Could not locate PropertySource ([ConfigServerConfigDataResource@67fe380b uris = array<String>['http://localhost:8890'], optional = true, profiles = 'default']): I/O error on GET request for "http://localhost:8890/notification-service/default": Connection refused: no further information
2025-07-10 21:53:37,185 [main] INFO  o.s.d.r.c.RepositoryConfigurationDelegate          - Bootstrapping Spring Data JPA repositories in DEFAULT mode.
2025-07-10 21:53:37,361 [main] INFO  o.s.d.r.c.RepositoryConfigurationDelegate          - Finished Spring Data repository scanning in 162 ms. Found 6 JPA repository interfaces.
2025-07-10 21:53:37,683 [main] INFO  o.s.cloud.context.scope.GenericScope               - BeanFactory id=77753357-cceb-3f4b-ac79-00a3e87d7170
2025-07-10 21:53:38,577 [main] INFO  o.s.b.w.embedded.tomcat.TomcatWebServer            - Tomcat initialized with port 0 (http)
2025-07-10 21:53:38,608 [main] INFO  o.apache.coyote.http11.Http11NioProtocol           - Initializing ProtocolHandler ["http-nio-auto-1"]
2025-07-10 21:53:38,610 [main] INFO  o.apache.catalina.core.StandardService             - Starting service [Tomcat]
2025-07-10 21:53:38,610 [main] INFO  org.apache.catalina.core.StandardEngine            - Starting Servlet engine: [Apache Tomcat/10.1.40]
2025-07-10 21:53:38,699 [main] INFO  o.a.c.c.C.[Tomcat].[localhost].[/]                 - Initializing Spring embedded WebApplicationContext
2025-07-10 21:53:38,700 [main] INFO  o.s.b.w.s.c.ServletWebServerApplicationContext     - Root WebApplicationContext: initialization completed in 2538 ms
2025-07-10 21:53:39,385 [main] INFO  com.zaxxer.hikari.HikariDataSource                 - HikariPool-1 - Starting...
2025-07-10 21:53:39,548 [main] INFO  com.zaxxer.hikari.pool.HikariPool                  - HikariPool-1 - Added connection conn0: url=jdbc:h2:mem:userdb user=SA
2025-07-10 21:53:39,549 [main] INFO  com.zaxxer.hikari.HikariDataSource                 - HikariPool-1 - Start completed.
2025-07-10 21:53:39,831 [main] INFO  o.hibernate.jpa.internal.util.LogHelper            - HHH000204: Processing PersistenceUnitInfo [name: default]
2025-07-10 21:53:39,964 [main] INFO  org.hibernate.Version                              - HHH000412: Hibernate ORM core version 6.6.13.Final
2025-07-10 21:53:40,050 [main] INFO  o.h.c.internal.RegionFactoryInitiator              - HHH000026: Second-level cache disabled
2025-07-10 21:53:40,346 [main] INFO  o.s.o.j.p.SpringPersistenceUnitInfo                - No LoadTimeWeaver setup: ignoring JPA class transformer
2025-07-10 21:53:40,401 [main] INFO  org.hibernate.orm.connections.pooling              - HHH10001005: Database info:
	Database JDBC URL [Connecting through datasource 'HikariDataSource (HikariPool-1)']
	Database driver: undefined/unknown
	Database version: 2.3.232
	Autocommit mode: undefined/unknown
	Isolation level: undefined/unknown
	Minimum pool size: undefined/unknown
	Maximum pool size: undefined/unknown
2025-07-10 21:53:41,256 [main] INFO  o.h.e.t.j.p.i.JtaPlatformInitiator                 - HHH000489: No JTA platform available (set 'hibernate.transaction.jta.platform' to enable JTA platform integration)
2025-07-10 21:53:41,377 [main] INFO  o.s.o.j.LocalContainerEntityManagerFactoryBean     - Initialized JPA EntityManagerFactory for persistence unit 'default'
2025-07-10 21:53:42,195 [main] INFO  o.s.d.j.r.query.QueryEnhancerFactory               - Hibernate is in classpath; If applicable, HQL parser will be used.
2025-07-10 21:53:42,653 [main] WARN  o.s.b.w.s.c.AnnotationConfigServletWebServerApplicationContext - Exception encountered during context initialization - cancelling refresh attempt: org.springframework.beans.factory.UnsatisfiedDependencyException: Error creating bean with name 'eventController' defined in file [C:\Users\ja2c\Desktop\Cursos\micro-servicio-archt\k8s\microservices\services\notification-service\target\classes\edu\market\notification\infrastructure\adapter\input\web\controller\EventController.class]: Unsatisfied dependency expressed through constructor parameter 0: Error creating bean with name 'processDomainEventUseCase' defined in class path resource [edu/market/notification/infrastructure/config/ApplicationConfig.class]: Unsatisfied dependency expressed through method 'processDomainEventUseCase' parameter 2: Error creating bean with name 'sendNotificationUseCase' defined in class path resource [edu/market/notification/infrastructure/config/ApplicationConfig.class]: Unsatisfied dependency expressed through method 'sendNotificationUseCase' parameter 1: Error creating bean with name 'notificationRepositoryAdapter' defined in file [C:\Users\ja2c\Desktop\Cursos\micro-servicio-archt\k8s\microservices\services\notification-service\target\classes\edu\market\notification\infrastructure\adapter\output\persistence\NotificationRepositoryAdapter.class]: Unsatisfied dependency expressed through constructor parameter 0: Error creating bean with name 'jpaNotificationRepository' defined in edu.market.notification.infrastructure.adapter.output.persistence.repository.JpaNotificationRepository defined in @EnableJpaRepositories declared on JpaRepositoriesRegistrar.EnableJpaRepositoriesConfiguration: Could not create query for public abstract java.util.List edu.market.notification.infrastructure.adapter.output.persistence.repository.JpaNotificationRepository.findFailedNotificationsForRetry(int); Reason: Validation failed for query for method public abstract java.util.List edu.market.notification.infrastructure.adapter.output.persistence.repository.JpaNotificationRepository.findFailedNotificationsForRetry(int)
2025-07-10 21:53:42,654 [main] INFO  o.s.o.j.LocalContainerEntityManagerFactoryBean     - Closing JPA EntityManagerFactory for persistence unit 'default'
2025-07-10 21:53:42,655 [main] INFO  com.zaxxer.hikari.HikariDataSource                 - HikariPool-1 - Shutdown initiated...
2025-07-10 21:53:42,657 [main] INFO  com.zaxxer.hikari.HikariDataSource                 - HikariPool-1 - Shutdown completed.
2025-07-10 21:53:42,659 [main] INFO  o.apache.catalina.core.StandardService             - Stopping service [Tomcat]
2025-07-10 21:53:42,674 [main] INFO  o.s.b.a.l.ConditionEvaluationReportLogger          - 

Error starting ApplicationContext. To display the condition evaluation report re-run your application with 'debug' enabled.
2025-07-10 21:53:42,688 [main] ERROR o.springframework.boot.SpringApplication           - Application run failed
org.springframework.beans.factory.UnsatisfiedDependencyException: Error creating bean with name 'eventController' defined in file [C:\Users\ja2c\Desktop\Cursos\micro-servicio-archt\k8s\microservices\services\notification-service\target\classes\edu\market\notification\infrastructure\adapter\input\web\controller\EventController.class]: Unsatisfied dependency expressed through constructor parameter 0: Error creating bean with name 'processDomainEventUseCase' defined in class path resource [edu/market/notification/infrastructure/config/ApplicationConfig.class]: Unsatisfied dependency expressed through method 'processDomainEventUseCase' parameter 2: Error creating bean with name 'sendNotificationUseCase' defined in class path resource [edu/market/notification/infrastructure/config/ApplicationConfig.class]: Unsatisfied dependency expressed through method 'sendNotificationUseCase' parameter 1: Error creating bean with name 'notificationRepositoryAdapter' defined in file [C:\Users\ja2c\Desktop\Cursos\micro-servicio-archt\k8s\microservices\services\notification-service\target\classes\edu\market\notification\infrastructure\adapter\output\persistence\NotificationRepositoryAdapter.class]: Unsatisfied dependency expressed through constructor parameter 0: Error creating bean with name 'jpaNotificationRepository' defined in edu.market.notification.infrastructure.adapter.output.persistence.repository.JpaNotificationRepository defined in @EnableJpaRepositories declared on JpaRepositoriesRegistrar.EnableJpaRepositoriesConfiguration: Could not create query for public abstract java.util.List edu.market.notification.infrastructure.adapter.output.persistence.repository.JpaNotificationRepository.findFailedNotificationsForRetry(int); Reason: Validation failed for query for method public abstract java.util.List edu.market.notification.infrastructure.adapter.output.persistence.repository.JpaNotificationRepository.findFailedNotificationsForRetry(int)
	at org.springframework.beans.factory.support.ConstructorResolver.createArgumentArray(ConstructorResolver.java:804)
	at org.springframework.beans.factory.support.ConstructorResolver.autowireConstructor(ConstructorResolver.java:240)
	at org.springframework.beans.factory.support.AbstractAutowireCapableBeanFactory.autowireConstructor(AbstractAutowireCapableBeanFactory.java:1387)
	at org.springframework.beans.factory.support.AbstractAutowireCapableBeanFactory.createBeanInstance(AbstractAutowireCapableBeanFactory.java:1224)
	at org.springframework.beans.factory.support.AbstractAutowireCapableBeanFactory.doCreateBean(AbstractAutowireCapableBeanFactory.java:569)
	at org.springframework.beans.factory.support.AbstractAutowireCapableBeanFactory.createBean(AbstractAutowireCapableBeanFactory.java:529)
	at org.springframework.beans.factory.support.AbstractBeanFactory.lambda$doGetBean$0(AbstractBeanFactory.java:339)
	at org.springframework.beans.factory.support.DefaultSingletonBeanRegistry.getSingleton(DefaultSingletonBeanRegistry.java:371)
	at org.springframework.beans.factory.support.AbstractBeanFactory.doGetBean(AbstractBeanFactory.java:337)
	at org.springframework.beans.factory.support.AbstractBeanFactory.getBean(AbstractBeanFactory.java:202)
	at org.springframework.beans.factory.support.DefaultListableBeanFactory.instantiateSingleton(DefaultListableBeanFactory.java:1221)
	at org.springframework.beans.factory.support.DefaultListableBeanFactory.preInstantiateSingleton(DefaultListableBeanFactory.java:1187)
	at org.springframework.beans.factory.support.DefaultListableBeanFactory.preInstantiateSingletons(DefaultListableBeanFactory.java:1122)
	at org.springframework.context.support.AbstractApplicationContext.finishBeanFactoryInitialization(AbstractApplicationContext.java:987)
	at org.springframework.context.support.AbstractApplicationContext.refresh(AbstractApplicationContext.java:627)
	at org.springframework.boot.web.servlet.context.ServletWebServerApplicationContext.refresh(ServletWebServerApplicationContext.java:146)
	at org.springframework.boot.SpringApplication.refresh(SpringApplication.java:753)
	at org.springframework.boot.SpringApplication.refreshContext(SpringApplication.java:439)
	at org.springframework.boot.SpringApplication.run(SpringApplication.java:318)
	at org.springframework.boot.SpringApplication.run(SpringApplication.java:1362)
	at org.springframework.boot.SpringApplication.run(SpringApplication.java:1351)
	at edu.market.notification.App.main(App.java:10)
Caused by: org.springframework.beans.factory.UnsatisfiedDependencyException: Error creating bean with name 'processDomainEventUseCase' defined in class path resource [edu/market/notification/infrastructure/config/ApplicationConfig.class]: Unsatisfied dependency expressed through method 'processDomainEventUseCase' parameter 2: Error creating bean with name 'sendNotificationUseCase' defined in class path resource [edu/market/notification/infrastructure/config/ApplicationConfig.class]: Unsatisfied dependency expressed through method 'sendNotificationUseCase' parameter 1: Error creating bean with name 'notificationRepositoryAdapter' defined in file [C:\Users\ja2c\Desktop\Cursos\micro-servicio-archt\k8s\microservices\services\notification-service\target\classes\edu\market\notification\infrastructure\adapter\output\persistence\NotificationRepositoryAdapter.class]: Unsatisfied dependency expressed through constructor parameter 0: Error creating bean with name 'jpaNotificationRepository' defined in edu.market.notification.infrastructure.adapter.output.persistence.repository.JpaNotificationRepository defined in @EnableJpaRepositories declared on JpaRepositoriesRegistrar.EnableJpaRepositoriesConfiguration: Could not create query for public abstract java.util.List edu.market.notification.infrastructure.adapter.output.persistence.repository.JpaNotificationRepository.findFailedNotificationsForRetry(int); Reason: Validation failed for query for method public abstract java.util.List edu.market.notification.infrastructure.adapter.output.persistence.repository.JpaNotificationRepository.findFailedNotificationsForRetry(int)
	at org.springframework.beans.factory.support.ConstructorResolver.createArgumentArray(ConstructorResolver.java:804)
	at org.springframework.beans.factory.support.ConstructorResolver.instantiateUsingFactoryMethod(ConstructorResolver.java:546)
	at org.springframework.beans.factory.support.AbstractAutowireCapableBeanFactory.instantiateUsingFactoryMethod(AbstractAutowireCapableBeanFactory.java:1367)
	at org.springframework.beans.factory.support.AbstractAutowireCapableBeanFactory.createBeanInstance(AbstractAutowireCapableBeanFactory.java:1197)
	at org.springframework.beans.factory.support.AbstractAutowireCapableBeanFactory.doCreateBean(AbstractAutowireCapableBeanFactory.java:569)
	at org.springframework.beans.factory.support.AbstractAutowireCapableBeanFactory.createBean(AbstractAutowireCapableBeanFactory.java:529)
	at org.springframework.beans.factory.support.AbstractBeanFactory.lambda$doGetBean$0(AbstractBeanFactory.java:339)
	at org.springframework.beans.factory.support.DefaultSingletonBeanRegistry.getSingleton(DefaultSingletonBeanRegistry.java:371)
	at org.springframework.beans.factory.support.AbstractBeanFactory.doGetBean(AbstractBeanFactory.java:337)
	at org.springframework.beans.factory.support.AbstractBeanFactory.getBean(AbstractBeanFactory.java:202)
	at org.springframework.beans.factory.support.DefaultListableBeanFactory.doResolveDependency(DefaultListableBeanFactory.java:1681)
	at org.springframework.beans.factory.support.DefaultListableBeanFactory.resolveDependency(DefaultListableBeanFactory.java:1627)
	at org.springframework.beans.factory.support.ConstructorResolver.resolveAutowiredArgument(ConstructorResolver.java:913)
	at org.springframework.beans.factory.support.ConstructorResolver.createArgumentArray(ConstructorResolver.java:791)
	... 21 common frames omitted
Caused by: org.springframework.beans.factory.UnsatisfiedDependencyException: Error creating bean with name 'sendNotificationUseCase' defined in class path resource [edu/market/notification/infrastructure/config/ApplicationConfig.class]: Unsatisfied dependency expressed through method 'sendNotificationUseCase' parameter 1: Error creating bean with name 'notificationRepositoryAdapter' defined in file [C:\Users\ja2c\Desktop\Cursos\micro-servicio-archt\k8s\microservices\services\notification-service\target\classes\edu\market\notification\infrastructure\adapter\output\persistence\NotificationRepositoryAdapter.class]: Unsatisfied dependency expressed through constructor parameter 0: Error creating bean with name 'jpaNotificationRepository' defined in edu.market.notification.infrastructure.adapter.output.persistence.repository.JpaNotificationRepository defined in @EnableJpaRepositories declared on JpaRepositoriesRegistrar.EnableJpaRepositoriesConfiguration: Could not create query for public abstract java.util.List edu.market.notification.infrastructure.adapter.output.persistence.repository.JpaNotificationRepository.findFailedNotificationsForRetry(int); Reason: Validation failed for query for method public abstract java.util.List edu.market.notification.infrastructure.adapter.output.persistence.repository.JpaNotificationRepository.findFailedNotificationsForRetry(int)
	at org.springframework.beans.factory.support.ConstructorResolver.createArgumentArray(ConstructorResolver.java:804)
	at org.springframework.beans.factory.support.ConstructorResolver.instantiateUsingFactoryMethod(ConstructorResolver.java:546)
	at org.springframework.beans.factory.support.AbstractAutowireCapableBeanFactory.instantiateUsingFactoryMethod(AbstractAutowireCapableBeanFactory.java:1367)
	at org.springframework.beans.factory.support.AbstractAutowireCapableBeanFactory.createBeanInstance(AbstractAutowireCapableBeanFactory.java:1197)
	at org.springframework.beans.factory.support.AbstractAutowireCapableBeanFactory.doCreateBean(AbstractAutowireCapableBeanFactory.java:569)
	at org.springframework.beans.factory.support.AbstractAutowireCapableBeanFactory.createBean(AbstractAutowireCapableBeanFactory.java:529)
	at org.springframework.beans.factory.support.AbstractBeanFactory.lambda$doGetBean$0(AbstractBeanFactory.java:339)
	at org.springframework.beans.factory.support.DefaultSingletonBeanRegistry.getSingleton(DefaultSingletonBeanRegistry.java:371)
	at org.springframework.beans.factory.support.AbstractBeanFactory.doGetBean(AbstractBeanFactory.java:337)
	at org.springframework.beans.factory.support.AbstractBeanFactory.getBean(AbstractBeanFactory.java:202)
	at org.springframework.beans.factory.support.DefaultListableBeanFactory.doResolveDependency(DefaultListableBeanFactory.java:1681)
	at org.springframework.beans.factory.support.DefaultListableBeanFactory.resolveDependency(DefaultListableBeanFactory.java:1627)
	at org.springframework.beans.factory.support.ConstructorResolver.resolveAutowiredArgument(ConstructorResolver.java:913)
	at org.springframework.beans.factory.support.ConstructorResolver.createArgumentArray(ConstructorResolver.java:791)
	... 34 common frames omitted
Caused by: org.springframework.beans.factory.UnsatisfiedDependencyException: Error creating bean with name 'notificationRepositoryAdapter' defined in file [C:\Users\ja2c\Desktop\Cursos\micro-servicio-archt\k8s\microservices\services\notification-service\target\classes\edu\market\notification\infrastructure\adapter\output\persistence\NotificationRepositoryAdapter.class]: Unsatisfied dependency expressed through constructor parameter 0: Error creating bean with name 'jpaNotificationRepository' defined in edu.market.notification.infrastructure.adapter.output.persistence.repository.JpaNotificationRepository defined in @EnableJpaRepositories declared on JpaRepositoriesRegistrar.EnableJpaRepositoriesConfiguration: Could not create query for public abstract java.util.List edu.market.notification.infrastructure.adapter.output.persistence.repository.JpaNotificationRepository.findFailedNotificationsForRetry(int); Reason: Validation failed for query for method public abstract java.util.List edu.market.notification.infrastructure.adapter.output.persistence.repository.JpaNotificationRepository.findFailedNotificationsForRetry(int)
	at org.springframework.beans.factory.support.ConstructorResolver.createArgumentArray(ConstructorResolver.java:804)
	at org.springframework.beans.factory.support.ConstructorResolver.autowireConstructor(ConstructorResolver.java:240)
	at org.springframework.beans.factory.support.AbstractAutowireCapableBeanFactory.autowireConstructor(AbstractAutowireCapableBeanFactory.java:1387)
	at org.springframework.beans.factory.support.AbstractAutowireCapableBeanFactory.createBeanInstance(AbstractAutowireCapableBeanFactory.java:1224)
	at org.springframework.beans.factory.support.AbstractAutowireCapableBeanFactory.doCreateBean(AbstractAutowireCapableBeanFactory.java:569)
	at org.springframework.beans.factory.support.AbstractAutowireCapableBeanFactory.createBean(AbstractAutowireCapableBeanFactory.java:529)
	at org.springframework.beans.factory.support.AbstractBeanFactory.lambda$doGetBean$0(AbstractBeanFactory.java:339)
	at org.springframework.beans.factory.support.DefaultSingletonBeanRegistry.getSingleton(DefaultSingletonBeanRegistry.java:371)
	at org.springframework.beans.factory.support.AbstractBeanFactory.doGetBean(AbstractBeanFactory.java:337)
	at org.springframework.beans.factory.support.AbstractBeanFactory.getBean(AbstractBeanFactory.java:202)
	at org.springframework.beans.factory.config.DependencyDescriptor.resolveCandidate(DependencyDescriptor.java:254)
	at org.springframework.beans.factory.support.DefaultListableBeanFactory.doResolveDependency(DefaultListableBeanFactory.java:1739)
	at org.springframework.beans.factory.support.DefaultListableBeanFactory.resolveDependency(DefaultListableBeanFactory.java:1627)
	at org.springframework.beans.factory.support.ConstructorResolver.resolveAutowiredArgument(ConstructorResolver.java:913)
	at org.springframework.beans.factory.support.ConstructorResolver.createArgumentArray(ConstructorResolver.java:791)
	... 47 common frames omitted
Caused by: org.springframework.beans.factory.BeanCreationException: Error creating bean with name 'jpaNotificationRepository' defined in edu.market.notification.infrastructure.adapter.output.persistence.repository.JpaNotificationRepository defined in @EnableJpaRepositories declared on JpaRepositoriesRegistrar.EnableJpaRepositoriesConfiguration: Could not create query for public abstract java.util.List edu.market.notification.infrastructure.adapter.output.persistence.repository.JpaNotificationRepository.findFailedNotificationsForRetry(int); Reason: Validation failed for query for method public abstract java.util.List edu.market.notification.infrastructure.adapter.output.persistence.repository.JpaNotificationRepository.findFailedNotificationsForRetry(int)
	at org.springframework.beans.factory.support.AbstractAutowireCapableBeanFactory.initializeBean(AbstractAutowireCapableBeanFactory.java:1818)
	at org.springframework.beans.factory.support.AbstractAutowireCapableBeanFactory.doCreateBean(AbstractAutowireCapableBeanFactory.java:607)
	at org.springframework.beans.factory.support.AbstractAutowireCapableBeanFactory.createBean(AbstractAutowireCapableBeanFactory.java:529)
	at org.springframework.beans.factory.support.AbstractBeanFactory.lambda$doGetBean$0(AbstractBeanFactory.java:339)
	at org.springframework.beans.factory.support.DefaultSingletonBeanRegistry.getSingleton(DefaultSingletonBeanRegistry.java:371)
	at org.springframework.beans.factory.support.AbstractBeanFactory.doGetBean(AbstractBeanFactory.java:337)
	at org.springframework.beans.factory.support.AbstractBeanFactory.getBean(AbstractBeanFactory.java:202)
	at org.springframework.beans.factory.config.DependencyDescriptor.resolveCandidate(DependencyDescriptor.java:254)
	at org.springframework.beans.factory.support.DefaultListableBeanFactory.doResolveDependency(DefaultListableBeanFactory.java:1739)
	at org.springframework.beans.factory.support.DefaultListableBeanFactory.resolveDependency(DefaultListableBeanFactory.java:1627)
	at org.springframework.beans.factory.support.ConstructorResolver.resolveAutowiredArgument(ConstructorResolver.java:913)
	at org.springframework.beans.factory.support.ConstructorResolver.createArgumentArray(ConstructorResolver.java:791)
	... 61 common frames omitted
Caused by: org.springframework.data.repository.query.QueryCreationException: Could not create query for public abstract java.util.List edu.market.notification.infrastructure.adapter.output.persistence.repository.JpaNotificationRepository.findFailedNotificationsForRetry(int); Reason: Validation failed for query for method public abstract java.util.List edu.market.notification.infrastructure.adapter.output.persistence.repository.JpaNotificationRepository.findFailedNotificationsForRetry(int)
	at org.springframework.data.repository.query.QueryCreationException.create(QueryCreationException.java:101)
	at org.springframework.data.repository.core.support.QueryExecutorMethodInterceptor.lookupQuery(QueryExecutorMethodInterceptor.java:120)
	at org.springframework.data.repository.core.support.QueryExecutorMethodInterceptor.mapMethodsToQuery(QueryExecutorMethodInterceptor.java:104)
	at org.springframework.data.repository.core.support.QueryExecutorMethodInterceptor.lambda$new$0(QueryExecutorMethodInterceptor.java:92)
	at java.base/java.util.Optional.map(Optional.java:260)
	at org.springframework.data.repository.core.support.QueryExecutorMethodInterceptor.<init>(QueryExecutorMethodInterceptor.java:92)
	at org.springframework.data.repository.core.support.RepositoryFactorySupport.getRepository(RepositoryFactorySupport.java:431)
	at org.springframework.data.repository.core.support.RepositoryFactoryBeanSupport.lambda$afterPropertiesSet$4(RepositoryFactoryBeanSupport.java:350)
	at org.springframework.data.util.Lazy.getNullable(Lazy.java:135)
	at org.springframework.data.util.Lazy.get(Lazy.java:113)
	at org.springframework.data.repository.core.support.RepositoryFactoryBeanSupport.afterPropertiesSet(RepositoryFactoryBeanSupport.java:356)
	at org.springframework.data.jpa.repository.support.JpaRepositoryFactoryBean.afterPropertiesSet(JpaRepositoryFactoryBean.java:132)
	at org.springframework.beans.factory.support.AbstractAutowireCapableBeanFactory.invokeInitMethods(AbstractAutowireCapableBeanFactory.java:1865)
	at org.springframework.beans.factory.support.AbstractAutowireCapableBeanFactory.initializeBean(AbstractAutowireCapableBeanFactory.java:1814)
	... 72 common frames omitted
Caused by: java.lang.IllegalArgumentException: Validation failed for query for method public abstract java.util.List edu.market.notification.infrastructure.adapter.output.persistence.repository.JpaNotificationRepository.findFailedNotificationsForRetry(int)
	at org.springframework.data.jpa.repository.query.SimpleJpaQuery.validateQuery(SimpleJpaQuery.java:97)
	at org.springframework.data.jpa.repository.query.SimpleJpaQuery.<init>(SimpleJpaQuery.java:67)
	at org.springframework.data.jpa.repository.query.JpaQueryFactory.fromMethodWithQueryString(JpaQueryFactory.java:49)
	at org.springframework.data.jpa.repository.query.JpaQueryLookupStrategy$DeclaredQueryLookupStrategy.resolveQuery(JpaQueryLookupStrategy.java:174)
	at org.springframework.data.jpa.repository.query.JpaQueryLookupStrategy$CreateIfNotFoundQueryLookupStrategy.resolveQuery(JpaQueryLookupStrategy.java:254)
	at org.springframework.data.jpa.repository.query.JpaQueryLookupStrategy$AbstractQueryLookupStrategy.resolveQuery(JpaQueryLookupStrategy.java:99)
	at org.springframework.data.repository.core.support.QueryExecutorMethodInterceptor.lookupQuery(QueryExecutorMethodInterceptor.java:116)
	... 84 common frames omitted
Caused by: java.lang.IllegalArgumentException: org.hibernate.query.SemanticException: Could not interpret path expression 'n'
	at org.hibernate.internal.ExceptionConverterImpl.convert(ExceptionConverterImpl.java:143)
	at org.hibernate.internal.ExceptionConverterImpl.convert(ExceptionConverterImpl.java:167)
	at org.hibernate.internal.ExceptionConverterImpl.convert(ExceptionConverterImpl.java:173)
	at org.hibernate.internal.AbstractSharedSessionContract.createQuery(AbstractSharedSessionContract.java:886)
	at org.hibernate.internal.AbstractSharedSessionContract.createQuery(AbstractSharedSessionContract.java:796)
	at org.hibernate.internal.AbstractSharedSessionContract.createQuery(AbstractSharedSessionContract.java:143)
	at java.base/jdk.internal.reflect.DirectMethodHandleAccessor.invoke(DirectMethodHandleAccessor.java:103)
	at java.base/java.lang.reflect.Method.invoke(Method.java:580)
	at org.springframework.orm.jpa.ExtendedEntityManagerCreator$ExtendedEntityManagerInvocationHandler.invoke(ExtendedEntityManagerCreator.java:364)
	at jdk.proxy2/jdk.proxy2.$Proxy179.createQuery(Unknown Source)
	at org.springframework.data.jpa.repository.query.SimpleJpaQuery.validateQuery(SimpleJpaQuery.java:91)
	... 90 common frames omitted
Caused by: org.hibernate.query.SemanticException: Could not interpret path expression 'n'
	at org.hibernate.query.hql.internal.BasicDotIdentifierConsumer$BaseLocalSequencePart.resolvePathPart(BasicDotIdentifierConsumer.java:240)
	at org.hibernate.query.hql.internal.BasicDotIdentifierConsumer.consumeIdentifier(BasicDotIdentifierConsumer.java:92)
	at org.hibernate.query.hql.internal.SemanticQueryBuilder.visitSimplePath(SemanticQueryBuilder.java:5455)
	at org.hibernate.query.hql.internal.SemanticQueryBuilder.visitGeneralPathFragment(SemanticQueryBuilder.java:5298)
	at org.hibernate.query.hql.internal.SemanticQueryBuilder.visitGeneralPathExpression(SemanticQueryBuilder.java:1891)
	at org.hibernate.grammars.hql.HqlParser$GeneralPathExpressionContext.accept(HqlParser.java:8268)
	at org.antlr.v4.runtime.tree.AbstractParseTreeVisitor.visitChildren(AbstractParseTreeVisitor.java:46)
	at org.hibernate.grammars.hql.HqlParserBaseVisitor.visitBarePrimaryExpression(HqlParserBaseVisitor.java:812)
	at org.hibernate.grammars.hql.HqlParser$BarePrimaryExpressionContext.accept(HqlParser.java:7726)
	at org.antlr.v4.runtime.tree.AbstractParseTreeVisitor.visitChildren(AbstractParseTreeVisitor.java:46)
	at org.hibernate.grammars.hql.HqlParserBaseVisitor.visitExpressionOrPredicate(HqlParserBaseVisitor.java:945)
	at org.hibernate.grammars.hql.HqlParser$ExpressionOrPredicateContext.accept(HqlParser.java:8468)
	at org.hibernate.query.hql.internal.SemanticQueryBuilder.visitSelectableNode(SemanticQueryBuilder.java:1435)
	at org.hibernate.query.hql.internal.SemanticQueryBuilder.visitSelection(SemanticQueryBuilder.java:1412)
	at org.hibernate.query.hql.internal.SemanticQueryBuilder.visitSelectClause(SemanticQueryBuilder.java:1405)
	at org.hibernate.query.hql.internal.SemanticQueryBuilder.visitQuery(SemanticQueryBuilder.java:1254)
	at org.hibernate.query.hql.internal.SemanticQueryBuilder.visitQuerySpecExpression(SemanticQueryBuilder.java:1040)
	at org.hibernate.query.hql.internal.SemanticQueryBuilder.visitQuerySpecExpression(SemanticQueryBuilder.java:277)
	at org.hibernate.grammars.hql.HqlParser$QuerySpecExpressionContext.accept(HqlParser.java:2134)
	at org.hibernate.query.hql.internal.SemanticQueryBuilder.visitSimpleQueryGroup(SemanticQueryBuilder.java:1025)
	at org.hibernate.query.hql.internal.SemanticQueryBuilder.visitSimpleQueryGroup(SemanticQueryBuilder.java:277)
	at org.hibernate.grammars.hql.HqlParser$SimpleQueryGroupContext.accept(HqlParser.java:2005)
	at org.hibernate.query.hql.internal.SemanticQueryBuilder.visitSelectStatement(SemanticQueryBuilder.java:492)
	at org.hibernate.query.hql.internal.SemanticQueryBuilder.visitStatement(SemanticQueryBuilder.java:451)
	at org.hibernate.query.hql.internal.SemanticQueryBuilder.buildSemanticModel(SemanticQueryBuilder.java:324)
	at org.hibernate.query.hql.internal.StandardHqlTranslator.translate(StandardHqlTranslator.java:71)
	at org.hibernate.query.internal.QueryInterpretationCacheStandardImpl.createHqlInterpretation(QueryInterpretationCacheStandardImpl.java:145)
	at org.hibernate.query.internal.QueryInterpretationCacheStandardImpl.resolveHqlInterpretation(QueryInterpretationCacheStandardImpl.java:132)
	at org.hibernate.query.spi.QueryEngine.interpretHql(QueryEngine.java:54)
	at org.hibernate.internal.AbstractSharedSessionContract.interpretHql(AbstractSharedSessionContract.java:832)
	at org.hibernate.internal.AbstractSharedSessionContract.createQuery(AbstractSharedSessionContract.java:878)
	... 97 common frames omitted
2025-07-10 21:54:59,405 [background-preinit] INFO  o.h.validator.internal.util.Version                - HV000001: Hibernate Validator 8.0.2.Final
2025-07-10 21:54:59,450 [main] INFO  edu.market.notification.App                        - Starting App v1.0.0 using Java 21 with PID 18764 (C:\Users\ja2c\Desktop\Cursos\micro-servicio-archt\k8s\microservices\services\notification-service\target\classes started by ja2c in C:\Users\ja2c\Desktop\Cursos\micro-servicio-archt\k8s\microservices\services\notification-service)
2025-07-10 21:54:59,451 [main] DEBUG edu.market.notification.App                        - Running with Spring Boot v3.4.5, Spring v6.2.6
2025-07-10 21:54:59,451 [main] INFO  edu.market.notification.App                        - The following 1 profile is active: "dev"
2025-07-10 21:54:59,486 [main] INFO  o.s.c.c.c.ConfigServerConfigDataLoader             - Fetching config from server at : http://localhost:8890
2025-07-10 21:54:59,487 [main] INFO  o.s.c.c.c.ConfigServerConfigDataLoader             - Exception on Url - http://localhost:8890:org.springframework.web.client.ResourceAccessException: I/O error on GET request for "http://localhost:8890/notification-service/default": Connection refused: no further information. Will be trying the next url if available
2025-07-10 21:54:59,487 [main] WARN  o.s.c.c.c.ConfigServerConfigDataLoader             - Could not locate PropertySource ([ConfigServerConfigDataResource@3c818ac4 uris = array<String>['http://localhost:8890'], optional = true, profiles = 'default']): I/O error on GET request for "http://localhost:8890/notification-service/default": Connection refused: no further information
2025-07-10 21:54:59,487 [main] INFO  o.s.c.c.c.ConfigServerConfigDataLoader             - Fetching config from server at : http://localhost:8890
2025-07-10 21:54:59,487 [main] INFO  o.s.c.c.c.ConfigServerConfigDataLoader             - Exception on Url - http://localhost:8890:org.springframework.web.client.ResourceAccessException: I/O error on GET request for "http://localhost:8890/notification-service/dev": Connection refused: no further information. Will be trying the next url if available
2025-07-10 21:54:59,487 [main] WARN  o.s.c.c.c.ConfigServerConfigDataLoader             - Could not locate PropertySource ([ConfigServerConfigDataResource@109f5dd8 uris = array<String>['http://localhost:8890'], optional = true, profiles = 'dev']): I/O error on GET request for "http://localhost:8890/notification-service/dev": Connection refused: no further information
2025-07-10 21:54:59,487 [main] INFO  o.s.c.c.c.ConfigServerConfigDataLoader             - Fetching config from server at : http://localhost:8890
2025-07-10 21:54:59,488 [main] INFO  o.s.c.c.c.ConfigServerConfigDataLoader             - Exception on Url - http://localhost:8890:org.springframework.web.client.ResourceAccessException: I/O error on GET request for "http://localhost:8890/notification-service/default": Connection refused: no further information. Will be trying the next url if available
2025-07-10 21:54:59,488 [main] WARN  o.s.c.c.c.ConfigServerConfigDataLoader             - Could not locate PropertySource ([ConfigServerConfigDataResource@67fe380b uris = array<String>['http://localhost:8890'], optional = true, profiles = 'default']): I/O error on GET request for "http://localhost:8890/notification-service/default": Connection refused: no further information
2025-07-10 21:55:00,567 [main] INFO  o.s.d.r.c.RepositoryConfigurationDelegate          - Bootstrapping Spring Data JPA repositories in DEFAULT mode.
2025-07-10 21:55:00,753 [main] INFO  o.s.d.r.c.RepositoryConfigurationDelegate          - Finished Spring Data repository scanning in 168 ms. Found 6 JPA repository interfaces.
2025-07-10 21:55:01,069 [main] INFO  o.s.cloud.context.scope.GenericScope               - BeanFactory id=77753357-cceb-3f4b-ac79-00a3e87d7170
2025-07-10 21:55:02,066 [main] INFO  o.s.b.w.embedded.tomcat.TomcatWebServer            - Tomcat initialized with port 0 (http)
2025-07-10 21:55:02,080 [main] INFO  o.apache.coyote.http11.Http11NioProtocol           - Initializing ProtocolHandler ["http-nio-auto-1"]
2025-07-10 21:55:02,083 [main] INFO  o.apache.catalina.core.StandardService             - Starting service [Tomcat]
2025-07-10 21:55:02,083 [main] INFO  org.apache.catalina.core.StandardEngine            - Starting Servlet engine: [Apache Tomcat/10.1.40]
2025-07-10 21:55:02,173 [main] INFO  o.a.c.c.C.[Tomcat].[localhost].[/]                 - Initializing Spring embedded WebApplicationContext
2025-07-10 21:55:02,173 [main] INFO  o.s.b.w.s.c.ServletWebServerApplicationContext     - Root WebApplicationContext: initialization completed in 2684 ms
2025-07-10 21:55:02,752 [main] INFO  com.zaxxer.hikari.HikariDataSource                 - HikariPool-1 - Starting...
2025-07-10 21:55:02,938 [main] INFO  com.zaxxer.hikari.pool.HikariPool                  - HikariPool-1 - Added connection conn0: url=jdbc:h2:mem:userdb user=SA
2025-07-10 21:55:02,940 [main] INFO  com.zaxxer.hikari.HikariDataSource                 - HikariPool-1 - Start completed.
2025-07-10 21:55:03,190 [main] INFO  o.hibernate.jpa.internal.util.LogHelper            - HHH000204: Processing PersistenceUnitInfo [name: default]
2025-07-10 21:55:03,297 [main] INFO  org.hibernate.Version                              - HHH000412: Hibernate ORM core version 6.6.13.Final
2025-07-10 21:55:03,386 [main] INFO  o.h.c.internal.RegionFactoryInitiator              - HHH000026: Second-level cache disabled
2025-07-10 21:55:03,651 [main] INFO  o.s.o.j.p.SpringPersistenceUnitInfo                - No LoadTimeWeaver setup: ignoring JPA class transformer
2025-07-10 21:55:03,706 [main] INFO  org.hibernate.orm.connections.pooling              - HHH10001005: Database info:
	Database JDBC URL [Connecting through datasource 'HikariDataSource (HikariPool-1)']
	Database driver: undefined/unknown
	Database version: 2.3.232
	Autocommit mode: undefined/unknown
	Isolation level: undefined/unknown
	Minimum pool size: undefined/unknown
	Maximum pool size: undefined/unknown
2025-07-10 21:55:04,581 [main] INFO  o.h.e.t.j.p.i.JtaPlatformInitiator                 - HHH000489: No JTA platform available (set 'hibernate.transaction.jta.platform' to enable JTA platform integration)
2025-07-10 21:55:04,704 [main] INFO  o.s.o.j.LocalContainerEntityManagerFactoryBean     - Initialized JPA EntityManagerFactory for persistence unit 'default'
2025-07-10 21:55:05,646 [main] INFO  o.s.d.j.r.query.QueryEnhancerFactory               - Hibernate is in classpath; If applicable, HQL parser will be used.
2025-07-10 21:55:06,078 [main] WARN  o.s.b.w.s.c.AnnotationConfigServletWebServerApplicationContext - Exception encountered during context initialization - cancelling refresh attempt: org.springframework.beans.factory.UnsatisfiedDependencyException: Error creating bean with name 'eventController' defined in file [C:\Users\ja2c\Desktop\Cursos\micro-servicio-archt\k8s\microservices\services\notification-service\target\classes\edu\market\notification\infrastructure\adapter\input\web\controller\EventController.class]: Unsatisfied dependency expressed through constructor parameter 0: Error creating bean with name 'processDomainEventUseCase' defined in class path resource [edu/market/notification/infrastructure/config/ApplicationConfig.class]: Unsatisfied dependency expressed through method 'processDomainEventUseCase' parameter 2: Error creating bean with name 'sendNotificationUseCase' defined in class path resource [edu/market/notification/infrastructure/config/ApplicationConfig.class]: Unsatisfied dependency expressed through method 'sendNotificationUseCase' parameter 1: Error creating bean with name 'notificationRepositoryAdapter' defined in file [C:\Users\ja2c\Desktop\Cursos\micro-servicio-archt\k8s\microservices\services\notification-service\target\classes\edu\market\notification\infrastructure\adapter\output\persistence\NotificationRepositoryAdapter.class]: Unsatisfied dependency expressed through constructor parameter 0: Error creating bean with name 'jpaNotificationRepository' defined in edu.market.notification.infrastructure.adapter.output.persistence.repository.JpaNotificationRepository defined in @EnableJpaRepositories declared on JpaRepositoriesRegistrar.EnableJpaRepositoriesConfiguration: Could not create query for public abstract java.util.List edu.market.notification.infrastructure.adapter.output.persistence.repository.JpaNotificationRepository.findFailedNotificationsForRetry(int); Reason: Validation failed for query for method public abstract java.util.List edu.market.notification.infrastructure.adapter.output.persistence.repository.JpaNotificationRepository.findFailedNotificationsForRetry(int)
2025-07-10 21:55:06,079 [main] INFO  o.s.o.j.LocalContainerEntityManagerFactoryBean     - Closing JPA EntityManagerFactory for persistence unit 'default'
2025-07-10 21:55:06,081 [main] INFO  com.zaxxer.hikari.HikariDataSource                 - HikariPool-1 - Shutdown initiated...
2025-07-10 21:55:06,083 [main] INFO  com.zaxxer.hikari.HikariDataSource                 - HikariPool-1 - Shutdown completed.
2025-07-10 21:55:06,085 [main] INFO  o.apache.catalina.core.StandardService             - Stopping service [Tomcat]
2025-07-10 21:55:06,101 [main] INFO  o.s.b.a.l.ConditionEvaluationReportLogger          - 

Error starting ApplicationContext. To display the condition evaluation report re-run your application with 'debug' enabled.
2025-07-10 21:55:06,117 [main] ERROR o.springframework.boot.SpringApplication           - Application run failed
org.springframework.beans.factory.UnsatisfiedDependencyException: Error creating bean with name 'eventController' defined in file [C:\Users\ja2c\Desktop\Cursos\micro-servicio-archt\k8s\microservices\services\notification-service\target\classes\edu\market\notification\infrastructure\adapter\input\web\controller\EventController.class]: Unsatisfied dependency expressed through constructor parameter 0: Error creating bean with name 'processDomainEventUseCase' defined in class path resource [edu/market/notification/infrastructure/config/ApplicationConfig.class]: Unsatisfied dependency expressed through method 'processDomainEventUseCase' parameter 2: Error creating bean with name 'sendNotificationUseCase' defined in class path resource [edu/market/notification/infrastructure/config/ApplicationConfig.class]: Unsatisfied dependency expressed through method 'sendNotificationUseCase' parameter 1: Error creating bean with name 'notificationRepositoryAdapter' defined in file [C:\Users\ja2c\Desktop\Cursos\micro-servicio-archt\k8s\microservices\services\notification-service\target\classes\edu\market\notification\infrastructure\adapter\output\persistence\NotificationRepositoryAdapter.class]: Unsatisfied dependency expressed through constructor parameter 0: Error creating bean with name 'jpaNotificationRepository' defined in edu.market.notification.infrastructure.adapter.output.persistence.repository.JpaNotificationRepository defined in @EnableJpaRepositories declared on JpaRepositoriesRegistrar.EnableJpaRepositoriesConfiguration: Could not create query for public abstract java.util.List edu.market.notification.infrastructure.adapter.output.persistence.repository.JpaNotificationRepository.findFailedNotificationsForRetry(int); Reason: Validation failed for query for method public abstract java.util.List edu.market.notification.infrastructure.adapter.output.persistence.repository.JpaNotificationRepository.findFailedNotificationsForRetry(int)
	at org.springframework.beans.factory.support.ConstructorResolver.createArgumentArray(ConstructorResolver.java:804)
	at org.springframework.beans.factory.support.ConstructorResolver.autowireConstructor(ConstructorResolver.java:240)
	at org.springframework.beans.factory.support.AbstractAutowireCapableBeanFactory.autowireConstructor(AbstractAutowireCapableBeanFactory.java:1387)
	at org.springframework.beans.factory.support.AbstractAutowireCapableBeanFactory.createBeanInstance(AbstractAutowireCapableBeanFactory.java:1224)
	at org.springframework.beans.factory.support.AbstractAutowireCapableBeanFactory.doCreateBean(AbstractAutowireCapableBeanFactory.java:569)
	at org.springframework.beans.factory.support.AbstractAutowireCapableBeanFactory.createBean(AbstractAutowireCapableBeanFactory.java:529)
	at org.springframework.beans.factory.support.AbstractBeanFactory.lambda$doGetBean$0(AbstractBeanFactory.java:339)
	at org.springframework.beans.factory.support.DefaultSingletonBeanRegistry.getSingleton(DefaultSingletonBeanRegistry.java:371)
	at org.springframework.beans.factory.support.AbstractBeanFactory.doGetBean(AbstractBeanFactory.java:337)
	at org.springframework.beans.factory.support.AbstractBeanFactory.getBean(AbstractBeanFactory.java:202)
	at org.springframework.beans.factory.support.DefaultListableBeanFactory.instantiateSingleton(DefaultListableBeanFactory.java:1221)
	at org.springframework.beans.factory.support.DefaultListableBeanFactory.preInstantiateSingleton(DefaultListableBeanFactory.java:1187)
	at org.springframework.beans.factory.support.DefaultListableBeanFactory.preInstantiateSingletons(DefaultListableBeanFactory.java:1122)
	at org.springframework.context.support.AbstractApplicationContext.finishBeanFactoryInitialization(AbstractApplicationContext.java:987)
	at org.springframework.context.support.AbstractApplicationContext.refresh(AbstractApplicationContext.java:627)
	at org.springframework.boot.web.servlet.context.ServletWebServerApplicationContext.refresh(ServletWebServerApplicationContext.java:146)
	at org.springframework.boot.SpringApplication.refresh(SpringApplication.java:753)
	at org.springframework.boot.SpringApplication.refreshContext(SpringApplication.java:439)
	at org.springframework.boot.SpringApplication.run(SpringApplication.java:318)
	at org.springframework.boot.SpringApplication.run(SpringApplication.java:1362)
	at org.springframework.boot.SpringApplication.run(SpringApplication.java:1351)
	at edu.market.notification.App.main(App.java:10)
Caused by: org.springframework.beans.factory.UnsatisfiedDependencyException: Error creating bean with name 'processDomainEventUseCase' defined in class path resource [edu/market/notification/infrastructure/config/ApplicationConfig.class]: Unsatisfied dependency expressed through method 'processDomainEventUseCase' parameter 2: Error creating bean with name 'sendNotificationUseCase' defined in class path resource [edu/market/notification/infrastructure/config/ApplicationConfig.class]: Unsatisfied dependency expressed through method 'sendNotificationUseCase' parameter 1: Error creating bean with name 'notificationRepositoryAdapter' defined in file [C:\Users\ja2c\Desktop\Cursos\micro-servicio-archt\k8s\microservices\services\notification-service\target\classes\edu\market\notification\infrastructure\adapter\output\persistence\NotificationRepositoryAdapter.class]: Unsatisfied dependency expressed through constructor parameter 0: Error creating bean with name 'jpaNotificationRepository' defined in edu.market.notification.infrastructure.adapter.output.persistence.repository.JpaNotificationRepository defined in @EnableJpaRepositories declared on JpaRepositoriesRegistrar.EnableJpaRepositoriesConfiguration: Could not create query for public abstract java.util.List edu.market.notification.infrastructure.adapter.output.persistence.repository.JpaNotificationRepository.findFailedNotificationsForRetry(int); Reason: Validation failed for query for method public abstract java.util.List edu.market.notification.infrastructure.adapter.output.persistence.repository.JpaNotificationRepository.findFailedNotificationsForRetry(int)
	at org.springframework.beans.factory.support.ConstructorResolver.createArgumentArray(ConstructorResolver.java:804)
	at org.springframework.beans.factory.support.ConstructorResolver.instantiateUsingFactoryMethod(ConstructorResolver.java:546)
	at org.springframework.beans.factory.support.AbstractAutowireCapableBeanFactory.instantiateUsingFactoryMethod(AbstractAutowireCapableBeanFactory.java:1367)
	at org.springframework.beans.factory.support.AbstractAutowireCapableBeanFactory.createBeanInstance(AbstractAutowireCapableBeanFactory.java:1197)
	at org.springframework.beans.factory.support.AbstractAutowireCapableBeanFactory.doCreateBean(AbstractAutowireCapableBeanFactory.java:569)
	at org.springframework.beans.factory.support.AbstractAutowireCapableBeanFactory.createBean(AbstractAutowireCapableBeanFactory.java:529)
	at org.springframework.beans.factory.support.AbstractBeanFactory.lambda$doGetBean$0(AbstractBeanFactory.java:339)
	at org.springframework.beans.factory.support.DefaultSingletonBeanRegistry.getSingleton(DefaultSingletonBeanRegistry.java:371)
	at org.springframework.beans.factory.support.AbstractBeanFactory.doGetBean(AbstractBeanFactory.java:337)
	at org.springframework.beans.factory.support.AbstractBeanFactory.getBean(AbstractBeanFactory.java:202)
	at org.springframework.beans.factory.support.DefaultListableBeanFactory.doResolveDependency(DefaultListableBeanFactory.java:1681)
	at org.springframework.beans.factory.support.DefaultListableBeanFactory.resolveDependency(DefaultListableBeanFactory.java:1627)
	at org.springframework.beans.factory.support.ConstructorResolver.resolveAutowiredArgument(ConstructorResolver.java:913)
	at org.springframework.beans.factory.support.ConstructorResolver.createArgumentArray(ConstructorResolver.java:791)
	... 21 common frames omitted
Caused by: org.springframework.beans.factory.UnsatisfiedDependencyException: Error creating bean with name 'sendNotificationUseCase' defined in class path resource [edu/market/notification/infrastructure/config/ApplicationConfig.class]: Unsatisfied dependency expressed through method 'sendNotificationUseCase' parameter 1: Error creating bean with name 'notificationRepositoryAdapter' defined in file [C:\Users\ja2c\Desktop\Cursos\micro-servicio-archt\k8s\microservices\services\notification-service\target\classes\edu\market\notification\infrastructure\adapter\output\persistence\NotificationRepositoryAdapter.class]: Unsatisfied dependency expressed through constructor parameter 0: Error creating bean with name 'jpaNotificationRepository' defined in edu.market.notification.infrastructure.adapter.output.persistence.repository.JpaNotificationRepository defined in @EnableJpaRepositories declared on JpaRepositoriesRegistrar.EnableJpaRepositoriesConfiguration: Could not create query for public abstract java.util.List edu.market.notification.infrastructure.adapter.output.persistence.repository.JpaNotificationRepository.findFailedNotificationsForRetry(int); Reason: Validation failed for query for method public abstract java.util.List edu.market.notification.infrastructure.adapter.output.persistence.repository.JpaNotificationRepository.findFailedNotificationsForRetry(int)
	at org.springframework.beans.factory.support.ConstructorResolver.createArgumentArray(ConstructorResolver.java:804)
	at org.springframework.beans.factory.support.ConstructorResolver.instantiateUsingFactoryMethod(ConstructorResolver.java:546)
	at org.springframework.beans.factory.support.AbstractAutowireCapableBeanFactory.instantiateUsingFactoryMethod(AbstractAutowireCapableBeanFactory.java:1367)
	at org.springframework.beans.factory.support.AbstractAutowireCapableBeanFactory.createBeanInstance(AbstractAutowireCapableBeanFactory.java:1197)
	at org.springframework.beans.factory.support.AbstractAutowireCapableBeanFactory.doCreateBean(AbstractAutowireCapableBeanFactory.java:569)
	at org.springframework.beans.factory.support.AbstractAutowireCapableBeanFactory.createBean(AbstractAutowireCapableBeanFactory.java:529)
	at org.springframework.beans.factory.support.AbstractBeanFactory.lambda$doGetBean$0(AbstractBeanFactory.java:339)
	at org.springframework.beans.factory.support.DefaultSingletonBeanRegistry.getSingleton(DefaultSingletonBeanRegistry.java:371)
	at org.springframework.beans.factory.support.AbstractBeanFactory.doGetBean(AbstractBeanFactory.java:337)
	at org.springframework.beans.factory.support.AbstractBeanFactory.getBean(AbstractBeanFactory.java:202)
	at org.springframework.beans.factory.support.DefaultListableBeanFactory.doResolveDependency(DefaultListableBeanFactory.java:1681)
	at org.springframework.beans.factory.support.DefaultListableBeanFactory.resolveDependency(DefaultListableBeanFactory.java:1627)
	at org.springframework.beans.factory.support.ConstructorResolver.resolveAutowiredArgument(ConstructorResolver.java:913)
	at org.springframework.beans.factory.support.ConstructorResolver.createArgumentArray(ConstructorResolver.java:791)
	... 34 common frames omitted
Caused by: org.springframework.beans.factory.UnsatisfiedDependencyException: Error creating bean with name 'notificationRepositoryAdapter' defined in file [C:\Users\ja2c\Desktop\Cursos\micro-servicio-archt\k8s\microservices\services\notification-service\target\classes\edu\market\notification\infrastructure\adapter\output\persistence\NotificationRepositoryAdapter.class]: Unsatisfied dependency expressed through constructor parameter 0: Error creating bean with name 'jpaNotificationRepository' defined in edu.market.notification.infrastructure.adapter.output.persistence.repository.JpaNotificationRepository defined in @EnableJpaRepositories declared on JpaRepositoriesRegistrar.EnableJpaRepositoriesConfiguration: Could not create query for public abstract java.util.List edu.market.notification.infrastructure.adapter.output.persistence.repository.JpaNotificationRepository.findFailedNotificationsForRetry(int); Reason: Validation failed for query for method public abstract java.util.List edu.market.notification.infrastructure.adapter.output.persistence.repository.JpaNotificationRepository.findFailedNotificationsForRetry(int)
	at org.springframework.beans.factory.support.ConstructorResolver.createArgumentArray(ConstructorResolver.java:804)
	at org.springframework.beans.factory.support.ConstructorResolver.autowireConstructor(ConstructorResolver.java:240)
	at org.springframework.beans.factory.support.AbstractAutowireCapableBeanFactory.autowireConstructor(AbstractAutowireCapableBeanFactory.java:1387)
	at org.springframework.beans.factory.support.AbstractAutowireCapableBeanFactory.createBeanInstance(AbstractAutowireCapableBeanFactory.java:1224)
	at org.springframework.beans.factory.support.AbstractAutowireCapableBeanFactory.doCreateBean(AbstractAutowireCapableBeanFactory.java:569)
	at org.springframework.beans.factory.support.AbstractAutowireCapableBeanFactory.createBean(AbstractAutowireCapableBeanFactory.java:529)
	at org.springframework.beans.factory.support.AbstractBeanFactory.lambda$doGetBean$0(AbstractBeanFactory.java:339)
	at org.springframework.beans.factory.support.DefaultSingletonBeanRegistry.getSingleton(DefaultSingletonBeanRegistry.java:371)
	at org.springframework.beans.factory.support.AbstractBeanFactory.doGetBean(AbstractBeanFactory.java:337)
	at org.springframework.beans.factory.support.AbstractBeanFactory.getBean(AbstractBeanFactory.java:202)
	at org.springframework.beans.factory.config.DependencyDescriptor.resolveCandidate(DependencyDescriptor.java:254)
	at org.springframework.beans.factory.support.DefaultListableBeanFactory.doResolveDependency(DefaultListableBeanFactory.java:1739)
	at org.springframework.beans.factory.support.DefaultListableBeanFactory.resolveDependency(DefaultListableBeanFactory.java:1627)
	at org.springframework.beans.factory.support.ConstructorResolver.resolveAutowiredArgument(ConstructorResolver.java:913)
	at org.springframework.beans.factory.support.ConstructorResolver.createArgumentArray(ConstructorResolver.java:791)
	... 47 common frames omitted
Caused by: org.springframework.beans.factory.BeanCreationException: Error creating bean with name 'jpaNotificationRepository' defined in edu.market.notification.infrastructure.adapter.output.persistence.repository.JpaNotificationRepository defined in @EnableJpaRepositories declared on JpaRepositoriesRegistrar.EnableJpaRepositoriesConfiguration: Could not create query for public abstract java.util.List edu.market.notification.infrastructure.adapter.output.persistence.repository.JpaNotificationRepository.findFailedNotificationsForRetry(int); Reason: Validation failed for query for method public abstract java.util.List edu.market.notification.infrastructure.adapter.output.persistence.repository.JpaNotificationRepository.findFailedNotificationsForRetry(int)
	at org.springframework.beans.factory.support.AbstractAutowireCapableBeanFactory.initializeBean(AbstractAutowireCapableBeanFactory.java:1818)
	at org.springframework.beans.factory.support.AbstractAutowireCapableBeanFactory.doCreateBean(AbstractAutowireCapableBeanFactory.java:607)
	at org.springframework.beans.factory.support.AbstractAutowireCapableBeanFactory.createBean(AbstractAutowireCapableBeanFactory.java:529)
	at org.springframework.beans.factory.support.AbstractBeanFactory.lambda$doGetBean$0(AbstractBeanFactory.java:339)
	at org.springframework.beans.factory.support.DefaultSingletonBeanRegistry.getSingleton(DefaultSingletonBeanRegistry.java:371)
	at org.springframework.beans.factory.support.AbstractBeanFactory.doGetBean(AbstractBeanFactory.java:337)
	at org.springframework.beans.factory.support.AbstractBeanFactory.getBean(AbstractBeanFactory.java:202)
	at org.springframework.beans.factory.config.DependencyDescriptor.resolveCandidate(DependencyDescriptor.java:254)
	at org.springframework.beans.factory.support.DefaultListableBeanFactory.doResolveDependency(DefaultListableBeanFactory.java:1739)
	at org.springframework.beans.factory.support.DefaultListableBeanFactory.resolveDependency(DefaultListableBeanFactory.java:1627)
	at org.springframework.beans.factory.support.ConstructorResolver.resolveAutowiredArgument(ConstructorResolver.java:913)
	at org.springframework.beans.factory.support.ConstructorResolver.createArgumentArray(ConstructorResolver.java:791)
	... 61 common frames omitted
Caused by: org.springframework.data.repository.query.QueryCreationException: Could not create query for public abstract java.util.List edu.market.notification.infrastructure.adapter.output.persistence.repository.JpaNotificationRepository.findFailedNotificationsForRetry(int); Reason: Validation failed for query for method public abstract java.util.List edu.market.notification.infrastructure.adapter.output.persistence.repository.JpaNotificationRepository.findFailedNotificationsForRetry(int)
	at org.springframework.data.repository.query.QueryCreationException.create(QueryCreationException.java:101)
	at org.springframework.data.repository.core.support.QueryExecutorMethodInterceptor.lookupQuery(QueryExecutorMethodInterceptor.java:120)
	at org.springframework.data.repository.core.support.QueryExecutorMethodInterceptor.mapMethodsToQuery(QueryExecutorMethodInterceptor.java:104)
	at org.springframework.data.repository.core.support.QueryExecutorMethodInterceptor.lambda$new$0(QueryExecutorMethodInterceptor.java:92)
	at java.base/java.util.Optional.map(Optional.java:260)
	at org.springframework.data.repository.core.support.QueryExecutorMethodInterceptor.<init>(QueryExecutorMethodInterceptor.java:92)
	at org.springframework.data.repository.core.support.RepositoryFactorySupport.getRepository(RepositoryFactorySupport.java:431)
	at org.springframework.data.repository.core.support.RepositoryFactoryBeanSupport.lambda$afterPropertiesSet$4(RepositoryFactoryBeanSupport.java:350)
	at org.springframework.data.util.Lazy.getNullable(Lazy.java:135)
	at org.springframework.data.util.Lazy.get(Lazy.java:113)
	at org.springframework.data.repository.core.support.RepositoryFactoryBeanSupport.afterPropertiesSet(RepositoryFactoryBeanSupport.java:356)
	at org.springframework.data.jpa.repository.support.JpaRepositoryFactoryBean.afterPropertiesSet(JpaRepositoryFactoryBean.java:132)
	at org.springframework.beans.factory.support.AbstractAutowireCapableBeanFactory.invokeInitMethods(AbstractAutowireCapableBeanFactory.java:1865)
	at org.springframework.beans.factory.support.AbstractAutowireCapableBeanFactory.initializeBean(AbstractAutowireCapableBeanFactory.java:1814)
	... 72 common frames omitted
Caused by: java.lang.IllegalArgumentException: Validation failed for query for method public abstract java.util.List edu.market.notification.infrastructure.adapter.output.persistence.repository.JpaNotificationRepository.findFailedNotificationsForRetry(int)
	at org.springframework.data.jpa.repository.query.SimpleJpaQuery.validateQuery(SimpleJpaQuery.java:97)
	at org.springframework.data.jpa.repository.query.SimpleJpaQuery.<init>(SimpleJpaQuery.java:67)
	at org.springframework.data.jpa.repository.query.JpaQueryFactory.fromMethodWithQueryString(JpaQueryFactory.java:49)
	at org.springframework.data.jpa.repository.query.JpaQueryLookupStrategy$DeclaredQueryLookupStrategy.resolveQuery(JpaQueryLookupStrategy.java:174)
	at org.springframework.data.jpa.repository.query.JpaQueryLookupStrategy$CreateIfNotFoundQueryLookupStrategy.resolveQuery(JpaQueryLookupStrategy.java:254)
	at org.springframework.data.jpa.repository.query.JpaQueryLookupStrategy$AbstractQueryLookupStrategy.resolveQuery(JpaQueryLookupStrategy.java:99)
	at org.springframework.data.repository.core.support.QueryExecutorMethodInterceptor.lookupQuery(QueryExecutorMethodInterceptor.java:116)
	... 84 common frames omitted
Caused by: java.lang.IllegalArgumentException: org.hibernate.query.SemanticException: Could not interpret path expression 'n'
	at org.hibernate.internal.ExceptionConverterImpl.convert(ExceptionConverterImpl.java:143)
	at org.hibernate.internal.ExceptionConverterImpl.convert(ExceptionConverterImpl.java:167)
	at org.hibernate.internal.ExceptionConverterImpl.convert(ExceptionConverterImpl.java:173)
	at org.hibernate.internal.AbstractSharedSessionContract.createQuery(AbstractSharedSessionContract.java:886)
	at org.hibernate.internal.AbstractSharedSessionContract.createQuery(AbstractSharedSessionContract.java:796)
	at org.hibernate.internal.AbstractSharedSessionContract.createQuery(AbstractSharedSessionContract.java:143)
	at java.base/jdk.internal.reflect.DirectMethodHandleAccessor.invoke(DirectMethodHandleAccessor.java:103)
	at java.base/java.lang.reflect.Method.invoke(Method.java:580)
	at org.springframework.orm.jpa.ExtendedEntityManagerCreator$ExtendedEntityManagerInvocationHandler.invoke(ExtendedEntityManagerCreator.java:364)
	at jdk.proxy2/jdk.proxy2.$Proxy179.createQuery(Unknown Source)
	at org.springframework.data.jpa.repository.query.SimpleJpaQuery.validateQuery(SimpleJpaQuery.java:91)
	... 90 common frames omitted
Caused by: org.hibernate.query.SemanticException: Could not interpret path expression 'n'
	at org.hibernate.query.hql.internal.BasicDotIdentifierConsumer$BaseLocalSequencePart.resolvePathPart(BasicDotIdentifierConsumer.java:240)
	at org.hibernate.query.hql.internal.BasicDotIdentifierConsumer.consumeIdentifier(BasicDotIdentifierConsumer.java:92)
	at org.hibernate.query.hql.internal.SemanticQueryBuilder.visitSimplePath(SemanticQueryBuilder.java:5455)
	at org.hibernate.query.hql.internal.SemanticQueryBuilder.visitGeneralPathFragment(SemanticQueryBuilder.java:5298)
	at org.hibernate.query.hql.internal.SemanticQueryBuilder.visitGeneralPathExpression(SemanticQueryBuilder.java:1891)
	at org.hibernate.grammars.hql.HqlParser$GeneralPathExpressionContext.accept(HqlParser.java:8268)
	at org.antlr.v4.runtime.tree.AbstractParseTreeVisitor.visitChildren(AbstractParseTreeVisitor.java:46)
	at org.hibernate.grammars.hql.HqlParserBaseVisitor.visitBarePrimaryExpression(HqlParserBaseVisitor.java:812)
	at org.hibernate.grammars.hql.HqlParser$BarePrimaryExpressionContext.accept(HqlParser.java:7726)
	at org.antlr.v4.runtime.tree.AbstractParseTreeVisitor.visitChildren(AbstractParseTreeVisitor.java:46)
	at org.hibernate.grammars.hql.HqlParserBaseVisitor.visitExpressionOrPredicate(HqlParserBaseVisitor.java:945)
	at org.hibernate.grammars.hql.HqlParser$ExpressionOrPredicateContext.accept(HqlParser.java:8468)
	at org.hibernate.query.hql.internal.SemanticQueryBuilder.visitSelectableNode(SemanticQueryBuilder.java:1435)
	at org.hibernate.query.hql.internal.SemanticQueryBuilder.visitSelection(SemanticQueryBuilder.java:1412)
	at org.hibernate.query.hql.internal.SemanticQueryBuilder.visitSelectClause(SemanticQueryBuilder.java:1405)
	at org.hibernate.query.hql.internal.SemanticQueryBuilder.visitQuery(SemanticQueryBuilder.java:1254)
	at org.hibernate.query.hql.internal.SemanticQueryBuilder.visitQuerySpecExpression(SemanticQueryBuilder.java:1040)
	at org.hibernate.query.hql.internal.SemanticQueryBuilder.visitQuerySpecExpression(SemanticQueryBuilder.java:277)
	at org.hibernate.grammars.hql.HqlParser$QuerySpecExpressionContext.accept(HqlParser.java:2134)
	at org.hibernate.query.hql.internal.SemanticQueryBuilder.visitSimpleQueryGroup(SemanticQueryBuilder.java:1025)
	at org.hibernate.query.hql.internal.SemanticQueryBuilder.visitSimpleQueryGroup(SemanticQueryBuilder.java:277)
	at org.hibernate.grammars.hql.HqlParser$SimpleQueryGroupContext.accept(HqlParser.java:2005)
	at org.hibernate.query.hql.internal.SemanticQueryBuilder.visitSelectStatement(SemanticQueryBuilder.java:492)
	at org.hibernate.query.hql.internal.SemanticQueryBuilder.visitStatement(SemanticQueryBuilder.java:451)
	at org.hibernate.query.hql.internal.SemanticQueryBuilder.buildSemanticModel(SemanticQueryBuilder.java:324)
	at org.hibernate.query.hql.internal.StandardHqlTranslator.translate(StandardHqlTranslator.java:71)
	at org.hibernate.query.internal.QueryInterpretationCacheStandardImpl.createHqlInterpretation(QueryInterpretationCacheStandardImpl.java:145)
	at org.hibernate.query.internal.QueryInterpretationCacheStandardImpl.resolveHqlInterpretation(QueryInterpretationCacheStandardImpl.java:132)
	at org.hibernate.query.spi.QueryEngine.interpretHql(QueryEngine.java:54)
	at org.hibernate.internal.AbstractSharedSessionContract.interpretHql(AbstractSharedSessionContract.java:832)
	at org.hibernate.internal.AbstractSharedSessionContract.createQuery(AbstractSharedSessionContract.java:878)
	... 97 common frames omitted
2025-07-10 21:55:45,097 [background-preinit] INFO  o.h.validator.internal.util.Version                - HV000001: Hibernate Validator 8.0.2.Final
2025-07-10 21:55:45,137 [main] INFO  edu.market.notification.App                        - Starting App v1.0.0 using Java 21 with PID 23568 (C:\Users\ja2c\Desktop\Cursos\micro-servicio-archt\k8s\microservices\services\notification-service\target\classes started by ja2c in C:\Users\ja2c\Desktop\Cursos\micro-servicio-archt\k8s\microservices\services\notification-service)
2025-07-10 21:55:45,138 [main] DEBUG edu.market.notification.App                        - Running with Spring Boot v3.4.5, Spring v6.2.6
2025-07-10 21:55:45,138 [main] INFO  edu.market.notification.App                        - The following 1 profile is active: "dev"
2025-07-10 21:55:45,167 [main] INFO  o.s.c.c.c.ConfigServerConfigDataLoader             - Fetching config from server at : http://localhost:8890
2025-07-10 21:55:45,167 [main] INFO  o.s.c.c.c.ConfigServerConfigDataLoader             - Exception on Url - http://localhost:8890:org.springframework.web.client.ResourceAccessException: I/O error on GET request for "http://localhost:8890/notification-service/default": Connection refused: no further information. Will be trying the next url if available
2025-07-10 21:55:45,168 [main] WARN  o.s.c.c.c.ConfigServerConfigDataLoader             - Could not locate PropertySource ([ConfigServerConfigDataResource@3c818ac4 uris = array<String>['http://localhost:8890'], optional = true, profiles = 'default']): I/O error on GET request for "http://localhost:8890/notification-service/default": Connection refused: no further information
2025-07-10 21:55:45,168 [main] INFO  o.s.c.c.c.ConfigServerConfigDataLoader             - Fetching config from server at : http://localhost:8890
2025-07-10 21:55:45,168 [main] INFO  o.s.c.c.c.ConfigServerConfigDataLoader             - Exception on Url - http://localhost:8890:org.springframework.web.client.ResourceAccessException: I/O error on GET request for "http://localhost:8890/notification-service/dev": Connection refused: no further information. Will be trying the next url if available
2025-07-10 21:55:45,168 [main] WARN  o.s.c.c.c.ConfigServerConfigDataLoader             - Could not locate PropertySource ([ConfigServerConfigDataResource@109f5dd8 uris = array<String>['http://localhost:8890'], optional = true, profiles = 'dev']): I/O error on GET request for "http://localhost:8890/notification-service/dev": Connection refused: no further information
2025-07-10 21:55:45,168 [main] INFO  o.s.c.c.c.ConfigServerConfigDataLoader             - Fetching config from server at : http://localhost:8890
2025-07-10 21:55:45,168 [main] INFO  o.s.c.c.c.ConfigServerConfigDataLoader             - Exception on Url - http://localhost:8890:org.springframework.web.client.ResourceAccessException: I/O error on GET request for "http://localhost:8890/notification-service/default": Connection refused: no further information. Will be trying the next url if available
2025-07-10 21:55:45,169 [main] WARN  o.s.c.c.c.ConfigServerConfigDataLoader             - Could not locate PropertySource ([ConfigServerConfigDataResource@67fe380b uris = array<String>['http://localhost:8890'], optional = true, profiles = 'default']): I/O error on GET request for "http://localhost:8890/notification-service/default": Connection refused: no further information
2025-07-10 21:55:46,199 [main] INFO  o.s.d.r.c.RepositoryConfigurationDelegate          - Bootstrapping Spring Data JPA repositories in DEFAULT mode.
2025-07-10 21:55:46,380 [main] INFO  o.s.d.r.c.RepositoryConfigurationDelegate          - Finished Spring Data repository scanning in 167 ms. Found 6 JPA repository interfaces.
2025-07-10 21:55:46,692 [main] INFO  o.s.cloud.context.scope.GenericScope               - BeanFactory id=77753357-cceb-3f4b-ac79-00a3e87d7170
2025-07-10 21:55:47,630 [main] INFO  o.s.b.w.embedded.tomcat.TomcatWebServer            - Tomcat initialized with port 0 (http)
2025-07-10 21:55:47,647 [main] INFO  o.apache.coyote.http11.Http11NioProtocol           - Initializing ProtocolHandler ["http-nio-auto-1"]
2025-07-10 21:55:47,650 [main] INFO  o.apache.catalina.core.StandardService             - Starting service [Tomcat]
2025-07-10 21:55:47,650 [main] INFO  org.apache.catalina.core.StandardEngine            - Starting Servlet engine: [Apache Tomcat/10.1.40]
2025-07-10 21:55:47,733 [main] INFO  o.a.c.c.C.[Tomcat].[localhost].[/]                 - Initializing Spring embedded WebApplicationContext
2025-07-10 21:55:47,734 [main] INFO  o.s.b.w.s.c.ServletWebServerApplicationContext     - Root WebApplicationContext: initialization completed in 2564 ms
2025-07-10 21:55:48,292 [main] INFO  com.zaxxer.hikari.HikariDataSource                 - HikariPool-1 - Starting...
2025-07-10 21:55:48,491 [main] INFO  com.zaxxer.hikari.pool.HikariPool                  - HikariPool-1 - Added connection conn0: url=jdbc:h2:mem:userdb user=SA
2025-07-10 21:55:48,493 [main] INFO  com.zaxxer.hikari.HikariDataSource                 - HikariPool-1 - Start completed.
2025-07-10 21:55:48,790 [main] INFO  o.hibernate.jpa.internal.util.LogHelper            - HHH000204: Processing PersistenceUnitInfo [name: default]
2025-07-10 21:55:48,895 [main] INFO  org.hibernate.Version                              - HHH000412: Hibernate ORM core version 6.6.13.Final
2025-07-10 21:55:48,950 [main] INFO  o.h.c.internal.RegionFactoryInitiator              - HHH000026: Second-level cache disabled
2025-07-10 21:55:49,282 [main] INFO  o.s.o.j.p.SpringPersistenceUnitInfo                - No LoadTimeWeaver setup: ignoring JPA class transformer
2025-07-10 21:55:49,339 [main] INFO  org.hibernate.orm.connections.pooling              - HHH10001005: Database info:
	Database JDBC URL [Connecting through datasource 'HikariDataSource (HikariPool-1)']
	Database driver: undefined/unknown
	Database version: 2.3.232
	Autocommit mode: undefined/unknown
	Isolation level: undefined/unknown
	Minimum pool size: undefined/unknown
	Maximum pool size: undefined/unknown
2025-07-10 21:55:50,195 [main] INFO  o.h.e.t.j.p.i.JtaPlatformInitiator                 - HHH000489: No JTA platform available (set 'hibernate.transaction.jta.platform' to enable JTA platform integration)
2025-07-10 21:55:50,327 [main] INFO  o.s.o.j.LocalContainerEntityManagerFactoryBean     - Initialized JPA EntityManagerFactory for persistence unit 'default'
2025-07-10 21:55:51,180 [main] INFO  o.s.d.j.r.query.QueryEnhancerFactory               - Hibernate is in classpath; If applicable, HQL parser will be used.
2025-07-10 21:55:51,859 [main] WARN  o.s.b.w.s.c.AnnotationConfigServletWebServerApplicationContext - Exception encountered during context initialization - cancelling refresh attempt: org.springframework.beans.factory.UnsatisfiedDependencyException: Error creating bean with name 'eventController' defined in file [C:\Users\ja2c\Desktop\Cursos\micro-servicio-archt\k8s\microservices\services\notification-service\target\classes\edu\market\notification\infrastructure\adapter\input\web\controller\EventController.class]: Unsatisfied dependency expressed through constructor parameter 0: Error creating bean with name 'processDomainEventUseCase' defined in class path resource [edu/market/notification/infrastructure/config/ApplicationConfig.class]: Unsatisfied dependency expressed through method 'processDomainEventUseCase' parameter 2: Error creating bean with name 'sendNotificationUseCase' defined in class path resource [edu/market/notification/infrastructure/config/ApplicationConfig.class]: Unsatisfied dependency expressed through method 'sendNotificationUseCase' parameter 1: Error creating bean with name 'notificationRepositoryAdapter' defined in file [C:\Users\ja2c\Desktop\Cursos\micro-servicio-archt\k8s\microservices\services\notification-service\target\classes\edu\market\notification\infrastructure\adapter\output\persistence\NotificationRepositoryAdapter.class]: Unsatisfied dependency expressed through constructor parameter 0: Error creating bean with name 'jpaNotificationRepository' defined in edu.market.notification.infrastructure.adapter.output.persistence.repository.JpaNotificationRepository defined in @EnableJpaRepositories declared on JpaRepositoriesRegistrar.EnableJpaRepositoriesConfiguration: Could not create query for public abstract java.util.List edu.market.notification.infrastructure.adapter.output.persistence.repository.JpaNotificationRepository.findByFilters(java.util.UUID,java.lang.String,java.lang.String,java.time.LocalDateTime,java.time.LocalDateTime,org.springframework.data.domain.Pageable); Reason: Validation failed for query for method public abstract java.util.List edu.market.notification.infrastructure.adapter.output.persistence.repository.JpaNotificationRepository.findByFilters(java.util.UUID,java.lang.String,java.lang.String,java.time.LocalDateTime,java.time.LocalDateTime,org.springframework.data.domain.Pageable)
2025-07-10 21:55:51,860 [main] INFO  o.s.o.j.LocalContainerEntityManagerFactoryBean     - Closing JPA EntityManagerFactory for persistence unit 'default'
2025-07-10 21:55:51,862 [main] INFO  com.zaxxer.hikari.HikariDataSource                 - HikariPool-1 - Shutdown initiated...
2025-07-10 21:55:51,863 [main] INFO  com.zaxxer.hikari.HikariDataSource                 - HikariPool-1 - Shutdown completed.
2025-07-10 21:55:51,866 [main] INFO  o.apache.catalina.core.StandardService             - Stopping service [Tomcat]
2025-07-10 21:55:51,883 [main] INFO  o.s.b.a.l.ConditionEvaluationReportLogger          - 

Error starting ApplicationContext. To display the condition evaluation report re-run your application with 'debug' enabled.
2025-07-10 21:55:51,898 [main] ERROR o.springframework.boot.SpringApplication           - Application run failed
org.springframework.beans.factory.UnsatisfiedDependencyException: Error creating bean with name 'eventController' defined in file [C:\Users\ja2c\Desktop\Cursos\micro-servicio-archt\k8s\microservices\services\notification-service\target\classes\edu\market\notification\infrastructure\adapter\input\web\controller\EventController.class]: Unsatisfied dependency expressed through constructor parameter 0: Error creating bean with name 'processDomainEventUseCase' defined in class path resource [edu/market/notification/infrastructure/config/ApplicationConfig.class]: Unsatisfied dependency expressed through method 'processDomainEventUseCase' parameter 2: Error creating bean with name 'sendNotificationUseCase' defined in class path resource [edu/market/notification/infrastructure/config/ApplicationConfig.class]: Unsatisfied dependency expressed through method 'sendNotificationUseCase' parameter 1: Error creating bean with name 'notificationRepositoryAdapter' defined in file [C:\Users\ja2c\Desktop\Cursos\micro-servicio-archt\k8s\microservices\services\notification-service\target\classes\edu\market\notification\infrastructure\adapter\output\persistence\NotificationRepositoryAdapter.class]: Unsatisfied dependency expressed through constructor parameter 0: Error creating bean with name 'jpaNotificationRepository' defined in edu.market.notification.infrastructure.adapter.output.persistence.repository.JpaNotificationRepository defined in @EnableJpaRepositories declared on JpaRepositoriesRegistrar.EnableJpaRepositoriesConfiguration: Could not create query for public abstract java.util.List edu.market.notification.infrastructure.adapter.output.persistence.repository.JpaNotificationRepository.findByFilters(java.util.UUID,java.lang.String,java.lang.String,java.time.LocalDateTime,java.time.LocalDateTime,org.springframework.data.domain.Pageable); Reason: Validation failed for query for method public abstract java.util.List edu.market.notification.infrastructure.adapter.output.persistence.repository.JpaNotificationRepository.findByFilters(java.util.UUID,java.lang.String,java.lang.String,java.time.LocalDateTime,java.time.LocalDateTime,org.springframework.data.domain.Pageable)
	at org.springframework.beans.factory.support.ConstructorResolver.createArgumentArray(ConstructorResolver.java:804)
	at org.springframework.beans.factory.support.ConstructorResolver.autowireConstructor(ConstructorResolver.java:240)
	at org.springframework.beans.factory.support.AbstractAutowireCapableBeanFactory.autowireConstructor(AbstractAutowireCapableBeanFactory.java:1387)
	at org.springframework.beans.factory.support.AbstractAutowireCapableBeanFactory.createBeanInstance(AbstractAutowireCapableBeanFactory.java:1224)
	at org.springframework.beans.factory.support.AbstractAutowireCapableBeanFactory.doCreateBean(AbstractAutowireCapableBeanFactory.java:569)
	at org.springframework.beans.factory.support.AbstractAutowireCapableBeanFactory.createBean(AbstractAutowireCapableBeanFactory.java:529)
	at org.springframework.beans.factory.support.AbstractBeanFactory.lambda$doGetBean$0(AbstractBeanFactory.java:339)
	at org.springframework.beans.factory.support.DefaultSingletonBeanRegistry.getSingleton(DefaultSingletonBeanRegistry.java:371)
	at org.springframework.beans.factory.support.AbstractBeanFactory.doGetBean(AbstractBeanFactory.java:337)
	at org.springframework.beans.factory.support.AbstractBeanFactory.getBean(AbstractBeanFactory.java:202)
	at org.springframework.beans.factory.support.DefaultListableBeanFactory.instantiateSingleton(DefaultListableBeanFactory.java:1221)
	at org.springframework.beans.factory.support.DefaultListableBeanFactory.preInstantiateSingleton(DefaultListableBeanFactory.java:1187)
	at org.springframework.beans.factory.support.DefaultListableBeanFactory.preInstantiateSingletons(DefaultListableBeanFactory.java:1122)
	at org.springframework.context.support.AbstractApplicationContext.finishBeanFactoryInitialization(AbstractApplicationContext.java:987)
	at org.springframework.context.support.AbstractApplicationContext.refresh(AbstractApplicationContext.java:627)
	at org.springframework.boot.web.servlet.context.ServletWebServerApplicationContext.refresh(ServletWebServerApplicationContext.java:146)
	at org.springframework.boot.SpringApplication.refresh(SpringApplication.java:753)
	at org.springframework.boot.SpringApplication.refreshContext(SpringApplication.java:439)
	at org.springframework.boot.SpringApplication.run(SpringApplication.java:318)
	at org.springframework.boot.SpringApplication.run(SpringApplication.java:1362)
	at org.springframework.boot.SpringApplication.run(SpringApplication.java:1351)
	at edu.market.notification.App.main(App.java:10)
Caused by: org.springframework.beans.factory.UnsatisfiedDependencyException: Error creating bean with name 'processDomainEventUseCase' defined in class path resource [edu/market/notification/infrastructure/config/ApplicationConfig.class]: Unsatisfied dependency expressed through method 'processDomainEventUseCase' parameter 2: Error creating bean with name 'sendNotificationUseCase' defined in class path resource [edu/market/notification/infrastructure/config/ApplicationConfig.class]: Unsatisfied dependency expressed through method 'sendNotificationUseCase' parameter 1: Error creating bean with name 'notificationRepositoryAdapter' defined in file [C:\Users\ja2c\Desktop\Cursos\micro-servicio-archt\k8s\microservices\services\notification-service\target\classes\edu\market\notification\infrastructure\adapter\output\persistence\NotificationRepositoryAdapter.class]: Unsatisfied dependency expressed through constructor parameter 0: Error creating bean with name 'jpaNotificationRepository' defined in edu.market.notification.infrastructure.adapter.output.persistence.repository.JpaNotificationRepository defined in @EnableJpaRepositories declared on JpaRepositoriesRegistrar.EnableJpaRepositoriesConfiguration: Could not create query for public abstract java.util.List edu.market.notification.infrastructure.adapter.output.persistence.repository.JpaNotificationRepository.findByFilters(java.util.UUID,java.lang.String,java.lang.String,java.time.LocalDateTime,java.time.LocalDateTime,org.springframework.data.domain.Pageable); Reason: Validation failed for query for method public abstract java.util.List edu.market.notification.infrastructure.adapter.output.persistence.repository.JpaNotificationRepository.findByFilters(java.util.UUID,java.lang.String,java.lang.String,java.time.LocalDateTime,java.time.LocalDateTime,org.springframework.data.domain.Pageable)
	at org.springframework.beans.factory.support.ConstructorResolver.createArgumentArray(ConstructorResolver.java:804)
	at org.springframework.beans.factory.support.ConstructorResolver.instantiateUsingFactoryMethod(ConstructorResolver.java:546)
	at org.springframework.beans.factory.support.AbstractAutowireCapableBeanFactory.instantiateUsingFactoryMethod(AbstractAutowireCapableBeanFactory.java:1367)
	at org.springframework.beans.factory.support.AbstractAutowireCapableBeanFactory.createBeanInstance(AbstractAutowireCapableBeanFactory.java:1197)
	at org.springframework.beans.factory.support.AbstractAutowireCapableBeanFactory.doCreateBean(AbstractAutowireCapableBeanFactory.java:569)
	at org.springframework.beans.factory.support.AbstractAutowireCapableBeanFactory.createBean(AbstractAutowireCapableBeanFactory.java:529)
	at org.springframework.beans.factory.support.AbstractBeanFactory.lambda$doGetBean$0(AbstractBeanFactory.java:339)
	at org.springframework.beans.factory.support.DefaultSingletonBeanRegistry.getSingleton(DefaultSingletonBeanRegistry.java:371)
	at org.springframework.beans.factory.support.AbstractBeanFactory.doGetBean(AbstractBeanFactory.java:337)
	at org.springframework.beans.factory.support.AbstractBeanFactory.getBean(AbstractBeanFactory.java:202)
	at org.springframework.beans.factory.support.DefaultListableBeanFactory.doResolveDependency(DefaultListableBeanFactory.java:1681)
	at org.springframework.beans.factory.support.DefaultListableBeanFactory.resolveDependency(DefaultListableBeanFactory.java:1627)
	at org.springframework.beans.factory.support.ConstructorResolver.resolveAutowiredArgument(ConstructorResolver.java:913)
	at org.springframework.beans.factory.support.ConstructorResolver.createArgumentArray(ConstructorResolver.java:791)
	... 21 common frames omitted
Caused by: org.springframework.beans.factory.UnsatisfiedDependencyException: Error creating bean with name 'sendNotificationUseCase' defined in class path resource [edu/market/notification/infrastructure/config/ApplicationConfig.class]: Unsatisfied dependency expressed through method 'sendNotificationUseCase' parameter 1: Error creating bean with name 'notificationRepositoryAdapter' defined in file [C:\Users\ja2c\Desktop\Cursos\micro-servicio-archt\k8s\microservices\services\notification-service\target\classes\edu\market\notification\infrastructure\adapter\output\persistence\NotificationRepositoryAdapter.class]: Unsatisfied dependency expressed through constructor parameter 0: Error creating bean with name 'jpaNotificationRepository' defined in edu.market.notification.infrastructure.adapter.output.persistence.repository.JpaNotificationRepository defined in @EnableJpaRepositories declared on JpaRepositoriesRegistrar.EnableJpaRepositoriesConfiguration: Could not create query for public abstract java.util.List edu.market.notification.infrastructure.adapter.output.persistence.repository.JpaNotificationRepository.findByFilters(java.util.UUID,java.lang.String,java.lang.String,java.time.LocalDateTime,java.time.LocalDateTime,org.springframework.data.domain.Pageable); Reason: Validation failed for query for method public abstract java.util.List edu.market.notification.infrastructure.adapter.output.persistence.repository.JpaNotificationRepository.findByFilters(java.util.UUID,java.lang.String,java.lang.String,java.time.LocalDateTime,java.time.LocalDateTime,org.springframework.data.domain.Pageable)
	at org.springframework.beans.factory.support.ConstructorResolver.createArgumentArray(ConstructorResolver.java:804)
	at org.springframework.beans.factory.support.ConstructorResolver.instantiateUsingFactoryMethod(ConstructorResolver.java:546)
	at org.springframework.beans.factory.support.AbstractAutowireCapableBeanFactory.instantiateUsingFactoryMethod(AbstractAutowireCapableBeanFactory.java:1367)
	at org.springframework.beans.factory.support.AbstractAutowireCapableBeanFactory.createBeanInstance(AbstractAutowireCapableBeanFactory.java:1197)
	at org.springframework.beans.factory.support.AbstractAutowireCapableBeanFactory.doCreateBean(AbstractAutowireCapableBeanFactory.java:569)
	at org.springframework.beans.factory.support.AbstractAutowireCapableBeanFactory.createBean(AbstractAutowireCapableBeanFactory.java:529)
	at org.springframework.beans.factory.support.AbstractBeanFactory.lambda$doGetBean$0(AbstractBeanFactory.java:339)
	at org.springframework.beans.factory.support.DefaultSingletonBeanRegistry.getSingleton(DefaultSingletonBeanRegistry.java:371)
	at org.springframework.beans.factory.support.AbstractBeanFactory.doGetBean(AbstractBeanFactory.java:337)
	at org.springframework.beans.factory.support.AbstractBeanFactory.getBean(AbstractBeanFactory.java:202)
	at org.springframework.beans.factory.support.DefaultListableBeanFactory.doResolveDependency(DefaultListableBeanFactory.java:1681)
	at org.springframework.beans.factory.support.DefaultListableBeanFactory.resolveDependency(DefaultListableBeanFactory.java:1627)
	at org.springframework.beans.factory.support.ConstructorResolver.resolveAutowiredArgument(ConstructorResolver.java:913)
	at org.springframework.beans.factory.support.ConstructorResolver.createArgumentArray(ConstructorResolver.java:791)
	... 34 common frames omitted
Caused by: org.springframework.beans.factory.UnsatisfiedDependencyException: Error creating bean with name 'notificationRepositoryAdapter' defined in file [C:\Users\ja2c\Desktop\Cursos\micro-servicio-archt\k8s\microservices\services\notification-service\target\classes\edu\market\notification\infrastructure\adapter\output\persistence\NotificationRepositoryAdapter.class]: Unsatisfied dependency expressed through constructor parameter 0: Error creating bean with name 'jpaNotificationRepository' defined in edu.market.notification.infrastructure.adapter.output.persistence.repository.JpaNotificationRepository defined in @EnableJpaRepositories declared on JpaRepositoriesRegistrar.EnableJpaRepositoriesConfiguration: Could not create query for public abstract java.util.List edu.market.notification.infrastructure.adapter.output.persistence.repository.JpaNotificationRepository.findByFilters(java.util.UUID,java.lang.String,java.lang.String,java.time.LocalDateTime,java.time.LocalDateTime,org.springframework.data.domain.Pageable); Reason: Validation failed for query for method public abstract java.util.List edu.market.notification.infrastructure.adapter.output.persistence.repository.JpaNotificationRepository.findByFilters(java.util.UUID,java.lang.String,java.lang.String,java.time.LocalDateTime,java.time.LocalDateTime,org.springframework.data.domain.Pageable)
	at org.springframework.beans.factory.support.ConstructorResolver.createArgumentArray(ConstructorResolver.java:804)
	at org.springframework.beans.factory.support.ConstructorResolver.autowireConstructor(ConstructorResolver.java:240)
	at org.springframework.beans.factory.support.AbstractAutowireCapableBeanFactory.autowireConstructor(AbstractAutowireCapableBeanFactory.java:1387)
	at org.springframework.beans.factory.support.AbstractAutowireCapableBeanFactory.createBeanInstance(AbstractAutowireCapableBeanFactory.java:1224)
	at org.springframework.beans.factory.support.AbstractAutowireCapableBeanFactory.doCreateBean(AbstractAutowireCapableBeanFactory.java:569)
	at org.springframework.beans.factory.support.AbstractAutowireCapableBeanFactory.createBean(AbstractAutowireCapableBeanFactory.java:529)
	at org.springframework.beans.factory.support.AbstractBeanFactory.lambda$doGetBean$0(AbstractBeanFactory.java:339)
	at org.springframework.beans.factory.support.DefaultSingletonBeanRegistry.getSingleton(DefaultSingletonBeanRegistry.java:371)
	at org.springframework.beans.factory.support.AbstractBeanFactory.doGetBean(AbstractBeanFactory.java:337)
	at org.springframework.beans.factory.support.AbstractBeanFactory.getBean(AbstractBeanFactory.java:202)
	at org.springframework.beans.factory.config.DependencyDescriptor.resolveCandidate(DependencyDescriptor.java:254)
	at org.springframework.beans.factory.support.DefaultListableBeanFactory.doResolveDependency(DefaultListableBeanFactory.java:1739)
	at org.springframework.beans.factory.support.DefaultListableBeanFactory.resolveDependency(DefaultListableBeanFactory.java:1627)
	at org.springframework.beans.factory.support.ConstructorResolver.resolveAutowiredArgument(ConstructorResolver.java:913)
	at org.springframework.beans.factory.support.ConstructorResolver.createArgumentArray(ConstructorResolver.java:791)
	... 47 common frames omitted
Caused by: org.springframework.beans.factory.BeanCreationException: Error creating bean with name 'jpaNotificationRepository' defined in edu.market.notification.infrastructure.adapter.output.persistence.repository.JpaNotificationRepository defined in @EnableJpaRepositories declared on JpaRepositoriesRegistrar.EnableJpaRepositoriesConfiguration: Could not create query for public abstract java.util.List edu.market.notification.infrastructure.adapter.output.persistence.repository.JpaNotificationRepository.findByFilters(java.util.UUID,java.lang.String,java.lang.String,java.time.LocalDateTime,java.time.LocalDateTime,org.springframework.data.domain.Pageable); Reason: Validation failed for query for method public abstract java.util.List edu.market.notification.infrastructure.adapter.output.persistence.repository.JpaNotificationRepository.findByFilters(java.util.UUID,java.lang.String,java.lang.String,java.time.LocalDateTime,java.time.LocalDateTime,org.springframework.data.domain.Pageable)
	at org.springframework.beans.factory.support.AbstractAutowireCapableBeanFactory.initializeBean(AbstractAutowireCapableBeanFactory.java:1818)
	at org.springframework.beans.factory.support.AbstractAutowireCapableBeanFactory.doCreateBean(AbstractAutowireCapableBeanFactory.java:607)
	at org.springframework.beans.factory.support.AbstractAutowireCapableBeanFactory.createBean(AbstractAutowireCapableBeanFactory.java:529)
	at org.springframework.beans.factory.support.AbstractBeanFactory.lambda$doGetBean$0(AbstractBeanFactory.java:339)
	at org.springframework.beans.factory.support.DefaultSingletonBeanRegistry.getSingleton(DefaultSingletonBeanRegistry.java:371)
	at org.springframework.beans.factory.support.AbstractBeanFactory.doGetBean(AbstractBeanFactory.java:337)
	at org.springframework.beans.factory.support.AbstractBeanFactory.getBean(AbstractBeanFactory.java:202)
	at org.springframework.beans.factory.config.DependencyDescriptor.resolveCandidate(DependencyDescriptor.java:254)
	at org.springframework.beans.factory.support.DefaultListableBeanFactory.doResolveDependency(DefaultListableBeanFactory.java:1739)
	at org.springframework.beans.factory.support.DefaultListableBeanFactory.resolveDependency(DefaultListableBeanFactory.java:1627)
	at org.springframework.beans.factory.support.ConstructorResolver.resolveAutowiredArgument(ConstructorResolver.java:913)
	at org.springframework.beans.factory.support.ConstructorResolver.createArgumentArray(ConstructorResolver.java:791)
	... 61 common frames omitted
Caused by: org.springframework.data.repository.query.QueryCreationException: Could not create query for public abstract java.util.List edu.market.notification.infrastructure.adapter.output.persistence.repository.JpaNotificationRepository.findByFilters(java.util.UUID,java.lang.String,java.lang.String,java.time.LocalDateTime,java.time.LocalDateTime,org.springframework.data.domain.Pageable); Reason: Validation failed for query for method public abstract java.util.List edu.market.notification.infrastructure.adapter.output.persistence.repository.JpaNotificationRepository.findByFilters(java.util.UUID,java.lang.String,java.lang.String,java.time.LocalDateTime,java.time.LocalDateTime,org.springframework.data.domain.Pageable)
	at org.springframework.data.repository.query.QueryCreationException.create(QueryCreationException.java:101)
	at org.springframework.data.repository.core.support.QueryExecutorMethodInterceptor.lookupQuery(QueryExecutorMethodInterceptor.java:120)
	at org.springframework.data.repository.core.support.QueryExecutorMethodInterceptor.mapMethodsToQuery(QueryExecutorMethodInterceptor.java:104)
	at org.springframework.data.repository.core.support.QueryExecutorMethodInterceptor.lambda$new$0(QueryExecutorMethodInterceptor.java:92)
	at java.base/java.util.Optional.map(Optional.java:260)
	at org.springframework.data.repository.core.support.QueryExecutorMethodInterceptor.<init>(QueryExecutorMethodInterceptor.java:92)
	at org.springframework.data.repository.core.support.RepositoryFactorySupport.getRepository(RepositoryFactorySupport.java:431)
	at org.springframework.data.repository.core.support.RepositoryFactoryBeanSupport.lambda$afterPropertiesSet$4(RepositoryFactoryBeanSupport.java:350)
	at org.springframework.data.util.Lazy.getNullable(Lazy.java:135)
	at org.springframework.data.util.Lazy.get(Lazy.java:113)
	at org.springframework.data.repository.core.support.RepositoryFactoryBeanSupport.afterPropertiesSet(RepositoryFactoryBeanSupport.java:356)
	at org.springframework.data.jpa.repository.support.JpaRepositoryFactoryBean.afterPropertiesSet(JpaRepositoryFactoryBean.java:132)
	at org.springframework.beans.factory.support.AbstractAutowireCapableBeanFactory.invokeInitMethods(AbstractAutowireCapableBeanFactory.java:1865)
	at org.springframework.beans.factory.support.AbstractAutowireCapableBeanFactory.initializeBean(AbstractAutowireCapableBeanFactory.java:1814)
	... 72 common frames omitted
Caused by: java.lang.IllegalArgumentException: Validation failed for query for method public abstract java.util.List edu.market.notification.infrastructure.adapter.output.persistence.repository.JpaNotificationRepository.findByFilters(java.util.UUID,java.lang.String,java.lang.String,java.time.LocalDateTime,java.time.LocalDateTime,org.springframework.data.domain.Pageable)
	at org.springframework.data.jpa.repository.query.SimpleJpaQuery.validateQuery(SimpleJpaQuery.java:97)
	at org.springframework.data.jpa.repository.query.SimpleJpaQuery.<init>(SimpleJpaQuery.java:67)
	at org.springframework.data.jpa.repository.query.JpaQueryFactory.fromMethodWithQueryString(JpaQueryFactory.java:49)
	at org.springframework.data.jpa.repository.query.JpaQueryLookupStrategy$DeclaredQueryLookupStrategy.resolveQuery(JpaQueryLookupStrategy.java:174)
	at org.springframework.data.jpa.repository.query.JpaQueryLookupStrategy$CreateIfNotFoundQueryLookupStrategy.resolveQuery(JpaQueryLookupStrategy.java:254)
	at org.springframework.data.jpa.repository.query.JpaQueryLookupStrategy$AbstractQueryLookupStrategy.resolveQuery(JpaQueryLookupStrategy.java:99)
	at org.springframework.data.repository.core.support.QueryExecutorMethodInterceptor.lookupQuery(QueryExecutorMethodInterceptor.java:116)
	... 84 common frames omitted
Caused by: java.lang.IllegalArgumentException: org.hibernate.query.sqm.UnknownPathException: Could not resolve attribute 'type' of 'edu.market.notification.infrastructure.adapter.output.persistence.entity.NotificationEntity' [SELECT n FROM NotificationEntity n WHERE (:userId is null OR n.recipientUserId = :userId) AND (:notificationType is null OR n.type = :notificationType) AND (:status is null OR n.status = :status) AND (:startDate is null OR n.createdAt >= :startDate) AND (:endDate is null OR n.createdAt <= :endDate)]
	at org.hibernate.internal.ExceptionConverterImpl.convert(ExceptionConverterImpl.java:143)
	at org.hibernate.internal.ExceptionConverterImpl.convert(ExceptionConverterImpl.java:167)
	at org.hibernate.internal.ExceptionConverterImpl.convert(ExceptionConverterImpl.java:173)
	at org.hibernate.internal.AbstractSharedSessionContract.createQuery(AbstractSharedSessionContract.java:886)
	at org.hibernate.internal.AbstractSharedSessionContract.createQuery(AbstractSharedSessionContract.java:796)
	at org.hibernate.internal.AbstractSharedSessionContract.createQuery(AbstractSharedSessionContract.java:143)
	at java.base/jdk.internal.reflect.DirectMethodHandleAccessor.invoke(DirectMethodHandleAccessor.java:103)
	at java.base/java.lang.reflect.Method.invoke(Method.java:580)
	at org.springframework.orm.jpa.ExtendedEntityManagerCreator$ExtendedEntityManagerInvocationHandler.invoke(ExtendedEntityManagerCreator.java:364)
	at jdk.proxy2/jdk.proxy2.$Proxy179.createQuery(Unknown Source)
	at org.springframework.data.jpa.repository.query.SimpleJpaQuery.validateQuery(SimpleJpaQuery.java:91)
	... 90 common frames omitted
Caused by: org.hibernate.query.sqm.UnknownPathException: Could not resolve attribute 'type' of 'edu.market.notification.infrastructure.adapter.output.persistence.entity.NotificationEntity' [SELECT n FROM NotificationEntity n WHERE (:userId is null OR n.recipientUserId = :userId) AND (:notificationType is null OR n.type = :notificationType) AND (:status is null OR n.status = :status) AND (:startDate is null OR n.createdAt >= :startDate) AND (:endDate is null OR n.createdAt <= :endDate)]
	at org.hibernate.query.hql.internal.StandardHqlTranslator.translate(StandardHqlTranslator.java:88)
	at org.hibernate.query.internal.QueryInterpretationCacheStandardImpl.createHqlInterpretation(QueryInterpretationCacheStandardImpl.java:145)
	at org.hibernate.query.internal.QueryInterpretationCacheStandardImpl.resolveHqlInterpretation(QueryInterpretationCacheStandardImpl.java:132)
	at org.hibernate.query.spi.QueryEngine.interpretHql(QueryEngine.java:54)
	at org.hibernate.internal.AbstractSharedSessionContract.interpretHql(AbstractSharedSessionContract.java:832)
	at org.hibernate.internal.AbstractSharedSessionContract.createQuery(AbstractSharedSessionContract.java:878)
	... 97 common frames omitted
Caused by: org.hibernate.query.sqm.PathElementException: Could not resolve attribute 'type' of 'edu.market.notification.infrastructure.adapter.output.persistence.entity.NotificationEntity'
	at org.hibernate.query.sqm.SqmPathSource.getSubPathSource(SqmPathSource.java:95)
	at org.hibernate.query.sqm.tree.domain.AbstractSqmPath.get(AbstractSqmPath.java:198)
	at org.hibernate.query.sqm.tree.domain.AbstractSqmFrom.resolvePathPart(AbstractSqmFrom.java:198)
	at org.hibernate.query.hql.internal.DomainPathPart.resolvePathPart(DomainPathPart.java:42)
	at org.hibernate.query.hql.internal.BasicDotIdentifierConsumer.consumeIdentifier(BasicDotIdentifierConsumer.java:92)
	at org.hibernate.query.hql.internal.SemanticQueryBuilder.visitSimplePath(SemanticQueryBuilder.java:5465)
	at org.hibernate.query.hql.internal.SemanticQueryBuilder.visitGeneralPathFragment(SemanticQueryBuilder.java:5298)
	at org.hibernate.query.hql.internal.SemanticQueryBuilder.visitGeneralPathExpression(SemanticQueryBuilder.java:1891)
	at org.hibernate.grammars.hql.HqlParser$GeneralPathExpressionContext.accept(HqlParser.java:8268)
	at org.antlr.v4.runtime.tree.AbstractParseTreeVisitor.visitChildren(AbstractParseTreeVisitor.java:46)
	at org.hibernate.grammars.hql.HqlParserBaseVisitor.visitBarePrimaryExpression(HqlParserBaseVisitor.java:812)
	at org.hibernate.grammars.hql.HqlParser$BarePrimaryExpressionContext.accept(HqlParser.java:7726)
	at org.hibernate.query.hql.internal.SemanticQueryBuilder.createComparisonPredicate(SemanticQueryBuilder.java:2548)
	at org.hibernate.query.hql.internal.SemanticQueryBuilder.visitComparisonPredicate(SemanticQueryBuilder.java:2509)
	at org.hibernate.query.hql.internal.SemanticQueryBuilder.visitComparisonPredicate(SemanticQueryBuilder.java:277)
	at org.hibernate.grammars.hql.HqlParser$ComparisonPredicateContext.accept(HqlParser.java:6611)
	at org.hibernate.query.hql.internal.SemanticQueryBuilder.visitOrPredicate(SemanticQueryBuilder.java:2388)
	at org.hibernate.query.hql.internal.SemanticQueryBuilder.visitOrPredicate(SemanticQueryBuilder.java:277)
	at org.hibernate.grammars.hql.HqlParser$OrPredicateContext.accept(HqlParser.java:6702)
	at org.hibernate.query.hql.internal.SemanticQueryBuilder.visitGroupedPredicate(SemanticQueryBuilder.java:2369)
	at org.hibernate.query.hql.internal.SemanticQueryBuilder.visitGroupedPredicate(SemanticQueryBuilder.java:277)
	at org.hibernate.grammars.hql.HqlParser$GroupedPredicateContext.accept(HqlParser.java:6506)
	at org.hibernate.query.hql.internal.SemanticQueryBuilder.visitAndPredicate(SemanticQueryBuilder.java:2379)
	at org.hibernate.query.hql.internal.SemanticQueryBuilder.visitAndPredicate(SemanticQueryBuilder.java:277)
	at org.hibernate.grammars.hql.HqlParser$AndPredicateContext.accept(HqlParser.java:6461)
	at org.hibernate.query.hql.internal.SemanticQueryBuilder.visitAndPredicate(SemanticQueryBuilder.java:2378)
	at org.hibernate.query.hql.internal.SemanticQueryBuilder.visitAndPredicate(SemanticQueryBuilder.java:277)
	at org.hibernate.grammars.hql.HqlParser$AndPredicateContext.accept(HqlParser.java:6461)
	at org.hibernate.query.hql.internal.SemanticQueryBuilder.visitAndPredicate(SemanticQueryBuilder.java:2378)
	at org.hibernate.query.hql.internal.SemanticQueryBuilder.visitAndPredicate(SemanticQueryBuilder.java:277)
	at org.hibernate.grammars.hql.HqlParser$AndPredicateContext.accept(HqlParser.java:6461)
	at org.hibernate.query.hql.internal.SemanticQueryBuilder.visitAndPredicate(SemanticQueryBuilder.java:2378)
	at org.hibernate.query.hql.internal.SemanticQueryBuilder.visitAndPredicate(SemanticQueryBuilder.java:277)
	at org.hibernate.grammars.hql.HqlParser$AndPredicateContext.accept(HqlParser.java:6461)
	at org.hibernate.query.hql.internal.SemanticQueryBuilder.visitWhereClause(SemanticQueryBuilder.java:2361)
	at org.hibernate.query.hql.internal.SemanticQueryBuilder.visitWhereClause(SemanticQueryBuilder.java:277)
	at org.hibernate.grammars.hql.HqlParser$WhereClauseContext.accept(HqlParser.java:6302)
	at org.hibernate.query.hql.internal.SemanticQueryBuilder.visitQuery(SemanticQueryBuilder.java:1259)
	at org.hibernate.query.hql.internal.SemanticQueryBuilder.visitQuerySpecExpression(SemanticQueryBuilder.java:1040)
	at org.hibernate.query.hql.internal.SemanticQueryBuilder.visitQuerySpecExpression(SemanticQueryBuilder.java:277)
	at org.hibernate.grammars.hql.HqlParser$QuerySpecExpressionContext.accept(HqlParser.java:2134)
	at org.hibernate.query.hql.internal.SemanticQueryBuilder.visitSimpleQueryGroup(SemanticQueryBuilder.java:1025)
	at org.hibernate.query.hql.internal.SemanticQueryBuilder.visitSimpleQueryGroup(SemanticQueryBuilder.java:277)
	at org.hibernate.grammars.hql.HqlParser$SimpleQueryGroupContext.accept(HqlParser.java:2005)
	at org.hibernate.query.hql.internal.SemanticQueryBuilder.visitSelectStatement(SemanticQueryBuilder.java:492)
	at org.hibernate.query.hql.internal.SemanticQueryBuilder.visitStatement(SemanticQueryBuilder.java:451)
	at org.hibernate.query.hql.internal.SemanticQueryBuilder.buildSemanticModel(SemanticQueryBuilder.java:324)
	at org.hibernate.query.hql.internal.StandardHqlTranslator.translate(StandardHqlTranslator.java:71)
	... 102 common frames omitted
2025-07-10 21:56:26,231 [background-preinit] INFO  o.h.validator.internal.util.Version                - HV000001: Hibernate Validator 8.0.2.Final
2025-07-10 21:56:26,274 [main] INFO  edu.market.notification.App                        - Starting App v1.0.0 using Java 21 with PID 2764 (C:\Users\ja2c\Desktop\Cursos\micro-servicio-archt\k8s\microservices\services\notification-service\target\classes started by ja2c in C:\Users\ja2c\Desktop\Cursos\micro-servicio-archt\k8s\microservices\services\notification-service)
2025-07-10 21:56:26,275 [main] DEBUG edu.market.notification.App                        - Running with Spring Boot v3.4.5, Spring v6.2.6
2025-07-10 21:56:26,275 [main] INFO  edu.market.notification.App                        - The following 1 profile is active: "dev"
2025-07-10 21:56:26,309 [main] INFO  o.s.c.c.c.ConfigServerConfigDataLoader             - Fetching config from server at : http://localhost:8890
2025-07-10 21:56:26,309 [main] INFO  o.s.c.c.c.ConfigServerConfigDataLoader             - Exception on Url - http://localhost:8890:org.springframework.web.client.ResourceAccessException: I/O error on GET request for "http://localhost:8890/notification-service/default": Connection refused: no further information. Will be trying the next url if available
2025-07-10 21:56:26,310 [main] WARN  o.s.c.c.c.ConfigServerConfigDataLoader             - Could not locate PropertySource ([ConfigServerConfigDataResource@3c818ac4 uris = array<String>['http://localhost:8890'], optional = true, profiles = 'default']): I/O error on GET request for "http://localhost:8890/notification-service/default": Connection refused: no further information
2025-07-10 21:56:26,310 [main] INFO  o.s.c.c.c.ConfigServerConfigDataLoader             - Fetching config from server at : http://localhost:8890
2025-07-10 21:56:26,310 [main] INFO  o.s.c.c.c.ConfigServerConfigDataLoader             - Exception on Url - http://localhost:8890:org.springframework.web.client.ResourceAccessException: I/O error on GET request for "http://localhost:8890/notification-service/dev": Connection refused: no further information. Will be trying the next url if available
2025-07-10 21:56:26,310 [main] WARN  o.s.c.c.c.ConfigServerConfigDataLoader             - Could not locate PropertySource ([ConfigServerConfigDataResource@109f5dd8 uris = array<String>['http://localhost:8890'], optional = true, profiles = 'dev']): I/O error on GET request for "http://localhost:8890/notification-service/dev": Connection refused: no further information
2025-07-10 21:56:26,310 [main] INFO  o.s.c.c.c.ConfigServerConfigDataLoader             - Fetching config from server at : http://localhost:8890
2025-07-10 21:56:26,310 [main] INFO  o.s.c.c.c.ConfigServerConfigDataLoader             - Exception on Url - http://localhost:8890:org.springframework.web.client.ResourceAccessException: I/O error on GET request for "http://localhost:8890/notification-service/default": Connection refused: no further information. Will be trying the next url if available
2025-07-10 21:56:26,310 [main] WARN  o.s.c.c.c.ConfigServerConfigDataLoader             - Could not locate PropertySource ([ConfigServerConfigDataResource@67fe380b uris = array<String>['http://localhost:8890'], optional = true, profiles = 'default']): I/O error on GET request for "http://localhost:8890/notification-service/default": Connection refused: no further information
2025-07-10 21:56:27,369 [main] INFO  o.s.d.r.c.RepositoryConfigurationDelegate          - Bootstrapping Spring Data JPA repositories in DEFAULT mode.
2025-07-10 21:56:27,558 [main] INFO  o.s.d.r.c.RepositoryConfigurationDelegate          - Finished Spring Data repository scanning in 175 ms. Found 6 JPA repository interfaces.
2025-07-10 21:56:27,888 [main] INFO  o.s.cloud.context.scope.GenericScope               - BeanFactory id=77753357-cceb-3f4b-ac79-00a3e87d7170
2025-07-10 21:56:28,856 [main] INFO  o.s.b.w.embedded.tomcat.TomcatWebServer            - Tomcat initialized with port 0 (http)
2025-07-10 21:56:28,869 [main] INFO  o.apache.coyote.http11.Http11NioProtocol           - Initializing ProtocolHandler ["http-nio-auto-1"]
2025-07-10 21:56:28,870 [main] INFO  o.apache.catalina.core.StandardService             - Starting service [Tomcat]
2025-07-10 21:56:28,871 [main] INFO  org.apache.catalina.core.StandardEngine            - Starting Servlet engine: [Apache Tomcat/10.1.40]
2025-07-10 21:56:28,958 [main] INFO  o.a.c.c.C.[Tomcat].[localhost].[/]                 - Initializing Spring embedded WebApplicationContext
2025-07-10 21:56:28,958 [main] INFO  o.s.b.w.s.c.ServletWebServerApplicationContext     - Root WebApplicationContext: initialization completed in 2646 ms
2025-07-10 21:56:29,496 [main] INFO  com.zaxxer.hikari.HikariDataSource                 - HikariPool-1 - Starting...
2025-07-10 21:56:29,710 [main] INFO  com.zaxxer.hikari.pool.HikariPool                  - HikariPool-1 - Added connection conn0: url=jdbc:h2:mem:userdb user=SA
2025-07-10 21:56:29,711 [main] INFO  com.zaxxer.hikari.HikariDataSource                 - HikariPool-1 - Start completed.
2025-07-10 21:56:29,999 [main] INFO  o.hibernate.jpa.internal.util.LogHelper            - HHH000204: Processing PersistenceUnitInfo [name: default]
2025-07-10 21:56:30,150 [main] INFO  org.hibernate.Version                              - HHH000412: Hibernate ORM core version 6.6.13.Final
2025-07-10 21:56:30,208 [main] INFO  o.h.c.internal.RegionFactoryInitiator              - HHH000026: Second-level cache disabled
2025-07-10 21:56:30,491 [main] INFO  o.s.o.j.p.SpringPersistenceUnitInfo                - No LoadTimeWeaver setup: ignoring JPA class transformer
2025-07-10 21:56:30,549 [main] INFO  org.hibernate.orm.connections.pooling              - HHH10001005: Database info:
	Database JDBC URL [Connecting through datasource 'HikariDataSource (HikariPool-1)']
	Database driver: undefined/unknown
	Database version: 2.3.232
	Autocommit mode: undefined/unknown
	Isolation level: undefined/unknown
	Minimum pool size: undefined/unknown
	Maximum pool size: undefined/unknown
2025-07-10 21:56:31,412 [main] INFO  o.h.e.t.j.p.i.JtaPlatformInitiator                 - HHH000489: No JTA platform available (set 'hibernate.transaction.jta.platform' to enable JTA platform integration)
2025-07-10 21:56:31,533 [main] INFO  o.s.o.j.LocalContainerEntityManagerFactoryBean     - Initialized JPA EntityManagerFactory for persistence unit 'default'
2025-07-10 21:56:32,416 [main] WARN  o.s.b.w.s.c.AnnotationConfigServletWebServerApplicationContext - Exception encountered during context initialization - cancelling refresh attempt: org.springframework.beans.factory.UnsatisfiedDependencyException: Error creating bean with name 'eventController' defined in file [C:\Users\ja2c\Desktop\Cursos\micro-servicio-archt\k8s\microservices\services\notification-service\target\classes\edu\market\notification\infrastructure\adapter\input\web\controller\EventController.class]: Unsatisfied dependency expressed through constructor parameter 0: Error creating bean with name 'processDomainEventUseCase' defined in class path resource [edu/market/notification/infrastructure/config/ApplicationConfig.class]: Unsatisfied dependency expressed through method 'processDomainEventUseCase' parameter 2: Error creating bean with name 'sendNotificationUseCase' defined in class path resource [edu/market/notification/infrastructure/config/ApplicationConfig.class]: Unsatisfied dependency expressed through method 'sendNotificationUseCase' parameter 1: Error creating bean with name 'notificationRepositoryAdapter' defined in file [C:\Users\ja2c\Desktop\Cursos\micro-servicio-archt\k8s\microservices\services\notification-service\target\classes\edu\market\notification\infrastructure\adapter\output\persistence\NotificationRepositoryAdapter.class]: Unsatisfied dependency expressed through constructor parameter 0: Error creating bean with name 'jpaNotificationRepository' defined in edu.market.notification.infrastructure.adapter.output.persistence.repository.JpaNotificationRepository defined in @EnableJpaRepositories declared on JpaRepositoriesRegistrar.EnableJpaRepositoriesConfiguration: Could not create query for public abstract java.util.List edu.market.notification.infrastructure.adapter.output.persistence.repository.JpaNotificationRepository.findByFilters(java.util.UUID,java.lang.String,java.lang.String,java.time.LocalDateTime,java.time.LocalDateTime,org.springframework.data.domain.Pageable); Reason: Failed to create query for method public abstract java.util.List edu.market.notification.infrastructure.adapter.output.persistence.repository.JpaNotificationRepository.findByFilters(java.util.UUID,java.lang.String,java.lang.String,java.time.LocalDateTime,java.time.LocalDateTime,org.springframework.data.domain.Pageable); No property 'filters' found for type 'NotificationEntity'
2025-07-10 21:56:32,417 [main] INFO  o.s.o.j.LocalContainerEntityManagerFactoryBean     - Closing JPA EntityManagerFactory for persistence unit 'default'
2025-07-10 21:56:32,420 [main] INFO  com.zaxxer.hikari.HikariDataSource                 - HikariPool-1 - Shutdown initiated...
2025-07-10 21:56:32,422 [main] INFO  com.zaxxer.hikari.HikariDataSource                 - HikariPool-1 - Shutdown completed.
2025-07-10 21:56:32,425 [main] INFO  o.apache.catalina.core.StandardService             - Stopping service [Tomcat]
2025-07-10 21:56:32,445 [main] INFO  o.s.b.a.l.ConditionEvaluationReportLogger          - 

Error starting ApplicationContext. To display the condition evaluation report re-run your application with 'debug' enabled.
2025-07-10 21:56:32,472 [main] ERROR o.springframework.boot.SpringApplication           - Application run failed
org.springframework.beans.factory.UnsatisfiedDependencyException: Error creating bean with name 'eventController' defined in file [C:\Users\ja2c\Desktop\Cursos\micro-servicio-archt\k8s\microservices\services\notification-service\target\classes\edu\market\notification\infrastructure\adapter\input\web\controller\EventController.class]: Unsatisfied dependency expressed through constructor parameter 0: Error creating bean with name 'processDomainEventUseCase' defined in class path resource [edu/market/notification/infrastructure/config/ApplicationConfig.class]: Unsatisfied dependency expressed through method 'processDomainEventUseCase' parameter 2: Error creating bean with name 'sendNotificationUseCase' defined in class path resource [edu/market/notification/infrastructure/config/ApplicationConfig.class]: Unsatisfied dependency expressed through method 'sendNotificationUseCase' parameter 1: Error creating bean with name 'notificationRepositoryAdapter' defined in file [C:\Users\ja2c\Desktop\Cursos\micro-servicio-archt\k8s\microservices\services\notification-service\target\classes\edu\market\notification\infrastructure\adapter\output\persistence\NotificationRepositoryAdapter.class]: Unsatisfied dependency expressed through constructor parameter 0: Error creating bean with name 'jpaNotificationRepository' defined in edu.market.notification.infrastructure.adapter.output.persistence.repository.JpaNotificationRepository defined in @EnableJpaRepositories declared on JpaRepositoriesRegistrar.EnableJpaRepositoriesConfiguration: Could not create query for public abstract java.util.List edu.market.notification.infrastructure.adapter.output.persistence.repository.JpaNotificationRepository.findByFilters(java.util.UUID,java.lang.String,java.lang.String,java.time.LocalDateTime,java.time.LocalDateTime,org.springframework.data.domain.Pageable); Reason: Failed to create query for method public abstract java.util.List edu.market.notification.infrastructure.adapter.output.persistence.repository.JpaNotificationRepository.findByFilters(java.util.UUID,java.lang.String,java.lang.String,java.time.LocalDateTime,java.time.LocalDateTime,org.springframework.data.domain.Pageable); No property 'filters' found for type 'NotificationEntity'
	at org.springframework.beans.factory.support.ConstructorResolver.createArgumentArray(ConstructorResolver.java:804)
	at org.springframework.beans.factory.support.ConstructorResolver.autowireConstructor(ConstructorResolver.java:240)
	at org.springframework.beans.factory.support.AbstractAutowireCapableBeanFactory.autowireConstructor(AbstractAutowireCapableBeanFactory.java:1387)
	at org.springframework.beans.factory.support.AbstractAutowireCapableBeanFactory.createBeanInstance(AbstractAutowireCapableBeanFactory.java:1224)
	at org.springframework.beans.factory.support.AbstractAutowireCapableBeanFactory.doCreateBean(AbstractAutowireCapableBeanFactory.java:569)
	at org.springframework.beans.factory.support.AbstractAutowireCapableBeanFactory.createBean(AbstractAutowireCapableBeanFactory.java:529)
	at org.springframework.beans.factory.support.AbstractBeanFactory.lambda$doGetBean$0(AbstractBeanFactory.java:339)
	at org.springframework.beans.factory.support.DefaultSingletonBeanRegistry.getSingleton(DefaultSingletonBeanRegistry.java:371)
	at org.springframework.beans.factory.support.AbstractBeanFactory.doGetBean(AbstractBeanFactory.java:337)
	at org.springframework.beans.factory.support.AbstractBeanFactory.getBean(AbstractBeanFactory.java:202)
	at org.springframework.beans.factory.support.DefaultListableBeanFactory.instantiateSingleton(DefaultListableBeanFactory.java:1221)
	at org.springframework.beans.factory.support.DefaultListableBeanFactory.preInstantiateSingleton(DefaultListableBeanFactory.java:1187)
	at org.springframework.beans.factory.support.DefaultListableBeanFactory.preInstantiateSingletons(DefaultListableBeanFactory.java:1122)
	at org.springframework.context.support.AbstractApplicationContext.finishBeanFactoryInitialization(AbstractApplicationContext.java:987)
	at org.springframework.context.support.AbstractApplicationContext.refresh(AbstractApplicationContext.java:627)
	at org.springframework.boot.web.servlet.context.ServletWebServerApplicationContext.refresh(ServletWebServerApplicationContext.java:146)
	at org.springframework.boot.SpringApplication.refresh(SpringApplication.java:753)
	at org.springframework.boot.SpringApplication.refreshContext(SpringApplication.java:439)
	at org.springframework.boot.SpringApplication.run(SpringApplication.java:318)
	at org.springframework.boot.SpringApplication.run(SpringApplication.java:1362)
	at org.springframework.boot.SpringApplication.run(SpringApplication.java:1351)
	at edu.market.notification.App.main(App.java:10)
Caused by: org.springframework.beans.factory.UnsatisfiedDependencyException: Error creating bean with name 'processDomainEventUseCase' defined in class path resource [edu/market/notification/infrastructure/config/ApplicationConfig.class]: Unsatisfied dependency expressed through method 'processDomainEventUseCase' parameter 2: Error creating bean with name 'sendNotificationUseCase' defined in class path resource [edu/market/notification/infrastructure/config/ApplicationConfig.class]: Unsatisfied dependency expressed through method 'sendNotificationUseCase' parameter 1: Error creating bean with name 'notificationRepositoryAdapter' defined in file [C:\Users\ja2c\Desktop\Cursos\micro-servicio-archt\k8s\microservices\services\notification-service\target\classes\edu\market\notification\infrastructure\adapter\output\persistence\NotificationRepositoryAdapter.class]: Unsatisfied dependency expressed through constructor parameter 0: Error creating bean with name 'jpaNotificationRepository' defined in edu.market.notification.infrastructure.adapter.output.persistence.repository.JpaNotificationRepository defined in @EnableJpaRepositories declared on JpaRepositoriesRegistrar.EnableJpaRepositoriesConfiguration: Could not create query for public abstract java.util.List edu.market.notification.infrastructure.adapter.output.persistence.repository.JpaNotificationRepository.findByFilters(java.util.UUID,java.lang.String,java.lang.String,java.time.LocalDateTime,java.time.LocalDateTime,org.springframework.data.domain.Pageable); Reason: Failed to create query for method public abstract java.util.List edu.market.notification.infrastructure.adapter.output.persistence.repository.JpaNotificationRepository.findByFilters(java.util.UUID,java.lang.String,java.lang.String,java.time.LocalDateTime,java.time.LocalDateTime,org.springframework.data.domain.Pageable); No property 'filters' found for type 'NotificationEntity'
	at org.springframework.beans.factory.support.ConstructorResolver.createArgumentArray(ConstructorResolver.java:804)
	at org.springframework.beans.factory.support.ConstructorResolver.instantiateUsingFactoryMethod(ConstructorResolver.java:546)
	at org.springframework.beans.factory.support.AbstractAutowireCapableBeanFactory.instantiateUsingFactoryMethod(AbstractAutowireCapableBeanFactory.java:1367)
	at org.springframework.beans.factory.support.AbstractAutowireCapableBeanFactory.createBeanInstance(AbstractAutowireCapableBeanFactory.java:1197)
	at org.springframework.beans.factory.support.AbstractAutowireCapableBeanFactory.doCreateBean(AbstractAutowireCapableBeanFactory.java:569)
	at org.springframework.beans.factory.support.AbstractAutowireCapableBeanFactory.createBean(AbstractAutowireCapableBeanFactory.java:529)
	at org.springframework.beans.factory.support.AbstractBeanFactory.lambda$doGetBean$0(AbstractBeanFactory.java:339)
	at org.springframework.beans.factory.support.DefaultSingletonBeanRegistry.getSingleton(DefaultSingletonBeanRegistry.java:371)
	at org.springframework.beans.factory.support.AbstractBeanFactory.doGetBean(AbstractBeanFactory.java:337)
	at org.springframework.beans.factory.support.AbstractBeanFactory.getBean(AbstractBeanFactory.java:202)
	at org.springframework.beans.factory.support.DefaultListableBeanFactory.doResolveDependency(DefaultListableBeanFactory.java:1681)
	at org.springframework.beans.factory.support.DefaultListableBeanFactory.resolveDependency(DefaultListableBeanFactory.java:1627)
	at org.springframework.beans.factory.support.ConstructorResolver.resolveAutowiredArgument(ConstructorResolver.java:913)
	at org.springframework.beans.factory.support.ConstructorResolver.createArgumentArray(ConstructorResolver.java:791)
	... 21 common frames omitted
Caused by: org.springframework.beans.factory.UnsatisfiedDependencyException: Error creating bean with name 'sendNotificationUseCase' defined in class path resource [edu/market/notification/infrastructure/config/ApplicationConfig.class]: Unsatisfied dependency expressed through method 'sendNotificationUseCase' parameter 1: Error creating bean with name 'notificationRepositoryAdapter' defined in file [C:\Users\ja2c\Desktop\Cursos\micro-servicio-archt\k8s\microservices\services\notification-service\target\classes\edu\market\notification\infrastructure\adapter\output\persistence\NotificationRepositoryAdapter.class]: Unsatisfied dependency expressed through constructor parameter 0: Error creating bean with name 'jpaNotificationRepository' defined in edu.market.notification.infrastructure.adapter.output.persistence.repository.JpaNotificationRepository defined in @EnableJpaRepositories declared on JpaRepositoriesRegistrar.EnableJpaRepositoriesConfiguration: Could not create query for public abstract java.util.List edu.market.notification.infrastructure.adapter.output.persistence.repository.JpaNotificationRepository.findByFilters(java.util.UUID,java.lang.String,java.lang.String,java.time.LocalDateTime,java.time.LocalDateTime,org.springframework.data.domain.Pageable); Reason: Failed to create query for method public abstract java.util.List edu.market.notification.infrastructure.adapter.output.persistence.repository.JpaNotificationRepository.findByFilters(java.util.UUID,java.lang.String,java.lang.String,java.time.LocalDateTime,java.time.LocalDateTime,org.springframework.data.domain.Pageable); No property 'filters' found for type 'NotificationEntity'
	at org.springframework.beans.factory.support.ConstructorResolver.createArgumentArray(ConstructorResolver.java:804)
	at org.springframework.beans.factory.support.ConstructorResolver.instantiateUsingFactoryMethod(ConstructorResolver.java:546)
	at org.springframework.beans.factory.support.AbstractAutowireCapableBeanFactory.instantiateUsingFactoryMethod(AbstractAutowireCapableBeanFactory.java:1367)
	at org.springframework.beans.factory.support.AbstractAutowireCapableBeanFactory.createBeanInstance(AbstractAutowireCapableBeanFactory.java:1197)
	at org.springframework.beans.factory.support.AbstractAutowireCapableBeanFactory.doCreateBean(AbstractAutowireCapableBeanFactory.java:569)
	at org.springframework.beans.factory.support.AbstractAutowireCapableBeanFactory.createBean(AbstractAutowireCapableBeanFactory.java:529)
	at org.springframework.beans.factory.support.AbstractBeanFactory.lambda$doGetBean$0(AbstractBeanFactory.java:339)
	at org.springframework.beans.factory.support.DefaultSingletonBeanRegistry.getSingleton(DefaultSingletonBeanRegistry.java:371)
	at org.springframework.beans.factory.support.AbstractBeanFactory.doGetBean(AbstractBeanFactory.java:337)
	at org.springframework.beans.factory.support.AbstractBeanFactory.getBean(AbstractBeanFactory.java:202)
	at org.springframework.beans.factory.support.DefaultListableBeanFactory.doResolveDependency(DefaultListableBeanFactory.java:1681)
	at org.springframework.beans.factory.support.DefaultListableBeanFactory.resolveDependency(DefaultListableBeanFactory.java:1627)
	at org.springframework.beans.factory.support.ConstructorResolver.resolveAutowiredArgument(ConstructorResolver.java:913)
	at org.springframework.beans.factory.support.ConstructorResolver.createArgumentArray(ConstructorResolver.java:791)
	... 34 common frames omitted
Caused by: org.springframework.beans.factory.UnsatisfiedDependencyException: Error creating bean with name 'notificationRepositoryAdapter' defined in file [C:\Users\ja2c\Desktop\Cursos\micro-servicio-archt\k8s\microservices\services\notification-service\target\classes\edu\market\notification\infrastructure\adapter\output\persistence\NotificationRepositoryAdapter.class]: Unsatisfied dependency expressed through constructor parameter 0: Error creating bean with name 'jpaNotificationRepository' defined in edu.market.notification.infrastructure.adapter.output.persistence.repository.JpaNotificationRepository defined in @EnableJpaRepositories declared on JpaRepositoriesRegistrar.EnableJpaRepositoriesConfiguration: Could not create query for public abstract java.util.List edu.market.notification.infrastructure.adapter.output.persistence.repository.JpaNotificationRepository.findByFilters(java.util.UUID,java.lang.String,java.lang.String,java.time.LocalDateTime,java.time.LocalDateTime,org.springframework.data.domain.Pageable); Reason: Failed to create query for method public abstract java.util.List edu.market.notification.infrastructure.adapter.output.persistence.repository.JpaNotificationRepository.findByFilters(java.util.UUID,java.lang.String,java.lang.String,java.time.LocalDateTime,java.time.LocalDateTime,org.springframework.data.domain.Pageable); No property 'filters' found for type 'NotificationEntity'
	at org.springframework.beans.factory.support.ConstructorResolver.createArgumentArray(ConstructorResolver.java:804)
	at org.springframework.beans.factory.support.ConstructorResolver.autowireConstructor(ConstructorResolver.java:240)
	at org.springframework.beans.factory.support.AbstractAutowireCapableBeanFactory.autowireConstructor(AbstractAutowireCapableBeanFactory.java:1387)
	at org.springframework.beans.factory.support.AbstractAutowireCapableBeanFactory.createBeanInstance(AbstractAutowireCapableBeanFactory.java:1224)
	at org.springframework.beans.factory.support.AbstractAutowireCapableBeanFactory.doCreateBean(AbstractAutowireCapableBeanFactory.java:569)
	at org.springframework.beans.factory.support.AbstractAutowireCapableBeanFactory.createBean(AbstractAutowireCapableBeanFactory.java:529)
	at org.springframework.beans.factory.support.AbstractBeanFactory.lambda$doGetBean$0(AbstractBeanFactory.java:339)
	at org.springframework.beans.factory.support.DefaultSingletonBeanRegistry.getSingleton(DefaultSingletonBeanRegistry.java:371)
	at org.springframework.beans.factory.support.AbstractBeanFactory.doGetBean(AbstractBeanFactory.java:337)
	at org.springframework.beans.factory.support.AbstractBeanFactory.getBean(AbstractBeanFactory.java:202)
	at org.springframework.beans.factory.config.DependencyDescriptor.resolveCandidate(DependencyDescriptor.java:254)
	at org.springframework.beans.factory.support.DefaultListableBeanFactory.doResolveDependency(DefaultListableBeanFactory.java:1739)
	at org.springframework.beans.factory.support.DefaultListableBeanFactory.resolveDependency(DefaultListableBeanFactory.java:1627)
	at org.springframework.beans.factory.support.ConstructorResolver.resolveAutowiredArgument(ConstructorResolver.java:913)
	at org.springframework.beans.factory.support.ConstructorResolver.createArgumentArray(ConstructorResolver.java:791)
	... 47 common frames omitted
Caused by: org.springframework.beans.factory.BeanCreationException: Error creating bean with name 'jpaNotificationRepository' defined in edu.market.notification.infrastructure.adapter.output.persistence.repository.JpaNotificationRepository defined in @EnableJpaRepositories declared on JpaRepositoriesRegistrar.EnableJpaRepositoriesConfiguration: Could not create query for public abstract java.util.List edu.market.notification.infrastructure.adapter.output.persistence.repository.JpaNotificationRepository.findByFilters(java.util.UUID,java.lang.String,java.lang.String,java.time.LocalDateTime,java.time.LocalDateTime,org.springframework.data.domain.Pageable); Reason: Failed to create query for method public abstract java.util.List edu.market.notification.infrastructure.adapter.output.persistence.repository.JpaNotificationRepository.findByFilters(java.util.UUID,java.lang.String,java.lang.String,java.time.LocalDateTime,java.time.LocalDateTime,org.springframework.data.domain.Pageable); No property 'filters' found for type 'NotificationEntity'
	at org.springframework.beans.factory.support.AbstractAutowireCapableBeanFactory.initializeBean(AbstractAutowireCapableBeanFactory.java:1818)
	at org.springframework.beans.factory.support.AbstractAutowireCapableBeanFactory.doCreateBean(AbstractAutowireCapableBeanFactory.java:607)
	at org.springframework.beans.factory.support.AbstractAutowireCapableBeanFactory.createBean(AbstractAutowireCapableBeanFactory.java:529)
	at org.springframework.beans.factory.support.AbstractBeanFactory.lambda$doGetBean$0(AbstractBeanFactory.java:339)
	at org.springframework.beans.factory.support.DefaultSingletonBeanRegistry.getSingleton(DefaultSingletonBeanRegistry.java:371)
	at org.springframework.beans.factory.support.AbstractBeanFactory.doGetBean(AbstractBeanFactory.java:337)
	at org.springframework.beans.factory.support.AbstractBeanFactory.getBean(AbstractBeanFactory.java:202)
	at org.springframework.beans.factory.config.DependencyDescriptor.resolveCandidate(DependencyDescriptor.java:254)
	at org.springframework.beans.factory.support.DefaultListableBeanFactory.doResolveDependency(DefaultListableBeanFactory.java:1739)
	at org.springframework.beans.factory.support.DefaultListableBeanFactory.resolveDependency(DefaultListableBeanFactory.java:1627)
	at org.springframework.beans.factory.support.ConstructorResolver.resolveAutowiredArgument(ConstructorResolver.java:913)
	at org.springframework.beans.factory.support.ConstructorResolver.createArgumentArray(ConstructorResolver.java:791)
	... 61 common frames omitted
Caused by: org.springframework.data.repository.query.QueryCreationException: Could not create query for public abstract java.util.List edu.market.notification.infrastructure.adapter.output.persistence.repository.JpaNotificationRepository.findByFilters(java.util.UUID,java.lang.String,java.lang.String,java.time.LocalDateTime,java.time.LocalDateTime,org.springframework.data.domain.Pageable); Reason: Failed to create query for method public abstract java.util.List edu.market.notification.infrastructure.adapter.output.persistence.repository.JpaNotificationRepository.findByFilters(java.util.UUID,java.lang.String,java.lang.String,java.time.LocalDateTime,java.time.LocalDateTime,org.springframework.data.domain.Pageable); No property 'filters' found for type 'NotificationEntity'
	at org.springframework.data.repository.query.QueryCreationException.create(QueryCreationException.java:101)
	at org.springframework.data.repository.core.support.QueryExecutorMethodInterceptor.lookupQuery(QueryExecutorMethodInterceptor.java:120)
	at org.springframework.data.repository.core.support.QueryExecutorMethodInterceptor.mapMethodsToQuery(QueryExecutorMethodInterceptor.java:104)
	at org.springframework.data.repository.core.support.QueryExecutorMethodInterceptor.lambda$new$0(QueryExecutorMethodInterceptor.java:92)
	at java.base/java.util.Optional.map(Optional.java:260)
	at org.springframework.data.repository.core.support.QueryExecutorMethodInterceptor.<init>(QueryExecutorMethodInterceptor.java:92)
	at org.springframework.data.repository.core.support.RepositoryFactorySupport.getRepository(RepositoryFactorySupport.java:431)
	at org.springframework.data.repository.core.support.RepositoryFactoryBeanSupport.lambda$afterPropertiesSet$4(RepositoryFactoryBeanSupport.java:350)
	at org.springframework.data.util.Lazy.getNullable(Lazy.java:135)
	at org.springframework.data.util.Lazy.get(Lazy.java:113)
	at org.springframework.data.repository.core.support.RepositoryFactoryBeanSupport.afterPropertiesSet(RepositoryFactoryBeanSupport.java:356)
	at org.springframework.data.jpa.repository.support.JpaRepositoryFactoryBean.afterPropertiesSet(JpaRepositoryFactoryBean.java:132)
	at org.springframework.beans.factory.support.AbstractAutowireCapableBeanFactory.invokeInitMethods(AbstractAutowireCapableBeanFactory.java:1865)
	at org.springframework.beans.factory.support.AbstractAutowireCapableBeanFactory.initializeBean(AbstractAutowireCapableBeanFactory.java:1814)
	... 72 common frames omitted
Caused by: java.lang.IllegalArgumentException: Failed to create query for method public abstract java.util.List edu.market.notification.infrastructure.adapter.output.persistence.repository.JpaNotificationRepository.findByFilters(java.util.UUID,java.lang.String,java.lang.String,java.time.LocalDateTime,java.time.LocalDateTime,org.springframework.data.domain.Pageable); No property 'filters' found for type 'NotificationEntity'
	at org.springframework.data.jpa.repository.query.PartTreeJpaQuery.<init>(PartTreeJpaQuery.java:107)
	at org.springframework.data.jpa.repository.query.JpaQueryLookupStrategy$CreateQueryLookupStrategy.resolveQuery(JpaQueryLookupStrategy.java:128)
	at org.springframework.data.jpa.repository.query.JpaQueryLookupStrategy$CreateIfNotFoundQueryLookupStrategy.resolveQuery(JpaQueryLookupStrategy.java:260)
	at org.springframework.data.jpa.repository.query.JpaQueryLookupStrategy$AbstractQueryLookupStrategy.resolveQuery(JpaQueryLookupStrategy.java:99)
	at org.springframework.data.repository.core.support.QueryExecutorMethodInterceptor.lookupQuery(QueryExecutorMethodInterceptor.java:116)
	... 84 common frames omitted
Caused by: org.springframework.data.mapping.PropertyReferenceException: No property 'filters' found for type 'NotificationEntity'
	at org.springframework.data.mapping.PropertyPath.<init>(PropertyPath.java:94)
	at org.springframework.data.mapping.PropertyPath.create(PropertyPath.java:455)
	at org.springframework.data.mapping.PropertyPath.create(PropertyPath.java:431)
	at org.springframework.data.mapping.PropertyPath.lambda$from$0(PropertyPath.java:384)
	at java.base/java.util.concurrent.ConcurrentMap.computeIfAbsent(ConcurrentMap.java:330)
	at org.springframework.data.mapping.PropertyPath.from(PropertyPath.java:366)
	at org.springframework.data.mapping.PropertyPath.from(PropertyPath.java:344)
	at org.springframework.data.repository.query.parser.Part.<init>(Part.java:81)
	at org.springframework.data.repository.query.parser.PartTree$OrPart.lambda$new$0(PartTree.java:259)
	at java.base/java.util.stream.ReferencePipeline$3$1.accept(ReferencePipeline.java:197)
	at java.base/java.util.stream.ReferencePipeline$2$1.accept(ReferencePipeline.java:179)
	at java.base/java.util.Spliterators$ArraySpliterator.forEachRemaining(Spliterators.java:1024)
	at java.base/java.util.stream.AbstractPipeline.copyInto(AbstractPipeline.java:509)
	at java.base/java.util.stream.AbstractPipeline.wrapAndCopyInto(AbstractPipeline.java:499)
	at java.base/java.util.stream.ReduceOps$ReduceOp.evaluateSequential(ReduceOps.java:921)
	at java.base/java.util.stream.AbstractPipeline.evaluate(AbstractPipeline.java:234)
	at java.base/java.util.stream.ReferencePipeline.collect(ReferencePipeline.java:682)
	at org.springframework.data.repository.query.parser.PartTree$OrPart.<init>(PartTree.java:260)
	at org.springframework.data.repository.query.parser.PartTree$Predicate.lambda$new$0(PartTree.java:389)
	at java.base/java.util.stream.ReferencePipeline$3$1.accept(ReferencePipeline.java:197)
	at java.base/java.util.stream.ReferencePipeline$2$1.accept(ReferencePipeline.java:179)
	at java.base/java.util.Spliterators$ArraySpliterator.forEachRemaining(Spliterators.java:1024)
	at java.base/java.util.stream.AbstractPipeline.copyInto(AbstractPipeline.java:509)
	at java.base/java.util.stream.AbstractPipeline.wrapAndCopyInto(AbstractPipeline.java:499)
	at java.base/java.util.stream.ReduceOps$ReduceOp.evaluateSequential(ReduceOps.java:921)
	at java.base/java.util.stream.AbstractPipeline.evaluate(AbstractPipeline.java:234)
	at java.base/java.util.stream.ReferencePipeline.collect(ReferencePipeline.java:682)
	at org.springframework.data.repository.query.parser.PartTree$Predicate.<init>(PartTree.java:390)
	at org.springframework.data.repository.query.parser.PartTree.<init>(PartTree.java:103)
	at org.springframework.data.jpa.repository.query.PartTreeJpaQuery.<init>(PartTreeJpaQuery.java:101)
	... 88 common frames omitted
2025-07-10 21:57:52,085 [background-preinit] INFO  o.h.validator.internal.util.Version                - HV000001: Hibernate Validator 8.0.2.Final
2025-07-10 21:57:52,124 [main] INFO  edu.market.notification.App                        - Starting App v1.0.0 using Java 21 with PID 26876 (C:\Users\ja2c\Desktop\Cursos\micro-servicio-archt\k8s\microservices\services\notification-service\target\classes started by ja2c in C:\Users\ja2c\Desktop\Cursos\micro-servicio-archt\k8s\microservices\services\notification-service)
2025-07-10 21:57:52,125 [main] DEBUG edu.market.notification.App                        - Running with Spring Boot v3.4.5, Spring v6.2.6
2025-07-10 21:57:52,125 [main] INFO  edu.market.notification.App                        - The following 1 profile is active: "dev"
2025-07-10 21:57:52,156 [main] INFO  o.s.c.c.c.ConfigServerConfigDataLoader             - Fetching config from server at : http://localhost:8890
2025-07-10 21:57:52,157 [main] INFO  o.s.c.c.c.ConfigServerConfigDataLoader             - Exception on Url - http://localhost:8890:org.springframework.web.client.ResourceAccessException: I/O error on GET request for "http://localhost:8890/notification-service/default": Connection refused: no further information. Will be trying the next url if available
2025-07-10 21:57:52,157 [main] WARN  o.s.c.c.c.ConfigServerConfigDataLoader             - Could not locate PropertySource ([ConfigServerConfigDataResource@3c818ac4 uris = array<String>['http://localhost:8890'], optional = true, profiles = 'default']): I/O error on GET request for "http://localhost:8890/notification-service/default": Connection refused: no further information
2025-07-10 21:57:52,157 [main] INFO  o.s.c.c.c.ConfigServerConfigDataLoader             - Fetching config from server at : http://localhost:8890
2025-07-10 21:57:52,158 [main] INFO  o.s.c.c.c.ConfigServerConfigDataLoader             - Exception on Url - http://localhost:8890:org.springframework.web.client.ResourceAccessException: I/O error on GET request for "http://localhost:8890/notification-service/dev": Connection refused: no further information. Will be trying the next url if available
2025-07-10 21:57:52,158 [main] WARN  o.s.c.c.c.ConfigServerConfigDataLoader             - Could not locate PropertySource ([ConfigServerConfigDataResource@109f5dd8 uris = array<String>['http://localhost:8890'], optional = true, profiles = 'dev']): I/O error on GET request for "http://localhost:8890/notification-service/dev": Connection refused: no further information
2025-07-10 21:57:52,159 [main] INFO  o.s.c.c.c.ConfigServerConfigDataLoader             - Fetching config from server at : http://localhost:8890
2025-07-10 21:57:52,159 [main] INFO  o.s.c.c.c.ConfigServerConfigDataLoader             - Exception on Url - http://localhost:8890:org.springframework.web.client.ResourceAccessException: I/O error on GET request for "http://localhost:8890/notification-service/default": Connection refused: no further information. Will be trying the next url if available
2025-07-10 21:57:52,159 [main] WARN  o.s.c.c.c.ConfigServerConfigDataLoader             - Could not locate PropertySource ([ConfigServerConfigDataResource@67fe380b uris = array<String>['http://localhost:8890'], optional = true, profiles = 'default']): I/O error on GET request for "http://localhost:8890/notification-service/default": Connection refused: no further information
2025-07-10 21:57:53,179 [main] INFO  o.s.d.r.c.RepositoryConfigurationDelegate          - Bootstrapping Spring Data JPA repositories in DEFAULT mode.
2025-07-10 21:57:53,368 [main] INFO  o.s.d.r.c.RepositoryConfigurationDelegate          - Finished Spring Data repository scanning in 172 ms. Found 6 JPA repository interfaces.
2025-07-10 21:57:53,688 [main] INFO  o.s.cloud.context.scope.GenericScope               - BeanFactory id=77753357-cceb-3f4b-ac79-00a3e87d7170
2025-07-10 21:57:54,587 [main] INFO  o.s.b.w.embedded.tomcat.TomcatWebServer            - Tomcat initialized with port 0 (http)
2025-07-10 21:57:54,602 [main] INFO  o.apache.coyote.http11.Http11NioProtocol           - Initializing ProtocolHandler ["http-nio-auto-1"]
2025-07-10 21:57:54,605 [main] INFO  o.apache.catalina.core.StandardService             - Starting service [Tomcat]
2025-07-10 21:57:54,605 [main] INFO  org.apache.catalina.core.StandardEngine            - Starting Servlet engine: [Apache Tomcat/10.1.40]
2025-07-10 21:57:54,730 [main] INFO  o.a.c.c.C.[Tomcat].[localhost].[/]                 - Initializing Spring embedded WebApplicationContext
2025-07-10 21:57:54,732 [main] INFO  o.s.b.w.s.c.ServletWebServerApplicationContext     - Root WebApplicationContext: initialization completed in 2571 ms
2025-07-10 21:57:55,318 [main] INFO  com.zaxxer.hikari.HikariDataSource                 - HikariPool-1 - Starting...
2025-07-10 21:57:55,512 [main] INFO  com.zaxxer.hikari.pool.HikariPool                  - HikariPool-1 - Added connection conn0: url=jdbc:h2:mem:userdb user=SA
2025-07-10 21:57:55,513 [main] INFO  com.zaxxer.hikari.HikariDataSource                 - HikariPool-1 - Start completed.
2025-07-10 21:57:55,818 [main] INFO  o.hibernate.jpa.internal.util.LogHelper            - HHH000204: Processing PersistenceUnitInfo [name: default]
2025-07-10 21:57:55,914 [main] INFO  org.hibernate.Version                              - HHH000412: Hibernate ORM core version 6.6.13.Final
2025-07-10 21:57:55,995 [main] INFO  o.h.c.internal.RegionFactoryInitiator              - HHH000026: Second-level cache disabled
2025-07-10 21:57:56,229 [main] INFO  o.s.o.j.p.SpringPersistenceUnitInfo                - No LoadTimeWeaver setup: ignoring JPA class transformer
2025-07-10 21:57:56,287 [main] INFO  org.hibernate.orm.connections.pooling              - HHH10001005: Database info:
	Database JDBC URL [Connecting through datasource 'HikariDataSource (HikariPool-1)']
	Database driver: undefined/unknown
	Database version: 2.3.232
	Autocommit mode: undefined/unknown
	Isolation level: undefined/unknown
	Minimum pool size: undefined/unknown
	Maximum pool size: undefined/unknown
2025-07-10 21:57:57,263 [main] INFO  o.h.e.t.j.p.i.JtaPlatformInitiator                 - HHH000489: No JTA platform available (set 'hibernate.transaction.jta.platform' to enable JTA platform integration)
2025-07-10 21:57:57,387 [main] INFO  o.s.o.j.LocalContainerEntityManagerFactoryBean     - Initialized JPA EntityManagerFactory for persistence unit 'default'
2025-07-10 21:57:58,249 [main] INFO  o.s.d.j.r.query.QueryEnhancerFactory               - Hibernate is in classpath; If applicable, HQL parser will be used.
2025-07-10 21:57:59,175 [main] WARN  o.s.b.w.s.c.AnnotationConfigServletWebServerApplicationContext - Exception encountered during context initialization - cancelling refresh attempt: org.springframework.beans.factory.UnsatisfiedDependencyException: Error creating bean with name 'templateController' defined in file [C:\Users\ja2c\Desktop\Cursos\micro-servicio-archt\k8s\microservices\services\notification-service\target\classes\edu\market\notification\infrastructure\adapter\input\web\controller\TemplateController.class]: Unsatisfied dependency expressed through constructor parameter 0: Error creating bean with name 'createTemplateUseCase' defined in class path resource [edu/market/notification/infrastructure/config/ApplicationConfig.class]: Unsatisfied dependency expressed through method 'createTemplateUseCase' parameter 0: Error creating bean with name 'templateRepositoryAdapter' defined in file [C:\Users\ja2c\Desktop\Cursos\micro-servicio-archt\k8s\microservices\services\notification-service\target\classes\edu\market\notification\infrastructure\adapter\output\persistence\TemplateRepositoryAdapter.class]: Unsatisfied dependency expressed through constructor parameter 0: Error creating bean with name 'jpaTemplateRepository' defined in edu.market.notification.infrastructure.adapter.output.persistence.repository.JpaTemplateRepository defined in @EnableJpaRepositories declared on JpaRepositoriesRegistrar.EnableJpaRepositoriesConfiguration: Could not create query for public abstract java.util.Optional edu.market.notification.infrastructure.adapter.output.persistence.repository.JpaTemplateRepository.findByCodeAndVersion(java.lang.String,java.lang.String); Reason: Failed to create query for method public abstract java.util.Optional edu.market.notification.infrastructure.adapter.output.persistence.repository.JpaTemplateRepository.findByCodeAndVersion(java.lang.String,java.lang.String); Cannot compare left expression of type 'java.lang.Integer' with right expression of type 'java.lang.String'
2025-07-10 21:57:59,177 [main] INFO  o.s.o.j.LocalContainerEntityManagerFactoryBean     - Closing JPA EntityManagerFactory for persistence unit 'default'
2025-07-10 21:57:59,180 [main] INFO  com.zaxxer.hikari.HikariDataSource                 - HikariPool-1 - Shutdown initiated...
2025-07-10 21:57:59,183 [main] INFO  com.zaxxer.hikari.HikariDataSource                 - HikariPool-1 - Shutdown completed.
2025-07-10 21:57:59,187 [main] INFO  o.apache.catalina.core.StandardService             - Stopping service [Tomcat]
2025-07-10 21:57:59,206 [main] INFO  o.s.b.a.l.ConditionEvaluationReportLogger          - 

Error starting ApplicationContext. To display the condition evaluation report re-run your application with 'debug' enabled.
2025-07-10 21:57:59,238 [main] ERROR o.springframework.boot.SpringApplication           - Application run failed
org.springframework.beans.factory.UnsatisfiedDependencyException: Error creating bean with name 'templateController' defined in file [C:\Users\ja2c\Desktop\Cursos\micro-servicio-archt\k8s\microservices\services\notification-service\target\classes\edu\market\notification\infrastructure\adapter\input\web\controller\TemplateController.class]: Unsatisfied dependency expressed through constructor parameter 0: Error creating bean with name 'createTemplateUseCase' defined in class path resource [edu/market/notification/infrastructure/config/ApplicationConfig.class]: Unsatisfied dependency expressed through method 'createTemplateUseCase' parameter 0: Error creating bean with name 'templateRepositoryAdapter' defined in file [C:\Users\ja2c\Desktop\Cursos\micro-servicio-archt\k8s\microservices\services\notification-service\target\classes\edu\market\notification\infrastructure\adapter\output\persistence\TemplateRepositoryAdapter.class]: Unsatisfied dependency expressed through constructor parameter 0: Error creating bean with name 'jpaTemplateRepository' defined in edu.market.notification.infrastructure.adapter.output.persistence.repository.JpaTemplateRepository defined in @EnableJpaRepositories declared on JpaRepositoriesRegistrar.EnableJpaRepositoriesConfiguration: Could not create query for public abstract java.util.Optional edu.market.notification.infrastructure.adapter.output.persistence.repository.JpaTemplateRepository.findByCodeAndVersion(java.lang.String,java.lang.String); Reason: Failed to create query for method public abstract java.util.Optional edu.market.notification.infrastructure.adapter.output.persistence.repository.JpaTemplateRepository.findByCodeAndVersion(java.lang.String,java.lang.String); Cannot compare left expression of type 'java.lang.Integer' with right expression of type 'java.lang.String'
	at org.springframework.beans.factory.support.ConstructorResolver.createArgumentArray(ConstructorResolver.java:804)
	at org.springframework.beans.factory.support.ConstructorResolver.autowireConstructor(ConstructorResolver.java:240)
	at org.springframework.beans.factory.support.AbstractAutowireCapableBeanFactory.autowireConstructor(AbstractAutowireCapableBeanFactory.java:1387)
	at org.springframework.beans.factory.support.AbstractAutowireCapableBeanFactory.createBeanInstance(AbstractAutowireCapableBeanFactory.java:1224)
	at org.springframework.beans.factory.support.AbstractAutowireCapableBeanFactory.doCreateBean(AbstractAutowireCapableBeanFactory.java:569)
	at org.springframework.beans.factory.support.AbstractAutowireCapableBeanFactory.createBean(AbstractAutowireCapableBeanFactory.java:529)
	at org.springframework.beans.factory.support.AbstractBeanFactory.lambda$doGetBean$0(AbstractBeanFactory.java:339)
	at org.springframework.beans.factory.support.DefaultSingletonBeanRegistry.getSingleton(DefaultSingletonBeanRegistry.java:371)
	at org.springframework.beans.factory.support.AbstractBeanFactory.doGetBean(AbstractBeanFactory.java:337)
	at org.springframework.beans.factory.support.AbstractBeanFactory.getBean(AbstractBeanFactory.java:202)
	at org.springframework.beans.factory.support.DefaultListableBeanFactory.instantiateSingleton(DefaultListableBeanFactory.java:1221)
	at org.springframework.beans.factory.support.DefaultListableBeanFactory.preInstantiateSingleton(DefaultListableBeanFactory.java:1187)
	at org.springframework.beans.factory.support.DefaultListableBeanFactory.preInstantiateSingletons(DefaultListableBeanFactory.java:1122)
	at org.springframework.context.support.AbstractApplicationContext.finishBeanFactoryInitialization(AbstractApplicationContext.java:987)
	at org.springframework.context.support.AbstractApplicationContext.refresh(AbstractApplicationContext.java:627)
	at org.springframework.boot.web.servlet.context.ServletWebServerApplicationContext.refresh(ServletWebServerApplicationContext.java:146)
	at org.springframework.boot.SpringApplication.refresh(SpringApplication.java:753)
	at org.springframework.boot.SpringApplication.refreshContext(SpringApplication.java:439)
	at org.springframework.boot.SpringApplication.run(SpringApplication.java:318)
	at org.springframework.boot.SpringApplication.run(SpringApplication.java:1362)
	at org.springframework.boot.SpringApplication.run(SpringApplication.java:1351)
	at edu.market.notification.App.main(App.java:10)
Caused by: org.springframework.beans.factory.UnsatisfiedDependencyException: Error creating bean with name 'createTemplateUseCase' defined in class path resource [edu/market/notification/infrastructure/config/ApplicationConfig.class]: Unsatisfied dependency expressed through method 'createTemplateUseCase' parameter 0: Error creating bean with name 'templateRepositoryAdapter' defined in file [C:\Users\ja2c\Desktop\Cursos\micro-servicio-archt\k8s\microservices\services\notification-service\target\classes\edu\market\notification\infrastructure\adapter\output\persistence\TemplateRepositoryAdapter.class]: Unsatisfied dependency expressed through constructor parameter 0: Error creating bean with name 'jpaTemplateRepository' defined in edu.market.notification.infrastructure.adapter.output.persistence.repository.JpaTemplateRepository defined in @EnableJpaRepositories declared on JpaRepositoriesRegistrar.EnableJpaRepositoriesConfiguration: Could not create query for public abstract java.util.Optional edu.market.notification.infrastructure.adapter.output.persistence.repository.JpaTemplateRepository.findByCodeAndVersion(java.lang.String,java.lang.String); Reason: Failed to create query for method public abstract java.util.Optional edu.market.notification.infrastructure.adapter.output.persistence.repository.JpaTemplateRepository.findByCodeAndVersion(java.lang.String,java.lang.String); Cannot compare left expression of type 'java.lang.Integer' with right expression of type 'java.lang.String'
	at org.springframework.beans.factory.support.ConstructorResolver.createArgumentArray(ConstructorResolver.java:804)
	at org.springframework.beans.factory.support.ConstructorResolver.instantiateUsingFactoryMethod(ConstructorResolver.java:546)
	at org.springframework.beans.factory.support.AbstractAutowireCapableBeanFactory.instantiateUsingFactoryMethod(AbstractAutowireCapableBeanFactory.java:1367)
	at org.springframework.beans.factory.support.AbstractAutowireCapableBeanFactory.createBeanInstance(AbstractAutowireCapableBeanFactory.java:1197)
	at org.springframework.beans.factory.support.AbstractAutowireCapableBeanFactory.doCreateBean(AbstractAutowireCapableBeanFactory.java:569)
	at org.springframework.beans.factory.support.AbstractAutowireCapableBeanFactory.createBean(AbstractAutowireCapableBeanFactory.java:529)
	at org.springframework.beans.factory.support.AbstractBeanFactory.lambda$doGetBean$0(AbstractBeanFactory.java:339)
	at org.springframework.beans.factory.support.DefaultSingletonBeanRegistry.getSingleton(DefaultSingletonBeanRegistry.java:371)
	at org.springframework.beans.factory.support.AbstractBeanFactory.doGetBean(AbstractBeanFactory.java:337)
	at org.springframework.beans.factory.support.AbstractBeanFactory.getBean(AbstractBeanFactory.java:202)
	at org.springframework.beans.factory.support.DefaultListableBeanFactory.doResolveDependency(DefaultListableBeanFactory.java:1681)
	at org.springframework.beans.factory.support.DefaultListableBeanFactory.resolveDependency(DefaultListableBeanFactory.java:1627)
	at org.springframework.beans.factory.support.ConstructorResolver.resolveAutowiredArgument(ConstructorResolver.java:913)
	at org.springframework.beans.factory.support.ConstructorResolver.createArgumentArray(ConstructorResolver.java:791)
	... 21 common frames omitted
Caused by: org.springframework.beans.factory.UnsatisfiedDependencyException: Error creating bean with name 'templateRepositoryAdapter' defined in file [C:\Users\ja2c\Desktop\Cursos\micro-servicio-archt\k8s\microservices\services\notification-service\target\classes\edu\market\notification\infrastructure\adapter\output\persistence\TemplateRepositoryAdapter.class]: Unsatisfied dependency expressed through constructor parameter 0: Error creating bean with name 'jpaTemplateRepository' defined in edu.market.notification.infrastructure.adapter.output.persistence.repository.JpaTemplateRepository defined in @EnableJpaRepositories declared on JpaRepositoriesRegistrar.EnableJpaRepositoriesConfiguration: Could not create query for public abstract java.util.Optional edu.market.notification.infrastructure.adapter.output.persistence.repository.JpaTemplateRepository.findByCodeAndVersion(java.lang.String,java.lang.String); Reason: Failed to create query for method public abstract java.util.Optional edu.market.notification.infrastructure.adapter.output.persistence.repository.JpaTemplateRepository.findByCodeAndVersion(java.lang.String,java.lang.String); Cannot compare left expression of type 'java.lang.Integer' with right expression of type 'java.lang.String'
	at org.springframework.beans.factory.support.ConstructorResolver.createArgumentArray(ConstructorResolver.java:804)
	at org.springframework.beans.factory.support.ConstructorResolver.autowireConstructor(ConstructorResolver.java:240)
	at org.springframework.beans.factory.support.AbstractAutowireCapableBeanFactory.autowireConstructor(AbstractAutowireCapableBeanFactory.java:1387)
	at org.springframework.beans.factory.support.AbstractAutowireCapableBeanFactory.createBeanInstance(AbstractAutowireCapableBeanFactory.java:1224)
	at org.springframework.beans.factory.support.AbstractAutowireCapableBeanFactory.doCreateBean(AbstractAutowireCapableBeanFactory.java:569)
	at org.springframework.beans.factory.support.AbstractAutowireCapableBeanFactory.createBean(AbstractAutowireCapableBeanFactory.java:529)
	at org.springframework.beans.factory.support.AbstractBeanFactory.lambda$doGetBean$0(AbstractBeanFactory.java:339)
	at org.springframework.beans.factory.support.DefaultSingletonBeanRegistry.getSingleton(DefaultSingletonBeanRegistry.java:371)
	at org.springframework.beans.factory.support.AbstractBeanFactory.doGetBean(AbstractBeanFactory.java:337)
	at org.springframework.beans.factory.support.AbstractBeanFactory.getBean(AbstractBeanFactory.java:202)
	at org.springframework.beans.factory.config.DependencyDescriptor.resolveCandidate(DependencyDescriptor.java:254)
	at org.springframework.beans.factory.support.DefaultListableBeanFactory.doResolveDependency(DefaultListableBeanFactory.java:1739)
	at org.springframework.beans.factory.support.DefaultListableBeanFactory.resolveDependency(DefaultListableBeanFactory.java:1627)
	at org.springframework.beans.factory.support.ConstructorResolver.resolveAutowiredArgument(ConstructorResolver.java:913)
	at org.springframework.beans.factory.support.ConstructorResolver.createArgumentArray(ConstructorResolver.java:791)
	... 34 common frames omitted
Caused by: org.springframework.beans.factory.BeanCreationException: Error creating bean with name 'jpaTemplateRepository' defined in edu.market.notification.infrastructure.adapter.output.persistence.repository.JpaTemplateRepository defined in @EnableJpaRepositories declared on JpaRepositoriesRegistrar.EnableJpaRepositoriesConfiguration: Could not create query for public abstract java.util.Optional edu.market.notification.infrastructure.adapter.output.persistence.repository.JpaTemplateRepository.findByCodeAndVersion(java.lang.String,java.lang.String); Reason: Failed to create query for method public abstract java.util.Optional edu.market.notification.infrastructure.adapter.output.persistence.repository.JpaTemplateRepository.findByCodeAndVersion(java.lang.String,java.lang.String); Cannot compare left expression of type 'java.lang.Integer' with right expression of type 'java.lang.String'
	at org.springframework.beans.factory.support.AbstractAutowireCapableBeanFactory.initializeBean(AbstractAutowireCapableBeanFactory.java:1818)
	at org.springframework.beans.factory.support.AbstractAutowireCapableBeanFactory.doCreateBean(AbstractAutowireCapableBeanFactory.java:607)
	at org.springframework.beans.factory.support.AbstractAutowireCapableBeanFactory.createBean(AbstractAutowireCapableBeanFactory.java:529)
	at org.springframework.beans.factory.support.AbstractBeanFactory.lambda$doGetBean$0(AbstractBeanFactory.java:339)
	at org.springframework.beans.factory.support.DefaultSingletonBeanRegistry.getSingleton(DefaultSingletonBeanRegistry.java:371)
	at org.springframework.beans.factory.support.AbstractBeanFactory.doGetBean(AbstractBeanFactory.java:337)
	at org.springframework.beans.factory.support.AbstractBeanFactory.getBean(AbstractBeanFactory.java:202)
	at org.springframework.beans.factory.config.DependencyDescriptor.resolveCandidate(DependencyDescriptor.java:254)
	at org.springframework.beans.factory.support.DefaultListableBeanFactory.doResolveDependency(DefaultListableBeanFactory.java:1739)
	at org.springframework.beans.factory.support.DefaultListableBeanFactory.resolveDependency(DefaultListableBeanFactory.java:1627)
	at org.springframework.beans.factory.support.ConstructorResolver.resolveAutowiredArgument(ConstructorResolver.java:913)
	at org.springframework.beans.factory.support.ConstructorResolver.createArgumentArray(ConstructorResolver.java:791)
	... 48 common frames omitted
Caused by: org.springframework.data.repository.query.QueryCreationException: Could not create query for public abstract java.util.Optional edu.market.notification.infrastructure.adapter.output.persistence.repository.JpaTemplateRepository.findByCodeAndVersion(java.lang.String,java.lang.String); Reason: Failed to create query for method public abstract java.util.Optional edu.market.notification.infrastructure.adapter.output.persistence.repository.JpaTemplateRepository.findByCodeAndVersion(java.lang.String,java.lang.String); Cannot compare left expression of type 'java.lang.Integer' with right expression of type 'java.lang.String'
	at org.springframework.data.repository.query.QueryCreationException.create(QueryCreationException.java:101)
	at org.springframework.data.repository.core.support.QueryExecutorMethodInterceptor.lookupQuery(QueryExecutorMethodInterceptor.java:120)
	at org.springframework.data.repository.core.support.QueryExecutorMethodInterceptor.mapMethodsToQuery(QueryExecutorMethodInterceptor.java:104)
	at org.springframework.data.repository.core.support.QueryExecutorMethodInterceptor.lambda$new$0(QueryExecutorMethodInterceptor.java:92)
	at java.base/java.util.Optional.map(Optional.java:260)
	at org.springframework.data.repository.core.support.QueryExecutorMethodInterceptor.<init>(QueryExecutorMethodInterceptor.java:92)
	at org.springframework.data.repository.core.support.RepositoryFactorySupport.getRepository(RepositoryFactorySupport.java:431)
	at org.springframework.data.repository.core.support.RepositoryFactoryBeanSupport.lambda$afterPropertiesSet$4(RepositoryFactoryBeanSupport.java:350)
	at org.springframework.data.util.Lazy.getNullable(Lazy.java:135)
	at org.springframework.data.util.Lazy.get(Lazy.java:113)
	at org.springframework.data.repository.core.support.RepositoryFactoryBeanSupport.afterPropertiesSet(RepositoryFactoryBeanSupport.java:356)
	at org.springframework.data.jpa.repository.support.JpaRepositoryFactoryBean.afterPropertiesSet(JpaRepositoryFactoryBean.java:132)
	at org.springframework.beans.factory.support.AbstractAutowireCapableBeanFactory.invokeInitMethods(AbstractAutowireCapableBeanFactory.java:1865)
	at org.springframework.beans.factory.support.AbstractAutowireCapableBeanFactory.initializeBean(AbstractAutowireCapableBeanFactory.java:1814)
	... 59 common frames omitted
Caused by: java.lang.IllegalArgumentException: Failed to create query for method public abstract java.util.Optional edu.market.notification.infrastructure.adapter.output.persistence.repository.JpaTemplateRepository.findByCodeAndVersion(java.lang.String,java.lang.String); Cannot compare left expression of type 'java.lang.Integer' with right expression of type 'java.lang.String'
	at org.springframework.data.jpa.repository.query.PartTreeJpaQuery.<init>(PartTreeJpaQuery.java:107)
	at org.springframework.data.jpa.repository.query.JpaQueryLookupStrategy$CreateQueryLookupStrategy.resolveQuery(JpaQueryLookupStrategy.java:128)
	at org.springframework.data.jpa.repository.query.JpaQueryLookupStrategy$CreateIfNotFoundQueryLookupStrategy.resolveQuery(JpaQueryLookupStrategy.java:260)
	at org.springframework.data.jpa.repository.query.JpaQueryLookupStrategy$AbstractQueryLookupStrategy.resolveQuery(JpaQueryLookupStrategy.java:99)
	at org.springframework.data.repository.core.support.QueryExecutorMethodInterceptor.lookupQuery(QueryExecutorMethodInterceptor.java:116)
	... 71 common frames omitted
Caused by: org.hibernate.query.SemanticException: Cannot compare left expression of type 'java.lang.Integer' with right expression of type 'java.lang.String'
	at org.hibernate.query.sqm.internal.TypecheckUtil.assertComparable(TypecheckUtil.java:406)
	at org.hibernate.query.sqm.tree.predicate.SqmComparisonPredicate.<init>(SqmComparisonPredicate.java:46)
	at org.hibernate.query.sqm.tree.predicate.SqmComparisonPredicate.<init>(SqmComparisonPredicate.java:32)
	at org.hibernate.query.sqm.internal.SqmCriteriaNodeBuilder.equal(SqmCriteriaNodeBuilder.java:2158)
	at org.hibernate.query.sqm.internal.SqmCriteriaNodeBuilder.equal(SqmCriteriaNodeBuilder.java:192)
	at org.springframework.data.jpa.repository.query.JpaQueryCreator$PredicateBuilder.build(JpaQueryCreator.java:312)
	at org.springframework.data.jpa.repository.query.JpaQueryCreator.toPredicate(JpaQueryCreator.java:210)
	at org.springframework.data.jpa.repository.query.JpaQueryCreator.and(JpaQueryCreator.java:126)
	at org.springframework.data.jpa.repository.query.JpaQueryCreator.and(JpaQueryCreator.java:1)
	at org.springframework.data.repository.query.parser.AbstractQueryCreator.createCriteria(AbstractQueryCreator.java:122)
	at org.springframework.data.repository.query.parser.AbstractQueryCreator.createQuery(AbstractQueryCreator.java:95)
	at org.springframework.data.repository.query.parser.AbstractQueryCreator.createQuery(AbstractQueryCreator.java:81)
	at org.springframework.data.jpa.repository.query.PartTreeJpaQuery$QueryPreparer.<init>(PartTreeJpaQuery.java:224)
	at org.springframework.data.jpa.repository.query.PartTreeJpaQuery$CountQueryPreparer.<init>(PartTreeJpaQuery.java:370)
	at org.springframework.data.jpa.repository.query.PartTreeJpaQuery.<init>(PartTreeJpaQuery.java:103)
	... 75 common frames omitted
