2025-07-28 11:28:28,245 [background-preinit] INFO  o.h.validator.internal.util.Version                - HV000001: Hibernate Validator 8.0.2.Final
2025-07-28 11:28:28,286 [main] INFO  edu.market.notification.App                        - Starting App v1.0.0 using Java 21 with PID 21528 (C:\Users\ja2c\Desktop\Cursos\micro-servicio-archt\k8s\microservices\services\notification-service\target\classes started by ja2c in C:\Users\ja2c\Desktop\Cursos\micro-servicio-archt\k8s\microservices\services\notification-service)
2025-07-28 11:28:28,287 [main] DEBUG edu.market.notification.App                        - Running with Spring Boot v3.4.5, Spring v6.2.6
2025-07-28 11:28:28,288 [main] INFO  edu.market.notification.App                        - The following 1 profile is active: "dev"
2025-07-28 11:28:28,315 [main] INFO  o.s.c.c.c.ConfigServerConfigDataLoader             - Fetching config from server at : http://localhost:8890
2025-07-28 11:28:28,315 [main] INFO  o.s.c.c.c.ConfigServerConfigDataLoader             - Exception on Url - http://localhost:8890:org.springframework.web.client.ResourceAccessException: I/O error on GET request for "http://localhost:8890/notification-service/default": Connection refused: no further information. Will be trying the next url if available
2025-07-28 11:28:28,316 [main] WARN  o.s.c.c.c.ConfigServerConfigDataLoader             - Could not locate PropertySource ([ConfigServerConfigDataResource@437ebf59 uris = array<String>['http://localhost:8890'], optional = true, profiles = 'default']): I/O error on GET request for "http://localhost:8890/notification-service/default": Connection refused: no further information
2025-07-28 11:28:28,316 [main] INFO  o.s.c.c.c.ConfigServerConfigDataLoader             - Fetching config from server at : http://localhost:8890
2025-07-28 11:28:28,316 [main] INFO  o.s.c.c.c.ConfigServerConfigDataLoader             - Exception on Url - http://localhost:8890:org.springframework.web.client.ResourceAccessException: I/O error on GET request for "http://localhost:8890/notification-service/dev": Connection refused: no further information. Will be trying the next url if available
2025-07-28 11:28:28,316 [main] WARN  o.s.c.c.c.ConfigServerConfigDataLoader             - Could not locate PropertySource ([ConfigServerConfigDataResource@1d8e2eea uris = array<String>['http://localhost:8890'], optional = true, profiles = 'dev']): I/O error on GET request for "http://localhost:8890/notification-service/dev": Connection refused: no further information
2025-07-28 11:28:28,316 [main] INFO  o.s.c.c.c.ConfigServerConfigDataLoader             - Fetching config from server at : http://localhost:8890
2025-07-28 11:28:28,316 [main] INFO  o.s.c.c.c.ConfigServerConfigDataLoader             - Exception on Url - http://localhost:8890:org.springframework.web.client.ResourceAccessException: I/O error on GET request for "http://localhost:8890/notification-service/default": Connection refused: no further information. Will be trying the next url if available
2025-07-28 11:28:28,316 [main] WARN  o.s.c.c.c.ConfigServerConfigDataLoader             - Could not locate PropertySource ([ConfigServerConfigDataResource@240139e1 uris = array<String>['http://localhost:8890'], optional = true, profiles = 'default']): I/O error on GET request for "http://localhost:8890/notification-service/default": Connection refused: no further information
2025-07-28 11:28:29,366 [main] INFO  o.s.d.r.c.RepositoryConfigurationDelegate          - Bootstrapping Spring Data JPA repositories in DEFAULT mode.
2025-07-28 11:28:29,522 [main] INFO  o.s.d.r.c.RepositoryConfigurationDelegate          - Finished Spring Data repository scanning in 147 ms. Found 6 JPA repository interfaces.
2025-07-28 11:28:29,839 [main] INFO  o.s.cloud.context.scope.GenericScope               - BeanFactory id=787a2ee9-d14b-37ef-8b3e-45f067dacf6e
2025-07-28 11:28:30,583 [main] INFO  o.s.b.w.embedded.tomcat.TomcatWebServer            - Tomcat initialized with port 8080 (http)
2025-07-28 11:28:30,595 [main] INFO  o.apache.coyote.http11.Http11NioProtocol           - Initializing ProtocolHandler ["http-nio-8080"]
2025-07-28 11:28:30,599 [main] INFO  o.apache.catalina.core.StandardService             - Starting service [Tomcat]
2025-07-28 11:28:30,599 [main] INFO  org.apache.catalina.core.StandardEngine            - Starting Servlet engine: [Apache Tomcat/10.1.40]
2025-07-28 11:28:30,671 [main] INFO  o.a.c.c.C.[.[.[/notification-service]              - Initializing Spring embedded WebApplicationContext
2025-07-28 11:28:30,671 [main] INFO  o.s.b.w.s.c.ServletWebServerApplicationContext     - Root WebApplicationContext: initialization completed in 2353 ms
2025-07-28 11:28:31,105 [main] INFO  com.zaxxer.hikari.HikariDataSource                 - HikariPool-1 - Starting...
2025-07-28 11:28:31,265 [main] INFO  com.zaxxer.hikari.pool.HikariPool                  - HikariPool-1 - Added connection conn0: url=jdbc:h2:mem:userdb user=SA
2025-07-28 11:28:31,266 [main] INFO  com.zaxxer.hikari.HikariDataSource                 - HikariPool-1 - Start completed.
2025-07-28 11:28:31,513 [main] INFO  o.hibernate.jpa.internal.util.LogHelper            - HHH000204: Processing PersistenceUnitInfo [name: default]
2025-07-28 11:28:31,614 [main] INFO  org.hibernate.Version                              - HHH000412: Hibernate ORM core version 6.6.13.Final
2025-07-28 11:28:31,687 [main] INFO  o.h.c.internal.RegionFactoryInitiator              - HHH000026: Second-level cache disabled
2025-07-28 11:28:31,931 [main] INFO  o.s.o.j.p.SpringPersistenceUnitInfo                - No LoadTimeWeaver setup: ignoring JPA class transformer
2025-07-28 11:28:31,987 [main] INFO  org.hibernate.orm.connections.pooling              - HHH10001005: Database info:
	Database JDBC URL [Connecting through datasource 'HikariDataSource (HikariPool-1)']
	Database driver: undefined/unknown
	Database version: 2.3.232
	Autocommit mode: undefined/unknown
	Isolation level: undefined/unknown
	Minimum pool size: undefined/unknown
	Maximum pool size: undefined/unknown
2025-07-28 11:28:32,812 [main] INFO  o.h.e.t.j.p.i.JtaPlatformInitiator                 - HHH000489: No JTA platform available (set 'hibernate.transaction.jta.platform' to enable JTA platform integration)
2025-07-28 11:28:32,924 [main] INFO  o.s.o.j.LocalContainerEntityManagerFactoryBean     - Initialized JPA EntityManagerFactory for persistence unit 'default'
2025-07-28 11:28:33,341 [main] WARN  o.s.b.w.s.c.AnnotationConfigServletWebServerApplicationContext - Exception encountered during context initialization - cancelling refresh attempt: org.springframework.beans.factory.UnsatisfiedDependencyException: Error creating bean with name 'eventController' defined in file [C:\Users\ja2c\Desktop\Cursos\micro-servicio-archt\k8s\microservices\services\notification-service\target\classes\edu\market\notification\infrastructure\adapter\input\web\controller\EventController.class]: Unsatisfied dependency expressed through constructor parameter 0: Error creating bean with name 'processDomainEventUseCase' defined in class path resource [edu/market/notification/infrastructure/config/ApplicationConfig.class]: Unsatisfied dependency expressed through method 'processDomainEventUseCase' parameter 2: Error creating bean with name 'sendNotificationUseCase' defined in class path resource [edu/market/notification/infrastructure/config/ApplicationConfig.class]: Unsatisfied dependency expressed through method 'sendNotificationUseCase' parameter 0: Error creating bean with name 'notificationChannelServiceAdapter' defined in file [C:\Users\ja2c\Desktop\Cursos\micro-servicio-archt\k8s\microservices\services\notification-service\target\classes\edu\market\notification\infrastructure\adapter\output\service\NotificationChannelServiceAdapter.class]: Unsatisfied dependency expressed through constructor parameter 1: Error creating bean with name 'micrometerMetricsAdapter' defined in file [C:\Users\ja2c\Desktop\Cursos\micro-servicio-archt\k8s\microservices\services\notification-service\target\classes\edu\market\notification\infrastructure\adapter\output\monitoring\MicrometerMetricsAdapter.class]: Unsatisfied dependency expressed through constructor parameter 2: No qualifying bean of type 'java.util.concurrent.Executor' available: expected single matching bean but found 2: exceptionTrackerAOPExecutor,metricsCollectorAOPExecutor
2025-07-28 11:28:33,342 [main] INFO  o.s.o.j.LocalContainerEntityManagerFactoryBean     - Closing JPA EntityManagerFactory for persistence unit 'default'
2025-07-28 11:28:33,346 [main] INFO  com.zaxxer.hikari.HikariDataSource                 - HikariPool-1 - Shutdown initiated...
2025-07-28 11:28:33,348 [main] INFO  com.zaxxer.hikari.HikariDataSource                 - HikariPool-1 - Shutdown completed.
2025-07-28 11:28:33,352 [main] INFO  o.apache.catalina.core.StandardService             - Stopping service [Tomcat]
2025-07-28 11:28:33,368 [main] INFO  o.s.b.a.l.ConditionEvaluationReportLogger          - 

Error starting ApplicationContext. To display the condition evaluation report re-run your application with 'debug' enabled.
2025-07-28 11:28:33,384 [main] ERROR o.s.b.d.LoggingFailureAnalysisReporter             - 

***************************
APPLICATION FAILED TO START
***************************

Description:

Parameter 2 of constructor in edu.market.notification.infrastructure.adapter.output.monitoring.MicrometerMetricsAdapter required a single bean, but 2 were found:
	- exceptionTrackerAOPExecutor: defined by method 'exceptionTrackerAOPExecutor' in class path resource [edu/market/notification/infrastructure/config/AsyncConfig.class]
	- metricsCollectorAOPExecutor: defined by method 'metricsCollectorAOPExecutor' in class path resource [edu/market/notification/infrastructure/config/AsyncConfig.class]

This may be due to missing parameter name information

Action:

Consider marking one of the beans as @Primary, updating the consumer to accept multiple beans, or using @Qualifier to identify the bean that should be consumed

Ensure that your compiler is configured to use the '-parameters' flag.
You may need to update both your build tool settings as well as your IDE.
(See https://github.com/spring-projects/spring-framework/wiki/Upgrading-to-Spring-Framework-6.x#parameter-name-retention)


2025-07-28 11:56:43,162 [background-preinit] INFO  o.h.validator.internal.util.Version                - HV000001: Hibernate Validator 8.0.2.Final
2025-07-28 11:56:43,199 [main] INFO  edu.market.notification.App                        - Starting App v1.0.0 using Java 21 with PID 4788 (C:\Users\ja2c\Desktop\Cursos\micro-servicio-archt\k8s\microservices\services\notification-service\target\classes started by ja2c in C:\Users\ja2c\Desktop\Cursos\micro-servicio-archt\k8s\microservices\services\notification-service)
2025-07-28 11:56:43,200 [main] DEBUG edu.market.notification.App                        - Running with Spring Boot v3.4.5, Spring v6.2.6
2025-07-28 11:56:43,201 [main] INFO  edu.market.notification.App                        - The following 1 profile is active: "dev"
2025-07-28 11:56:43,230 [main] INFO  o.s.c.c.c.ConfigServerConfigDataLoader             - Fetching config from server at : http://localhost:8890
2025-07-28 11:56:43,230 [main] INFO  o.s.c.c.c.ConfigServerConfigDataLoader             - Exception on Url - http://localhost:8890:org.springframework.web.client.ResourceAccessException: I/O error on GET request for "http://localhost:8890/notification-service/default": Connection refused: no further information. Will be trying the next url if available
2025-07-28 11:56:43,230 [main] WARN  o.s.c.c.c.ConfigServerConfigDataLoader             - Could not locate PropertySource ([ConfigServerConfigDataResource@437ebf59 uris = array<String>['http://localhost:8890'], optional = true, profiles = 'default']): I/O error on GET request for "http://localhost:8890/notification-service/default": Connection refused: no further information
2025-07-28 11:56:43,230 [main] INFO  o.s.c.c.c.ConfigServerConfigDataLoader             - Fetching config from server at : http://localhost:8890
2025-07-28 11:56:43,230 [main] INFO  o.s.c.c.c.ConfigServerConfigDataLoader             - Exception on Url - http://localhost:8890:org.springframework.web.client.ResourceAccessException: I/O error on GET request for "http://localhost:8890/notification-service/dev": Connection refused: no further information. Will be trying the next url if available
2025-07-28 11:56:43,231 [main] WARN  o.s.c.c.c.ConfigServerConfigDataLoader             - Could not locate PropertySource ([ConfigServerConfigDataResource@1d8e2eea uris = array<String>['http://localhost:8890'], optional = true, profiles = 'dev']): I/O error on GET request for "http://localhost:8890/notification-service/dev": Connection refused: no further information
2025-07-28 11:56:43,231 [main] INFO  o.s.c.c.c.ConfigServerConfigDataLoader             - Fetching config from server at : http://localhost:8890
2025-07-28 11:56:43,231 [main] INFO  o.s.c.c.c.ConfigServerConfigDataLoader             - Exception on Url - http://localhost:8890:org.springframework.web.client.ResourceAccessException: I/O error on GET request for "http://localhost:8890/notification-service/default": Connection refused: no further information. Will be trying the next url if available
2025-07-28 11:56:43,231 [main] WARN  o.s.c.c.c.ConfigServerConfigDataLoader             - Could not locate PropertySource ([ConfigServerConfigDataResource@240139e1 uris = array<String>['http://localhost:8890'], optional = true, profiles = 'default']): I/O error on GET request for "http://localhost:8890/notification-service/default": Connection refused: no further information
2025-07-28 11:56:44,163 [main] INFO  o.s.d.r.c.RepositoryConfigurationDelegate          - Bootstrapping Spring Data JPA repositories in DEFAULT mode.
2025-07-28 11:56:44,310 [main] INFO  o.s.d.r.c.RepositoryConfigurationDelegate          - Finished Spring Data repository scanning in 130 ms. Found 6 JPA repository interfaces.
2025-07-28 11:56:44,604 [main] INFO  o.s.cloud.context.scope.GenericScope               - BeanFactory id=3900db60-8d40-363c-9c55-ffe39cb1c59c
2025-07-28 11:56:45,378 [main] INFO  o.s.b.w.embedded.tomcat.TomcatWebServer            - Tomcat initialized with port 8080 (http)
2025-07-28 11:56:45,395 [main] INFO  o.apache.coyote.http11.Http11NioProtocol           - Initializing ProtocolHandler ["http-nio-8080"]
2025-07-28 11:56:45,398 [main] INFO  o.apache.catalina.core.StandardService             - Starting service [Tomcat]
2025-07-28 11:56:45,399 [main] INFO  org.apache.catalina.core.StandardEngine            - Starting Servlet engine: [Apache Tomcat/10.1.40]
2025-07-28 11:56:45,475 [main] INFO  o.a.c.c.C.[.[.[/notification-service]              - Initializing Spring embedded WebApplicationContext
2025-07-28 11:56:45,476 [main] INFO  o.s.b.w.s.c.ServletWebServerApplicationContext     - Root WebApplicationContext: initialization completed in 2244 ms
2025-07-28 11:56:45,860 [main] INFO  com.zaxxer.hikari.HikariDataSource                 - HikariPool-1 - Starting...
2025-07-28 11:56:46,021 [main] INFO  com.zaxxer.hikari.pool.HikariPool                  - HikariPool-1 - Added connection conn0: url=jdbc:h2:mem:userdb user=SA
2025-07-28 11:56:46,023 [main] INFO  com.zaxxer.hikari.HikariDataSource                 - HikariPool-1 - Start completed.
2025-07-28 11:56:46,274 [main] INFO  o.hibernate.jpa.internal.util.LogHelper            - HHH000204: Processing PersistenceUnitInfo [name: default]
2025-07-28 11:56:46,390 [main] INFO  org.hibernate.Version                              - HHH000412: Hibernate ORM core version 6.6.13.Final
2025-07-28 11:56:46,436 [main] INFO  o.h.c.internal.RegionFactoryInitiator              - HHH000026: Second-level cache disabled
2025-07-28 11:56:46,627 [main] INFO  o.s.o.j.p.SpringPersistenceUnitInfo                - No LoadTimeWeaver setup: ignoring JPA class transformer
2025-07-28 11:56:46,678 [main] INFO  org.hibernate.orm.connections.pooling              - HHH10001005: Database info:
	Database JDBC URL [Connecting through datasource 'HikariDataSource (HikariPool-1)']
	Database driver: undefined/unknown
	Database version: 2.3.232
	Autocommit mode: undefined/unknown
	Isolation level: undefined/unknown
	Minimum pool size: undefined/unknown
	Maximum pool size: undefined/unknown
2025-07-28 11:56:47,455 [main] INFO  o.h.e.t.j.p.i.JtaPlatformInitiator                 - HHH000489: No JTA platform available (set 'hibernate.transaction.jta.platform' to enable JTA platform integration)
2025-07-28 11:56:47,563 [main] INFO  o.s.o.j.LocalContainerEntityManagerFactoryBean     - Initialized JPA EntityManagerFactory for persistence unit 'default'
2025-07-28 11:56:47,994 [main] INFO  o.s.d.j.r.query.QueryEnhancerFactory               - Hibernate is in classpath; If applicable, HQL parser will be used.
2025-07-28 11:56:49,120 [main] WARN  o.s.b.a.o.j.JpaBaseConfiguration$JpaWebConfiguration - spring.jpa.open-in-view is enabled by default. Therefore, database queries may be performed during view rendering. Explicitly configure spring.jpa.open-in-view to disable this warning
2025-07-28 11:56:49,468 [main] INFO  o.s.b.a.e.web.EndpointLinksResolver                - Exposing 1 endpoint beneath base path '/actuator'
2025-07-28 11:56:49,849 [main] INFO  o.s.b.a.h2.H2ConsoleAutoConfiguration              - H2 console available at '/h2-console'. Database available at 'jdbc:h2:mem:userdb'
2025-07-28 11:56:49,883 [main] INFO  o.s.c.n.e.c.DiscoveryClientOptionalArgsConfiguration - Eureka HTTP Client uses RestTemplate.
2025-07-28 11:56:49,920 [main] WARN  o.s.c.l.c.LoadBalancerCacheAutoConfiguration$LoadBalancerCaffeineWarnLogger - Spring Cloud LoadBalancer is currently working with the default cache. While this cache implementation is useful for development and tests, it's recommended to use Caffeine cache in production.You can switch to using Caffeine cache, by adding it and org.springframework.cache.caffeine.CaffeineCacheManager to the classpath.
2025-07-28 11:56:49,964 [main] INFO  o.s.c.netflix.eureka.InstanceInfoFactory           - Setting initial instance status as: STARTING
2025-07-28 11:56:49,978 [main] INFO  com.netflix.discovery.DiscoveryClient              - Initializing Eureka in region us-east-1
2025-07-28 11:56:49,979 [main] INFO  com.netflix.discovery.DiscoveryClient              - Client configured to neither register nor query for data.
2025-07-28 11:56:49,980 [main] INFO  com.netflix.discovery.DiscoveryClient              - Discovery Client initialized at timestamp 1753718209979 with initial instances count: 0
2025-07-28 11:56:49,984 [main] INFO  o.s.c.n.e.s.EurekaServiceRegistry                  - Registering application NOTIFICATION-SERVICE with eureka with status UP
2025-07-28 11:56:49,985 [main] INFO  o.apache.coyote.http11.Http11NioProtocol           - Starting ProtocolHandler ["http-nio-8080"]
2025-07-28 11:56:49,997 [main] INFO  o.s.b.w.embedded.tomcat.TomcatWebServer            - Tomcat started on port 8080 (http) with context path '/notification-service'
2025-07-28 11:56:49,998 [main] INFO  o.s.c.n.e.s.EurekaAutoServiceRegistration          - Updating port to 8080
2025-07-28 11:56:50,014 [main] INFO  edu.market.notification.App                        - Started App in 7.666 seconds (process running for 8.08)
2025-07-28 12:28:18,069 [http-nio-8080-exec-1] INFO  o.a.c.c.C.[.[.[/notification-service]              - Initializing Spring DispatcherServlet 'dispatcherServlet'
2025-07-28 12:28:18,070 [http-nio-8080-exec-1] INFO  o.s.web.servlet.DispatcherServlet                  - Initializing Servlet 'dispatcherServlet'
2025-07-28 12:28:18,070 [http-nio-8080-exec-1] INFO  o.s.web.servlet.DispatcherServlet                  - Completed initialization in 0 ms
2025-07-28 12:28:18,947 [http-nio-8080-exec-9] INFO  o.springdoc.api.AbstractOpenApiResource            - Init duration for springdoc-openapi is: 572 ms
2025-07-28 12:28:45,399 [http-nio-8080-exec-10] INFO  e.m.n.i.a.i.w.c.NotificationController             - sendNotification - init
2025-07-28 12:28:45,400 [http-nio-8080-exec-10] DEBUG e.m.n.i.a.i.w.c.NotificationController             - sendNotification - Call notificationMapper.toNotificationCommand
2025-07-28 12:28:45,400 [http-nio-8080-exec-10] INFO  e.m.n.i.a.i.w.m.NotificationInputMapper            - toNotificationCommand - init
2025-07-28 12:28:45,400 [http-nio-8080-exec-10] INFO  e.m.n.i.a.i.w.m.NotificationInputMapper            - toNotificationCommand - end
2025-07-28 12:28:45,400 [http-nio-8080-exec-10] DEBUG e.m.n.i.a.i.w.c.NotificationController             - sendNotification - Create ClientContextCommand
2025-07-28 12:28:45,400 [http-nio-8080-exec-10] DEBUG e.m.n.i.a.i.web.util.RequestContextUtil            - Obteniendo IP del cliente
2025-07-28 12:28:45,400 [http-nio-8080-exec-10] DEBUG e.m.n.i.a.i.web.util.RequestContextUtil            - Obteniendo User-Agent del cliente
2025-07-28 12:28:45,400 [http-nio-8080-exec-10] DEBUG e.m.n.i.a.i.web.util.RequestContextUtil            - Obteniendo ruta de la petición
2025-07-28 12:28:45,400 [http-nio-8080-exec-10] DEBUG e.m.n.i.a.i.w.c.NotificationController             - sendNotification - Call sendNotificationUseCase.send
2025-07-28 12:28:45,400 [http-nio-8080-exec-10] INFO  e.m.n.i.a.o.monitoring.LoggingAdapter              - send - Init
2025-07-28 12:28:45,403 [http-nio-8080-exec-10] INFO  e.m.n.i.a.o.p.m.NotificationOutputMapper           - toEntity - Init
2025-07-28 12:28:45,403 [http-nio-8080-exec-10] INFO  e.m.n.i.a.o.p.m.NotificationOutputMapper           - toEntity - End
2025-07-28 12:28:45,425 [http-nio-8080-exec-10] ERROR e.m.n.i.a.i.w.e.RestExceptionHandler               - handleAllUncaughtException - Unexpected error occurred: java.lang.StackOverflowError
java.lang.RuntimeException: java.lang.StackOverflowError
	at org.springframework.data.repository.core.support.RepositoryMethodInvoker$RepositoryFragmentMethodInvoker.lambda$new$0(RepositoryMethodInvoker.java:281)
	at org.springframework.data.repository.core.support.RepositoryMethodInvoker.doInvoke(RepositoryMethodInvoker.java:170)
	at org.springframework.data.repository.core.support.RepositoryMethodInvoker.invoke(RepositoryMethodInvoker.java:158)
	at org.springframework.data.repository.core.support.RepositoryComposition$RepositoryFragments.invoke(RepositoryComposition.java:515)
	at org.springframework.data.repository.core.support.RepositoryComposition.invoke(RepositoryComposition.java:284)
	at org.springframework.data.repository.core.support.RepositoryFactorySupport$ImplementationMethodExecutionInterceptor.invoke(RepositoryFactorySupport.java:731)
	at org.springframework.aop.framework.ReflectiveMethodInvocation.proceed(ReflectiveMethodInvocation.java:184)
	at org.springframework.data.repository.core.support.QueryExecutorMethodInterceptor.doInvoke(QueryExecutorMethodInterceptor.java:174)
	at org.springframework.data.repository.core.support.QueryExecutorMethodInterceptor.invoke(QueryExecutorMethodInterceptor.java:149)
	at org.springframework.aop.framework.ReflectiveMethodInvocation.proceed(ReflectiveMethodInvocation.java:184)
	at org.springframework.data.projection.DefaultMethodInvokingMethodInterceptor.invoke(DefaultMethodInvokingMethodInterceptor.java:69)
	at org.springframework.aop.framework.ReflectiveMethodInvocation.proceed(ReflectiveMethodInvocation.java:184)
	at org.springframework.transaction.interceptor.TransactionAspectSupport.invokeWithinTransaction(TransactionAspectSupport.java:380)
	at org.springframework.transaction.interceptor.TransactionInterceptor.invoke(TransactionInterceptor.java:119)
	at org.springframework.aop.framework.ReflectiveMethodInvocation.proceed(ReflectiveMethodInvocation.java:184)
	at org.springframework.dao.support.PersistenceExceptionTranslationInterceptor.invoke(PersistenceExceptionTranslationInterceptor.java:138)
	at org.springframework.aop.framework.ReflectiveMethodInvocation.proceed(ReflectiveMethodInvocation.java:184)
	at org.springframework.data.jpa.repository.support.CrudMethodMetadataPostProcessor$CrudMethodMetadataPopulatingMethodInterceptor.invoke(CrudMethodMetadataPostProcessor.java:165)
	at org.springframework.aop.framework.ReflectiveMethodInvocation.proceed(ReflectiveMethodInvocation.java:184)
	at org.springframework.aop.framework.JdkDynamicAopProxy.invoke(JdkDynamicAopProxy.java:223)
	at jdk.proxy2/jdk.proxy2.$Proxy187.save(Unknown Source)
	at edu.market.notification.infrastructure.adapter.output.persistence.NotificationRepositoryAdapter.save(NotificationRepositoryAdapter.java:36)
	at java.base/jdk.internal.reflect.DirectMethodHandleAccessor.invoke(DirectMethodHandleAccessor.java:103)
	at java.base/java.lang.reflect.Method.invoke(Method.java:580)
	at org.springframework.aop.support.AopUtils.invokeJoinpointUsingReflection(AopUtils.java:359)
	at org.springframework.aop.framework.ReflectiveMethodInvocation.invokeJoinpoint(ReflectiveMethodInvocation.java:196)
	at org.springframework.aop.framework.ReflectiveMethodInvocation.proceed(ReflectiveMethodInvocation.java:163)
	at org.springframework.transaction.interceptor.TransactionAspectSupport.invokeWithinTransaction(TransactionAspectSupport.java:380)
	at org.springframework.transaction.interceptor.TransactionInterceptor.invoke(TransactionInterceptor.java:119)
	at org.springframework.aop.framework.ReflectiveMethodInvocation.proceed(ReflectiveMethodInvocation.java:184)
	at org.springframework.aop.framework.CglibAopProxy$DynamicAdvisedInterceptor.intercept(CglibAopProxy.java:728)
	at edu.market.notification.infrastructure.adapter.output.persistence.NotificationRepositoryAdapter$$SpringCGLIB$$0.save(<generated>)
	at edu.market.notification.application.usecase.notification.SendNotificationUseCase.send(SendNotificationUseCase.java:76)
	at edu.market.notification.infrastructure.adapter.input.web.controller.NotificationController.sendNotification(NotificationController.java:156)
	at java.base/jdk.internal.reflect.DirectMethodHandleAccessor.invoke(DirectMethodHandleAccessor.java:103)
	at java.base/java.lang.reflect.Method.invoke(Method.java:580)
	at org.springframework.web.method.support.InvocableHandlerMethod.doInvoke(InvocableHandlerMethod.java:258)
	at org.springframework.web.method.support.InvocableHandlerMethod.invokeForRequest(InvocableHandlerMethod.java:191)
	at org.springframework.web.servlet.mvc.method.annotation.ServletInvocableHandlerMethod.invokeAndHandle(ServletInvocableHandlerMethod.java:118)
	at org.springframework.web.servlet.mvc.method.annotation.RequestMappingHandlerAdapter.invokeHandlerMethod(RequestMappingHandlerAdapter.java:986)
	at org.springframework.web.servlet.mvc.method.annotation.RequestMappingHandlerAdapter.handleInternal(RequestMappingHandlerAdapter.java:891)
	at org.springframework.web.servlet.mvc.method.AbstractHandlerMethodAdapter.handle(AbstractHandlerMethodAdapter.java:87)
	at org.springframework.web.servlet.DispatcherServlet.doDispatch(DispatcherServlet.java:1089)
	at org.springframework.web.servlet.DispatcherServlet.doService(DispatcherServlet.java:979)
	at org.springframework.web.servlet.FrameworkServlet.processRequest(FrameworkServlet.java:1014)
	at org.springframework.web.servlet.FrameworkServlet.doPost(FrameworkServlet.java:914)
	at jakarta.servlet.http.HttpServlet.service(HttpServlet.java:590)
	at org.springframework.web.servlet.FrameworkServlet.service(FrameworkServlet.java:885)
	at jakarta.servlet.http.HttpServlet.service(HttpServlet.java:658)
	at org.apache.catalina.core.ApplicationFilterChain.internalDoFilter(ApplicationFilterChain.java:195)
	at org.apache.catalina.core.ApplicationFilterChain.doFilter(ApplicationFilterChain.java:140)
	at org.apache.tomcat.websocket.server.WsFilter.doFilter(WsFilter.java:51)
	at org.apache.catalina.core.ApplicationFilterChain.internalDoFilter(ApplicationFilterChain.java:164)
	at org.apache.catalina.core.ApplicationFilterChain.doFilter(ApplicationFilterChain.java:140)
	at org.springframework.web.filter.CompositeFilter$VirtualFilterChain.doFilter(CompositeFilter.java:108)
	at org.springframework.security.web.FilterChainProxy.lambda$doFilterInternal$3(FilterChainProxy.java:231)
	at org.springframework.security.web.ObservationFilterChainDecorator$FilterObservation$SimpleFilterObservation.lambda$wrap$1(ObservationFilterChainDecorator.java:479)
	at org.springframework.security.web.ObservationFilterChainDecorator$AroundFilterObservation$SimpleAroundFilterObservation.lambda$wrap$1(ObservationFilterChainDecorator.java:340)
	at org.springframework.security.web.ObservationFilterChainDecorator.lambda$wrapSecured$0(ObservationFilterChainDecorator.java:82)
	at org.springframework.security.web.ObservationFilterChainDecorator$VirtualFilterChain.doFilter(ObservationFilterChainDecorator.java:128)
	at org.springframework.security.web.access.intercept.AuthorizationFilter.doFilter(AuthorizationFilter.java:101)
	at org.springframework.security.web.ObservationFilterChainDecorator$ObservationFilter.wrapFilter(ObservationFilterChainDecorator.java:240)
	at org.springframework.security.web.ObservationFilterChainDecorator$ObservationFilter.doFilter(ObservationFilterChainDecorator.java:227)
	at org.springframework.security.web.ObservationFilterChainDecorator$VirtualFilterChain.doFilter(ObservationFilterChainDecorator.java:137)
	at org.springframework.security.web.access.ExceptionTranslationFilter.doFilter(ExceptionTranslationFilter.java:126)
	at org.springframework.security.web.access.ExceptionTranslationFilter.doFilter(ExceptionTranslationFilter.java:120)
	at org.springframework.security.web.ObservationFilterChainDecorator$ObservationFilter.wrapFilter(ObservationFilterChainDecorator.java:240)
	at org.springframework.security.web.ObservationFilterChainDecorator$ObservationFilter.doFilter(ObservationFilterChainDecorator.java:227)
	at org.springframework.security.web.ObservationFilterChainDecorator$VirtualFilterChain.doFilter(ObservationFilterChainDecorator.java:137)
	at org.springframework.security.web.authentication.AnonymousAuthenticationFilter.doFilter(AnonymousAuthenticationFilter.java:100)
	at org.springframework.security.web.ObservationFilterChainDecorator$ObservationFilter.wrapFilter(ObservationFilterChainDecorator.java:240)
	at org.springframework.security.web.ObservationFilterChainDecorator$ObservationFilter.doFilter(ObservationFilterChainDecorator.java:227)
	at org.springframework.security.web.ObservationFilterChainDecorator$VirtualFilterChain.doFilter(ObservationFilterChainDecorator.java:137)
	at org.springframework.security.web.servletapi.SecurityContextHolderAwareRequestFilter.doFilter(SecurityContextHolderAwareRequestFilter.java:179)
	at org.springframework.security.web.ObservationFilterChainDecorator$ObservationFilter.wrapFilter(ObservationFilterChainDecorator.java:240)
	at org.springframework.security.web.ObservationFilterChainDecorator$ObservationFilter.doFilter(ObservationFilterChainDecorator.java:227)
	at org.springframework.security.web.ObservationFilterChainDecorator$VirtualFilterChain.doFilter(ObservationFilterChainDecorator.java:137)
	at org.springframework.security.web.savedrequest.RequestCacheAwareFilter.doFilter(RequestCacheAwareFilter.java:63)
	at org.springframework.security.web.ObservationFilterChainDecorator$ObservationFilter.wrapFilter(ObservationFilterChainDecorator.java:240)
	at org.springframework.security.web.ObservationFilterChainDecorator$ObservationFilter.doFilter(ObservationFilterChainDecorator.java:227)
	at org.springframework.security.web.ObservationFilterChainDecorator$VirtualFilterChain.doFilter(ObservationFilterChainDecorator.java:137)
	at org.springframework.security.web.authentication.logout.LogoutFilter.doFilter(LogoutFilter.java:107)
	at org.springframework.security.web.authentication.logout.LogoutFilter.doFilter(LogoutFilter.java:93)
	at org.springframework.security.web.ObservationFilterChainDecorator$ObservationFilter.wrapFilter(ObservationFilterChainDecorator.java:240)
	at org.springframework.security.web.ObservationFilterChainDecorator$ObservationFilter.doFilter(ObservationFilterChainDecorator.java:227)
	at org.springframework.security.web.ObservationFilterChainDecorator$VirtualFilterChain.doFilter(ObservationFilterChainDecorator.java:137)
	at org.springframework.security.web.header.HeaderWriterFilter.doHeadersAfter(HeaderWriterFilter.java:90)
	at org.springframework.security.web.header.HeaderWriterFilter.doFilterInternal(HeaderWriterFilter.java:75)
	at org.springframework.web.filter.OncePerRequestFilter.doFilter(OncePerRequestFilter.java:116)
	at org.springframework.security.web.ObservationFilterChainDecorator$ObservationFilter.wrapFilter(ObservationFilterChainDecorator.java:240)
	at org.springframework.security.web.ObservationFilterChainDecorator$ObservationFilter.doFilter(ObservationFilterChainDecorator.java:227)
	at org.springframework.security.web.ObservationFilterChainDecorator$VirtualFilterChain.doFilter(ObservationFilterChainDecorator.java:137)
	at org.springframework.security.web.context.SecurityContextHolderFilter.doFilter(SecurityContextHolderFilter.java:82)
	at org.springframework.security.web.context.SecurityContextHolderFilter.doFilter(SecurityContextHolderFilter.java:69)
	at org.springframework.security.web.ObservationFilterChainDecorator$ObservationFilter.wrapFilter(ObservationFilterChainDecorator.java:240)
	at org.springframework.security.web.ObservationFilterChainDecorator$ObservationFilter.doFilter(ObservationFilterChainDecorator.java:227)
	at org.springframework.security.web.ObservationFilterChainDecorator$VirtualFilterChain.doFilter(ObservationFilterChainDecorator.java:137)
	at org.springframework.security.web.context.request.async.WebAsyncManagerIntegrationFilter.doFilterInternal(WebAsyncManagerIntegrationFilter.java:62)
	at org.springframework.web.filter.OncePerRequestFilter.doFilter(OncePerRequestFilter.java:116)
	at org.springframework.security.web.ObservationFilterChainDecorator$ObservationFilter.wrapFilter(ObservationFilterChainDecorator.java:240)
	at org.springframework.security.web.ObservationFilterChainDecorator$ObservationFilter.doFilter(ObservationFilterChainDecorator.java:227)
	at org.springframework.security.web.ObservationFilterChainDecorator$VirtualFilterChain.doFilter(ObservationFilterChainDecorator.java:137)
	at org.springframework.security.web.session.DisableEncodeUrlFilter.doFilterInternal(DisableEncodeUrlFilter.java:42)
	at org.springframework.web.filter.OncePerRequestFilter.doFilter(OncePerRequestFilter.java:116)
	at org.springframework.security.web.ObservationFilterChainDecorator$ObservationFilter.wrapFilter(ObservationFilterChainDecorator.java:240)
	at org.springframework.security.web.ObservationFilterChainDecorator$AroundFilterObservation$SimpleAroundFilterObservation.lambda$wrap$0(ObservationFilterChainDecorator.java:323)
	at org.springframework.security.web.ObservationFilterChainDecorator$ObservationFilter.doFilter(ObservationFilterChainDecorator.java:224)
	at org.springframework.security.web.ObservationFilterChainDecorator$VirtualFilterChain.doFilter(ObservationFilterChainDecorator.java:137)
	at org.springframework.security.web.FilterChainProxy.doFilterInternal(FilterChainProxy.java:233)
	at org.springframework.security.web.FilterChainProxy.doFilter(FilterChainProxy.java:191)
	at org.springframework.web.filter.CompositeFilter$VirtualFilterChain.doFilter(CompositeFilter.java:113)
	at org.springframework.web.servlet.handler.HandlerMappingIntrospector.lambda$createCacheFilter$3(HandlerMappingIntrospector.java:243)
	at org.springframework.web.filter.CompositeFilter$VirtualFilterChain.doFilter(CompositeFilter.java:113)
	at org.springframework.web.filter.CompositeFilter.doFilter(CompositeFilter.java:74)
	at org.springframework.security.config.annotation.web.configuration.WebMvcSecurityConfiguration$CompositeFilterChainProxy.doFilter(WebMvcSecurityConfiguration.java:238)
	at org.springframework.web.filter.DelegatingFilterProxy.invokeDelegate(DelegatingFilterProxy.java:362)
	at org.springframework.web.filter.DelegatingFilterProxy.doFilter(DelegatingFilterProxy.java:278)
	at org.apache.catalina.core.ApplicationFilterChain.internalDoFilter(ApplicationFilterChain.java:164)
	at org.apache.catalina.core.ApplicationFilterChain.doFilter(ApplicationFilterChain.java:140)
	at org.springframework.web.filter.RequestContextFilter.doFilterInternal(RequestContextFilter.java:100)
	at org.springframework.web.filter.OncePerRequestFilter.doFilter(OncePerRequestFilter.java:116)
	at org.apache.catalina.core.ApplicationFilterChain.internalDoFilter(ApplicationFilterChain.java:164)
	at org.apache.catalina.core.ApplicationFilterChain.doFilter(ApplicationFilterChain.java:140)
	at org.springframework.web.filter.FormContentFilter.doFilterInternal(FormContentFilter.java:93)
	at org.springframework.web.filter.OncePerRequestFilter.doFilter(OncePerRequestFilter.java:116)
	at org.apache.catalina.core.ApplicationFilterChain.internalDoFilter(ApplicationFilterChain.java:164)
	at org.apache.catalina.core.ApplicationFilterChain.doFilter(ApplicationFilterChain.java:140)
	at org.springframework.web.filter.ServerHttpObservationFilter.doFilterInternal(ServerHttpObservationFilter.java:114)
	at org.springframework.web.filter.OncePerRequestFilter.doFilter(OncePerRequestFilter.java:116)
	at org.apache.catalina.core.ApplicationFilterChain.internalDoFilter(ApplicationFilterChain.java:164)
	at org.apache.catalina.core.ApplicationFilterChain.doFilter(ApplicationFilterChain.java:140)
	at org.springframework.web.filter.CharacterEncodingFilter.doFilterInternal(CharacterEncodingFilter.java:201)
	at org.springframework.web.filter.OncePerRequestFilter.doFilter(OncePerRequestFilter.java:116)
	at org.apache.catalina.core.ApplicationFilterChain.internalDoFilter(ApplicationFilterChain.java:164)
	at org.apache.catalina.core.ApplicationFilterChain.doFilter(ApplicationFilterChain.java:140)
	at org.apache.catalina.core.StandardWrapperValve.invoke(StandardWrapperValve.java:167)
	at org.apache.catalina.core.StandardContextValve.invoke(StandardContextValve.java:90)
	at org.apache.catalina.authenticator.AuthenticatorBase.invoke(AuthenticatorBase.java:483)
	at org.apache.catalina.core.StandardHostValve.invoke(StandardHostValve.java:116)
	at org.apache.catalina.valves.ErrorReportValve.invoke(ErrorReportValve.java:93)
	at org.apache.catalina.core.StandardEngineValve.invoke(StandardEngineValve.java:74)
	at org.apache.catalina.connector.CoyoteAdapter.service(CoyoteAdapter.java:344)
	at org.apache.coyote.http11.Http11Processor.service(Http11Processor.java:398)
	at org.apache.coyote.AbstractProcessorLight.process(AbstractProcessorLight.java:63)
	at org.apache.coyote.AbstractProtocol$ConnectionHandler.process(AbstractProtocol.java:903)
	at org.apache.tomcat.util.net.NioEndpoint$SocketProcessor.doRun(NioEndpoint.java:1740)
	at org.apache.tomcat.util.net.SocketProcessorBase.run(SocketProcessorBase.java:52)
	at org.apache.tomcat.util.threads.ThreadPoolExecutor.runWorker(ThreadPoolExecutor.java:1189)
	at org.apache.tomcat.util.threads.ThreadPoolExecutor$Worker.run(ThreadPoolExecutor.java:658)
	at org.apache.tomcat.util.threads.TaskThread$WrappingRunnable.run(TaskThread.java:63)
	at java.base/java.lang.Thread.run(Thread.java:1583)
Caused by: java.lang.StackOverflowError: null
	at java.base/java.util.AbstractSet.hashCode(AbstractSet.java:120)
	at edu.market.notification.infrastructure.adapter.output.persistence.entity.NotificationEntity.hashCode(NotificationEntity.java:21)
	at edu.market.notification.infrastructure.adapter.output.persistence.entity.NotificationChannelEntity.hashCode(NotificationChannelEntity.java:13)
	at java.base/java.util.AbstractSet.hashCode(AbstractSet.java:124)
	at edu.market.notification.infrastructure.adapter.output.persistence.entity.NotificationEntity.hashCode(NotificationEntity.java:21)
	at edu.market.notification.infrastructure.adapter.output.persistence.entity.NotificationChannelEntity.hashCode(NotificationChannelEntity.java:13)
	at java.base/java.util.AbstractSet.hashCode(AbstractSet.java:124)
	at edu.market.notification.infrastructure.adapter.output.persistence.entity.NotificationEntity.hashCode(NotificationEntity.java:21)
	at edu.market.notification.infrastructure.adapter.output.persistence.entity.NotificationChannelEntity.hashCode(NotificationChannelEntity.java:13)
	at java.base/java.util.AbstractSet.hashCode(AbstractSet.java:124)
	at edu.market.notification.infrastructure.adapter.output.persistence.entity.NotificationEntity.hashCode(NotificationEntity.java:21)
	at edu.market.notification.infrastructure.adapter.output.persistence.entity.NotificationChannelEntity.hashCode(NotificationChannelEntity.java:13)
	at java.base/java.util.AbstractSet.hashCode(AbstractSet.java:124)
	at edu.market.notification.infrastructure.adapter.output.persistence.entity.NotificationEntity.hashCode(NotificationEntity.java:21)
	at edu.market.notification.infrastructure.adapter.output.persistence.entity.NotificationChannelEntity.hashCode(NotificationChannelEntity.java:13)
	at java.base/java.util.AbstractSet.hashCode(AbstractSet.java:124)
	at edu.market.notification.infrastructure.adapter.output.persistence.entity.NotificationEntity.hashCode(NotificationEntity.java:21)
	at edu.market.notification.infrastructure.adapter.output.persistence.entity.NotificationChannelEntity.hashCode(NotificationChannelEntity.java:13)
	at java.base/java.util.AbstractSet.hashCode(AbstractSet.java:124)
	at edu.market.notification.infrastructure.adapter.output.persistence.entity.NotificationEntity.hashCode(NotificationEntity.java:21)
	at edu.market.notification.infrastructure.adapter.output.persistence.entity.NotificationChannelEntity.hashCode(NotificationChannelEntity.java:13)
	at java.base/java.util.AbstractSet.hashCode(AbstractSet.java:124)
	at edu.market.notification.infrastructure.adapter.output.persistence.entity.NotificationEntity.hashCode(NotificationEntity.java:21)
	at edu.market.notification.infrastructure.adapter.output.persistence.entity.NotificationChannelEntity.hashCode(NotificationChannelEntity.java:13)
	at java.base/java.util.AbstractSet.hashCode(AbstractSet.java:124)
	at edu.market.notification.infrastructure.adapter.output.persistence.entity.NotificationEntity.hashCode(NotificationEntity.java:21)
	at edu.market.notification.infrastructure.adapter.output.persistence.entity.NotificationChannelEntity.hashCode(NotificationChannelEntity.java:13)
	at java.base/java.util.AbstractSet.hashCode(AbstractSet.java:124)
	at edu.market.notification.infrastructure.adapter.output.persistence.entity.NotificationEntity.hashCode(NotificationEntity.java:21)
	at edu.market.notification.infrastructure.adapter.output.persistence.entity.NotificationChannelEntity.hashCode(NotificationChannelEntity.java:13)
	at java.base/java.util.AbstractSet.hashCode(AbstractSet.java:124)
	at edu.market.notification.infrastructure.adapter.output.persistence.entity.NotificationEntity.hashCode(NotificationEntity.java:21)
	at edu.market.notification.infrastructure.adapter.output.persistence.entity.NotificationChannelEntity.hashCode(NotificationChannelEntity.java:13)
	at java.base/java.util.AbstractSet.hashCode(AbstractSet.java:124)
	at edu.market.notification.infrastructure.adapter.output.persistence.entity.NotificationEntity.hashCode(NotificationEntity.java:21)
	at edu.market.notification.infrastructure.adapter.output.persistence.entity.NotificationChannelEntity.hashCode(NotificationChannelEntity.java:13)
	at java.base/java.util.AbstractSet.hashCode(AbstractSet.java:124)
	at edu.market.notification.infrastructure.adapter.output.persistence.entity.NotificationEntity.hashCode(NotificationEntity.java:21)
	at edu.market.notification.infrastructure.adapter.output.persistence.entity.NotificationChannelEntity.hashCode(NotificationChannelEntity.java:13)
	at java.base/java.util.AbstractSet.hashCode(AbstractSet.java:124)
	at edu.market.notification.infrastructure.adapter.output.persistence.entity.NotificationEntity.hashCode(NotificationEntity.java:21)
	at edu.market.notification.infrastructure.adapter.output.persistence.entity.NotificationChannelEntity.hashCode(NotificationChannelEntity.java:13)
	at java.base/java.util.AbstractSet.hashCode(AbstractSet.java:124)
	at edu.market.notification.infrastructure.adapter.output.persistence.entity.NotificationEntity.hashCode(NotificationEntity.java:21)
	at edu.market.notification.infrastructure.adapter.output.persistence.entity.NotificationChannelEntity.hashCode(NotificationChannelEntity.java:13)
	at java.base/java.util.AbstractSet.hashCode(AbstractSet.java:124)
	at edu.market.notification.infrastructure.adapter.output.persistence.entity.NotificationEntity.hashCode(NotificationEntity.java:21)
	at edu.market.notification.infrastructure.adapter.output.persistence.entity.NotificationChannelEntity.hashCode(NotificationChannelEntity.java:13)
	at java.base/java.util.AbstractSet.hashCode(AbstractSet.java:124)
	at edu.market.notification.infrastructure.adapter.output.persistence.entity.NotificationEntity.hashCode(NotificationEntity.java:21)
	at edu.market.notification.infrastructure.adapter.output.persistence.entity.NotificationChannelEntity.hashCode(NotificationChannelEntity.java:13)
	at java.base/java.util.AbstractSet.hashCode(AbstractSet.java:124)
	at edu.market.notification.infrastructure.adapter.output.persistence.entity.NotificationEntity.hashCode(NotificationEntity.java:21)
	at edu.market.notification.infrastructure.adapter.output.persistence.entity.NotificationChannelEntity.hashCode(NotificationChannelEntity.java:13)
	at java.base/java.util.AbstractSet.hashCode(AbstractSet.java:124)
	at edu.market.notification.infrastructure.adapter.output.persistence.entity.NotificationEntity.hashCode(NotificationEntity.java:21)
	at edu.market.notification.infrastructure.adapter.output.persistence.entity.NotificationChannelEntity.hashCode(NotificationChannelEntity.java:13)
	at java.base/java.util.AbstractSet.hashCode(AbstractSet.java:124)
	at edu.market.notification.infrastructure.adapter.output.persistence.entity.NotificationEntity.hashCode(NotificationEntity.java:21)
	at edu.market.notification.infrastructure.adapter.output.persistence.entity.NotificationChannelEntity.hashCode(NotificationChannelEntity.java:13)
	at java.base/java.util.AbstractSet.hashCode(AbstractSet.java:124)
	at edu.market.notification.infrastructure.adapter.output.persistence.entity.NotificationEntity.hashCode(NotificationEntity.java:21)
	at edu.market.notification.infrastructure.adapter.output.persistence.entity.NotificationChannelEntity.hashCode(NotificationChannelEntity.java:13)
	at java.base/java.util.AbstractSet.hashCode(AbstractSet.java:124)
	at edu.market.notification.infrastructure.adapter.output.persistence.entity.NotificationEntity.hashCode(NotificationEntity.java:21)
	at edu.market.notification.infrastructure.adapter.output.persistence.entity.NotificationChannelEntity.hashCode(NotificationChannelEntity.java:13)
	at java.base/java.util.AbstractSet.hashCode(AbstractSet.java:124)
	at edu.market.notification.infrastructure.adapter.output.persistence.entity.NotificationEntity.hashCode(NotificationEntity.java:21)
	at edu.market.notification.infrastructure.adapter.output.persistence.entity.NotificationChannelEntity.hashCode(NotificationChannelEntity.java:13)
	at java.base/java.util.AbstractSet.hashCode(AbstractSet.java:124)
	at edu.market.notification.infrastructure.adapter.output.persistence.entity.NotificationEntity.hashCode(NotificationEntity.java:21)
	at edu.market.notification.infrastructure.adapter.output.persistence.entity.NotificationChannelEntity.hashCode(NotificationChannelEntity.java:13)
	at java.base/java.util.AbstractSet.hashCode(AbstractSet.java:124)
	at edu.market.notification.infrastructure.adapter.output.persistence.entity.NotificationEntity.hashCode(NotificationEntity.java:21)
	at edu.market.notification.infrastructure.adapter.output.persistence.entity.NotificationChannelEntity.hashCode(NotificationChannelEntity.java:13)
	at java.base/java.util.AbstractSet.hashCode(AbstractSet.java:124)
	at edu.market.notification.infrastructure.adapter.output.persistence.entity.NotificationEntity.hashCode(NotificationEntity.java:21)
	at edu.market.notification.infrastructure.adapter.output.persistence.entity.NotificationChannelEntity.hashCode(NotificationChannelEntity.java:13)
	at java.base/java.util.AbstractSet.hashCode(AbstractSet.java:124)
	at edu.market.notification.infrastructure.adapter.output.persistence.entity.NotificationEntity.hashCode(NotificationEntity.java:21)
	at edu.market.notification.infrastructure.adapter.output.persistence.entity.NotificationChannelEntity.hashCode(NotificationChannelEntity.java:13)
	at java.base/java.util.AbstractSet.hashCode(AbstractSet.java:124)
	at edu.market.notification.infrastructure.adapter.output.persistence.entity.NotificationEntity.hashCode(NotificationEntity.java:21)
	at edu.market.notification.infrastructure.adapter.output.persistence.entity.NotificationChannelEntity.hashCode(NotificationChannelEntity.java:13)
	at java.base/java.util.AbstractSet.hashCode(AbstractSet.java:124)
	at edu.market.notification.infrastructure.adapter.output.persistence.entity.NotificationEntity.hashCode(NotificationEntity.java:21)
	at edu.market.notification.infrastructure.adapter.output.persistence.entity.NotificationChannelEntity.hashCode(NotificationChannelEntity.java:13)
	at java.base/java.util.AbstractSet.hashCode(AbstractSet.java:124)
	at edu.market.notification.infrastructure.adapter.output.persistence.entity.NotificationEntity.hashCode(NotificationEntity.java:21)
	at edu.market.notification.infrastructure.adapter.output.persistence.entity.NotificationChannelEntity.hashCode(NotificationChannelEntity.java:13)
	at java.base/java.util.AbstractSet.hashCode(AbstractSet.java:124)
	at edu.market.notification.infrastructure.adapter.output.persistence.entity.NotificationEntity.hashCode(NotificationEntity.java:21)
	at edu.market.notification.infrastructure.adapter.output.persistence.entity.NotificationChannelEntity.hashCode(NotificationChannelEntity.java:13)
	at java.base/java.util.AbstractSet.hashCode(AbstractSet.java:124)
	at edu.market.notification.infrastructure.adapter.output.persistence.entity.NotificationEntity.hashCode(NotificationEntity.java:21)
	at edu.market.notification.infrastructure.adapter.output.persistence.entity.NotificationChannelEntity.hashCode(NotificationChannelEntity.java:13)
	at java.base/java.util.AbstractSet.hashCode(AbstractSet.java:124)
	at edu.market.notification.infrastructure.adapter.output.persistence.entity.NotificationEntity.hashCode(NotificationEntity.java:21)
	at edu.market.notification.infrastructure.adapter.output.persistence.entity.NotificationChannelEntity.hashCode(NotificationChannelEntity.java:13)
	at java.base/java.util.AbstractSet.hashCode(AbstractSet.java:124)
	at edu.market.notification.infrastructure.adapter.output.persistence.entity.NotificationEntity.hashCode(NotificationEntity.java:21)
	at edu.market.notification.infrastructure.adapter.output.persistence.entity.NotificationChannelEntity.hashCode(NotificationChannelEntity.java:13)
	at java.base/java.util.AbstractSet.hashCode(AbstractSet.java:124)
	at edu.market.notification.infrastructure.adapter.output.persistence.entity.NotificationEntity.hashCode(NotificationEntity.java:21)
	at edu.market.notification.infrastructure.adapter.output.persistence.entity.NotificationChannelEntity.hashCode(NotificationChannelEntity.java:13)
	at java.base/java.util.AbstractSet.hashCode(AbstractSet.java:124)
	at edu.market.notification.infrastructure.adapter.output.persistence.entity.NotificationEntity.hashCode(NotificationEntity.java:21)
	at edu.market.notification.infrastructure.adapter.output.persistence.entity.NotificationChannelEntity.hashCode(NotificationChannelEntity.java:13)
	at java.base/java.util.AbstractSet.hashCode(AbstractSet.java:124)
	at edu.market.notification.infrastructure.adapter.output.persistence.entity.NotificationEntity.hashCode(NotificationEntity.java:21)
	at edu.market.notification.infrastructure.adapter.output.persistence.entity.NotificationChannelEntity.hashCode(NotificationChannelEntity.java:13)
	at java.base/java.util.AbstractSet.hashCode(AbstractSet.java:124)
	at edu.market.notification.infrastructure.adapter.output.persistence.entity.NotificationEntity.hashCode(NotificationEntity.java:21)
	at edu.market.notification.infrastructure.adapter.output.persistence.entity.NotificationChannelEntity.hashCode(NotificationChannelEntity.java:13)
	at java.base/java.util.AbstractSet.hashCode(AbstractSet.java:124)
	at edu.market.notification.infrastructure.adapter.output.persistence.entity.NotificationEntity.hashCode(NotificationEntity.java:21)
	at edu.market.notification.infrastructure.adapter.output.persistence.entity.NotificationChannelEntity.hashCode(NotificationChannelEntity.java:13)
	at java.base/java.util.AbstractSet.hashCode(AbstractSet.java:124)
	at edu.market.notification.infrastructure.adapter.output.persistence.entity.NotificationEntity.hashCode(NotificationEntity.java:21)
	at edu.market.notification.infrastructure.adapter.output.persistence.entity.NotificationChannelEntity.hashCode(NotificationChannelEntity.java:13)
	at java.base/java.util.AbstractSet.hashCode(AbstractSet.java:124)
	at edu.market.notification.infrastructure.adapter.output.persistence.entity.NotificationEntity.hashCode(NotificationEntity.java:21)
	at edu.market.notification.infrastructure.adapter.output.persistence.entity.NotificationChannelEntity.hashCode(NotificationChannelEntity.java:13)
	at java.base/java.util.AbstractSet.hashCode(AbstractSet.java:124)
	at edu.market.notification.infrastructure.adapter.output.persistence.entity.NotificationEntity.hashCode(NotificationEntity.java:21)
	at edu.market.notification.infrastructure.adapter.output.persistence.entity.NotificationChannelEntity.hashCode(NotificationChannelEntity.java:13)
	at java.base/java.util.AbstractSet.hashCode(AbstractSet.java:124)
	at edu.market.notification.infrastructure.adapter.output.persistence.entity.NotificationEntity.hashCode(NotificationEntity.java:21)
	at edu.market.notification.infrastructure.adapter.output.persistence.entity.NotificationChannelEntity.hashCode(NotificationChannelEntity.java:13)
	at java.base/java.util.AbstractSet.hashCode(AbstractSet.java:124)
	at edu.market.notification.infrastructure.adapter.output.persistence.entity.NotificationEntity.hashCode(NotificationEntity.java:21)
	at edu.market.notification.infrastructure.adapter.output.persistence.entity.NotificationChannelEntity.hashCode(NotificationChannelEntity.java:13)
	at java.base/java.util.AbstractSet.hashCode(AbstractSet.java:124)
	at edu.market.notification.infrastructure.adapter.output.persistence.entity.NotificationEntity.hashCode(NotificationEntity.java:21)
	at edu.market.notification.infrastructure.adapter.output.persistence.entity.NotificationChannelEntity.hashCode(NotificationChannelEntity.java:13)
	at java.base/java.util.AbstractSet.hashCode(AbstractSet.java:124)
	at edu.market.notification.infrastructure.adapter.output.persistence.entity.NotificationEntity.hashCode(NotificationEntity.java:21)
	at edu.market.notification.infrastructure.adapter.output.persistence.entity.NotificationChannelEntity.hashCode(NotificationChannelEntity.java:13)
	at java.base/java.util.AbstractSet.hashCode(AbstractSet.java:124)
	at edu.market.notification.infrastructure.adapter.output.persistence.entity.NotificationEntity.hashCode(NotificationEntity.java:21)
	at edu.market.notification.infrastructure.adapter.output.persistence.entity.NotificationChannelEntity.hashCode(NotificationChannelEntity.java:13)
	at java.base/java.util.AbstractSet.hashCode(AbstractSet.java:124)
	at edu.market.notification.infrastructure.adapter.output.persistence.entity.NotificationEntity.hashCode(NotificationEntity.java:21)
	at edu.market.notification.infrastructure.adapter.output.persistence.entity.NotificationChannelEntity.hashCode(NotificationChannelEntity.java:13)
	at java.base/java.util.AbstractSet.hashCode(AbstractSet.java:124)
	at edu.market.notification.infrastructure.adapter.output.persistence.entity.NotificationEntity.hashCode(NotificationEntity.java:21)
	at edu.market.notification.infrastructure.adapter.output.persistence.entity.NotificationChannelEntity.hashCode(NotificationChannelEntity.java:13)
	at java.base/java.util.AbstractSet.hashCode(AbstractSet.java:124)
	at edu.market.notification.infrastructure.adapter.output.persistence.entity.NotificationEntity.hashCode(NotificationEntity.java:21)
	at edu.market.notification.infrastructure.adapter.output.persistence.entity.NotificationChannelEntity.hashCode(NotificationChannelEntity.java:13)
	at java.base/java.util.AbstractSet.hashCode(AbstractSet.java:124)
	at edu.market.notification.infrastructure.adapter.output.persistence.entity.NotificationEntity.hashCode(NotificationEntity.java:21)
	at edu.market.notification.infrastructure.adapter.output.persistence.entity.NotificationChannelEntity.hashCode(NotificationChannelEntity.java:13)
	at java.base/java.util.AbstractSet.hashCode(AbstractSet.java:124)
	at edu.market.notification.infrastructure.adapter.output.persistence.entity.NotificationEntity.hashCode(NotificationEntity.java:21)
	at edu.market.notification.infrastructure.adapter.output.persistence.entity.NotificationChannelEntity.hashCode(NotificationChannelEntity.java:13)
	at java.base/java.util.AbstractSet.hashCode(AbstractSet.java:124)
	at edu.market.notification.infrastructure.adapter.output.persistence.entity.NotificationEntity.hashCode(NotificationEntity.java:21)
	at edu.market.notification.infrastructure.adapter.output.persistence.entity.NotificationChannelEntity.hashCode(NotificationChannelEntity.java:13)
	at java.base/java.util.AbstractSet.hashCode(AbstractSet.java:124)
	at edu.market.notification.infrastructure.adapter.output.persistence.entity.NotificationEntity.hashCode(NotificationEntity.java:21)
	at edu.market.notification.infrastructure.adapter.output.persistence.entity.NotificationChannelEntity.hashCode(NotificationChannelEntity.java:13)
	at java.base/java.util.AbstractSet.hashCode(AbstractSet.java:124)
	at edu.market.notification.infrastructure.adapter.output.persistence.entity.NotificationEntity.hashCode(NotificationEntity.java:21)
	at edu.market.notification.infrastructure.adapter.output.persistence.entity.NotificationChannelEntity.hashCode(NotificationChannelEntity.java:13)
	at java.base/java.util.AbstractSet.hashCode(AbstractSet.java:124)
	at edu.market.notification.infrastructure.adapter.output.persistence.entity.NotificationEntity.hashCode(NotificationEntity.java:21)
	at edu.market.notification.infrastructure.adapter.output.persistence.entity.NotificationChannelEntity.hashCode(NotificationChannelEntity.java:13)
	at java.base/java.util.AbstractSet.hashCode(AbstractSet.java:124)
	at edu.market.notification.infrastructure.adapter.output.persistence.entity.NotificationEntity.hashCode(NotificationEntity.java:21)
	at edu.market.notification.infrastructure.adapter.output.persistence.entity.NotificationChannelEntity.hashCode(NotificationChannelEntity.java:13)
	at java.base/java.util.AbstractSet.hashCode(AbstractSet.java:124)
	at edu.market.notification.infrastructure.adapter.output.persistence.entity.NotificationEntity.hashCode(NotificationEntity.java:21)
	at edu.market.notification.infrastructure.adapter.output.persistence.entity.NotificationChannelEntity.hashCode(NotificationChannelEntity.java:13)
	at java.base/java.util.AbstractSet.hashCode(AbstractSet.java:124)
	at edu.market.notification.infrastructure.adapter.output.persistence.entity.NotificationEntity.hashCode(NotificationEntity.java:21)
	at edu.market.notification.infrastructure.adapter.output.persistence.entity.NotificationChannelEntity.hashCode(NotificationChannelEntity.java:13)
	at java.base/java.util.AbstractSet.hashCode(AbstractSet.java:124)
	at edu.market.notification.infrastructure.adapter.output.persistence.entity.NotificationEntity.hashCode(NotificationEntity.java:21)
	at edu.market.notification.infrastructure.adapter.output.persistence.entity.NotificationChannelEntity.hashCode(NotificationChannelEntity.java:13)
	at java.base/java.util.AbstractSet.hashCode(AbstractSet.java:124)
	at edu.market.notification.infrastructure.adapter.output.persistence.entity.NotificationEntity.hashCode(NotificationEntity.java:21)
	at edu.market.notification.infrastructure.adapter.output.persistence.entity.NotificationChannelEntity.hashCode(NotificationChannelEntity.java:13)
	at java.base/java.util.AbstractSet.hashCode(AbstractSet.java:124)
	at edu.market.notification.infrastructure.adapter.output.persistence.entity.NotificationEntity.hashCode(NotificationEntity.java:21)
	at edu.market.notification.infrastructure.adapter.output.persistence.entity.NotificationChannelEntity.hashCode(NotificationChannelEntity.java:13)
	at java.base/java.util.AbstractSet.hashCode(AbstractSet.java:124)
	at edu.market.notification.infrastructure.adapter.output.persistence.entity.NotificationEntity.hashCode(NotificationEntity.java:21)
	at edu.market.notification.infrastructure.adapter.output.persistence.entity.NotificationChannelEntity.hashCode(NotificationChannelEntity.java:13)
	at java.base/java.util.AbstractSet.hashCode(AbstractSet.java:124)
	at edu.market.notification.infrastructure.adapter.output.persistence.entity.NotificationEntity.hashCode(NotificationEntity.java:21)
	at edu.market.notification.infrastructure.adapter.output.persistence.entity.NotificationChannelEntity.hashCode(NotificationChannelEntity.java:13)
	at java.base/java.util.AbstractSet.hashCode(AbstractSet.java:124)
	at edu.market.notification.infrastructure.adapter.output.persistence.entity.NotificationEntity.hashCode(NotificationEntity.java:21)
	at edu.market.notification.infrastructure.adapter.output.persistence.entity.NotificationChannelEntity.hashCode(NotificationChannelEntity.java:13)
	at java.base/java.util.AbstractSet.hashCode(AbstractSet.java:124)
	at edu.market.notification.infrastructure.adapter.output.persistence.entity.NotificationEntity.hashCode(NotificationEntity.java:21)
	at edu.market.notification.infrastructure.adapter.output.persistence.entity.NotificationChannelEntity.hashCode(NotificationChannelEntity.java:13)
	at java.base/java.util.AbstractSet.hashCode(AbstractSet.java:124)
	at edu.market.notification.infrastructure.adapter.output.persistence.entity.NotificationEntity.hashCode(NotificationEntity.java:21)
	at edu.market.notification.infrastructure.adapter.output.persistence.entity.NotificationChannelEntity.hashCode(NotificationChannelEntity.java:13)
	at java.base/java.util.AbstractSet.hashCode(AbstractSet.java:124)
	at edu.market.notification.infrastructure.adapter.output.persistence.entity.NotificationEntity.hashCode(NotificationEntity.java:21)
	at edu.market.notification.infrastructure.adapter.output.persistence.entity.NotificationChannelEntity.hashCode(NotificationChannelEntity.java:13)
	at java.base/java.util.AbstractSet.hashCode(AbstractSet.java:124)
	at edu.market.notification.infrastructure.adapter.output.persistence.entity.NotificationEntity.hashCode(NotificationEntity.java:21)
	at edu.market.notification.infrastructure.adapter.output.persistence.entity.NotificationChannelEntity.hashCode(NotificationChannelEntity.java:13)
	at java.base/java.util.AbstractSet.hashCode(AbstractSet.java:124)
	at edu.market.notification.infrastructure.adapter.output.persistence.entity.NotificationEntity.hashCode(NotificationEntity.java:21)
	at edu.market.notification.infrastructure.adapter.output.persistence.entity.NotificationChannelEntity.hashCode(NotificationChannelEntity.java:13)
	at java.base/java.util.AbstractSet.hashCode(AbstractSet.java:124)
	at edu.market.notification.infrastructure.adapter.output.persistence.entity.NotificationEntity.hashCode(NotificationEntity.java:21)
	at edu.market.notification.infrastructure.adapter.output.persistence.entity.NotificationChannelEntity.hashCode(NotificationChannelEntity.java:13)
	at java.base/java.util.AbstractSet.hashCode(AbstractSet.java:124)
	at edu.market.notification.infrastructure.adapter.output.persistence.entity.NotificationEntity.hashCode(NotificationEntity.java:21)
	at edu.market.notification.infrastructure.adapter.output.persistence.entity.NotificationChannelEntity.hashCode(NotificationChannelEntity.java:13)
	at java.base/java.util.AbstractSet.hashCode(AbstractSet.java:124)
	at edu.market.notification.infrastructure.adapter.output.persistence.entity.NotificationEntity.hashCode(NotificationEntity.java:21)
	at edu.market.notification.infrastructure.adapter.output.persistence.entity.NotificationChannelEntity.hashCode(NotificationChannelEntity.java:13)
	at java.base/java.util.AbstractSet.hashCode(AbstractSet.java:124)
	at edu.market.notification.infrastructure.adapter.output.persistence.entity.NotificationEntity.hashCode(NotificationEntity.java:21)
	at edu.market.notification.infrastructure.adapter.output.persistence.entity.NotificationChannelEntity.hashCode(NotificationChannelEntity.java:13)
	at java.base/java.util.AbstractSet.hashCode(AbstractSet.java:124)
	at edu.market.notification.infrastructure.adapter.output.persistence.entity.NotificationEntity.hashCode(NotificationEntity.java:21)
	at edu.market.notification.infrastructure.adapter.output.persistence.entity.NotificationChannelEntity.hashCode(NotificationChannelEntity.java:13)
	at java.base/java.util.AbstractSet.hashCode(AbstractSet.java:124)
	at edu.market.notification.infrastructure.adapter.output.persistence.entity.NotificationEntity.hashCode(NotificationEntity.java:21)
	at edu.market.notification.infrastructure.adapter.output.persistence.entity.NotificationChannelEntity.hashCode(NotificationChannelEntity.java:13)
	at java.base/java.util.AbstractSet.hashCode(AbstractSet.java:124)
	at edu.market.notification.infrastructure.adapter.output.persistence.entity.NotificationEntity.hashCode(NotificationEntity.java:21)
	at edu.market.notification.infrastructure.adapter.output.persistence.entity.NotificationChannelEntity.hashCode(NotificationChannelEntity.java:13)
	at java.base/java.util.AbstractSet.hashCode(AbstractSet.java:124)
	at edu.market.notification.infrastructure.adapter.output.persistence.entity.NotificationEntity.hashCode(NotificationEntity.java:21)
	at edu.market.notification.infrastructure.adapter.output.persistence.entity.NotificationChannelEntity.hashCode(NotificationChannelEntity.java:13)
	at java.base/java.util.AbstractSet.hashCode(AbstractSet.java:124)
	at edu.market.notification.infrastructure.adapter.output.persistence.entity.NotificationEntity.hashCode(NotificationEntity.java:21)
	at edu.market.notification.infrastructure.adapter.output.persistence.entity.NotificationChannelEntity.hashCode(NotificationChannelEntity.java:13)
	at java.base/java.util.AbstractSet.hashCode(AbstractSet.java:124)
	at edu.market.notification.infrastructure.adapter.output.persistence.entity.NotificationEntity.hashCode(NotificationEntity.java:21)
	at edu.market.notification.infrastructure.adapter.output.persistence.entity.NotificationChannelEntity.hashCode(NotificationChannelEntity.java:13)
	at java.base/java.util.AbstractSet.hashCode(AbstractSet.java:124)
	at edu.market.notification.infrastructure.adapter.output.persistence.entity.NotificationEntity.hashCode(NotificationEntity.java:21)
	at edu.market.notification.infrastructure.adapter.output.persistence.entity.NotificationChannelEntity.hashCode(NotificationChannelEntity.java:13)
	at java.base/java.util.AbstractSet.hashCode(AbstractSet.java:124)
	at edu.market.notification.infrastructure.adapter.output.persistence.entity.NotificationEntity.hashCode(NotificationEntity.java:21)
	at edu.market.notification.infrastructure.adapter.output.persistence.entity.NotificationChannelEntity.hashCode(NotificationChannelEntity.java:13)
	at java.base/java.util.AbstractSet.hashCode(AbstractSet.java:124)
	at edu.market.notification.infrastructure.adapter.output.persistence.entity.NotificationEntity.hashCode(NotificationEntity.java:21)
	at edu.market.notification.infrastructure.adapter.output.persistence.entity.NotificationChannelEntity.hashCode(NotificationChannelEntity.java:13)
	at java.base/java.util.AbstractSet.hashCode(AbstractSet.java:124)
	at edu.market.notification.infrastructure.adapter.output.persistence.entity.NotificationEntity.hashCode(NotificationEntity.java:21)
	at edu.market.notification.infrastructure.adapter.output.persistence.entity.NotificationChannelEntity.hashCode(NotificationChannelEntity.java:13)
	at java.base/java.util.AbstractSet.hashCode(AbstractSet.java:124)
	at edu.market.notification.infrastructure.adapter.output.persistence.entity.NotificationEntity.hashCode(NotificationEntity.java:21)
	at edu.market.notification.infrastructure.adapter.output.persistence.entity.NotificationChannelEntity.hashCode(NotificationChannelEntity.java:13)
	at java.base/java.util.AbstractSet.hashCode(AbstractSet.java:124)
	at edu.market.notification.infrastructure.adapter.output.persistence.entity.NotificationEntity.hashCode(NotificationEntity.java:21)
	at edu.market.notification.infrastructure.adapter.output.persistence.entity.NotificationChannelEntity.hashCode(NotificationChannelEntity.java:13)
	at java.base/java.util.AbstractSet.hashCode(AbstractSet.java:124)
	at edu.market.notification.infrastructure.adapter.output.persistence.entity.NotificationEntity.hashCode(NotificationEntity.java:21)
	at edu.market.notification.infrastructure.adapter.output.persistence.entity.NotificationChannelEntity.hashCode(NotificationChannelEntity.java:13)
	at java.base/java.util.AbstractSet.hashCode(AbstractSet.java:124)
	at edu.market.notification.infrastructure.adapter.output.persistence.entity.NotificationEntity.hashCode(NotificationEntity.java:21)
	at edu.market.notification.infrastructure.adapter.output.persistence.entity.NotificationChannelEntity.hashCode(NotificationChannelEntity.java:13)
	at java.base/java.util.AbstractSet.hashCode(AbstractSet.java:124)
	at edu.market.notification.infrastructure.adapter.output.persistence.entity.NotificationEntity.hashCode(NotificationEntity.java:21)
	at edu.market.notification.infrastructure.adapter.output.persistence.entity.NotificationChannelEntity.hashCode(NotificationChannelEntity.java:13)
	at java.base/java.util.AbstractSet.hashCode(AbstractSet.java:124)
	at edu.market.notification.infrastructure.adapter.output.persistence.entity.NotificationEntity.hashCode(NotificationEntity.java:21)
	at edu.market.notification.infrastructure.adapter.output.persistence.entity.NotificationChannelEntity.hashCode(NotificationChannelEntity.java:13)
	at java.base/java.util.AbstractSet.hashCode(AbstractSet.java:124)
	at edu.market.notification.infrastructure.adapter.output.persistence.entity.NotificationEntity.hashCode(NotificationEntity.java:21)
	at edu.market.notification.infrastructure.adapter.output.persistence.entity.NotificationChannelEntity.hashCode(NotificationChannelEntity.java:13)
	at java.base/java.util.AbstractSet.hashCode(AbstractSet.java:124)
	at edu.market.notification.infrastructure.adapter.output.persistence.entity.NotificationEntity.hashCode(NotificationEntity.java:21)
	at edu.market.notification.infrastructure.adapter.output.persistence.entity.NotificationChannelEntity.hashCode(NotificationChannelEntity.java:13)
	at java.base/java.util.AbstractSet.hashCode(AbstractSet.java:124)
	at edu.market.notification.infrastructure.adapter.output.persistence.entity.NotificationEntity.hashCode(NotificationEntity.java:21)
	at edu.market.notification.infrastructure.adapter.output.persistence.entity.NotificationChannelEntity.hashCode(NotificationChannelEntity.java:13)
	at java.base/java.util.AbstractSet.hashCode(AbstractSet.java:124)
	at edu.market.notification.infrastructure.adapter.output.persistence.entity.NotificationEntity.hashCode(NotificationEntity.java:21)
	at edu.market.notification.infrastructure.adapter.output.persistence.entity.NotificationChannelEntity.hashCode(NotificationChannelEntity.java:13)
	at java.base/java.util.AbstractSet.hashCode(AbstractSet.java:124)
	at edu.market.notification.infrastructure.adapter.output.persistence.entity.NotificationEntity.hashCode(NotificationEntity.java:21)
	at edu.market.notification.infrastructure.adapter.output.persistence.entity.NotificationChannelEntity.hashCode(NotificationChannelEntity.java:13)
	at java.base/java.util.AbstractSet.hashCode(AbstractSet.java:124)
	at edu.market.notification.infrastructure.adapter.output.persistence.entity.NotificationEntity.hashCode(NotificationEntity.java:21)
	at edu.market.notification.infrastructure.adapter.output.persistence.entity.NotificationChannelEntity.hashCode(NotificationChannelEntity.java:13)
	at java.base/java.util.AbstractSet.hashCode(AbstractSet.java:124)
	at edu.market.notification.infrastructure.adapter.output.persistence.entity.NotificationEntity.hashCode(NotificationEntity.java:21)
	at edu.market.notification.infrastructure.adapter.output.persistence.entity.NotificationChannelEntity.hashCode(NotificationChannelEntity.java:13)
	at java.base/java.util.AbstractSet.hashCode(AbstractSet.java:124)
	at edu.market.notification.infrastructure.adapter.output.persistence.entity.NotificationEntity.hashCode(NotificationEntity.java:21)
	at edu.market.notification.infrastructure.adapter.output.persistence.entity.NotificationChannelEntity.hashCode(NotificationChannelEntity.java:13)
	at java.base/java.util.AbstractSet.hashCode(AbstractSet.java:124)
	at edu.market.notification.infrastructure.adapter.output.persistence.entity.NotificationEntity.hashCode(NotificationEntity.java:21)
	at edu.market.notification.infrastructure.adapter.output.persistence.entity.NotificationChannelEntity.hashCode(NotificationChannelEntity.java:13)
	at java.base/java.util.AbstractSet.hashCode(AbstractSet.java:124)
	at edu.market.notification.infrastructure.adapter.output.persistence.entity.NotificationEntity.hashCode(NotificationEntity.java:21)
	at edu.market.notification.infrastructure.adapter.output.persistence.entity.NotificationChannelEntity.hashCode(NotificationChannelEntity.java:13)
	at java.base/java.util.AbstractSet.hashCode(AbstractSet.java:124)
	at edu.market.notification.infrastructure.adapter.output.persistence.entity.NotificationEntity.hashCode(NotificationEntity.java:21)
	at edu.market.notification.infrastructure.adapter.output.persistence.entity.NotificationChannelEntity.hashCode(NotificationChannelEntity.java:13)
	at java.base/java.util.AbstractSet.hashCode(AbstractSet.java:124)
	at edu.market.notification.infrastructure.adapter.output.persistence.entity.NotificationEntity.hashCode(NotificationEntity.java:21)
	at edu.market.notification.infrastructure.adapter.output.persistence.entity.NotificationChannelEntity.hashCode(NotificationChannelEntity.java:13)
	at java.base/java.util.AbstractSet.hashCode(AbstractSet.java:124)
	at edu.market.notification.infrastructure.adapter.output.persistence.entity.NotificationEntity.hashCode(NotificationEntity.java:21)
	at edu.market.notification.infrastructure.adapter.output.persistence.entity.NotificationChannelEntity.hashCode(NotificationChannelEntity.java:13)
	at java.base/java.util.AbstractSet.hashCode(AbstractSet.java:124)
	at edu.market.notification.infrastructure.adapter.output.persistence.entity.NotificationEntity.hashCode(NotificationEntity.java:21)
	at edu.market.notification.infrastructure.adapter.output.persistence.entity.NotificationChannelEntity.hashCode(NotificationChannelEntity.java:13)
	at java.base/java.util.AbstractSet.hashCode(AbstractSet.java:124)
	at edu.market.notification.infrastructure.adapter.output.persistence.entity.NotificationEntity.hashCode(NotificationEntity.java:21)
	at edu.market.notification.infrastructure.adapter.output.persistence.entity.NotificationChannelEntity.hashCode(NotificationChannelEntity.java:13)
	at java.base/java.util.AbstractSet.hashCode(AbstractSet.java:124)
	at edu.market.notification.infrastructure.adapter.output.persistence.entity.NotificationEntity.hashCode(NotificationEntity.java:21)
	at edu.market.notification.infrastructure.adapter.output.persistence.entity.NotificationChannelEntity.hashCode(NotificationChannelEntity.java:13)
	at java.base/java.util.AbstractSet.hashCode(AbstractSet.java:124)
	at edu.market.notification.infrastructure.adapter.output.persistence.entity.NotificationEntity.hashCode(NotificationEntity.java:21)
	at edu.market.notification.infrastructure.adapter.output.persistence.entity.NotificationChannelEntity.hashCode(NotificationChannelEntity.java:13)
	at java.base/java.util.AbstractSet.hashCode(AbstractSet.java:124)
	at edu.market.notification.infrastructure.adapter.output.persistence.entity.NotificationEntity.hashCode(NotificationEntity.java:21)
	at edu.market.notification.infrastructure.adapter.output.persistence.entity.NotificationChannelEntity.hashCode(NotificationChannelEntity.java:13)
	at java.base/java.util.AbstractSet.hashCode(AbstractSet.java:124)
	at edu.market.notification.infrastructure.adapter.output.persistence.entity.NotificationEntity.hashCode(NotificationEntity.java:21)
	at edu.market.notification.infrastructure.adapter.output.persistence.entity.NotificationChannelEntity.hashCode(NotificationChannelEntity.java:13)
	at java.base/java.util.AbstractSet.hashCode(AbstractSet.java:124)
	at edu.market.notification.infrastructure.adapter.output.persistence.entity.NotificationEntity.hashCode(NotificationEntity.java:21)
	at edu.market.notification.infrastructure.adapter.output.persistence.entity.NotificationChannelEntity.hashCode(NotificationChannelEntity.java:13)
	at java.base/java.util.AbstractSet.hashCode(AbstractSet.java:124)
	at edu.market.notification.infrastructure.adapter.output.persistence.entity.NotificationEntity.hashCode(NotificationEntity.java:21)
	at edu.market.notification.infrastructure.adapter.output.persistence.entity.NotificationChannelEntity.hashCode(NotificationChannelEntity.java:13)
	at java.base/java.util.AbstractSet.hashCode(AbstractSet.java:124)
	at edu.market.notification.infrastructure.adapter.output.persistence.entity.NotificationEntity.hashCode(NotificationEntity.java:21)
	at edu.market.notification.infrastructure.adapter.output.persistence.entity.NotificationChannelEntity.hashCode(NotificationChannelEntity.java:13)
	at java.base/java.util.AbstractSet.hashCode(AbstractSet.java:124)
	at edu.market.notification.infrastructure.adapter.output.persistence.entity.NotificationEntity.hashCode(NotificationEntity.java:21)
	at edu.market.notification.infrastructure.adapter.output.persistence.entity.NotificationChannelEntity.hashCode(NotificationChannelEntity.java:13)
	at java.base/java.util.AbstractSet.hashCode(AbstractSet.java:124)
	at edu.market.notification.infrastructure.adapter.output.persistence.entity.NotificationEntity.hashCode(NotificationEntity.java:21)
	at edu.market.notification.infrastructure.adapter.output.persistence.entity.NotificationChannelEntity.hashCode(NotificationChannelEntity.java:13)
	at java.base/java.util.AbstractSet.hashCode(AbstractSet.java:124)
	at edu.market.notification.infrastructure.adapter.output.persistence.entity.NotificationEntity.hashCode(NotificationEntity.java:21)
	at edu.market.notification.infrastructure.adapter.output.persistence.entity.NotificationChannelEntity.hashCode(NotificationChannelEntity.java:13)
	at java.base/java.util.AbstractSet.hashCode(AbstractSet.java:124)
	at edu.market.notification.infrastructure.adapter.output.persistence.entity.NotificationEntity.hashCode(NotificationEntity.java:21)
	at edu.market.notification.infrastructure.adapter.output.persistence.entity.NotificationChannelEntity.hashCode(NotificationChannelEntity.java:13)
	at java.base/java.util.AbstractSet.hashCode(AbstractSet.java:124)
	at edu.market.notification.infrastructure.adapter.output.persistence.entity.NotificationEntity.hashCode(NotificationEntity.java:21)
	at edu.market.notification.infrastructure.adapter.output.persistence.entity.NotificationChannelEntity.hashCode(NotificationChannelEntity.java:13)
	at java.base/java.util.AbstractSet.hashCode(AbstractSet.java:124)
	at edu.market.notification.infrastructure.adapter.output.persistence.entity.NotificationEntity.hashCode(NotificationEntity.java:21)
	at edu.market.notification.infrastructure.adapter.output.persistence.entity.NotificationChannelEntity.hashCode(NotificationChannelEntity.java:13)
	at java.base/java.util.AbstractSet.hashCode(AbstractSet.java:124)
	at edu.market.notification.infrastructure.adapter.output.persistence.entity.NotificationEntity.hashCode(NotificationEntity.java:21)
	at edu.market.notification.infrastructure.adapter.output.persistence.entity.NotificationChannelEntity.hashCode(NotificationChannelEntity.java:13)
	at java.base/java.util.AbstractSet.hashCode(AbstractSet.java:124)
	at edu.market.notification.infrastructure.adapter.output.persistence.entity.NotificationEntity.hashCode(NotificationEntity.java:21)
	at edu.market.notification.infrastructure.adapter.output.persistence.entity.NotificationChannelEntity.hashCode(NotificationChannelEntity.java:13)
	at java.base/java.util.AbstractSet.hashCode(AbstractSet.java:124)
	at edu.market.notification.infrastructure.adapter.output.persistence.entity.NotificationEntity.hashCode(NotificationEntity.java:21)
	at edu.market.notification.infrastructure.adapter.output.persistence.entity.NotificationChannelEntity.hashCode(NotificationChannelEntity.java:13)
	at java.base/java.util.AbstractSet.hashCode(AbstractSet.java:124)
	at edu.market.notification.infrastructure.adapter.output.persistence.entity.NotificationEntity.hashCode(NotificationEntity.java:21)
	at edu.market.notification.infrastructure.adapter.output.persistence.entity.NotificationChannelEntity.hashCode(NotificationChannelEntity.java:13)
	at java.base/java.util.AbstractSet.hashCode(AbstractSet.java:124)
	at edu.market.notification.infrastructure.adapter.output.persistence.entity.NotificationEntity.hashCode(NotificationEntity.java:21)
	at edu.market.notification.infrastructure.adapter.output.persistence.entity.NotificationChannelEntity.hashCode(NotificationChannelEntity.java:13)
	at java.base/java.util.AbstractSet.hashCode(AbstractSet.java:124)
	at edu.market.notification.infrastructure.adapter.output.persistence.entity.NotificationEntity.hashCode(NotificationEntity.java:21)
	at edu.market.notification.infrastructure.adapter.output.persistence.entity.NotificationChannelEntity.hashCode(NotificationChannelEntity.java:13)
	at java.base/java.util.AbstractSet.hashCode(AbstractSet.java:124)
	at edu.market.notification.infrastructure.adapter.output.persistence.entity.NotificationEntity.hashCode(NotificationEntity.java:21)
	at edu.market.notification.infrastructure.adapter.output.persistence.entity.NotificationChannelEntity.hashCode(NotificationChannelEntity.java:13)
	at java.base/java.util.AbstractSet.hashCode(AbstractSet.java:124)
	at edu.market.notification.infrastructure.adapter.output.persistence.entity.NotificationEntity.hashCode(NotificationEntity.java:21)
	at edu.market.notification.infrastructure.adapter.output.persistence.entity.NotificationChannelEntity.hashCode(NotificationChannelEntity.java:13)
	at java.base/java.util.AbstractSet.hashCode(AbstractSet.java:124)
	at edu.market.notification.infrastructure.adapter.output.persistence.entity.NotificationEntity.hashCode(NotificationEntity.java:21)
	at edu.market.notification.infrastructure.adapter.output.persistence.entity.NotificationChannelEntity.hashCode(NotificationChannelEntity.java:13)
	at java.base/java.util.AbstractSet.hashCode(AbstractSet.java:124)
	at edu.market.notification.infrastructure.adapter.output.persistence.entity.NotificationEntity.hashCode(NotificationEntity.java:21)
	at edu.market.notification.infrastructure.adapter.output.persistence.entity.NotificationChannelEntity.hashCode(NotificationChannelEntity.java:13)
	at java.base/java.util.AbstractSet.hashCode(AbstractSet.java:124)
	at edu.market.notification.infrastructure.adapter.output.persistence.entity.NotificationEntity.hashCode(NotificationEntity.java:21)
	at edu.market.notification.infrastructure.adapter.output.persistence.entity.NotificationChannelEntity.hashCode(NotificationChannelEntity.java:13)
	at java.base/java.util.AbstractSet.hashCode(AbstractSet.java:124)
	at edu.market.notification.infrastructure.adapter.output.persistence.entity.NotificationEntity.hashCode(NotificationEntity.java:21)
	at edu.market.notification.infrastructure.adapter.output.persistence.entity.NotificationChannelEntity.hashCode(NotificationChannelEntity.java:13)
	at java.base/java.util.AbstractSet.hashCode(AbstractSet.java:124)
	at edu.market.notification.infrastructure.adapter.output.persistence.entity.NotificationEntity.hashCode(NotificationEntity.java:21)
	at edu.market.notification.infrastructure.adapter.output.persistence.entity.NotificationChannelEntity.hashCode(NotificationChannelEntity.java:13)
	at java.base/java.util.AbstractSet.hashCode(AbstractSet.java:124)
	at edu.market.notification.infrastructure.adapter.output.persistence.entity.NotificationEntity.hashCode(NotificationEntity.java:21)
	at edu.market.notification.infrastructure.adapter.output.persistence.entity.NotificationChannelEntity.hashCode(NotificationChannelEntity.java:13)
	at java.base/java.util.AbstractSet.hashCode(AbstractSet.java:124)
	at edu.market.notification.infrastructure.adapter.output.persistence.entity.NotificationEntity.hashCode(NotificationEntity.java:21)
	at edu.market.notification.infrastructure.adapter.output.persistence.entity.NotificationChannelEntity.hashCode(NotificationChannelEntity.java:13)
	at java.base/java.util.AbstractSet.hashCode(AbstractSet.java:124)
	at edu.market.notification.infrastructure.adapter.output.persistence.entity.NotificationEntity.hashCode(NotificationEntity.java:21)
	at edu.market.notification.infrastructure.adapter.output.persistence.entity.NotificationChannelEntity.hashCode(NotificationChannelEntity.java:13)
	at java.base/java.util.AbstractSet.hashCode(AbstractSet.java:124)
	at edu.market.notification.infrastructure.adapter.output.persistence.entity.NotificationEntity.hashCode(NotificationEntity.java:21)
	at edu.market.notification.infrastructure.adapter.output.persistence.entity.NotificationChannelEntity.hashCode(NotificationChannelEntity.java:13)
	at java.base/java.util.AbstractSet.hashCode(AbstractSet.java:124)
	at edu.market.notification.infrastructure.adapter.output.persistence.entity.NotificationEntity.hashCode(NotificationEntity.java:21)
	at edu.market.notification.infrastructure.adapter.output.persistence.entity.NotificationChannelEntity.hashCode(NotificationChannelEntity.java:13)
	at java.base/java.util.AbstractSet.hashCode(AbstractSet.java:124)
	at edu.market.notification.infrastructure.adapter.output.persistence.entity.NotificationEntity.hashCode(NotificationEntity.java:21)
	at edu.market.notification.infrastructure.adapter.output.persistence.entity.NotificationChannelEntity.hashCode(NotificationChannelEntity.java:13)
	at java.base/java.util.AbstractSet.hashCode(AbstractSet.java:124)
	at edu.market.notification.infrastructure.adapter.output.persistence.entity.NotificationEntity.hashCode(NotificationEntity.java:21)
	at edu.market.notification.infrastructure.adapter.output.persistence.entity.NotificationChannelEntity.hashCode(NotificationChannelEntity.java:13)
	at java.base/java.util.AbstractSet.hashCode(AbstractSet.java:124)
	at edu.market.notification.infrastructure.adapter.output.persistence.entity.NotificationEntity.hashCode(NotificationEntity.java:21)
	at edu.market.notification.infrastructure.adapter.output.persistence.entity.NotificationChannelEntity.hashCode(NotificationChannelEntity.java:13)
	at java.base/java.util.AbstractSet.hashCode(AbstractSet.java:124)
	at edu.market.notification.infrastructure.adapter.output.persistence.entity.NotificationEntity.hashCode(NotificationEntity.java:21)
	at edu.market.notification.infrastructure.adapter.output.persistence.entity.NotificationChannelEntity.hashCode(NotificationChannelEntity.java:13)
	at java.base/java.util.AbstractSet.hashCode(AbstractSet.java:124)
	at edu.market.notification.infrastructure.adapter.output.persistence.entity.NotificationEntity.hashCode(NotificationEntity.java:21)
	at edu.market.notification.infrastructure.adapter.output.persistence.entity.NotificationChannelEntity.hashCode(NotificationChannelEntity.java:13)
	at java.base/java.util.AbstractSet.hashCode(AbstractSet.java:124)
	at edu.market.notification.infrastructure.adapter.output.persistence.entity.NotificationEntity.hashCode(NotificationEntity.java:21)
	at edu.market.notification.infrastructure.adapter.output.persistence.entity.NotificationChannelEntity.hashCode(NotificationChannelEntity.java:13)
	at java.base/java.util.AbstractSet.hashCode(AbstractSet.java:124)
	at edu.market.notification.infrastructure.adapter.output.persistence.entity.NotificationEntity.hashCode(NotificationEntity.java:21)
	at edu.market.notification.infrastructure.adapter.output.persistence.entity.NotificationChannelEntity.hashCode(NotificationChannelEntity.java:13)
	at java.base/java.util.AbstractSet.hashCode(AbstractSet.java:124)
	at edu.market.notification.infrastructure.adapter.output.persistence.entity.NotificationEntity.hashCode(NotificationEntity.java:21)
	at edu.market.notification.infrastructure.adapter.output.persistence.entity.NotificationChannelEntity.hashCode(NotificationChannelEntity.java:13)
	at java.base/java.util.AbstractSet.hashCode(AbstractSet.java:124)
	at edu.market.notification.infrastructure.adapter.output.persistence.entity.NotificationEntity.hashCode(NotificationEntity.java:21)
	at edu.market.notification.infrastructure.adapter.output.persistence.entity.NotificationChannelEntity.hashCode(NotificationChannelEntity.java:13)
	at java.base/java.util.AbstractSet.hashCode(AbstractSet.java:124)
	at edu.market.notification.infrastructure.adapter.output.persistence.entity.NotificationEntity.hashCode(NotificationEntity.java:21)
	at edu.market.notification.infrastructure.adapter.output.persistence.entity.NotificationChannelEntity.hashCode(NotificationChannelEntity.java:13)
	at java.base/java.util.AbstractSet.hashCode(AbstractSet.java:124)
	at edu.market.notification.infrastructure.adapter.output.persistence.entity.NotificationEntity.hashCode(NotificationEntity.java:21)
	at edu.market.notification.infrastructure.adapter.output.persistence.entity.NotificationChannelEntity.hashCode(NotificationChannelEntity.java:13)
	at java.base/java.util.AbstractSet.hashCode(AbstractSet.java:124)
	at edu.market.notification.infrastructure.adapter.output.persistence.entity.NotificationEntity.hashCode(NotificationEntity.java:21)
	at edu.market.notification.infrastructure.adapter.output.persistence.entity.NotificationChannelEntity.hashCode(NotificationChannelEntity.java:13)
	at java.base/java.util.AbstractSet.hashCode(AbstractSet.java:124)
	at edu.market.notification.infrastructure.adapter.output.persistence.entity.NotificationEntity.hashCode(NotificationEntity.java:21)
	at edu.market.notification.infrastructure.adapter.output.persistence.entity.NotificationChannelEntity.hashCode(NotificationChannelEntity.java:13)
	at java.base/java.util.AbstractSet.hashCode(AbstractSet.java:124)
	at edu.market.notification.infrastructure.adapter.output.persistence.entity.NotificationEntity.hashCode(NotificationEntity.java:21)
	at edu.market.notification.infrastructure.adapter.output.persistence.entity.NotificationChannelEntity.hashCode(NotificationChannelEntity.java:13)
	at java.base/java.util.AbstractSet.hashCode(AbstractSet.java:124)
	at edu.market.notification.infrastructure.adapter.output.persistence.entity.NotificationEntity.hashCode(NotificationEntity.java:21)
	at edu.market.notification.infrastructure.adapter.output.persistence.entity.NotificationChannelEntity.hashCode(NotificationChannelEntity.java:13)
	at java.base/java.util.AbstractSet.hashCode(AbstractSet.java:124)
	at edu.market.notification.infrastructure.adapter.output.persistence.entity.NotificationEntity.hashCode(NotificationEntity.java:21)
	at edu.market.notification.infrastructure.adapter.output.persistence.entity.NotificationChannelEntity.hashCode(NotificationChannelEntity.java:13)
	at java.base/java.util.AbstractSet.hashCode(AbstractSet.java:124)
	at edu.market.notification.infrastructure.adapter.output.persistence.entity.NotificationEntity.hashCode(NotificationEntity.java:21)
	at edu.market.notification.infrastructure.adapter.output.persistence.entity.NotificationChannelEntity.hashCode(NotificationChannelEntity.java:13)
	at java.base/java.util.AbstractSet.hashCode(AbstractSet.java:124)
	at edu.market.notification.infrastructure.adapter.output.persistence.entity.NotificationEntity.hashCode(NotificationEntity.java:21)
	at edu.market.notification.infrastructure.adapter.output.persistence.entity.NotificationChannelEntity.hashCode(NotificationChannelEntity.java:13)
	at java.base/java.util.AbstractSet.hashCode(AbstractSet.java:124)
	at edu.market.notification.infrastructure.adapter.output.persistence.entity.NotificationEntity.hashCode(NotificationEntity.java:21)
	at edu.market.notification.infrastructure.adapter.output.persistence.entity.NotificationChannelEntity.hashCode(NotificationChannelEntity.java:13)
	at java.base/java.util.AbstractSet.hashCode(AbstractSet.java:124)
	at edu.market.notification.infrastructure.adapter.output.persistence.entity.NotificationEntity.hashCode(NotificationEntity.java:21)
	at edu.market.notification.infrastructure.adapter.output.persistence.entity.NotificationChannelEntity.hashCode(NotificationChannelEntity.java:13)
	at java.base/java.util.AbstractSet.hashCode(AbstractSet.java:124)
	at edu.market.notification.infrastructure.adapter.output.persistence.entity.NotificationEntity.hashCode(NotificationEntity.java:21)
	at edu.market.notification.infrastructure.adapter.output.persistence.entity.NotificationChannelEntity.hashCode(NotificationChannelEntity.java:13)
	at java.base/java.util.AbstractSet.hashCode(AbstractSet.java:124)
	at edu.market.notification.infrastructure.adapter.output.persistence.entity.NotificationEntity.hashCode(NotificationEntity.java:21)
	at edu.market.notification.infrastructure.adapter.output.persistence.entity.NotificationChannelEntity.hashCode(NotificationChannelEntity.java:13)
	at java.base/java.util.AbstractSet.hashCode(AbstractSet.java:124)
	at edu.market.notification.infrastructure.adapter.output.persistence.entity.NotificationEntity.hashCode(NotificationEntity.java:21)
	at edu.market.notification.infrastructure.adapter.output.persistence.entity.NotificationChannelEntity.hashCode(NotificationChannelEntity.java:13)
	at java.base/java.util.AbstractSet.hashCode(AbstractSet.java:124)
	at edu.market.notification.infrastructure.adapter.output.persistence.entity.NotificationEntity.hashCode(NotificationEntity.java:21)
	at edu.market.notification.infrastructure.adapter.output.persistence.entity.NotificationChannelEntity.hashCode(NotificationChannelEntity.java:13)
	at java.base/java.util.AbstractSet.hashCode(AbstractSet.java:124)
	at edu.market.notification.infrastructure.adapter.output.persistence.entity.NotificationEntity.hashCode(NotificationEntity.java:21)
	at edu.market.notification.infrastructure.adapter.output.persistence.entity.NotificationChannelEntity.hashCode(NotificationChannelEntity.java:13)
	at java.base/java.util.AbstractSet.hashCode(AbstractSet.java:124)
	at edu.market.notification.infrastructure.adapter.output.persistence.entity.NotificationEntity.hashCode(NotificationEntity.java:21)
	at edu.market.notification.infrastructure.adapter.output.persistence.entity.NotificationChannelEntity.hashCode(NotificationChannelEntity.java:13)
	at java.base/java.util.AbstractSet.hashCode(AbstractSet.java:124)
	at edu.market.notification.infrastructure.adapter.output.persistence.entity.NotificationEntity.hashCode(NotificationEntity.java:21)
	at edu.market.notification.infrastructure.adapter.output.persistence.entity.NotificationChannelEntity.hashCode(NotificationChannelEntity.java:13)
	at java.base/java.util.AbstractSet.hashCode(AbstractSet.java:124)
	at edu.market.notification.infrastructure.adapter.output.persistence.entity.NotificationEntity.hashCode(NotificationEntity.java:21)
	at edu.market.notification.infrastructure.adapter.output.persistence.entity.NotificationChannelEntity.hashCode(NotificationChannelEntity.java:13)
	at java.base/java.util.AbstractSet.hashCode(AbstractSet.java:124)
	at edu.market.notification.infrastructure.adapter.output.persistence.entity.NotificationEntity.hashCode(NotificationEntity.java:21)
	at edu.market.notification.infrastructure.adapter.output.persistence.entity.NotificationChannelEntity.hashCode(NotificationChannelEntity.java:13)
	at java.base/java.util.AbstractSet.hashCode(AbstractSet.java:124)
	at edu.market.notification.infrastructure.adapter.output.persistence.entity.NotificationEntity.hashCode(NotificationEntity.java:21)
	at edu.market.notification.infrastructure.adapter.output.persistence.entity.NotificationChannelEntity.hashCode(NotificationChannelEntity.java:13)
	at java.base/java.util.AbstractSet.hashCode(AbstractSet.java:124)
	at edu.market.notification.infrastructure.adapter.output.persistence.entity.NotificationEntity.hashCode(NotificationEntity.java:21)
	at edu.market.notification.infrastructure.adapter.output.persistence.entity.NotificationChannelEntity.hashCode(NotificationChannelEntity.java:13)
	at java.base/java.util.AbstractSet.hashCode(AbstractSet.java:124)
	at edu.market.notification.infrastructure.adapter.output.persistence.entity.NotificationEntity.hashCode(NotificationEntity.java:21)
	at edu.market.notification.infrastructure.adapter.output.persistence.entity.NotificationChannelEntity.hashCode(NotificationChannelEntity.java:13)
	at java.base/java.util.AbstractSet.hashCode(AbstractSet.java:124)
	at edu.market.notification.infrastructure.adapter.output.persistence.entity.NotificationEntity.hashCode(NotificationEntity.java:21)
	at edu.market.notification.infrastructure.adapter.output.persistence.entity.NotificationChannelEntity.hashCode(NotificationChannelEntity.java:13)
	at java.base/java.util.AbstractSet.hashCode(AbstractSet.java:124)
	at edu.market.notification.infrastructure.adapter.output.persistence.entity.NotificationEntity.hashCode(NotificationEntity.java:21)
	at edu.market.notification.infrastructure.adapter.output.persistence.entity.NotificationChannelEntity.hashCode(NotificationChannelEntity.java:13)
	at java.base/java.util.AbstractSet.hashCode(AbstractSet.java:124)
	at edu.market.notification.infrastructure.adapter.output.persistence.entity.NotificationEntity.hashCode(NotificationEntity.java:21)
	at edu.market.notification.infrastructure.adapter.output.persistence.entity.NotificationChannelEntity.hashCode(NotificationChannelEntity.java:13)
	at java.base/java.util.AbstractSet.hashCode(AbstractSet.java:124)
	at edu.market.notification.infrastructure.adapter.output.persistence.entity.NotificationEntity.hashCode(NotificationEntity.java:21)
	at edu.market.notification.infrastructure.adapter.output.persistence.entity.NotificationChannelEntity.hashCode(NotificationChannelEntity.java:13)
	at java.base/java.util.AbstractSet.hashCode(AbstractSet.java:124)
	at edu.market.notification.infrastructure.adapter.output.persistence.entity.NotificationEntity.hashCode(NotificationEntity.java:21)
	at edu.market.notification.infrastructure.adapter.output.persistence.entity.NotificationChannelEntity.hashCode(NotificationChannelEntity.java:13)
	at java.base/java.util.AbstractSet.hashCode(AbstractSet.java:124)
	at edu.market.notification.infrastructure.adapter.output.persistence.entity.NotificationEntity.hashCode(NotificationEntity.java:21)
	at edu.market.notification.infrastructure.adapter.output.persistence.entity.NotificationChannelEntity.hashCode(NotificationChannelEntity.java:13)
	at java.base/java.util.AbstractSet.hashCode(AbstractSet.java:124)
	at edu.market.notification.infrastructure.adapter.output.persistence.entity.NotificationEntity.hashCode(NotificationEntity.java:21)
	at edu.market.notification.infrastructure.adapter.output.persistence.entity.NotificationChannelEntity.hashCode(NotificationChannelEntity.java:13)
	at java.base/java.util.AbstractSet.hashCode(AbstractSet.java:124)
	at edu.market.notification.infrastructure.adapter.output.persistence.entity.NotificationEntity.hashCode(NotificationEntity.java:21)
	at edu.market.notification.infrastructure.adapter.output.persistence.entity.NotificationChannelEntity.hashCode(NotificationChannelEntity.java:13)
	at java.base/java.util.AbstractSet.hashCode(AbstractSet.java:124)
	at edu.market.notification.infrastructure.adapter.output.persistence.entity.NotificationEntity.hashCode(NotificationEntity.java:21)
	at edu.market.notification.infrastructure.adapter.output.persistence.entity.NotificationChannelEntity.hashCode(NotificationChannelEntity.java:13)
	at java.base/java.util.AbstractSet.hashCode(AbstractSet.java:124)
	at edu.market.notification.infrastructure.adapter.output.persistence.entity.NotificationEntity.hashCode(NotificationEntity.java:21)
	at edu.market.notification.infrastructure.adapter.output.persistence.entity.NotificationChannelEntity.hashCode(NotificationChannelEntity.java:13)
	at java.base/java.util.AbstractSet.hashCode(AbstractSet.java:124)
	at edu.market.notification.infrastructure.adapter.output.persistence.entity.NotificationEntity.hashCode(NotificationEntity.java:21)
	at edu.market.notification.infrastructure.adapter.output.persistence.entity.NotificationChannelEntity.hashCode(NotificationChannelEntity.java:13)
	at java.base/java.util.AbstractSet.hashCode(AbstractSet.java:124)
	at edu.market.notification.infrastructure.adapter.output.persistence.entity.NotificationEntity.hashCode(NotificationEntity.java:21)
	at edu.market.notification.infrastructure.adapter.output.persistence.entity.NotificationChannelEntity.hashCode(NotificationChannelEntity.java:13)
	at java.base/java.util.AbstractSet.hashCode(AbstractSet.java:124)
	at edu.market.notification.infrastructure.adapter.output.persistence.entity.NotificationEntity.hashCode(NotificationEntity.java:21)
	at edu.market.notification.infrastructure.adapter.output.persistence.entity.NotificationChannelEntity.hashCode(NotificationChannelEntity.java:13)
	at java.base/java.util.AbstractSet.hashCode(AbstractSet.java:124)
	at edu.market.notification.infrastructure.adapter.output.persistence.entity.NotificationEntity.hashCode(NotificationEntity.java:21)
	at edu.market.notification.infrastructure.adapter.output.persistence.entity.NotificationChannelEntity.hashCode(NotificationChannelEntity.java:13)
	at java.base/java.util.AbstractSet.hashCode(AbstractSet.java:124)
	at edu.market.notification.infrastructure.adapter.output.persistence.entity.NotificationEntity.hashCode(NotificationEntity.java:21)
	at edu.market.notification.infrastructure.adapter.output.persistence.entity.NotificationChannelEntity.hashCode(NotificationChannelEntity.java:13)
	at java.base/java.util.AbstractSet.hashCode(AbstractSet.java:124)
	at edu.market.notification.infrastructure.adapter.output.persistence.entity.NotificationEntity.hashCode(NotificationEntity.java:21)
	at edu.market.notification.infrastructure.adapter.output.persistence.entity.NotificationChannelEntity.hashCode(NotificationChannelEntity.java:13)
	at java.base/java.util.AbstractSet.hashCode(AbstractSet.java:124)
	at edu.market.notification.infrastructure.adapter.output.persistence.entity.NotificationEntity.hashCode(NotificationEntity.java:21)
	at edu.market.notification.infrastructure.adapter.output.persistence.entity.NotificationChannelEntity.hashCode(NotificationChannelEntity.java:13)
	at java.base/java.util.AbstractSet.hashCode(AbstractSet.java:124)
	at edu.market.notification.infrastructure.adapter.output.persistence.entity.NotificationEntity.hashCode(NotificationEntity.java:21)
	at edu.market.notification.infrastructure.adapter.output.persistence.entity.NotificationChannelEntity.hashCode(NotificationChannelEntity.java:13)
	at java.base/java.util.AbstractSet.hashCode(AbstractSet.java:124)
	at edu.market.notification.infrastructure.adapter.output.persistence.entity.NotificationEntity.hashCode(NotificationEntity.java:21)
	at edu.market.notification.infrastructure.adapter.output.persistence.entity.NotificationChannelEntity.hashCode(NotificationChannelEntity.java:13)
	at java.base/java.util.AbstractSet.hashCode(AbstractSet.java:124)
	at edu.market.notification.infrastructure.adapter.output.persistence.entity.NotificationEntity.hashCode(NotificationEntity.java:21)
	at edu.market.notification.infrastructure.adapter.output.persistence.entity.NotificationChannelEntity.hashCode(NotificationChannelEntity.java:13)
	at java.base/java.util.AbstractSet.hashCode(AbstractSet.java:124)
	at edu.market.notification.infrastructure.adapter.output.persistence.entity.NotificationEntity.hashCode(NotificationEntity.java:21)
	at edu.market.notification.infrastructure.adapter.output.persistence.entity.NotificationChannelEntity.hashCode(NotificationChannelEntity.java:13)
	at java.base/java.util.AbstractSet.hashCode(AbstractSet.java:124)
	at edu.market.notification.infrastructure.adapter.output.persistence.entity.NotificationEntity.hashCode(NotificationEntity.java:21)
	at edu.market.notification.infrastructure.adapter.output.persistence.entity.NotificationChannelEntity.hashCode(NotificationChannelEntity.java:13)
	at java.base/java.util.AbstractSet.hashCode(AbstractSet.java:124)
	at edu.market.notification.infrastructure.adapter.output.persistence.entity.NotificationEntity.hashCode(NotificationEntity.java:21)
	at edu.market.notification.infrastructure.adapter.output.persistence.entity.NotificationChannelEntity.hashCode(NotificationChannelEntity.java:13)
	at java.base/java.util.AbstractSet.hashCode(AbstractSet.java:124)
	at edu.market.notification.infrastructure.adapter.output.persistence.entity.NotificationEntity.hashCode(NotificationEntity.java:21)
	at edu.market.notification.infrastructure.adapter.output.persistence.entity.NotificationChannelEntity.hashCode(NotificationChannelEntity.java:13)
	at java.base/java.util.AbstractSet.hashCode(AbstractSet.java:124)
	at edu.market.notification.infrastructure.adapter.output.persistence.entity.NotificationEntity.hashCode(NotificationEntity.java:21)
	at edu.market.notification.infrastructure.adapter.output.persistence.entity.NotificationChannelEntity.hashCode(NotificationChannelEntity.java:13)
	at java.base/java.util.AbstractSet.hashCode(AbstractSet.java:124)
	at edu.market.notification.infrastructure.adapter.output.persistence.entity.NotificationEntity.hashCode(NotificationEntity.java:21)
	at edu.market.notification.infrastructure.adapter.output.persistence.entity.NotificationChannelEntity.hashCode(NotificationChannelEntity.java:13)
	at java.base/java.util.AbstractSet.hashCode(AbstractSet.java:124)
	at edu.market.notification.infrastructure.adapter.output.persistence.entity.NotificationEntity.hashCode(NotificationEntity.java:21)
	at edu.market.notification.infrastructure.adapter.output.persistence.entity.NotificationChannelEntity.hashCode(NotificationChannelEntity.java:13)
	at java.base/java.util.AbstractSet.hashCode(AbstractSet.java:124)
	at edu.market.notification.infrastructure.adapter.output.persistence.entity.NotificationEntity.hashCode(NotificationEntity.java:21)
	at edu.market.notification.infrastructure.adapter.output.persistence.entity.NotificationChannelEntity.hashCode(NotificationChannelEntity.java:13)
	at java.base/java.util.AbstractSet.hashCode(AbstractSet.java:124)
	at edu.market.notification.infrastructure.adapter.output.persistence.entity.NotificationEntity.hashCode(NotificationEntity.java:21)
	at edu.market.notification.infrastructure.adapter.output.persistence.entity.NotificationChannelEntity.hashCode(NotificationChannelEntity.java:13)
	at java.base/java.util.AbstractSet.hashCode(AbstractSet.java:124)
	at edu.market.notification.infrastructure.adapter.output.persistence.entity.NotificationEntity.hashCode(NotificationEntity.java:21)
	at edu.market.notification.infrastructure.adapter.output.persistence.entity.NotificationChannelEntity.hashCode(NotificationChannelEntity.java:13)
	at java.base/java.util.AbstractSet.hashCode(AbstractSet.java:124)
	at edu.market.notification.infrastructure.adapter.output.persistence.entity.NotificationEntity.hashCode(NotificationEntity.java:21)
	at edu.market.notification.infrastructure.adapter.output.persistence.entity.NotificationChannelEntity.hashCode(NotificationChannelEntity.java:13)
	at java.base/java.util.AbstractSet.hashCode(AbstractSet.java:124)
	at edu.market.notification.infrastructure.adapter.output.persistence.entity.NotificationEntity.hashCode(NotificationEntity.java:21)
	at edu.market.notification.infrastructure.adapter.output.persistence.entity.NotificationChannelEntity.hashCode(NotificationChannelEntity.java:13)
	at java.base/java.util.AbstractSet.hashCode(AbstractSet.java:124)
	at edu.market.notification.infrastructure.adapter.output.persistence.entity.NotificationEntity.hashCode(NotificationEntity.java:21)
	at edu.market.notification.infrastructure.adapter.output.persistence.entity.NotificationChannelEntity.hashCode(NotificationChannelEntity.java:13)
	at java.base/java.util.AbstractSet.hashCode(AbstractSet.java:124)
	at edu.market.notification.infrastructure.adapter.output.persistence.entity.NotificationEntity.hashCode(NotificationEntity.java:21)
	at edu.market.notification.infrastructure.adapter.output.persistence.entity.NotificationChannelEntity.hashCode(NotificationChannelEntity.java:13)
	at java.base/java.util.AbstractSet.hashCode(AbstractSet.java:124)
	at edu.market.notification.infrastructure.adapter.output.persistence.entity.NotificationEntity.hashCode(NotificationEntity.java:21)
	at edu.market.notification.infrastructure.adapter.output.persistence.entity.NotificationChannelEntity.hashCode(NotificationChannelEntity.java:13)
	at java.base/java.util.AbstractSet.hashCode(AbstractSet.java:124)
	at edu.market.notification.infrastructure.adapter.output.persistence.entity.NotificationEntity.hashCode(NotificationEntity.java:21)
	at edu.market.notification.infrastructure.adapter.output.persistence.entity.NotificationChannelEntity.hashCode(NotificationChannelEntity.java:13)
	at java.base/java.util.AbstractSet.hashCode(AbstractSet.java:124)
	at edu.market.notification.infrastructure.adapter.output.persistence.entity.NotificationEntity.hashCode(NotificationEntity.java:21)
	at edu.market.notification.infrastructure.adapter.output.persistence.entity.NotificationChannelEntity.hashCode(NotificationChannelEntity.java:13)
	at java.base/java.util.AbstractSet.hashCode(AbstractSet.java:124)
	at edu.market.notification.infrastructure.adapter.output.persistence.entity.NotificationEntity.hashCode(NotificationEntity.java:21)
	at edu.market.notification.infrastructure.adapter.output.persistence.entity.NotificationChannelEntity.hashCode(NotificationChannelEntity.java:13)
	at java.base/java.util.AbstractSet.hashCode(AbstractSet.java:124)
	at edu.market.notification.infrastructure.adapter.output.persistence.entity.NotificationEntity.hashCode(NotificationEntity.java:21)
	at edu.market.notification.infrastructure.adapter.output.persistence.entity.NotificationChannelEntity.hashCode(NotificationChannelEntity.java:13)
	at java.base/java.util.AbstractSet.hashCode(AbstractSet.java:124)
	at edu.market.notification.infrastructure.adapter.output.persistence.entity.NotificationEntity.hashCode(NotificationEntity.java:21)
	at edu.market.notification.infrastructure.adapter.output.persistence.entity.NotificationChannelEntity.hashCode(NotificationChannelEntity.java:13)
	at java.base/java.util.AbstractSet.hashCode(AbstractSet.java:124)
	at edu.market.notification.infrastructure.adapter.output.persistence.entity.NotificationEntity.hashCode(NotificationEntity.java:21)
	at edu.market.notification.infrastructure.adapter.output.persistence.entity.NotificationChannelEntity.hashCode(NotificationChannelEntity.java:13)
	at java.base/java.util.AbstractSet.hashCode(AbstractSet.java:124)
	at edu.market.notification.infrastructure.adapter.output.persistence.entity.NotificationEntity.hashCode(NotificationEntity.java:21)
	at edu.market.notification.infrastructure.adapter.output.persistence.entity.NotificationChannelEntity.hashCode(NotificationChannelEntity.java:13)
	at java.base/java.util.AbstractSet.hashCode(AbstractSet.java:124)
	at edu.market.notification.infrastructure.adapter.output.persistence.entity.NotificationEntity.hashCode(NotificationEntity.java:21)
	at edu.market.notification.infrastructure.adapter.output.persistence.entity.NotificationChannelEntity.hashCode(NotificationChannelEntity.java:13)
	at java.base/java.util.AbstractSet.hashCode(AbstractSet.java:124)
	at edu.market.notification.infrastructure.adapter.output.persistence.entity.NotificationEntity.hashCode(NotificationEntity.java:21)
	at edu.market.notification.infrastructure.adapter.output.persistence.entity.NotificationChannelEntity.hashCode(NotificationChannelEntity.java:13)
	at java.base/java.util.AbstractSet.hashCode(AbstractSet.java:124)
	at edu.market.notification.infrastructure.adapter.output.persistence.entity.NotificationEntity.hashCode(NotificationEntity.java:21)
	at edu.market.notification.infrastructure.adapter.output.persistence.entity.NotificationChannelEntity.hashCode(NotificationChannelEntity.java:13)
	at java.base/java.util.AbstractSet.hashCode(AbstractSet.java:124)
	at edu.market.notification.infrastructure.adapter.output.persistence.entity.NotificationEntity.hashCode(NotificationEntity.java:21)
	at edu.market.notification.infrastructure.adapter.output.persistence.entity.NotificationChannelEntity.hashCode(NotificationChannelEntity.java:13)
	at java.base/java.util.AbstractSet.hashCode(AbstractSet.java:124)
	at edu.market.notification.infrastructure.adapter.output.persistence.entity.NotificationEntity.hashCode(NotificationEntity.java:21)
	at edu.market.notification.infrastructure.adapter.output.persistence.entity.NotificationChannelEntity.hashCode(NotificationChannelEntity.java:13)
	at java.base/java.util.AbstractSet.hashCode(AbstractSet.java:124)
	at edu.market.notification.infrastructure.adapter.output.persistence.entity.NotificationEntity.hashCode(NotificationEntity.java:21)
	at edu.market.notification.infrastructure.adapter.output.persistence.entity.NotificationChannelEntity.hashCode(NotificationChannelEntity.java:13)
	at java.base/java.util.AbstractSet.hashCode(AbstractSet.java:124)
	at edu.market.notification.infrastructure.adapter.output.persistence.entity.NotificationEntity.hashCode(NotificationEntity.java:21)
	at edu.market.notification.infrastructure.adapter.output.persistence.entity.NotificationChannelEntity.hashCode(NotificationChannelEntity.java:13)
	at java.base/java.util.AbstractSet.hashCode(AbstractSet.java:124)
	at edu.market.notification.infrastructure.adapter.output.persistence.entity.NotificationEntity.hashCode(NotificationEntity.java:21)
	at edu.market.notification.infrastructure.adapter.output.persistence.entity.NotificationChannelEntity.hashCode(NotificationChannelEntity.java:13)
	at java.base/java.util.AbstractSet.hashCode(AbstractSet.java:124)
	at edu.market.notification.infrastructure.adapter.output.persistence.entity.NotificationEntity.hashCode(NotificationEntity.java:21)
	at edu.market.notification.infrastructure.adapter.output.persistence.entity.NotificationChannelEntity.hashCode(NotificationChannelEntity.java:13)
	at java.base/java.util.AbstractSet.hashCode(AbstractSet.java:124)
	at edu.market.notification.infrastructure.adapter.output.persistence.entity.NotificationEntity.hashCode(NotificationEntity.java:21)
	at edu.market.notification.infrastructure.adapter.output.persistence.entity.NotificationChannelEntity.hashCode(NotificationChannelEntity.java:13)
	at java.base/java.util.AbstractSet.hashCode(AbstractSet.java:124)
	at edu.market.notification.infrastructure.adapter.output.persistence.entity.NotificationEntity.hashCode(NotificationEntity.java:21)
	at edu.market.notification.infrastructure.adapter.output.persistence.entity.NotificationChannelEntity.hashCode(NotificationChannelEntity.java:13)
	at java.base/java.util.AbstractSet.hashCode(AbstractSet.java:124)
	at edu.market.notification.infrastructure.adapter.output.persistence.entity.NotificationEntity.hashCode(NotificationEntity.java:21)
	at edu.market.notification.infrastructure.adapter.output.persistence.entity.NotificationChannelEntity.hashCode(NotificationChannelEntity.java:13)
	at java.base/java.util.AbstractSet.hashCode(AbstractSet.java:124)
	at edu.market.notification.infrastructure.adapter.output.persistence.entity.NotificationEntity.hashCode(NotificationEntity.java:21)
	at edu.market.notification.infrastructure.adapter.output.persistence.entity.NotificationChannelEntity.hashCode(NotificationChannelEntity.java:13)
	at java.base/java.util.AbstractSet.hashCode(AbstractSet.java:124)
	at edu.market.notification.infrastructure.adapter.output.persistence.entity.NotificationEntity.hashCode(NotificationEntity.java:21)
	at edu.market.notification.infrastructure.adapter.output.persistence.entity.NotificationChannelEntity.hashCode(NotificationChannelEntity.java:13)
	at java.base/java.util.AbstractSet.hashCode(AbstractSet.java:124)
	at edu.market.notification.infrastructure.adapter.output.persistence.entity.NotificationEntity.hashCode(NotificationEntity.java:21)
	at edu.market.notification.infrastructure.adapter.output.persistence.entity.NotificationChannelEntity.hashCode(NotificationChannelEntity.java:13)
	at java.base/java.util.AbstractSet.hashCode(AbstractSet.java:124)
	at edu.market.notification.infrastructure.adapter.output.persistence.entity.NotificationEntity.hashCode(NotificationEntity.java:21)
	at edu.market.notification.infrastructure.adapter.output.persistence.entity.NotificationChannelEntity.hashCode(NotificationChannelEntity.java:13)
	at java.base/java.util.AbstractSet.hashCode(AbstractSet.java:124)
	at edu.market.notification.infrastructure.adapter.output.persistence.entity.NotificationEntity.hashCode(NotificationEntity.java:21)
	at edu.market.notification.infrastructure.adapter.output.persistence.entity.NotificationChannelEntity.hashCode(NotificationChannelEntity.java:13)
	at java.base/java.util.AbstractSet.hashCode(AbstractSet.java:124)
	at edu.market.notification.infrastructure.adapter.output.persistence.entity.NotificationEntity.hashCode(NotificationEntity.java:21)
	at edu.market.notification.infrastructure.adapter.output.persistence.entity.NotificationChannelEntity.hashCode(NotificationChannelEntity.java:13)
	at java.base/java.util.AbstractSet.hashCode(AbstractSet.java:124)
	at edu.market.notification.infrastructure.adapter.output.persistence.entity.NotificationEntity.hashCode(NotificationEntity.java:21)
	at edu.market.notification.infrastructure.adapter.output.persistence.entity.NotificationChannelEntity.hashCode(NotificationChannelEntity.java:13)
	at java.base/java.util.AbstractSet.hashCode(AbstractSet.java:124)
	at edu.market.notification.infrastructure.adapter.output.persistence.entity.NotificationEntity.hashCode(NotificationEntity.java:21)
	at edu.market.notification.infrastructure.adapter.output.persistence.entity.NotificationChannelEntity.hashCode(NotificationChannelEntity.java:13)
	at java.base/java.util.AbstractSet.hashCode(AbstractSet.java:124)
	at edu.market.notification.infrastructure.adapter.output.persistence.entity.NotificationEntity.hashCode(NotificationEntity.java:21)
	at edu.market.notification.infrastructure.adapter.output.persistence.entity.NotificationChannelEntity.hashCode(NotificationChannelEntity.java:13)
	at java.base/java.util.AbstractSet.hashCode(AbstractSet.java:124)
	at edu.market.notification.infrastructure.adapter.output.persistence.entity.NotificationEntity.hashCode(NotificationEntity.java:21)
	at edu.market.notification.infrastructure.adapter.output.persistence.entity.NotificationChannelEntity.hashCode(NotificationChannelEntity.java:13)
	at java.base/java.util.AbstractSet.hashCode(AbstractSet.java:124)
	at edu.market.notification.infrastructure.adapter.output.persistence.entity.NotificationEntity.hashCode(NotificationEntity.java:21)
	at edu.market.notification.infrastructure.adapter.output.persistence.entity.NotificationChannelEntity.hashCode(NotificationChannelEntity.java:13)
	at java.base/java.util.AbstractSet.hashCode(AbstractSet.java:124)
	at edu.market.notification.infrastructure.adapter.output.persistence.entity.NotificationEntity.hashCode(NotificationEntity.java:21)
	at edu.market.notification.infrastructure.adapter.output.persistence.entity.NotificationChannelEntity.hashCode(NotificationChannelEntity.java:13)
	at java.base/java.util.AbstractSet.hashCode(AbstractSet.java:124)
	at edu.market.notification.infrastructure.adapter.output.persistence.entity.NotificationEntity.hashCode(NotificationEntity.java:21)
	at edu.market.notification.infrastructure.adapter.output.persistence.entity.NotificationChannelEntity.hashCode(NotificationChannelEntity.java:13)
	at java.base/java.util.AbstractSet.hashCode(AbstractSet.java:124)
	at edu.market.notification.infrastructure.adapter.output.persistence.entity.NotificationEntity.hashCode(NotificationEntity.java:21)
	at edu.market.notification.infrastructure.adapter.output.persistence.entity.NotificationChannelEntity.hashCode(NotificationChannelEntity.java:13)
	at java.base/java.util.AbstractSet.hashCode(AbstractSet.java:124)
	at edu.market.notification.infrastructure.adapter.output.persistence.entity.NotificationEntity.hashCode(NotificationEntity.java:21)
	at edu.market.notification.infrastructure.adapter.output.persistence.entity.NotificationChannelEntity.hashCode(NotificationChannelEntity.java:13)
	at java.base/java.util.AbstractSet.hashCode(AbstractSet.java:124)
	at edu.market.notification.infrastructure.adapter.output.persistence.entity.NotificationEntity.hashCode(NotificationEntity.java:21)
	at edu.market.notification.infrastructure.adapter.output.persistence.entity.NotificationChannelEntity.hashCode(NotificationChannelEntity.java:13)
	at java.base/java.util.AbstractSet.hashCode(AbstractSet.java:124)
	at edu.market.notification.infrastructure.adapter.output.persistence.entity.NotificationEntity.hashCode(NotificationEntity.java:21)
	at edu.market.notification.infrastructure.adapter.output.persistence.entity.NotificationChannelEntity.hashCode(NotificationChannelEntity.java:13)
	at java.base/java.util.AbstractSet.hashCode(AbstractSet.java:124)
	at edu.market.notification.infrastructure.adapter.output.persistence.entity.NotificationEntity.hashCode(NotificationEntity.java:21)
	at edu.market.notification.infrastructure.adapter.output.persistence.entity.NotificationChannelEntity.hashCode(NotificationChannelEntity.java:13)
	at java.base/java.util.AbstractSet.hashCode(AbstractSet.java:124)
	at edu.market.notification.infrastructure.adapter.output.persistence.entity.NotificationEntity.hashCode(NotificationEntity.java:21)
	at edu.market.notification.infrastructure.adapter.output.persistence.entity.NotificationChannelEntity.hashCode(NotificationChannelEntity.java:13)
	at java.base/java.util.AbstractSet.hashCode(AbstractSet.java:124)
	at edu.market.notification.infrastructure.adapter.output.persistence.entity.NotificationEntity.hashCode(NotificationEntity.java:21)
	at edu.market.notification.infrastructure.adapter.output.persistence.entity.NotificationChannelEntity.hashCode(NotificationChannelEntity.java:13)
	at java.base/java.util.AbstractSet.hashCode(AbstractSet.java:124)
	at edu.market.notification.infrastructure.adapter.output.persistence.entity.NotificationEntity.hashCode(NotificationEntity.java:21)
	at edu.market.notification.infrastructure.adapter.output.persistence.entity.NotificationChannelEntity.hashCode(NotificationChannelEntity.java:13)
	at java.base/java.util.AbstractSet.hashCode(AbstractSet.java:124)
	at edu.market.notification.infrastructure.adapter.output.persistence.entity.NotificationEntity.hashCode(NotificationEntity.java:21)
	at edu.market.notification.infrastructure.adapter.output.persistence.entity.NotificationChannelEntity.hashCode(NotificationChannelEntity.java:13)
	at java.base/java.util.AbstractSet.hashCode(AbstractSet.java:124)
	at edu.market.notification.infrastructure.adapter.output.persistence.entity.NotificationEntity.hashCode(NotificationEntity.java:21)
	at edu.market.notification.infrastructure.adapter.output.persistence.entity.NotificationChannelEntity.hashCode(NotificationChannelEntity.java:13)
	at java.base/java.util.AbstractSet.hashCode(AbstractSet.java:124)
	at edu.market.notification.infrastructure.adapter.output.persistence.entity.NotificationEntity.hashCode(NotificationEntity.java:21)
	at edu.market.notification.infrastructure.adapter.output.persistence.entity.NotificationChannelEntity.hashCode(NotificationChannelEntity.java:13)
	at java.base/java.util.AbstractSet.hashCode(AbstractSet.java:124)
	at edu.market.notification.infrastructure.adapter.output.persistence.entity.NotificationEntity.hashCode(NotificationEntity.java:21)
	at edu.market.notification.infrastructure.adapter.output.persistence.entity.NotificationChannelEntity.hashCode(NotificationChannelEntity.java:13)
	at java.base/java.util.AbstractSet.hashCode(AbstractSet.java:124)
	at edu.market.notification.infrastructure.adapter.output.persistence.entity.NotificationEntity.hashCode(NotificationEntity.java:21)
	at edu.market.notification.infrastructure.adapter.output.persistence.entity.NotificationChannelEntity.hashCode(NotificationChannelEntity.java:13)
	at java.base/java.util.AbstractSet.hashCode(AbstractSet.java:124)
	at edu.market.notification.infrastructure.adapter.output.persistence.entity.NotificationEntity.hashCode(NotificationEntity.java:21)
	at edu.market.notification.infrastructure.adapter.output.persistence.entity.NotificationChannelEntity.hashCode(NotificationChannelEntity.java:13)
	at java.base/java.util.AbstractSet.hashCode(AbstractSet.java:124)
	at edu.market.notification.infrastructure.adapter.output.persistence.entity.NotificationEntity.hashCode(NotificationEntity.java:21)
	at edu.market.notification.infrastructure.adapter.output.persistence.entity.NotificationChannelEntity.hashCode(NotificationChannelEntity.java:13)
	at java.base/java.util.AbstractSet.hashCode(AbstractSet.java:124)
	at edu.market.notification.infrastructure.adapter.output.persistence.entity.NotificationEntity.hashCode(NotificationEntity.java:21)
	at edu.market.notification.infrastructure.adapter.output.persistence.entity.NotificationChannelEntity.hashCode(NotificationChannelEntity.java:13)
	at java.base/java.util.AbstractSet.hashCode(AbstractSet.java:124)
	at edu.market.notification.infrastructure.adapter.output.persistence.entity.NotificationEntity.hashCode(NotificationEntity.java:21)
	at edu.market.notification.infrastructure.adapter.output.persistence.entity.NotificationChannelEntity.hashCode(NotificationChannelEntity.java:13)
	at java.base/java.util.AbstractSet.hashCode(AbstractSet.java:124)
	at edu.market.notification.infrastructure.adapter.output.persistence.entity.NotificationEntity.hashCode(NotificationEntity.java:21)
	at edu.market.notification.infrastructure.adapter.output.persistence.entity.NotificationChannelEntity.hashCode(NotificationChannelEntity.java:13)
	at java.base/java.util.AbstractSet.hashCode(AbstractSet.java:124)
	at edu.market.notification.infrastructure.adapter.output.persistence.entity.NotificationEntity.hashCode(NotificationEntity.java:21)
	at edu.market.notification.infrastructure.adapter.output.persistence.entity.NotificationChannelEntity.hashCode(NotificationChannelEntity.java:13)
	at java.base/java.util.AbstractSet.hashCode(AbstractSet.java:124)
	at edu.market.notification.infrastructure.adapter.output.persistence.entity.NotificationEntity.hashCode(NotificationEntity.java:21)
	at edu.market.notification.infrastructure.adapter.output.persistence.entity.NotificationChannelEntity.hashCode(NotificationChannelEntity.java:13)
	at java.base/java.util.AbstractSet.hashCode(AbstractSet.java:124)
	at edu.market.notification.infrastructure.adapter.output.persistence.entity.NotificationEntity.hashCode(NotificationEntity.java:21)
	at edu.market.notification.infrastructure.adapter.output.persistence.entity.NotificationChannelEntity.hashCode(NotificationChannelEntity.java:13)
	at java.base/java.util.AbstractSet.hashCode(AbstractSet.java:124)
	at edu.market.notification.infrastructure.adapter.output.persistence.entity.NotificationEntity.hashCode(NotificationEntity.java:21)
	at edu.market.notification.infrastructure.adapter.output.persistence.entity.NotificationChannelEntity.hashCode(NotificationChannelEntity.java:13)
	at java.base/java.util.AbstractSet.hashCode(AbstractSet.java:124)
	at edu.market.notification.infrastructure.adapter.output.persistence.entity.NotificationEntity.hashCode(NotificationEntity.java:21)
	at edu.market.notification.infrastructure.adapter.output.persistence.entity.NotificationChannelEntity.hashCode(NotificationChannelEntity.java:13)
	at java.base/java.util.AbstractSet.hashCode(AbstractSet.java:124)
	at edu.market.notification.infrastructure.adapter.output.persistence.entity.NotificationEntity.hashCode(NotificationEntity.java:21)
	at edu.market.notification.infrastructure.adapter.output.persistence.entity.NotificationChannelEntity.hashCode(NotificationChannelEntity.java:13)
	at java.base/java.util.AbstractSet.hashCode(AbstractSet.java:124)
	at edu.market.notification.infrastructure.adapter.output.persistence.entity.NotificationEntity.hashCode(NotificationEntity.java:21)
	at edu.market.notification.infrastructure.adapter.output.persistence.entity.NotificationChannelEntity.hashCode(NotificationChannelEntity.java:13)
	at java.base/java.util.AbstractSet.hashCode(AbstractSet.java:124)
	at edu.market.notification.infrastructure.adapter.output.persistence.entity.NotificationEntity.hashCode(NotificationEntity.java:21)
	at edu.market.notification.infrastructure.adapter.output.persistence.entity.NotificationChannelEntity.hashCode(NotificationChannelEntity.java:13)
	at java.base/java.util.AbstractSet.hashCode(AbstractSet.java:124)
	at edu.market.notification.infrastructure.adapter.output.persistence.entity.NotificationEntity.hashCode(NotificationEntity.java:21)
	at edu.market.notification.infrastructure.adapter.output.persistence.entity.NotificationChannelEntity.hashCode(NotificationChannelEntity.java:13)
	at java.base/java.util.AbstractSet.hashCode(AbstractSet.java:124)
	at edu.market.notification.infrastructure.adapter.output.persistence.entity.NotificationEntity.hashCode(NotificationEntity.java:21)
	at edu.market.notification.infrastructure.adapter.output.persistence.entity.NotificationChannelEntity.hashCode(NotificationChannelEntity.java:13)
	at java.base/java.util.AbstractSet.hashCode(AbstractSet.java:124)
	at edu.market.notification.infrastructure.adapter.output.persistence.entity.NotificationEntity.hashCode(NotificationEntity.java:21)
	at edu.market.notification.infrastructure.adapter.output.persistence.entity.NotificationChannelEntity.hashCode(NotificationChannelEntity.java:13)
	at java.base/java.util.AbstractSet.hashCode(AbstractSet.java:124)
	at edu.market.notification.infrastructure.adapter.output.persistence.entity.NotificationEntity.hashCode(NotificationEntity.java:21)
	at edu.market.notification.infrastructure.adapter.output.persistence.entity.NotificationChannelEntity.hashCode(NotificationChannelEntity.java:13)
	at java.base/java.util.AbstractSet.hashCode(AbstractSet.java:124)
	at edu.market.notification.infrastructure.adapter.output.persistence.entity.NotificationEntity.hashCode(NotificationEntity.java:21)
	at edu.market.notification.infrastructure.adapter.output.persistence.entity.NotificationChannelEntity.hashCode(NotificationChannelEntity.java:13)
	at java.base/java.util.AbstractSet.hashCode(AbstractSet.java:124)
	at edu.market.notification.infrastructure.adapter.output.persistence.entity.NotificationEntity.hashCode(NotificationEntity.java:21)
	at edu.market.notification.infrastructure.adapter.output.persistence.entity.NotificationChannelEntity.hashCode(NotificationChannelEntity.java:13)
	at java.base/java.util.AbstractSet.hashCode(AbstractSet.java:124)
	at edu.market.notification.infrastructure.adapter.output.persistence.entity.NotificationEntity.hashCode(NotificationEntity.java:21)
	at edu.market.notification.infrastructure.adapter.output.persistence.entity.NotificationChannelEntity.hashCode(NotificationChannelEntity.java:13)
	at java.base/java.util.AbstractSet.hashCode(AbstractSet.java:124)
	at edu.market.notification.infrastructure.adapter.output.persistence.entity.NotificationEntity.hashCode(NotificationEntity.java:21)
	at edu.market.notification.infrastructure.adapter.output.persistence.entity.NotificationChannelEntity.hashCode(NotificationChannelEntity.java:13)
	at java.base/java.util.AbstractSet.hashCode(AbstractSet.java:124)
	at edu.market.notification.infrastructure.adapter.output.persistence.entity.NotificationEntity.hashCode(NotificationEntity.java:21)
	at edu.market.notification.infrastructure.adapter.output.persistence.entity.NotificationChannelEntity.hashCode(NotificationChannelEntity.java:13)
	at java.base/java.util.AbstractSet.hashCode(AbstractSet.java:124)
	at edu.market.notification.infrastructure.adapter.output.persistence.entity.NotificationEntity.hashCode(NotificationEntity.java:21)
	at edu.market.notification.infrastructure.adapter.output.persistence.entity.NotificationChannelEntity.hashCode(NotificationChannelEntity.java:13)
	at java.base/java.util.AbstractSet.hashCode(AbstractSet.java:124)
	at edu.market.notification.infrastructure.adapter.output.persistence.entity.NotificationEntity.hashCode(NotificationEntity.java:21)
	at edu.market.notification.infrastructure.adapter.output.persistence.entity.NotificationChannelEntity.hashCode(NotificationChannelEntity.java:13)
	at java.base/java.util.AbstractSet.hashCode(AbstractSet.java:124)
	at edu.market.notification.infrastructure.adapter.output.persistence.entity.NotificationEntity.hashCode(NotificationEntity.java:21)
	at edu.market.notification.infrastructure.adapter.output.persistence.entity.NotificationChannelEntity.hashCode(NotificationChannelEntity.java:13)
	at java.base/java.util.AbstractSet.hashCode(AbstractSet.java:124)
	at edu.market.notification.infrastructure.adapter.output.persistence.entity.NotificationEntity.hashCode(NotificationEntity.java:21)
	at edu.market.notification.infrastructure.adapter.output.persistence.entity.NotificationChannelEntity.hashCode(NotificationChannelEntity.java:13)
	at java.base/java.util.AbstractSet.hashCode(AbstractSet.java:124)
	at edu.market.notification.infrastructure.adapter.output.persistence.entity.NotificationEntity.hashCode(NotificationEntity.java:21)
	at edu.market.notification.infrastructure.adapter.output.persistence.entity.NotificationChannelEntity.hashCode(NotificationChannelEntity.java:13)
	at java.base/java.util.AbstractSet.hashCode(AbstractSet.java:124)
	at edu.market.notification.infrastructure.adapter.output.persistence.entity.NotificationEntity.hashCode(NotificationEntity.java:21)
	at edu.market.notification.infrastructure.adapter.output.persistence.entity.NotificationChannelEntity.hashCode(NotificationChannelEntity.java:13)
	at java.base/java.util.AbstractSet.hashCode(AbstractSet.java:124)
	at edu.market.notification.infrastructure.adapter.output.persistence.entity.NotificationEntity.hashCode(NotificationEntity.java:21)
	at edu.market.notification.infrastructure.adapter.output.persistence.entity.NotificationChannelEntity.hashCode(NotificationChannelEntity.java:13)
	at java.base/java.util.AbstractSet.hashCode(AbstractSet.java:124)
	at edu.market.notification.infrastructure.adapter.output.persistence.entity.NotificationEntity.hashCode(NotificationEntity.java:21)
	at edu.market.notification.infrastructure.adapter.output.persistence.entity.NotificationChannelEntity.hashCode(NotificationChannelEntity.java:13)
	at java.base/java.util.AbstractSet.hashCode(AbstractSet.java:124)
	at edu.market.notification.infrastructure.adapter.output.persistence.entity.NotificationEntity.hashCode(NotificationEntity.java:21)
	at edu.market.notification.infrastructure.adapter.output.persistence.entity.NotificationChannelEntity.hashCode(NotificationChannelEntity.java:13)
	at java.base/java.util.AbstractSet.hashCode(AbstractSet.java:124)
	at edu.market.notification.infrastructure.adapter.output.persistence.entity.NotificationEntity.hashCode(NotificationEntity.java:21)
	at edu.market.notification.infrastructure.adapter.output.persistence.entity.NotificationChannelEntity.hashCode(NotificationChannelEntity.java:13)
	at java.base/java.util.AbstractSet.hashCode(AbstractSet.java:124)
	at edu.market.notification.infrastructure.adapter.output.persistence.entity.NotificationEntity.hashCode(NotificationEntity.java:21)
	at edu.market.notification.infrastructure.adapter.output.persistence.entity.NotificationChannelEntity.hashCode(NotificationChannelEntity.java:13)
	at java.base/java.util.AbstractSet.hashCode(AbstractSet.java:124)
	at edu.market.notification.infrastructure.adapter.output.persistence.entity.NotificationEntity.hashCode(NotificationEntity.java:21)
	at edu.market.notification.infrastructure.adapter.output.persistence.entity.NotificationChannelEntity.hashCode(NotificationChannelEntity.java:13)
	at java.base/java.util.AbstractSet.hashCode(AbstractSet.java:124)
	at edu.market.notification.infrastructure.adapter.output.persistence.entity.NotificationEntity.hashCode(NotificationEntity.java:21)
	at edu.market.notification.infrastructure.adapter.output.persistence.entity.NotificationChannelEntity.hashCode(NotificationChannelEntity.java:13)
	at java.base/java.util.AbstractSet.hashCode(AbstractSet.java:124)
	at edu.market.notification.infrastructure.adapter.output.persistence.entity.NotificationEntity.hashCode(NotificationEntity.java:21)
	at edu.market.notification.infrastructure.adapter.output.persistence.entity.NotificationChannelEntity.hashCode(NotificationChannelEntity.java:13)
	at java.base/java.util.AbstractSet.hashCode(AbstractSet.java:124)
	at edu.market.notification.infrastructure.adapter.output.persistence.entity.NotificationEntity.hashCode(NotificationEntity.java:21)
	at edu.market.notification.infrastructure.adapter.output.persistence.entity.NotificationChannelEntity.hashCode(NotificationChannelEntity.java:13)
	at java.base/java.util.AbstractSet.hashCode(AbstractSet.java:124)
	at edu.market.notification.infrastructure.adapter.output.persistence.entity.NotificationEntity.hashCode(NotificationEntity.java:21)
	at edu.market.notification.infrastructure.adapter.output.persistence.entity.NotificationChannelEntity.hashCode(NotificationChannelEntity.java:13)
	at java.base/java.util.AbstractSet.hashCode(AbstractSet.java:124)
	at edu.market.notification.infrastructure.adapter.output.persistence.entity.NotificationEntity.hashCode(NotificationEntity.java:21)
	at edu.market.notification.infrastructure.adapter.output.persistence.entity.NotificationChannelEntity.hashCode(NotificationChannelEntity.java:13)
	at java.base/java.util.AbstractSet.hashCode(AbstractSet.java:124)
	at edu.market.notification.infrastructure.adapter.output.persistence.entity.NotificationEntity.hashCode(NotificationEntity.java:21)
	at edu.market.notification.infrastructure.adapter.output.persistence.entity.NotificationChannelEntity.hashCode(NotificationChannelEntity.java:13)
	at java.base/java.util.AbstractSet.hashCode(AbstractSet.java:124)
	at edu.market.notification.infrastructure.adapter.output.persistence.entity.NotificationEntity.hashCode(NotificationEntity.java:21)
	at edu.market.notification.infrastructure.adapter.output.persistence.entity.NotificationChannelEntity.hashCode(NotificationChannelEntity.java:13)
	at java.base/java.util.AbstractSet.hashCode(AbstractSet.java:124)
	at edu.market.notification.infrastructure.adapter.output.persistence.entity.NotificationEntity.hashCode(NotificationEntity.java:21)
	at edu.market.notification.infrastructure.adapter.output.persistence.entity.NotificationChannelEntity.hashCode(NotificationChannelEntity.java:13)
	at java.base/java.util.AbstractSet.hashCode(AbstractSet.java:124)
	at edu.market.notification.infrastructure.adapter.output.persistence.entity.NotificationEntity.hashCode(NotificationEntity.java:21)
	at edu.market.notification.infrastructure.adapter.output.persistence.entity.NotificationChannelEntity.hashCode(NotificationChannelEntity.java:13)
	at java.base/java.util.AbstractSet.hashCode(AbstractSet.java:124)
	at edu.market.notification.infrastructure.adapter.output.persistence.entity.NotificationEntity.hashCode(NotificationEntity.java:21)
	at edu.market.notification.infrastructure.adapter.output.persistence.entity.NotificationChannelEntity.hashCode(NotificationChannelEntity.java:13)
	at java.base/java.util.AbstractSet.hashCode(AbstractSet.java:124)
	at edu.market.notification.infrastructure.adapter.output.persistence.entity.NotificationEntity.hashCode(NotificationEntity.java:21)
	at edu.market.notification.infrastructure.adapter.output.persistence.entity.NotificationChannelEntity.hashCode(NotificationChannelEntity.java:13)
	at java.base/java.util.AbstractSet.hashCode(AbstractSet.java:124)
	at edu.market.notification.infrastructure.adapter.output.persistence.entity.NotificationEntity.hashCode(NotificationEntity.java:21)
	at edu.market.notification.infrastructure.adapter.output.persistence.entity.NotificationChannelEntity.hashCode(NotificationChannelEntity.java:13)
	at java.base/java.util.AbstractSet.hashCode(AbstractSet.java:124)
	at edu.market.notification.infrastructure.adapter.output.persistence.entity.NotificationEntity.hashCode(NotificationEntity.java:21)
	at edu.market.notification.infrastructure.adapter.output.persistence.entity.NotificationChannelEntity.hashCode(NotificationChannelEntity.java:13)
	at java.base/java.util.AbstractSet.hashCode(AbstractSet.java:124)
	at edu.market.notification.infrastructure.adapter.output.persistence.entity.NotificationEntity.hashCode(NotificationEntity.java:21)
	at edu.market.notification.infrastructure.adapter.output.persistence.entity.NotificationChannelEntity.hashCode(NotificationChannelEntity.java:13)
	at java.base/java.util.AbstractSet.hashCode(AbstractSet.java:124)
	at edu.market.notification.infrastructure.adapter.output.persistence.entity.NotificationEntity.hashCode(NotificationEntity.java:21)
	at edu.market.notification.infrastructure.adapter.output.persistence.entity.NotificationChannelEntity.hashCode(NotificationChannelEntity.java:13)
	at java.base/java.util.AbstractSet.hashCode(AbstractSet.java:124)
	at edu.market.notification.infrastructure.adapter.output.persistence.entity.NotificationEntity.hashCode(NotificationEntity.java:21)
	at edu.market.notification.infrastructure.adapter.output.persistence.entity.NotificationChannelEntity.hashCode(NotificationChannelEntity.java:13)
	at java.base/java.util.AbstractSet.hashCode(AbstractSet.java:124)
	at edu.market.notification.infrastructure.adapter.output.persistence.entity.NotificationEntity.hashCode(NotificationEntity.java:21)
	at edu.market.notification.infrastructure.adapter.output.persistence.entity.NotificationChannelEntity.hashCode(NotificationChannelEntity.java:13)
	at java.base/java.util.AbstractSet.hashCode(AbstractSet.java:124)
	at edu.market.notification.infrastructure.adapter.output.persistence.entity.NotificationEntity.hashCode(NotificationEntity.java:21)
	at edu.market.notification.infrastructure.adapter.output.persistence.entity.NotificationChannelEntity.hashCode(NotificationChannelEntity.java:13)
	at java.base/java.util.AbstractSet.hashCode(AbstractSet.java:124)
	at edu.market.notification.infrastructure.adapter.output.persistence.entity.NotificationEntity.hashCode(NotificationEntity.java:21)
	at edu.market.notification.infrastructure.adapter.output.persistence.entity.NotificationChannelEntity.hashCode(NotificationChannelEntity.java:13)
	at java.base/java.util.AbstractSet.hashCode(AbstractSet.java:124)
	at edu.market.notification.infrastructure.adapter.output.persistence.entity.NotificationEntity.hashCode(NotificationEntity.java:21)
	at edu.market.notification.infrastructure.adapter.output.persistence.entity.NotificationChannelEntity.hashCode(NotificationChannelEntity.java:13)
	at java.base/java.util.AbstractSet.hashCode(AbstractSet.java:124)
	at edu.market.notification.infrastructure.adapter.output.persistence.entity.NotificationEntity.hashCode(NotificationEntity.java:21)
	at edu.market.notification.infrastructure.adapter.output.persistence.entity.NotificationChannelEntity.hashCode(NotificationChannelEntity.java:13)
	at java.base/java.util.AbstractSet.hashCode(AbstractSet.java:124)
	at edu.market.notification.infrastructure.adapter.output.persistence.entity.NotificationEntity.hashCode(NotificationEntity.java:21)
	at edu.market.notification.infrastructure.adapter.output.persistence.entity.NotificationChannelEntity.hashCode(NotificationChannelEntity.java:13)
	at java.base/java.util.AbstractSet.hashCode(AbstractSet.java:124)
	at edu.market.notification.infrastructure.adapter.output.persistence.entity.NotificationEntity.hashCode(NotificationEntity.java:21)
	at edu.market.notification.infrastructure.adapter.output.persistence.entity.NotificationChannelEntity.hashCode(NotificationChannelEntity.java:13)
	at java.base/java.util.AbstractSet.hashCode(AbstractSet.java:124)
	at edu.market.notification.infrastructure.adapter.output.persistence.entity.NotificationEntity.hashCode(NotificationEntity.java:21)
	at edu.market.notification.infrastructure.adapter.output.persistence.entity.NotificationChannelEntity.hashCode(NotificationChannelEntity.java:13)
	at java.base/java.util.AbstractSet.hashCode(AbstractSet.java:124)
	at edu.market.notification.infrastructure.adapter.output.persistence.entity.NotificationEntity.hashCode(NotificationEntity.java:21)
	at edu.market.notification.infrastructure.adapter.output.persistence.entity.NotificationChannelEntity.hashCode(NotificationChannelEntity.java:13)
	at java.base/java.util.AbstractSet.hashCode(AbstractSet.java:124)
	at edu.market.notification.infrastructure.adapter.output.persistence.entity.NotificationEntity.hashCode(NotificationEntity.java:21)
	at edu.market.notification.infrastructure.adapter.output.persistence.entity.NotificationChannelEntity.hashCode(NotificationChannelEntity.java:13)
	at java.base/java.util.AbstractSet.hashCode(AbstractSet.java:124)
	at edu.market.notification.infrastructure.adapter.output.persistence.entity.NotificationEntity.hashCode(NotificationEntity.java:21)
	at edu.market.notification.infrastructure.adapter.output.persistence.entity.NotificationChannelEntity.hashCode(NotificationChannelEntity.java:13)
	at java.base/java.util.AbstractSet.hashCode(AbstractSet.java:124)
	at edu.market.notification.infrastructure.adapter.output.persistence.entity.NotificationEntity.hashCode(NotificationEntity.java:21)
	at edu.market.notification.infrastructure.adapter.output.persistence.entity.NotificationChannelEntity.hashCode(NotificationChannelEntity.java:13)
	at java.base/java.util.AbstractSet.hashCode(AbstractSet.java:124)
	at edu.market.notification.infrastructure.adapter.output.persistence.entity.NotificationEntity.hashCode(NotificationEntity.java:21)
	at edu.market.notification.infrastructure.adapter.output.persistence.entity.NotificationChannelEntity.hashCode(NotificationChannelEntity.java:13)
	at java.base/java.util.AbstractSet.hashCode(AbstractSet.java:124)
	at edu.market.notification.infrastructure.adapter.output.persistence.entity.NotificationEntity.hashCode(NotificationEntity.java:21)
	at edu.market.notification.infrastructure.adapter.output.persistence.entity.NotificationChannelEntity.hashCode(NotificationChannelEntity.java:13)
	at java.base/java.util.AbstractSet.hashCode(AbstractSet.java:124)
	at edu.market.notification.infrastructure.adapter.output.persistence.entity.NotificationEntity.hashCode(NotificationEntity.java:21)
	at edu.market.notification.infrastructure.adapter.output.persistence.entity.NotificationChannelEntity.hashCode(NotificationChannelEntity.java:13)
	at java.base/java.util.AbstractSet.hashCode(AbstractSet.java:124)
	at edu.market.notification.infrastructure.adapter.output.persistence.entity.NotificationEntity.hashCode(NotificationEntity.java:21)
	at edu.market.notification.infrastructure.adapter.output.persistence.entity.NotificationChannelEntity.hashCode(NotificationChannelEntity.java:13)
	at java.base/java.util.AbstractSet.hashCode(AbstractSet.java:124)
	at edu.market.notification.infrastructure.adapter.output.persistence.entity.NotificationEntity.hashCode(NotificationEntity.java:21)
	at edu.market.notification.infrastructure.adapter.output.persistence.entity.NotificationChannelEntity.hashCode(NotificationChannelEntity.java:13)
	at java.base/java.util.AbstractSet.hashCode(AbstractSet.java:124)
	at edu.market.notification.infrastructure.adapter.output.persistence.entity.NotificationEntity.hashCode(NotificationEntity.java:21)
	at edu.market.notification.infrastructure.adapter.output.persistence.entity.NotificationChannelEntity.hashCode(NotificationChannelEntity.java:13)
	at java.base/java.util.AbstractSet.hashCode(AbstractSet.java:124)
	at edu.market.notification.infrastructure.adapter.output.persistence.entity.NotificationEntity.hashCode(NotificationEntity.java:21)
	at edu.market.notification.infrastructure.adapter.output.persistence.entity.NotificationChannelEntity.hashCode(NotificationChannelEntity.java:13)
	at java.base/java.util.AbstractSet.hashCode(AbstractSet.java:124)
	at edu.market.notification.infrastructure.adapter.output.persistence.entity.NotificationEntity.hashCode(NotificationEntity.java:21)
	at edu.market.notification.infrastructure.adapter.output.persistence.entity.NotificationChannelEntity.hashCode(NotificationChannelEntity.java:13)
	at java.base/java.util.AbstractSet.hashCode(AbstractSet.java:124)
	at edu.market.notification.infrastructure.adapter.output.persistence.entity.NotificationEntity.hashCode(NotificationEntity.java:21)
	at edu.market.notification.infrastructure.adapter.output.persistence.entity.NotificationChannelEntity.hashCode(NotificationChannelEntity.java:13)
	at java.base/java.util.AbstractSet.hashCode(AbstractSet.java:124)
	at edu.market.notification.infrastructure.adapter.output.persistence.entity.NotificationEntity.hashCode(NotificationEntity.java:21)
	at edu.market.notification.infrastructure.adapter.output.persistence.entity.NotificationChannelEntity.hashCode(NotificationChannelEntity.java:13)
	at java.base/java.util.AbstractSet.hashCode(AbstractSet.java:124)
	at edu.market.notification.infrastructure.adapter.output.persistence.entity.NotificationEntity.hashCode(NotificationEntity.java:21)
	at edu.market.notification.infrastructure.adapter.output.persistence.entity.NotificationChannelEntity.hashCode(NotificationChannelEntity.java:13)
	at java.base/java.util.AbstractSet.hashCode(AbstractSet.java:124)
	at edu.market.notification.infrastructure.adapter.output.persistence.entity.NotificationEntity.hashCode(NotificationEntity.java:21)
	at edu.market.notification.infrastructure.adapter.output.persistence.entity.NotificationChannelEntity.hashCode(NotificationChannelEntity.java:13)
	at java.base/java.util.AbstractSet.hashCode(AbstractSet.java:124)
	at edu.market.notification.infrastructure.adapter.output.persistence.entity.NotificationEntity.hashCode(NotificationEntity.java:21)
	at edu.market.notification.infrastructure.adapter.output.persistence.entity.NotificationChannelEntity.hashCode(NotificationChannelEntity.java:13)
	at java.base/java.util.AbstractSet.hashCode(AbstractSet.java:124)
	at edu.market.notification.infrastructure.adapter.output.persistence.entity.NotificationEntity.hashCode(NotificationEntity.java:21)
	at edu.market.notification.infrastructure.adapter.output.persistence.entity.NotificationChannelEntity.hashCode(NotificationChannelEntity.java:13)
	at java.base/java.util.AbstractSet.hashCode(AbstractSet.java:124)
	at edu.market.notification.infrastructure.adapter.output.persistence.entity.NotificationEntity.hashCode(NotificationEntity.java:21)
	at edu.market.notification.infrastructure.adapter.output.persistence.entity.NotificationChannelEntity.hashCode(NotificationChannelEntity.java:13)
	at java.base/java.util.AbstractSet.hashCode(AbstractSet.java:124)
	at edu.market.notification.infrastructure.adapter.output.persistence.entity.NotificationEntity.hashCode(NotificationEntity.java:21)
	at edu.market.notification.infrastructure.adapter.output.persistence.entity.NotificationChannelEntity.hashCode(NotificationChannelEntity.java:13)
	at java.base/java.util.AbstractSet.hashCode(AbstractSet.java:124)
	at edu.market.notification.infrastructure.adapter.output.persistence.entity.NotificationEntity.hashCode(NotificationEntity.java:21)
	at edu.market.notification.infrastructure.adapter.output.persistence.entity.NotificationChannelEntity.hashCode(NotificationChannelEntity.java:13)
	at java.base/java.util.AbstractSet.hashCode(AbstractSet.java:124)
	at edu.market.notification.infrastructure.adapter.output.persistence.entity.NotificationEntity.hashCode(NotificationEntity.java:21)
	at edu.market.notification.infrastructure.adapter.output.persistence.entity.NotificationChannelEntity.hashCode(NotificationChannelEntity.java:13)
	at java.base/java.util.AbstractSet.hashCode(AbstractSet.java:124)
	at edu.market.notification.infrastructure.adapter.output.persistence.entity.NotificationEntity.hashCode(NotificationEntity.java:21)
	at edu.market.notification.infrastructure.adapter.output.persistence.entity.NotificationChannelEntity.hashCode(NotificationChannelEntity.java:13)
	at java.base/java.util.AbstractSet.hashCode(AbstractSet.java:124)
	at edu.market.notification.infrastructure.adapter.output.persistence.entity.NotificationEntity.hashCode(NotificationEntity.java:21)
	at edu.market.notification.infrastructure.adapter.output.persistence.entity.NotificationChannelEntity.hashCode(NotificationChannelEntity.java:13)
	at java.base/java.util.AbstractSet.hashCode(AbstractSet.java:124)
	at edu.market.notification.infrastructure.adapter.output.persistence.entity.NotificationEntity.hashCode(NotificationEntity.java:21)
	at edu.market.notification.infrastructure.adapter.output.persistence.entity.NotificationChannelEntity.hashCode(NotificationChannelEntity.java:13)
	at java.base/java.util.AbstractSet.hashCode(AbstractSet.java:124)
	at edu.market.notification.infrastructure.adapter.output.persistence.entity.NotificationEntity.hashCode(NotificationEntity.java:21)
	at edu.market.notification.infrastructure.adapter.output.persistence.entity.NotificationChannelEntity.hashCode(NotificationChannelEntity.java:13)
	at java.base/java.util.AbstractSet.hashCode(AbstractSet.java:124)
	at edu.market.notification.infrastructure.adapter.output.persistence.entity.NotificationEntity.hashCode(NotificationEntity.java:21)
	at edu.market.notification.infrastructure.adapter.output.persistence.entity.NotificationChannelEntity.hashCode(NotificationChannelEntity.java:13)
	at java.base/java.util.AbstractSet.hashCode(AbstractSet.java:124)
	at edu.market.notification.infrastructure.adapter.output.persistence.entity.NotificationEntity.hashCode(NotificationEntity.java:21)
	at edu.market.notification.infrastructure.adapter.output.persistence.entity.NotificationChannelEntity.hashCode(NotificationChannelEntity.java:13)
	at java.base/java.util.AbstractSet.hashCode(AbstractSet.java:124)
	at edu.market.notification.infrastructure.adapter.output.persistence.entity.NotificationEntity.hashCode(NotificationEntity.java:21)
	at edu.market.notification.infrastructure.adapter.output.persistence.entity.NotificationChannelEntity.hashCode(NotificationChannelEntity.java:13)
	at java.base/java.util.AbstractSet.hashCode(AbstractSet.java:124)
	at edu.market.notification.infrastructure.adapter.output.persistence.entity.NotificationEntity.hashCode(NotificationEntity.java:21)
	at edu.market.notification.infrastructure.adapter.output.persistence.entity.NotificationChannelEntity.hashCode(NotificationChannelEntity.java:13)
	at java.base/java.util.AbstractSet.hashCode(AbstractSet.java:124)
	at edu.market.notification.infrastructure.adapter.output.persistence.entity.NotificationEntity.hashCode(NotificationEntity.java:21)
	at edu.market.notification.infrastructure.adapter.output.persistence.entity.NotificationChannelEntity.hashCode(NotificationChannelEntity.java:13)
	at java.base/java.util.AbstractSet.hashCode(AbstractSet.java:124)
	at edu.market.notification.infrastructure.adapter.output.persistence.entity.NotificationEntity.hashCode(NotificationEntity.java:21)
	at edu.market.notification.infrastructure.adapter.output.persistence.entity.NotificationChannelEntity.hashCode(NotificationChannelEntity.java:13)
	at java.base/java.util.AbstractSet.hashCode(AbstractSet.java:124)
	at edu.market.notification.infrastructure.adapter.output.persistence.entity.NotificationEntity.hashCode(NotificationEntity.java:21)
	at edu.market.notification.infrastructure.adapter.output.persistence.entity.NotificationChannelEntity.hashCode(NotificationChannelEntity.java:13)
	at java.base/java.util.AbstractSet.hashCode(AbstractSet.java:124)
	at edu.market.notification.infrastructure.adapter.output.persistence.entity.NotificationEntity.hashCode(NotificationEntity.java:21)
	at edu.market.notification.infrastructure.adapter.output.persistence.entity.NotificationChannelEntity.hashCode(NotificationChannelEntity.java:13)
	at java.base/java.util.AbstractSet.hashCode(AbstractSet.java:124)
	at edu.market.notification.infrastructure.adapter.output.persistence.entity.NotificationEntity.hashCode(NotificationEntity.java:21)
	at edu.market.notification.infrastructure.adapter.output.persistence.entity.NotificationChannelEntity.hashCode(NotificationChannelEntity.java:13)
	at java.base/java.util.AbstractSet.hashCode(AbstractSet.java:124)
2025-07-28 13:53:16,344 [SpringApplicationShutdownHook] INFO  o.s.c.n.e.s.EurekaServiceRegistry                  - Unregistering application NOTIFICATION-SERVICE with eureka with status DOWN
2025-07-28 13:53:16,344 [SpringApplicationShutdownHook] INFO  o.s.b.w.embedded.tomcat.GracefulShutdown           - Commencing graceful shutdown. Waiting for active requests to complete
2025-07-28 13:53:16,355 [tomcat-shutdown] INFO  o.s.b.w.embedded.tomcat.GracefulShutdown           - Graceful shutdown complete
2025-07-28 13:53:16,364 [SpringApplicationShutdownHook] INFO  o.s.o.j.LocalContainerEntityManagerFactoryBean     - Closing JPA EntityManagerFactory for persistence unit 'default'
2025-07-28 13:53:16,364 [SpringApplicationShutdownHook] INFO  com.zaxxer.hikari.HikariDataSource                 - HikariPool-1 - Shutdown initiated...
2025-07-28 13:53:16,367 [SpringApplicationShutdownHook] INFO  com.zaxxer.hikari.HikariDataSource                 - HikariPool-1 - Shutdown completed.
2025-07-28 13:53:16,367 [SpringApplicationShutdownHook] INFO  com.netflix.discovery.DiscoveryClient              - Shutting down DiscoveryClient ...
2025-07-28 13:53:16,367 [SpringApplicationShutdownHook] INFO  com.netflix.discovery.DiscoveryClient              - Completed shut down of DiscoveryClient
2025-07-28 22:50:19,493 [background-preinit] INFO  o.h.validator.internal.util.Version                - HV000001: Hibernate Validator 8.0.2.Final
2025-07-28 22:50:19,541 [main] INFO  edu.market.notification.App                        - Starting App v1.0.0 using Java 21 with PID 19620 (C:\Users\ja2c\Desktop\Cursos\micro-servicio-archt\k8s\microservices\services\notification-service\target\classes started by ja2c in C:\Users\ja2c\Desktop\Cursos\micro-servicio-archt\k8s\microservices\services\notification-service)
2025-07-28 22:50:19,541 [main] DEBUG edu.market.notification.App                        - Running with Spring Boot v3.4.5, Spring v6.2.6
2025-07-28 22:50:19,541 [main] INFO  edu.market.notification.App                        - The following 1 profile is active: "dev"
2025-07-28 22:50:19,574 [main] INFO  o.s.c.c.c.ConfigServerConfigDataLoader             - Fetching config from server at : http://localhost:8890
2025-07-28 22:50:19,584 [main] INFO  o.s.c.c.c.ConfigServerConfigDataLoader             - Exception on Url - http://localhost:8890:org.springframework.web.client.ResourceAccessException: I/O error on GET request for "http://localhost:8890/notification-service/default": Connection refused: no further information. Will be trying the next url if available
2025-07-28 22:50:19,584 [main] WARN  o.s.c.c.c.ConfigServerConfigDataLoader             - Could not locate PropertySource ([ConfigServerConfigDataResource@31ee96f4 uris = array<String>['http://localhost:8890'], optional = true, profiles = 'default']): I/O error on GET request for "http://localhost:8890/notification-service/default": Connection refused: no further information
2025-07-28 22:50:19,584 [main] INFO  o.s.c.c.c.ConfigServerConfigDataLoader             - Fetching config from server at : http://localhost:8890
2025-07-28 22:50:19,584 [main] INFO  o.s.c.c.c.ConfigServerConfigDataLoader             - Exception on Url - http://localhost:8890:org.springframework.web.client.ResourceAccessException: I/O error on GET request for "http://localhost:8890/notification-service/dev": Connection refused: no further information. Will be trying the next url if available
2025-07-28 22:50:19,584 [main] WARN  o.s.c.c.c.ConfigServerConfigDataLoader             - Could not locate PropertySource ([ConfigServerConfigDataResource@51827393 uris = array<String>['http://localhost:8890'], optional = true, profiles = 'dev']): I/O error on GET request for "http://localhost:8890/notification-service/dev": Connection refused: no further information
2025-07-28 22:50:19,584 [main] INFO  o.s.c.c.c.ConfigServerConfigDataLoader             - Fetching config from server at : http://localhost:8890
2025-07-28 22:50:19,584 [main] INFO  o.s.c.c.c.ConfigServerConfigDataLoader             - Exception on Url - http://localhost:8890:org.springframework.web.client.ResourceAccessException: I/O error on GET request for "http://localhost:8890/notification-service/default": Connection refused: no further information. Will be trying the next url if available
2025-07-28 22:50:19,584 [main] WARN  o.s.c.c.c.ConfigServerConfigDataLoader             - Could not locate PropertySource ([ConfigServerConfigDataResource@3be4f71 uris = array<String>['http://localhost:8890'], optional = true, profiles = 'default']): I/O error on GET request for "http://localhost:8890/notification-service/default": Connection refused: no further information
2025-07-28 22:50:20,985 [main] INFO  o.s.d.r.c.RepositoryConfigurationDelegate          - Bootstrapping Spring Data JPA repositories in DEFAULT mode.
2025-07-28 22:50:21,199 [main] INFO  o.s.d.r.c.RepositoryConfigurationDelegate          - Finished Spring Data repository scanning in 202 ms. Found 6 JPA repository interfaces.
2025-07-28 22:50:21,661 [main] INFO  o.s.cloud.context.scope.GenericScope               - BeanFactory id=3900db60-8d40-363c-9c55-ffe39cb1c59c
2025-07-28 22:50:22,426 [main] INFO  o.s.b.w.embedded.tomcat.TomcatWebServer            - Tomcat initialized with port 8080 (http)
2025-07-28 22:50:22,441 [main] INFO  o.apache.coyote.http11.Http11NioProtocol           - Initializing ProtocolHandler ["http-nio-8080"]
2025-07-28 22:50:22,444 [main] INFO  o.apache.catalina.core.StandardService             - Starting service [Tomcat]
2025-07-28 22:50:22,445 [main] INFO  org.apache.catalina.core.StandardEngine            - Starting Servlet engine: [Apache Tomcat/10.1.40]
2025-07-28 22:50:22,525 [main] INFO  o.a.c.c.C.[.[.[/notification-service]              - Initializing Spring embedded WebApplicationContext
2025-07-28 22:50:22,526 [main] INFO  o.s.b.w.s.c.ServletWebServerApplicationContext     - Root WebApplicationContext: initialization completed in 2940 ms
2025-07-28 22:50:23,035 [main] INFO  com.zaxxer.hikari.HikariDataSource                 - HikariPool-1 - Starting...
2025-07-28 22:50:23,249 [main] INFO  com.zaxxer.hikari.pool.HikariPool                  - HikariPool-1 - Added connection conn0: url=jdbc:h2:mem:userdb user=SA
2025-07-28 22:50:23,252 [main] INFO  com.zaxxer.hikari.HikariDataSource                 - HikariPool-1 - Start completed.
2025-07-28 22:50:23,455 [main] INFO  o.hibernate.jpa.internal.util.LogHelper            - HHH000204: Processing PersistenceUnitInfo [name: default]
2025-07-28 22:50:23,533 [main] INFO  org.hibernate.Version                              - HHH000412: Hibernate ORM core version 6.6.13.Final
2025-07-28 22:50:23,582 [main] INFO  o.h.c.internal.RegionFactoryInitiator              - HHH000026: Second-level cache disabled
2025-07-28 22:50:23,926 [main] INFO  o.s.o.j.p.SpringPersistenceUnitInfo                - No LoadTimeWeaver setup: ignoring JPA class transformer
2025-07-28 22:50:24,014 [main] INFO  org.hibernate.orm.connections.pooling              - HHH10001005: Database info:
	Database JDBC URL [Connecting through datasource 'HikariDataSource (HikariPool-1)']
	Database driver: undefined/unknown
	Database version: 2.3.232
	Autocommit mode: undefined/unknown
	Isolation level: undefined/unknown
	Minimum pool size: undefined/unknown
	Maximum pool size: undefined/unknown
2025-07-28 22:50:25,290 [main] INFO  o.h.e.t.j.p.i.JtaPlatformInitiator                 - HHH000489: No JTA platform available (set 'hibernate.transaction.jta.platform' to enable JTA platform integration)
2025-07-28 22:50:25,478 [main] INFO  o.s.o.j.LocalContainerEntityManagerFactoryBean     - Initialized JPA EntityManagerFactory for persistence unit 'default'
2025-07-28 22:50:26,095 [main] INFO  o.s.d.j.r.query.QueryEnhancerFactory               - Hibernate is in classpath; If applicable, HQL parser will be used.
2025-07-28 22:50:27,792 [main] WARN  o.s.b.a.o.j.JpaBaseConfiguration$JpaWebConfiguration - spring.jpa.open-in-view is enabled by default. Therefore, database queries may be performed during view rendering. Explicitly configure spring.jpa.open-in-view to disable this warning
2025-07-28 22:50:28,256 [main] INFO  o.s.b.a.e.web.EndpointLinksResolver                - Exposing 1 endpoint beneath base path '/actuator'
2025-07-28 22:50:28,739 [main] INFO  o.s.b.a.h2.H2ConsoleAutoConfiguration              - H2 console available at '/h2-console'. Database available at 'jdbc:h2:mem:userdb'
2025-07-28 22:50:28,779 [main] INFO  o.s.c.n.e.c.DiscoveryClientOptionalArgsConfiguration - Eureka HTTP Client uses RestTemplate.
2025-07-28 22:50:28,827 [main] WARN  o.s.c.l.c.LoadBalancerCacheAutoConfiguration$LoadBalancerCaffeineWarnLogger - Spring Cloud LoadBalancer is currently working with the default cache. While this cache implementation is useful for development and tests, it's recommended to use Caffeine cache in production.You can switch to using Caffeine cache, by adding it and org.springframework.cache.caffeine.CaffeineCacheManager to the classpath.
2025-07-28 22:50:28,877 [main] INFO  o.s.c.netflix.eureka.InstanceInfoFactory           - Setting initial instance status as: STARTING
2025-07-28 22:50:28,893 [main] INFO  com.netflix.discovery.DiscoveryClient              - Initializing Eureka in region us-east-1
2025-07-28 22:50:28,894 [main] INFO  com.netflix.discovery.DiscoveryClient              - Client configured to neither register nor query for data.
2025-07-28 22:50:28,895 [main] INFO  com.netflix.discovery.DiscoveryClient              - Discovery Client initialized at timestamp 1753757428895 with initial instances count: 0
2025-07-28 22:50:28,900 [main] INFO  o.s.c.n.e.s.EurekaServiceRegistry                  - Registering application NOTIFICATION-SERVICE with eureka with status UP
2025-07-28 22:50:28,901 [main] INFO  o.apache.coyote.http11.Http11NioProtocol           - Starting ProtocolHandler ["http-nio-8080"]
2025-07-28 22:50:28,914 [main] INFO  o.s.b.w.embedded.tomcat.TomcatWebServer            - Tomcat started on port 8080 (http) with context path '/notification-service'
2025-07-28 22:50:28,915 [main] INFO  o.s.c.n.e.s.EurekaAutoServiceRegistration          - Updating port to 8080
2025-07-28 22:50:28,931 [main] INFO  edu.market.notification.App                        - Started App in 10.489 seconds (process running for 11.395)
2025-07-28 22:54:26,317 [http-nio-8080-exec-1] INFO  o.a.c.c.C.[.[.[/notification-service]              - Initializing Spring DispatcherServlet 'dispatcherServlet'
2025-07-28 22:54:26,318 [http-nio-8080-exec-1] INFO  o.s.web.servlet.DispatcherServlet                  - Initializing Servlet 'dispatcherServlet'
2025-07-28 22:54:26,319 [http-nio-8080-exec-1] INFO  o.s.web.servlet.DispatcherServlet                  - Completed initialization in 1 ms
2025-07-28 22:54:27,285 [http-nio-8080-exec-8] INFO  o.springdoc.api.AbstractOpenApiResource            - Init duration for springdoc-openapi is: 668 ms
2025-07-28 23:01:14,909 [http-nio-8080-exec-5] INFO  e.m.n.i.a.i.w.c.NotificationController             - sendNotification - init
2025-07-28 23:01:14,910 [http-nio-8080-exec-5] DEBUG e.m.n.i.a.i.w.c.NotificationController             - sendNotification - Call notificationMapper.toNotificationCommand
2025-07-28 23:01:14,910 [http-nio-8080-exec-5] INFO  e.m.n.i.a.i.w.m.NotificationInputMapper            - toNotificationCommand - init
2025-07-28 23:01:14,910 [http-nio-8080-exec-5] INFO  e.m.n.i.a.i.w.m.NotificationInputMapper            - toNotificationCommand - end
2025-07-28 23:01:14,910 [http-nio-8080-exec-5] DEBUG e.m.n.i.a.i.w.c.NotificationController             - sendNotification - Create ClientContextCommand
2025-07-28 23:01:14,910 [http-nio-8080-exec-5] DEBUG e.m.n.i.a.i.web.util.RequestContextUtil            - Obteniendo IP del cliente
2025-07-28 23:01:14,910 [http-nio-8080-exec-5] DEBUG e.m.n.i.a.i.web.util.RequestContextUtil            - Obteniendo User-Agent del cliente
2025-07-28 23:01:14,911 [http-nio-8080-exec-5] DEBUG e.m.n.i.a.i.web.util.RequestContextUtil            - Obteniendo ruta de la petición
2025-07-28 23:01:14,911 [http-nio-8080-exec-5] DEBUG e.m.n.i.a.i.w.c.NotificationController             - sendNotification - Call sendNotificationUseCase.send
2025-07-28 23:01:20,168 [http-nio-8080-exec-5] INFO  e.m.n.i.a.o.monitoring.LoggingAdapter              - send - Init
2025-07-28 23:02:52,792 [HikariPool-1 housekeeper] WARN  com.zaxxer.hikari.pool.HikariPool                  - HikariPool-1 - Thread starvation or clock leap detected (housekeeper delta=1m21s72ms960µs400ns).
2025-07-28 23:03:03,507 [http-nio-8080-exec-5] INFO  e.m.n.i.a.o.p.m.NotificationOutputMapper           - toEntity - Init
2025-07-28 23:11:21,041 [HikariPool-1 housekeeper] WARN  com.zaxxer.hikari.pool.HikariPool                  - HikariPool-1 - Thread starvation or clock leap detected (housekeeper delta=8m28s250ms380µs700ns).
2025-07-28 23:16:38,830 [HikariPool-1 housekeeper] WARN  com.zaxxer.hikari.pool.HikariPool                  - HikariPool-1 - Thread starvation or clock leap detected (housekeeper delta=4m47s764ms286µs700ns).
2025-07-28 23:20:55,011 [HikariPool-1 housekeeper] WARN  com.zaxxer.hikari.pool.HikariPool                  - HikariPool-1 - Thread starvation or clock leap detected (housekeeper delta=4m16s181ms454µs200ns).
2025-07-28 23:20:58,173 [http-nio-8080-exec-5] INFO  e.m.n.i.a.o.p.m.NotificationOutputMapper           - toEntity - End
2025-07-28 23:21:10,849 [http-nio-8080-exec-5] ERROR e.m.n.i.a.i.w.e.RestExceptionHandler               - handleAllUncaughtException - Unexpected error occurred: java.lang.StackOverflowError
java.lang.RuntimeException: java.lang.StackOverflowError
	at org.springframework.data.repository.core.support.RepositoryMethodInvoker$RepositoryFragmentMethodInvoker.lambda$new$0(RepositoryMethodInvoker.java:281)
	at org.springframework.data.repository.core.support.RepositoryMethodInvoker.doInvoke(RepositoryMethodInvoker.java:170)
	at org.springframework.data.repository.core.support.RepositoryMethodInvoker.invoke(RepositoryMethodInvoker.java:158)
	at org.springframework.data.repository.core.support.RepositoryComposition$RepositoryFragments.invoke(RepositoryComposition.java:515)
	at org.springframework.data.repository.core.support.RepositoryComposition.invoke(RepositoryComposition.java:284)
	at org.springframework.data.repository.core.support.RepositoryFactorySupport$ImplementationMethodExecutionInterceptor.invoke(RepositoryFactorySupport.java:731)
	at org.springframework.aop.framework.ReflectiveMethodInvocation.proceed(ReflectiveMethodInvocation.java:184)
	at org.springframework.data.repository.core.support.QueryExecutorMethodInterceptor.doInvoke(QueryExecutorMethodInterceptor.java:174)
	at org.springframework.data.repository.core.support.QueryExecutorMethodInterceptor.invoke(QueryExecutorMethodInterceptor.java:149)
	at org.springframework.aop.framework.ReflectiveMethodInvocation.proceed(ReflectiveMethodInvocation.java:184)
	at org.springframework.data.projection.DefaultMethodInvokingMethodInterceptor.invoke(DefaultMethodInvokingMethodInterceptor.java:69)
	at org.springframework.aop.framework.ReflectiveMethodInvocation.proceed(ReflectiveMethodInvocation.java:184)
	at org.springframework.transaction.interceptor.TransactionAspectSupport.invokeWithinTransaction(TransactionAspectSupport.java:380)
	at org.springframework.transaction.interceptor.TransactionInterceptor.invoke(TransactionInterceptor.java:119)
	at org.springframework.aop.framework.ReflectiveMethodInvocation.proceed(ReflectiveMethodInvocation.java:184)
	at org.springframework.dao.support.PersistenceExceptionTranslationInterceptor.invoke(PersistenceExceptionTranslationInterceptor.java:138)
	at org.springframework.aop.framework.ReflectiveMethodInvocation.proceed(ReflectiveMethodInvocation.java:184)
	at org.springframework.data.jpa.repository.support.CrudMethodMetadataPostProcessor$CrudMethodMetadataPopulatingMethodInterceptor.invoke(CrudMethodMetadataPostProcessor.java:165)
	at org.springframework.aop.framework.ReflectiveMethodInvocation.proceed(ReflectiveMethodInvocation.java:184)
	at org.springframework.aop.framework.JdkDynamicAopProxy.invoke(JdkDynamicAopProxy.java:223)
	at jdk.proxy2/jdk.proxy2.$Proxy187.save(Unknown Source)
	at edu.market.notification.infrastructure.adapter.output.persistence.NotificationRepositoryAdapter.save(NotificationRepositoryAdapter.java:36)
	at java.base/jdk.internal.reflect.DirectMethodHandleAccessor.invoke(DirectMethodHandleAccessor.java:103)
	at java.base/java.lang.reflect.Method.invoke(Method.java:580)
	at org.springframework.aop.support.AopUtils.invokeJoinpointUsingReflection(AopUtils.java:359)
	at org.springframework.aop.framework.ReflectiveMethodInvocation.invokeJoinpoint(ReflectiveMethodInvocation.java:196)
	at org.springframework.aop.framework.ReflectiveMethodInvocation.proceed(ReflectiveMethodInvocation.java:163)
	at org.springframework.transaction.interceptor.TransactionAspectSupport.invokeWithinTransaction(TransactionAspectSupport.java:380)
	at org.springframework.transaction.interceptor.TransactionInterceptor.invoke(TransactionInterceptor.java:119)
	at org.springframework.aop.framework.ReflectiveMethodInvocation.proceed(ReflectiveMethodInvocation.java:184)
	at org.springframework.aop.framework.CglibAopProxy$DynamicAdvisedInterceptor.intercept(CglibAopProxy.java:728)
	at edu.market.notification.infrastructure.adapter.output.persistence.NotificationRepositoryAdapter$$SpringCGLIB$$0.save(<generated>)
	at edu.market.notification.application.usecase.notification.SendNotificationUseCase.send(SendNotificationUseCase.java:76)
	at edu.market.notification.infrastructure.adapter.input.web.controller.NotificationController.sendNotification(NotificationController.java:156)
	at java.base/jdk.internal.reflect.DirectMethodHandleAccessor.invoke(DirectMethodHandleAccessor.java:103)
	at java.base/java.lang.reflect.Method.invoke(Method.java:580)
	at org.springframework.web.method.support.InvocableHandlerMethod.doInvoke(InvocableHandlerMethod.java:258)
	at org.springframework.web.method.support.InvocableHandlerMethod.invokeForRequest(InvocableHandlerMethod.java:191)
	at org.springframework.web.servlet.mvc.method.annotation.ServletInvocableHandlerMethod.invokeAndHandle(ServletInvocableHandlerMethod.java:118)
	at org.springframework.web.servlet.mvc.method.annotation.RequestMappingHandlerAdapter.invokeHandlerMethod(RequestMappingHandlerAdapter.java:986)
	at org.springframework.web.servlet.mvc.method.annotation.RequestMappingHandlerAdapter.handleInternal(RequestMappingHandlerAdapter.java:891)
	at org.springframework.web.servlet.mvc.method.AbstractHandlerMethodAdapter.handle(AbstractHandlerMethodAdapter.java:87)
	at org.springframework.web.servlet.DispatcherServlet.doDispatch(DispatcherServlet.java:1089)
	at org.springframework.web.servlet.DispatcherServlet.doService(DispatcherServlet.java:979)
	at org.springframework.web.servlet.FrameworkServlet.processRequest(FrameworkServlet.java:1014)
	at org.springframework.web.servlet.FrameworkServlet.doPost(FrameworkServlet.java:914)
	at jakarta.servlet.http.HttpServlet.service(HttpServlet.java:590)
	at org.springframework.web.servlet.FrameworkServlet.service(FrameworkServlet.java:885)
	at jakarta.servlet.http.HttpServlet.service(HttpServlet.java:658)
	at org.apache.catalina.core.ApplicationFilterChain.internalDoFilter(ApplicationFilterChain.java:195)
	at org.apache.catalina.core.ApplicationFilterChain.doFilter(ApplicationFilterChain.java:140)
	at org.apache.tomcat.websocket.server.WsFilter.doFilter(WsFilter.java:51)
	at org.apache.catalina.core.ApplicationFilterChain.internalDoFilter(ApplicationFilterChain.java:164)
	at org.apache.catalina.core.ApplicationFilterChain.doFilter(ApplicationFilterChain.java:140)
	at org.springframework.web.filter.CompositeFilter$VirtualFilterChain.doFilter(CompositeFilter.java:108)
	at org.springframework.security.web.FilterChainProxy.lambda$doFilterInternal$3(FilterChainProxy.java:231)
	at org.springframework.security.web.ObservationFilterChainDecorator$FilterObservation$SimpleFilterObservation.lambda$wrap$1(ObservationFilterChainDecorator.java:479)
	at org.springframework.security.web.ObservationFilterChainDecorator$AroundFilterObservation$SimpleAroundFilterObservation.lambda$wrap$1(ObservationFilterChainDecorator.java:340)
	at org.springframework.security.web.ObservationFilterChainDecorator.lambda$wrapSecured$0(ObservationFilterChainDecorator.java:82)
	at org.springframework.security.web.ObservationFilterChainDecorator$VirtualFilterChain.doFilter(ObservationFilterChainDecorator.java:128)
	at org.springframework.security.web.access.intercept.AuthorizationFilter.doFilter(AuthorizationFilter.java:101)
	at org.springframework.security.web.ObservationFilterChainDecorator$ObservationFilter.wrapFilter(ObservationFilterChainDecorator.java:240)
	at org.springframework.security.web.ObservationFilterChainDecorator$ObservationFilter.doFilter(ObservationFilterChainDecorator.java:227)
	at org.springframework.security.web.ObservationFilterChainDecorator$VirtualFilterChain.doFilter(ObservationFilterChainDecorator.java:137)
	at org.springframework.security.web.access.ExceptionTranslationFilter.doFilter(ExceptionTranslationFilter.java:126)
	at org.springframework.security.web.access.ExceptionTranslationFilter.doFilter(ExceptionTranslationFilter.java:120)
	at org.springframework.security.web.ObservationFilterChainDecorator$ObservationFilter.wrapFilter(ObservationFilterChainDecorator.java:240)
	at org.springframework.security.web.ObservationFilterChainDecorator$ObservationFilter.doFilter(ObservationFilterChainDecorator.java:227)
	at org.springframework.security.web.ObservationFilterChainDecorator$VirtualFilterChain.doFilter(ObservationFilterChainDecorator.java:137)
	at org.springframework.security.web.authentication.AnonymousAuthenticationFilter.doFilter(AnonymousAuthenticationFilter.java:100)
	at org.springframework.security.web.ObservationFilterChainDecorator$ObservationFilter.wrapFilter(ObservationFilterChainDecorator.java:240)
	at org.springframework.security.web.ObservationFilterChainDecorator$ObservationFilter.doFilter(ObservationFilterChainDecorator.java:227)
	at org.springframework.security.web.ObservationFilterChainDecorator$VirtualFilterChain.doFilter(ObservationFilterChainDecorator.java:137)
	at org.springframework.security.web.servletapi.SecurityContextHolderAwareRequestFilter.doFilter(SecurityContextHolderAwareRequestFilter.java:179)
	at org.springframework.security.web.ObservationFilterChainDecorator$ObservationFilter.wrapFilter(ObservationFilterChainDecorator.java:240)
	at org.springframework.security.web.ObservationFilterChainDecorator$ObservationFilter.doFilter(ObservationFilterChainDecorator.java:227)
	at org.springframework.security.web.ObservationFilterChainDecorator$VirtualFilterChain.doFilter(ObservationFilterChainDecorator.java:137)
	at org.springframework.security.web.savedrequest.RequestCacheAwareFilter.doFilter(RequestCacheAwareFilter.java:63)
	at org.springframework.security.web.ObservationFilterChainDecorator$ObservationFilter.wrapFilter(ObservationFilterChainDecorator.java:240)
	at org.springframework.security.web.ObservationFilterChainDecorator$ObservationFilter.doFilter(ObservationFilterChainDecorator.java:227)
	at org.springframework.security.web.ObservationFilterChainDecorator$VirtualFilterChain.doFilter(ObservationFilterChainDecorator.java:137)
	at org.springframework.security.web.authentication.logout.LogoutFilter.doFilter(LogoutFilter.java:107)
	at org.springframework.security.web.authentication.logout.LogoutFilter.doFilter(LogoutFilter.java:93)
	at org.springframework.security.web.ObservationFilterChainDecorator$ObservationFilter.wrapFilter(ObservationFilterChainDecorator.java:240)
	at org.springframework.security.web.ObservationFilterChainDecorator$ObservationFilter.doFilter(ObservationFilterChainDecorator.java:227)
	at org.springframework.security.web.ObservationFilterChainDecorator$VirtualFilterChain.doFilter(ObservationFilterChainDecorator.java:137)
	at org.springframework.security.web.header.HeaderWriterFilter.doHeadersAfter(HeaderWriterFilter.java:90)
	at org.springframework.security.web.header.HeaderWriterFilter.doFilterInternal(HeaderWriterFilter.java:75)
	at org.springframework.web.filter.OncePerRequestFilter.doFilter(OncePerRequestFilter.java:116)
	at org.springframework.security.web.ObservationFilterChainDecorator$ObservationFilter.wrapFilter(ObservationFilterChainDecorator.java:240)
	at org.springframework.security.web.ObservationFilterChainDecorator$ObservationFilter.doFilter(ObservationFilterChainDecorator.java:227)
	at org.springframework.security.web.ObservationFilterChainDecorator$VirtualFilterChain.doFilter(ObservationFilterChainDecorator.java:137)
	at org.springframework.security.web.context.SecurityContextHolderFilter.doFilter(SecurityContextHolderFilter.java:82)
	at org.springframework.security.web.context.SecurityContextHolderFilter.doFilter(SecurityContextHolderFilter.java:69)
	at org.springframework.security.web.ObservationFilterChainDecorator$ObservationFilter.wrapFilter(ObservationFilterChainDecorator.java:240)
	at org.springframework.security.web.ObservationFilterChainDecorator$ObservationFilter.doFilter(ObservationFilterChainDecorator.java:227)
	at org.springframework.security.web.ObservationFilterChainDecorator$VirtualFilterChain.doFilter(ObservationFilterChainDecorator.java:137)
	at org.springframework.security.web.context.request.async.WebAsyncManagerIntegrationFilter.doFilterInternal(WebAsyncManagerIntegrationFilter.java:62)
	at org.springframework.web.filter.OncePerRequestFilter.doFilter(OncePerRequestFilter.java:116)
	at org.springframework.security.web.ObservationFilterChainDecorator$ObservationFilter.wrapFilter(ObservationFilterChainDecorator.java:240)
	at org.springframework.security.web.ObservationFilterChainDecorator$ObservationFilter.doFilter(ObservationFilterChainDecorator.java:227)
	at org.springframework.security.web.ObservationFilterChainDecorator$VirtualFilterChain.doFilter(ObservationFilterChainDecorator.java:137)
	at org.springframework.security.web.session.DisableEncodeUrlFilter.doFilterInternal(DisableEncodeUrlFilter.java:42)
	at org.springframework.web.filter.OncePerRequestFilter.doFilter(OncePerRequestFilter.java:116)
	at org.springframework.security.web.ObservationFilterChainDecorator$ObservationFilter.wrapFilter(ObservationFilterChainDecorator.java:240)
	at org.springframework.security.web.ObservationFilterChainDecorator$AroundFilterObservation$SimpleAroundFilterObservation.lambda$wrap$0(ObservationFilterChainDecorator.java:323)
	at org.springframework.security.web.ObservationFilterChainDecorator$ObservationFilter.doFilter(ObservationFilterChainDecorator.java:224)
	at org.springframework.security.web.ObservationFilterChainDecorator$VirtualFilterChain.doFilter(ObservationFilterChainDecorator.java:137)
	at org.springframework.security.web.FilterChainProxy.doFilterInternal(FilterChainProxy.java:233)
	at org.springframework.security.web.FilterChainProxy.doFilter(FilterChainProxy.java:191)
	at org.springframework.web.filter.CompositeFilter$VirtualFilterChain.doFilter(CompositeFilter.java:113)
	at org.springframework.web.servlet.handler.HandlerMappingIntrospector.lambda$createCacheFilter$3(HandlerMappingIntrospector.java:243)
	at org.springframework.web.filter.CompositeFilter$VirtualFilterChain.doFilter(CompositeFilter.java:113)
	at org.springframework.web.filter.CompositeFilter.doFilter(CompositeFilter.java:74)
	at org.springframework.security.config.annotation.web.configuration.WebMvcSecurityConfiguration$CompositeFilterChainProxy.doFilter(WebMvcSecurityConfiguration.java:238)
	at org.springframework.web.filter.DelegatingFilterProxy.invokeDelegate(DelegatingFilterProxy.java:362)
	at org.springframework.web.filter.DelegatingFilterProxy.doFilter(DelegatingFilterProxy.java:278)
	at org.apache.catalina.core.ApplicationFilterChain.internalDoFilter(ApplicationFilterChain.java:164)
	at org.apache.catalina.core.ApplicationFilterChain.doFilter(ApplicationFilterChain.java:140)
	at org.springframework.web.filter.RequestContextFilter.doFilterInternal(RequestContextFilter.java:100)
	at org.springframework.web.filter.OncePerRequestFilter.doFilter(OncePerRequestFilter.java:116)
	at org.apache.catalina.core.ApplicationFilterChain.internalDoFilter(ApplicationFilterChain.java:164)
	at org.apache.catalina.core.ApplicationFilterChain.doFilter(ApplicationFilterChain.java:140)
	at org.springframework.web.filter.FormContentFilter.doFilterInternal(FormContentFilter.java:93)
	at org.springframework.web.filter.OncePerRequestFilter.doFilter(OncePerRequestFilter.java:116)
	at org.apache.catalina.core.ApplicationFilterChain.internalDoFilter(ApplicationFilterChain.java:164)
	at org.apache.catalina.core.ApplicationFilterChain.doFilter(ApplicationFilterChain.java:140)
	at org.springframework.web.filter.ServerHttpObservationFilter.doFilterInternal(ServerHttpObservationFilter.java:114)
	at org.springframework.web.filter.OncePerRequestFilter.doFilter(OncePerRequestFilter.java:116)
	at org.apache.catalina.core.ApplicationFilterChain.internalDoFilter(ApplicationFilterChain.java:164)
	at org.apache.catalina.core.ApplicationFilterChain.doFilter(ApplicationFilterChain.java:140)
	at org.springframework.web.filter.CharacterEncodingFilter.doFilterInternal(CharacterEncodingFilter.java:201)
	at org.springframework.web.filter.OncePerRequestFilter.doFilter(OncePerRequestFilter.java:116)
	at org.apache.catalina.core.ApplicationFilterChain.internalDoFilter(ApplicationFilterChain.java:164)
	at org.apache.catalina.core.ApplicationFilterChain.doFilter(ApplicationFilterChain.java:140)
	at org.apache.catalina.core.StandardWrapperValve.invoke(StandardWrapperValve.java:167)
	at org.apache.catalina.core.StandardContextValve.invoke(StandardContextValve.java:90)
	at org.apache.catalina.authenticator.AuthenticatorBase.invoke(AuthenticatorBase.java:483)
	at org.apache.catalina.core.StandardHostValve.invoke(StandardHostValve.java:116)
	at org.apache.catalina.valves.ErrorReportValve.invoke(ErrorReportValve.java:93)
	at org.apache.catalina.core.StandardEngineValve.invoke(StandardEngineValve.java:74)
	at org.apache.catalina.connector.CoyoteAdapter.service(CoyoteAdapter.java:344)
	at org.apache.coyote.http11.Http11Processor.service(Http11Processor.java:398)
	at org.apache.coyote.AbstractProcessorLight.process(AbstractProcessorLight.java:63)
	at org.apache.coyote.AbstractProtocol$ConnectionHandler.process(AbstractProtocol.java:903)
	at org.apache.tomcat.util.net.NioEndpoint$SocketProcessor.doRun(NioEndpoint.java:1740)
	at org.apache.tomcat.util.net.SocketProcessorBase.run(SocketProcessorBase.java:52)
	at org.apache.tomcat.util.threads.ThreadPoolExecutor.runWorker(ThreadPoolExecutor.java:1189)
	at org.apache.tomcat.util.threads.ThreadPoolExecutor$Worker.run(ThreadPoolExecutor.java:658)
	at org.apache.tomcat.util.threads.TaskThread$WrappingRunnable.run(TaskThread.java:63)
	at java.base/java.lang.Thread.run(Thread.java:1583)
Caused by: java.lang.StackOverflowError: null
	at java.base/java.util.HashMap$KeyIterator.<init>(HashMap.java:1626)
	at java.base/java.util.HashMap$KeySet.iterator(HashMap.java:991)
	at java.base/java.util.HashSet.iterator(HashSet.java:182)
	at java.base/java.util.AbstractSet.hashCode(AbstractSet.java:120)
	at edu.market.notification.infrastructure.adapter.output.persistence.entity.NotificationEntity.hashCode(NotificationEntity.java:21)
	at edu.market.notification.infrastructure.adapter.output.persistence.entity.NotificationChannelEntity.hashCode(NotificationChannelEntity.java:13)
	at java.base/java.util.AbstractSet.hashCode(AbstractSet.java:124)
	at edu.market.notification.infrastructure.adapter.output.persistence.entity.NotificationEntity.hashCode(NotificationEntity.java:21)
	at edu.market.notification.infrastructure.adapter.output.persistence.entity.NotificationChannelEntity.hashCode(NotificationChannelEntity.java:13)
	at java.base/java.util.AbstractSet.hashCode(AbstractSet.java:124)
	at edu.market.notification.infrastructure.adapter.output.persistence.entity.NotificationEntity.hashCode(NotificationEntity.java:21)
	at edu.market.notification.infrastructure.adapter.output.persistence.entity.NotificationChannelEntity.hashCode(NotificationChannelEntity.java:13)
	at java.base/java.util.AbstractSet.hashCode(AbstractSet.java:124)
	at edu.market.notification.infrastructure.adapter.output.persistence.entity.NotificationEntity.hashCode(NotificationEntity.java:21)
	at edu.market.notification.infrastructure.adapter.output.persistence.entity.NotificationChannelEntity.hashCode(NotificationChannelEntity.java:13)
	at java.base/java.util.AbstractSet.hashCode(AbstractSet.java:124)
	at edu.market.notification.infrastructure.adapter.output.persistence.entity.NotificationEntity.hashCode(NotificationEntity.java:21)
	at edu.market.notification.infrastructure.adapter.output.persistence.entity.NotificationChannelEntity.hashCode(NotificationChannelEntity.java:13)
	at java.base/java.util.AbstractSet.hashCode(AbstractSet.java:124)
	at edu.market.notification.infrastructure.adapter.output.persistence.entity.NotificationEntity.hashCode(NotificationEntity.java:21)
	at edu.market.notification.infrastructure.adapter.output.persistence.entity.NotificationChannelEntity.hashCode(NotificationChannelEntity.java:13)
	at java.base/java.util.AbstractSet.hashCode(AbstractSet.java:124)
	at edu.market.notification.infrastructure.adapter.output.persistence.entity.NotificationEntity.hashCode(NotificationEntity.java:21)
	at edu.market.notification.infrastructure.adapter.output.persistence.entity.NotificationChannelEntity.hashCode(NotificationChannelEntity.java:13)
	at java.base/java.util.AbstractSet.hashCode(AbstractSet.java:124)
	at edu.market.notification.infrastructure.adapter.output.persistence.entity.NotificationEntity.hashCode(NotificationEntity.java:21)
	at edu.market.notification.infrastructure.adapter.output.persistence.entity.NotificationChannelEntity.hashCode(NotificationChannelEntity.java:13)
	at java.base/java.util.AbstractSet.hashCode(AbstractSet.java:124)
	at edu.market.notification.infrastructure.adapter.output.persistence.entity.NotificationEntity.hashCode(NotificationEntity.java:21)
	at edu.market.notification.infrastructure.adapter.output.persistence.entity.NotificationChannelEntity.hashCode(NotificationChannelEntity.java:13)
	at java.base/java.util.AbstractSet.hashCode(AbstractSet.java:124)
	at edu.market.notification.infrastructure.adapter.output.persistence.entity.NotificationEntity.hashCode(NotificationEntity.java:21)
	at edu.market.notification.infrastructure.adapter.output.persistence.entity.NotificationChannelEntity.hashCode(NotificationChannelEntity.java:13)
	at java.base/java.util.AbstractSet.hashCode(AbstractSet.java:124)
	at edu.market.notification.infrastructure.adapter.output.persistence.entity.NotificationEntity.hashCode(NotificationEntity.java:21)
	at edu.market.notification.infrastructure.adapter.output.persistence.entity.NotificationChannelEntity.hashCode(NotificationChannelEntity.java:13)
	at java.base/java.util.AbstractSet.hashCode(AbstractSet.java:124)
	at edu.market.notification.infrastructure.adapter.output.persistence.entity.NotificationEntity.hashCode(NotificationEntity.java:21)
	at edu.market.notification.infrastructure.adapter.output.persistence.entity.NotificationChannelEntity.hashCode(NotificationChannelEntity.java:13)
	at java.base/java.util.AbstractSet.hashCode(AbstractSet.java:124)
	at edu.market.notification.infrastructure.adapter.output.persistence.entity.NotificationEntity.hashCode(NotificationEntity.java:21)
	at edu.market.notification.infrastructure.adapter.output.persistence.entity.NotificationChannelEntity.hashCode(NotificationChannelEntity.java:13)
	at java.base/java.util.AbstractSet.hashCode(AbstractSet.java:124)
	at edu.market.notification.infrastructure.adapter.output.persistence.entity.NotificationEntity.hashCode(NotificationEntity.java:21)
	at edu.market.notification.infrastructure.adapter.output.persistence.entity.NotificationChannelEntity.hashCode(NotificationChannelEntity.java:13)
	at java.base/java.util.AbstractSet.hashCode(AbstractSet.java:124)
	at edu.market.notification.infrastructure.adapter.output.persistence.entity.NotificationEntity.hashCode(NotificationEntity.java:21)
	at edu.market.notification.infrastructure.adapter.output.persistence.entity.NotificationChannelEntity.hashCode(NotificationChannelEntity.java:13)
	at java.base/java.util.AbstractSet.hashCode(AbstractSet.java:124)
	at edu.market.notification.infrastructure.adapter.output.persistence.entity.NotificationEntity.hashCode(NotificationEntity.java:21)
	at edu.market.notification.infrastructure.adapter.output.persistence.entity.NotificationChannelEntity.hashCode(NotificationChannelEntity.java:13)
	at java.base/java.util.AbstractSet.hashCode(AbstractSet.java:124)
	at edu.market.notification.infrastructure.adapter.output.persistence.entity.NotificationEntity.hashCode(NotificationEntity.java:21)
	at edu.market.notification.infrastructure.adapter.output.persistence.entity.NotificationChannelEntity.hashCode(NotificationChannelEntity.java:13)
	at java.base/java.util.AbstractSet.hashCode(AbstractSet.java:124)
	at edu.market.notification.infrastructure.adapter.output.persistence.entity.NotificationEntity.hashCode(NotificationEntity.java:21)
	at edu.market.notification.infrastructure.adapter.output.persistence.entity.NotificationChannelEntity.hashCode(NotificationChannelEntity.java:13)
	at java.base/java.util.AbstractSet.hashCode(AbstractSet.java:124)
	at edu.market.notification.infrastructure.adapter.output.persistence.entity.NotificationEntity.hashCode(NotificationEntity.java:21)
	at edu.market.notification.infrastructure.adapter.output.persistence.entity.NotificationChannelEntity.hashCode(NotificationChannelEntity.java:13)
	at java.base/java.util.AbstractSet.hashCode(AbstractSet.java:124)
	at edu.market.notification.infrastructure.adapter.output.persistence.entity.NotificationEntity.hashCode(NotificationEntity.java:21)
	at edu.market.notification.infrastructure.adapter.output.persistence.entity.NotificationChannelEntity.hashCode(NotificationChannelEntity.java:13)
	at java.base/java.util.AbstractSet.hashCode(AbstractSet.java:124)
	at edu.market.notification.infrastructure.adapter.output.persistence.entity.NotificationEntity.hashCode(NotificationEntity.java:21)
	at edu.market.notification.infrastructure.adapter.output.persistence.entity.NotificationChannelEntity.hashCode(NotificationChannelEntity.java:13)
	at java.base/java.util.AbstractSet.hashCode(AbstractSet.java:124)
	at edu.market.notification.infrastructure.adapter.output.persistence.entity.NotificationEntity.hashCode(NotificationEntity.java:21)
	at edu.market.notification.infrastructure.adapter.output.persistence.entity.NotificationChannelEntity.hashCode(NotificationChannelEntity.java:13)
	at java.base/java.util.AbstractSet.hashCode(AbstractSet.java:124)
	at edu.market.notification.infrastructure.adapter.output.persistence.entity.NotificationEntity.hashCode(NotificationEntity.java:21)
	at edu.market.notification.infrastructure.adapter.output.persistence.entity.NotificationChannelEntity.hashCode(NotificationChannelEntity.java:13)
	at java.base/java.util.AbstractSet.hashCode(AbstractSet.java:124)
	at edu.market.notification.infrastructure.adapter.output.persistence.entity.NotificationEntity.hashCode(NotificationEntity.java:21)
	at edu.market.notification.infrastructure.adapter.output.persistence.entity.NotificationChannelEntity.hashCode(NotificationChannelEntity.java:13)
	at java.base/java.util.AbstractSet.hashCode(AbstractSet.java:124)
	at edu.market.notification.infrastructure.adapter.output.persistence.entity.NotificationEntity.hashCode(NotificationEntity.java:21)
	at edu.market.notification.infrastructure.adapter.output.persistence.entity.NotificationChannelEntity.hashCode(NotificationChannelEntity.java:13)
	at java.base/java.util.AbstractSet.hashCode(AbstractSet.java:124)
	at edu.market.notification.infrastructure.adapter.output.persistence.entity.NotificationEntity.hashCode(NotificationEntity.java:21)
	at edu.market.notification.infrastructure.adapter.output.persistence.entity.NotificationChannelEntity.hashCode(NotificationChannelEntity.java:13)
	at java.base/java.util.AbstractSet.hashCode(AbstractSet.java:124)
	at edu.market.notification.infrastructure.adapter.output.persistence.entity.NotificationEntity.hashCode(NotificationEntity.java:21)
	at edu.market.notification.infrastructure.adapter.output.persistence.entity.NotificationChannelEntity.hashCode(NotificationChannelEntity.java:13)
	at java.base/java.util.AbstractSet.hashCode(AbstractSet.java:124)
	at edu.market.notification.infrastructure.adapter.output.persistence.entity.NotificationEntity.hashCode(NotificationEntity.java:21)
	at edu.market.notification.infrastructure.adapter.output.persistence.entity.NotificationChannelEntity.hashCode(NotificationChannelEntity.java:13)
	at java.base/java.util.AbstractSet.hashCode(AbstractSet.java:124)
	at edu.market.notification.infrastructure.adapter.output.persistence.entity.NotificationEntity.hashCode(NotificationEntity.java:21)
	at edu.market.notification.infrastructure.adapter.output.persistence.entity.NotificationChannelEntity.hashCode(NotificationChannelEntity.java:13)
	at java.base/java.util.AbstractSet.hashCode(AbstractSet.java:124)
	at edu.market.notification.infrastructure.adapter.output.persistence.entity.NotificationEntity.hashCode(NotificationEntity.java:21)
	at edu.market.notification.infrastructure.adapter.output.persistence.entity.NotificationChannelEntity.hashCode(NotificationChannelEntity.java:13)
	at java.base/java.util.AbstractSet.hashCode(AbstractSet.java:124)
	at edu.market.notification.infrastructure.adapter.output.persistence.entity.NotificationEntity.hashCode(NotificationEntity.java:21)
	at edu.market.notification.infrastructure.adapter.output.persistence.entity.NotificationChannelEntity.hashCode(NotificationChannelEntity.java:13)
	at java.base/java.util.AbstractSet.hashCode(AbstractSet.java:124)
	at edu.market.notification.infrastructure.adapter.output.persistence.entity.NotificationEntity.hashCode(NotificationEntity.java:21)
	at edu.market.notification.infrastructure.adapter.output.persistence.entity.NotificationChannelEntity.hashCode(NotificationChannelEntity.java:13)
	at java.base/java.util.AbstractSet.hashCode(AbstractSet.java:124)
	at edu.market.notification.infrastructure.adapter.output.persistence.entity.NotificationEntity.hashCode(NotificationEntity.java:21)
	at edu.market.notification.infrastructure.adapter.output.persistence.entity.NotificationChannelEntity.hashCode(NotificationChannelEntity.java:13)
	at java.base/java.util.AbstractSet.hashCode(AbstractSet.java:124)
	at edu.market.notification.infrastructure.adapter.output.persistence.entity.NotificationEntity.hashCode(NotificationEntity.java:21)
	at edu.market.notification.infrastructure.adapter.output.persistence.entity.NotificationChannelEntity.hashCode(NotificationChannelEntity.java:13)
	at java.base/java.util.AbstractSet.hashCode(AbstractSet.java:124)
	at edu.market.notification.infrastructure.adapter.output.persistence.entity.NotificationEntity.hashCode(NotificationEntity.java:21)
	at edu.market.notification.infrastructure.adapter.output.persistence.entity.NotificationChannelEntity.hashCode(NotificationChannelEntity.java:13)
	at java.base/java.util.AbstractSet.hashCode(AbstractSet.java:124)
	at edu.market.notification.infrastructure.adapter.output.persistence.entity.NotificationEntity.hashCode(NotificationEntity.java:21)
	at edu.market.notification.infrastructure.adapter.output.persistence.entity.NotificationChannelEntity.hashCode(NotificationChannelEntity.java:13)
	at java.base/java.util.AbstractSet.hashCode(AbstractSet.java:124)
	at edu.market.notification.infrastructure.adapter.output.persistence.entity.NotificationEntity.hashCode(NotificationEntity.java:21)
	at edu.market.notification.infrastructure.adapter.output.persistence.entity.NotificationChannelEntity.hashCode(NotificationChannelEntity.java:13)
	at java.base/java.util.AbstractSet.hashCode(AbstractSet.java:124)
	at edu.market.notification.infrastructure.adapter.output.persistence.entity.NotificationEntity.hashCode(NotificationEntity.java:21)
	at edu.market.notification.infrastructure.adapter.output.persistence.entity.NotificationChannelEntity.hashCode(NotificationChannelEntity.java:13)
	at java.base/java.util.AbstractSet.hashCode(AbstractSet.java:124)
	at edu.market.notification.infrastructure.adapter.output.persistence.entity.NotificationEntity.hashCode(NotificationEntity.java:21)
	at edu.market.notification.infrastructure.adapter.output.persistence.entity.NotificationChannelEntity.hashCode(NotificationChannelEntity.java:13)
	at java.base/java.util.AbstractSet.hashCode(AbstractSet.java:124)
	at edu.market.notification.infrastructure.adapter.output.persistence.entity.NotificationEntity.hashCode(NotificationEntity.java:21)
	at edu.market.notification.infrastructure.adapter.output.persistence.entity.NotificationChannelEntity.hashCode(NotificationChannelEntity.java:13)
	at java.base/java.util.AbstractSet.hashCode(AbstractSet.java:124)
	at edu.market.notification.infrastructure.adapter.output.persistence.entity.NotificationEntity.hashCode(NotificationEntity.java:21)
	at edu.market.notification.infrastructure.adapter.output.persistence.entity.NotificationChannelEntity.hashCode(NotificationChannelEntity.java:13)
	at java.base/java.util.AbstractSet.hashCode(AbstractSet.java:124)
	at edu.market.notification.infrastructure.adapter.output.persistence.entity.NotificationEntity.hashCode(NotificationEntity.java:21)
	at edu.market.notification.infrastructure.adapter.output.persistence.entity.NotificationChannelEntity.hashCode(NotificationChannelEntity.java:13)
	at java.base/java.util.AbstractSet.hashCode(AbstractSet.java:124)
	at edu.market.notification.infrastructure.adapter.output.persistence.entity.NotificationEntity.hashCode(NotificationEntity.java:21)
	at edu.market.notification.infrastructure.adapter.output.persistence.entity.NotificationChannelEntity.hashCode(NotificationChannelEntity.java:13)
	at java.base/java.util.AbstractSet.hashCode(AbstractSet.java:124)
	at edu.market.notification.infrastructure.adapter.output.persistence.entity.NotificationEntity.hashCode(NotificationEntity.java:21)
	at edu.market.notification.infrastructure.adapter.output.persistence.entity.NotificationChannelEntity.hashCode(NotificationChannelEntity.java:13)
	at java.base/java.util.AbstractSet.hashCode(AbstractSet.java:124)
	at edu.market.notification.infrastructure.adapter.output.persistence.entity.NotificationEntity.hashCode(NotificationEntity.java:21)
	at edu.market.notification.infrastructure.adapter.output.persistence.entity.NotificationChannelEntity.hashCode(NotificationChannelEntity.java:13)
	at java.base/java.util.AbstractSet.hashCode(AbstractSet.java:124)
	at edu.market.notification.infrastructure.adapter.output.persistence.entity.NotificationEntity.hashCode(NotificationEntity.java:21)
	at edu.market.notification.infrastructure.adapter.output.persistence.entity.NotificationChannelEntity.hashCode(NotificationChannelEntity.java:13)
	at java.base/java.util.AbstractSet.hashCode(AbstractSet.java:124)
	at edu.market.notification.infrastructure.adapter.output.persistence.entity.NotificationEntity.hashCode(NotificationEntity.java:21)
	at edu.market.notification.infrastructure.adapter.output.persistence.entity.NotificationChannelEntity.hashCode(NotificationChannelEntity.java:13)
	at java.base/java.util.AbstractSet.hashCode(AbstractSet.java:124)
	at edu.market.notification.infrastructure.adapter.output.persistence.entity.NotificationEntity.hashCode(NotificationEntity.java:21)
	at edu.market.notification.infrastructure.adapter.output.persistence.entity.NotificationChannelEntity.hashCode(NotificationChannelEntity.java:13)
	at java.base/java.util.AbstractSet.hashCode(AbstractSet.java:124)
	at edu.market.notification.infrastructure.adapter.output.persistence.entity.NotificationEntity.hashCode(NotificationEntity.java:21)
	at edu.market.notification.infrastructure.adapter.output.persistence.entity.NotificationChannelEntity.hashCode(NotificationChannelEntity.java:13)
	at java.base/java.util.AbstractSet.hashCode(AbstractSet.java:124)
	at edu.market.notification.infrastructure.adapter.output.persistence.entity.NotificationEntity.hashCode(NotificationEntity.java:21)
	at edu.market.notification.infrastructure.adapter.output.persistence.entity.NotificationChannelEntity.hashCode(NotificationChannelEntity.java:13)
	at java.base/java.util.AbstractSet.hashCode(AbstractSet.java:124)
	at edu.market.notification.infrastructure.adapter.output.persistence.entity.NotificationEntity.hashCode(NotificationEntity.java:21)
	at edu.market.notification.infrastructure.adapter.output.persistence.entity.NotificationChannelEntity.hashCode(NotificationChannelEntity.java:13)
	at java.base/java.util.AbstractSet.hashCode(AbstractSet.java:124)
	at edu.market.notification.infrastructure.adapter.output.persistence.entity.NotificationEntity.hashCode(NotificationEntity.java:21)
	at edu.market.notification.infrastructure.adapter.output.persistence.entity.NotificationChannelEntity.hashCode(NotificationChannelEntity.java:13)
	at java.base/java.util.AbstractSet.hashCode(AbstractSet.java:124)
	at edu.market.notification.infrastructure.adapter.output.persistence.entity.NotificationEntity.hashCode(NotificationEntity.java:21)
	at edu.market.notification.infrastructure.adapter.output.persistence.entity.NotificationChannelEntity.hashCode(NotificationChannelEntity.java:13)
	at java.base/java.util.AbstractSet.hashCode(AbstractSet.java:124)
	at edu.market.notification.infrastructure.adapter.output.persistence.entity.NotificationEntity.hashCode(NotificationEntity.java:21)
	at edu.market.notification.infrastructure.adapter.output.persistence.entity.NotificationChannelEntity.hashCode(NotificationChannelEntity.java:13)
	at java.base/java.util.AbstractSet.hashCode(AbstractSet.java:124)
	at edu.market.notification.infrastructure.adapter.output.persistence.entity.NotificationEntity.hashCode(NotificationEntity.java:21)
	at edu.market.notification.infrastructure.adapter.output.persistence.entity.NotificationChannelEntity.hashCode(NotificationChannelEntity.java:13)
	at java.base/java.util.AbstractSet.hashCode(AbstractSet.java:124)
	at edu.market.notification.infrastructure.adapter.output.persistence.entity.NotificationEntity.hashCode(NotificationEntity.java:21)
	at edu.market.notification.infrastructure.adapter.output.persistence.entity.NotificationChannelEntity.hashCode(NotificationChannelEntity.java:13)
	at java.base/java.util.AbstractSet.hashCode(AbstractSet.java:124)
	at edu.market.notification.infrastructure.adapter.output.persistence.entity.NotificationEntity.hashCode(NotificationEntity.java:21)
	at edu.market.notification.infrastructure.adapter.output.persistence.entity.NotificationChannelEntity.hashCode(NotificationChannelEntity.java:13)
	at java.base/java.util.AbstractSet.hashCode(AbstractSet.java:124)
	at edu.market.notification.infrastructure.adapter.output.persistence.entity.NotificationEntity.hashCode(NotificationEntity.java:21)
	at edu.market.notification.infrastructure.adapter.output.persistence.entity.NotificationChannelEntity.hashCode(NotificationChannelEntity.java:13)
	at java.base/java.util.AbstractSet.hashCode(AbstractSet.java:124)
	at edu.market.notification.infrastructure.adapter.output.persistence.entity.NotificationEntity.hashCode(NotificationEntity.java:21)
	at edu.market.notification.infrastructure.adapter.output.persistence.entity.NotificationChannelEntity.hashCode(NotificationChannelEntity.java:13)
	at java.base/java.util.AbstractSet.hashCode(AbstractSet.java:124)
	at edu.market.notification.infrastructure.adapter.output.persistence.entity.NotificationEntity.hashCode(NotificationEntity.java:21)
	at edu.market.notification.infrastructure.adapter.output.persistence.entity.NotificationChannelEntity.hashCode(NotificationChannelEntity.java:13)
	at java.base/java.util.AbstractSet.hashCode(AbstractSet.java:124)
	at edu.market.notification.infrastructure.adapter.output.persistence.entity.NotificationEntity.hashCode(NotificationEntity.java:21)
	at edu.market.notification.infrastructure.adapter.output.persistence.entity.NotificationChannelEntity.hashCode(NotificationChannelEntity.java:13)
	at java.base/java.util.AbstractSet.hashCode(AbstractSet.java:124)
	at edu.market.notification.infrastructure.adapter.output.persistence.entity.NotificationEntity.hashCode(NotificationEntity.java:21)
	at edu.market.notification.infrastructure.adapter.output.persistence.entity.NotificationChannelEntity.hashCode(NotificationChannelEntity.java:13)
	at java.base/java.util.AbstractSet.hashCode(AbstractSet.java:124)
	at edu.market.notification.infrastructure.adapter.output.persistence.entity.NotificationEntity.hashCode(NotificationEntity.java:21)
	at edu.market.notification.infrastructure.adapter.output.persistence.entity.NotificationChannelEntity.hashCode(NotificationChannelEntity.java:13)
	at java.base/java.util.AbstractSet.hashCode(AbstractSet.java:124)
	at edu.market.notification.infrastructure.adapter.output.persistence.entity.NotificationEntity.hashCode(NotificationEntity.java:21)
	at edu.market.notification.infrastructure.adapter.output.persistence.entity.NotificationChannelEntity.hashCode(NotificationChannelEntity.java:13)
	at java.base/java.util.AbstractSet.hashCode(AbstractSet.java:124)
	at edu.market.notification.infrastructure.adapter.output.persistence.entity.NotificationEntity.hashCode(NotificationEntity.java:21)
	at edu.market.notification.infrastructure.adapter.output.persistence.entity.NotificationChannelEntity.hashCode(NotificationChannelEntity.java:13)
	at java.base/java.util.AbstractSet.hashCode(AbstractSet.java:124)
	at edu.market.notification.infrastructure.adapter.output.persistence.entity.NotificationEntity.hashCode(NotificationEntity.java:21)
	at edu.market.notification.infrastructure.adapter.output.persistence.entity.NotificationChannelEntity.hashCode(NotificationChannelEntity.java:13)
	at java.base/java.util.AbstractSet.hashCode(AbstractSet.java:124)
	at edu.market.notification.infrastructure.adapter.output.persistence.entity.NotificationEntity.hashCode(NotificationEntity.java:21)
	at edu.market.notification.infrastructure.adapter.output.persistence.entity.NotificationChannelEntity.hashCode(NotificationChannelEntity.java:13)
	at java.base/java.util.AbstractSet.hashCode(AbstractSet.java:124)
	at edu.market.notification.infrastructure.adapter.output.persistence.entity.NotificationEntity.hashCode(NotificationEntity.java:21)
	at edu.market.notification.infrastructure.adapter.output.persistence.entity.NotificationChannelEntity.hashCode(NotificationChannelEntity.java:13)
	at java.base/java.util.AbstractSet.hashCode(AbstractSet.java:124)
	at edu.market.notification.infrastructure.adapter.output.persistence.entity.NotificationEntity.hashCode(NotificationEntity.java:21)
	at edu.market.notification.infrastructure.adapter.output.persistence.entity.NotificationChannelEntity.hashCode(NotificationChannelEntity.java:13)
	at java.base/java.util.AbstractSet.hashCode(AbstractSet.java:124)
	at edu.market.notification.infrastructure.adapter.output.persistence.entity.NotificationEntity.hashCode(NotificationEntity.java:21)
	at edu.market.notification.infrastructure.adapter.output.persistence.entity.NotificationChannelEntity.hashCode(NotificationChannelEntity.java:13)
	at java.base/java.util.AbstractSet.hashCode(AbstractSet.java:124)
	at edu.market.notification.infrastructure.adapter.output.persistence.entity.NotificationEntity.hashCode(NotificationEntity.java:21)
	at edu.market.notification.infrastructure.adapter.output.persistence.entity.NotificationChannelEntity.hashCode(NotificationChannelEntity.java:13)
	at java.base/java.util.AbstractSet.hashCode(AbstractSet.java:124)
	at edu.market.notification.infrastructure.adapter.output.persistence.entity.NotificationEntity.hashCode(NotificationEntity.java:21)
	at edu.market.notification.infrastructure.adapter.output.persistence.entity.NotificationChannelEntity.hashCode(NotificationChannelEntity.java:13)
	at java.base/java.util.AbstractSet.hashCode(AbstractSet.java:124)
	at edu.market.notification.infrastructure.adapter.output.persistence.entity.NotificationEntity.hashCode(NotificationEntity.java:21)
	at edu.market.notification.infrastructure.adapter.output.persistence.entity.NotificationChannelEntity.hashCode(NotificationChannelEntity.java:13)
	at java.base/java.util.AbstractSet.hashCode(AbstractSet.java:124)
	at edu.market.notification.infrastructure.adapter.output.persistence.entity.NotificationEntity.hashCode(NotificationEntity.java:21)
	at edu.market.notification.infrastructure.adapter.output.persistence.entity.NotificationChannelEntity.hashCode(NotificationChannelEntity.java:13)
	at java.base/java.util.AbstractSet.hashCode(AbstractSet.java:124)
	at edu.market.notification.infrastructure.adapter.output.persistence.entity.NotificationEntity.hashCode(NotificationEntity.java:21)
	at edu.market.notification.infrastructure.adapter.output.persistence.entity.NotificationChannelEntity.hashCode(NotificationChannelEntity.java:13)
	at java.base/java.util.AbstractSet.hashCode(AbstractSet.java:124)
	at edu.market.notification.infrastructure.adapter.output.persistence.entity.NotificationEntity.hashCode(NotificationEntity.java:21)
	at edu.market.notification.infrastructure.adapter.output.persistence.entity.NotificationChannelEntity.hashCode(NotificationChannelEntity.java:13)
	at java.base/java.util.AbstractSet.hashCode(AbstractSet.java:124)
	at edu.market.notification.infrastructure.adapter.output.persistence.entity.NotificationEntity.hashCode(NotificationEntity.java:21)
	at edu.market.notification.infrastructure.adapter.output.persistence.entity.NotificationChannelEntity.hashCode(NotificationChannelEntity.java:13)
	at java.base/java.util.AbstractSet.hashCode(AbstractSet.java:124)
	at edu.market.notification.infrastructure.adapter.output.persistence.entity.NotificationEntity.hashCode(NotificationEntity.java:21)
	at edu.market.notification.infrastructure.adapter.output.persistence.entity.NotificationChannelEntity.hashCode(NotificationChannelEntity.java:13)
	at java.base/java.util.AbstractSet.hashCode(AbstractSet.java:124)
	at edu.market.notification.infrastructure.adapter.output.persistence.entity.NotificationEntity.hashCode(NotificationEntity.java:21)
	at edu.market.notification.infrastructure.adapter.output.persistence.entity.NotificationChannelEntity.hashCode(NotificationChannelEntity.java:13)
	at java.base/java.util.AbstractSet.hashCode(AbstractSet.java:124)
	at edu.market.notification.infrastructure.adapter.output.persistence.entity.NotificationEntity.hashCode(NotificationEntity.java:21)
	at edu.market.notification.infrastructure.adapter.output.persistence.entity.NotificationChannelEntity.hashCode(NotificationChannelEntity.java:13)
	at java.base/java.util.AbstractSet.hashCode(AbstractSet.java:124)
	at edu.market.notification.infrastructure.adapter.output.persistence.entity.NotificationEntity.hashCode(NotificationEntity.java:21)
	at edu.market.notification.infrastructure.adapter.output.persistence.entity.NotificationChannelEntity.hashCode(NotificationChannelEntity.java:13)
	at java.base/java.util.AbstractSet.hashCode(AbstractSet.java:124)
	at edu.market.notification.infrastructure.adapter.output.persistence.entity.NotificationEntity.hashCode(NotificationEntity.java:21)
	at edu.market.notification.infrastructure.adapter.output.persistence.entity.NotificationChannelEntity.hashCode(NotificationChannelEntity.java:13)
	at java.base/java.util.AbstractSet.hashCode(AbstractSet.java:124)
	at edu.market.notification.infrastructure.adapter.output.persistence.entity.NotificationEntity.hashCode(NotificationEntity.java:21)
	at edu.market.notification.infrastructure.adapter.output.persistence.entity.NotificationChannelEntity.hashCode(NotificationChannelEntity.java:13)
	at java.base/java.util.AbstractSet.hashCode(AbstractSet.java:124)
	at edu.market.notification.infrastructure.adapter.output.persistence.entity.NotificationEntity.hashCode(NotificationEntity.java:21)
	at edu.market.notification.infrastructure.adapter.output.persistence.entity.NotificationChannelEntity.hashCode(NotificationChannelEntity.java:13)
	at java.base/java.util.AbstractSet.hashCode(AbstractSet.java:124)
	at edu.market.notification.infrastructure.adapter.output.persistence.entity.NotificationEntity.hashCode(NotificationEntity.java:21)
	at edu.market.notification.infrastructure.adapter.output.persistence.entity.NotificationChannelEntity.hashCode(NotificationChannelEntity.java:13)
	at java.base/java.util.AbstractSet.hashCode(AbstractSet.java:124)
	at edu.market.notification.infrastructure.adapter.output.persistence.entity.NotificationEntity.hashCode(NotificationEntity.java:21)
	at edu.market.notification.infrastructure.adapter.output.persistence.entity.NotificationChannelEntity.hashCode(NotificationChannelEntity.java:13)
	at java.base/java.util.AbstractSet.hashCode(AbstractSet.java:124)
	at edu.market.notification.infrastructure.adapter.output.persistence.entity.NotificationEntity.hashCode(NotificationEntity.java:21)
	at edu.market.notification.infrastructure.adapter.output.persistence.entity.NotificationChannelEntity.hashCode(NotificationChannelEntity.java:13)
	at java.base/java.util.AbstractSet.hashCode(AbstractSet.java:124)
	at edu.market.notification.infrastructure.adapter.output.persistence.entity.NotificationEntity.hashCode(NotificationEntity.java:21)
	at edu.market.notification.infrastructure.adapter.output.persistence.entity.NotificationChannelEntity.hashCode(NotificationChannelEntity.java:13)
	at java.base/java.util.AbstractSet.hashCode(AbstractSet.java:124)
	at edu.market.notification.infrastructure.adapter.output.persistence.entity.NotificationEntity.hashCode(NotificationEntity.java:21)
	at edu.market.notification.infrastructure.adapter.output.persistence.entity.NotificationChannelEntity.hashCode(NotificationChannelEntity.java:13)
	at java.base/java.util.AbstractSet.hashCode(AbstractSet.java:124)
	at edu.market.notification.infrastructure.adapter.output.persistence.entity.NotificationEntity.hashCode(NotificationEntity.java:21)
	at edu.market.notification.infrastructure.adapter.output.persistence.entity.NotificationChannelEntity.hashCode(NotificationChannelEntity.java:13)
	at java.base/java.util.AbstractSet.hashCode(AbstractSet.java:124)
	at edu.market.notification.infrastructure.adapter.output.persistence.entity.NotificationEntity.hashCode(NotificationEntity.java:21)
	at edu.market.notification.infrastructure.adapter.output.persistence.entity.NotificationChannelEntity.hashCode(NotificationChannelEntity.java:13)
	at java.base/java.util.AbstractSet.hashCode(AbstractSet.java:124)
	at edu.market.notification.infrastructure.adapter.output.persistence.entity.NotificationEntity.hashCode(NotificationEntity.java:21)
	at edu.market.notification.infrastructure.adapter.output.persistence.entity.NotificationChannelEntity.hashCode(NotificationChannelEntity.java:13)
	at java.base/java.util.AbstractSet.hashCode(AbstractSet.java:124)
	at edu.market.notification.infrastructure.adapter.output.persistence.entity.NotificationEntity.hashCode(NotificationEntity.java:21)
	at edu.market.notification.infrastructure.adapter.output.persistence.entity.NotificationChannelEntity.hashCode(NotificationChannelEntity.java:13)
	at java.base/java.util.AbstractSet.hashCode(AbstractSet.java:124)
	at edu.market.notification.infrastructure.adapter.output.persistence.entity.NotificationEntity.hashCode(NotificationEntity.java:21)
	at edu.market.notification.infrastructure.adapter.output.persistence.entity.NotificationChannelEntity.hashCode(NotificationChannelEntity.java:13)
	at java.base/java.util.AbstractSet.hashCode(AbstractSet.java:124)
	at edu.market.notification.infrastructure.adapter.output.persistence.entity.NotificationEntity.hashCode(NotificationEntity.java:21)
	at edu.market.notification.infrastructure.adapter.output.persistence.entity.NotificationChannelEntity.hashCode(NotificationChannelEntity.java:13)
	at java.base/java.util.AbstractSet.hashCode(AbstractSet.java:124)
	at edu.market.notification.infrastructure.adapter.output.persistence.entity.NotificationEntity.hashCode(NotificationEntity.java:21)
	at edu.market.notification.infrastructure.adapter.output.persistence.entity.NotificationChannelEntity.hashCode(NotificationChannelEntity.java:13)
	at java.base/java.util.AbstractSet.hashCode(AbstractSet.java:124)
	at edu.market.notification.infrastructure.adapter.output.persistence.entity.NotificationEntity.hashCode(NotificationEntity.java:21)
	at edu.market.notification.infrastructure.adapter.output.persistence.entity.NotificationChannelEntity.hashCode(NotificationChannelEntity.java:13)
	at java.base/java.util.AbstractSet.hashCode(AbstractSet.java:124)
	at edu.market.notification.infrastructure.adapter.output.persistence.entity.NotificationEntity.hashCode(NotificationEntity.java:21)
	at edu.market.notification.infrastructure.adapter.output.persistence.entity.NotificationChannelEntity.hashCode(NotificationChannelEntity.java:13)
	at java.base/java.util.AbstractSet.hashCode(AbstractSet.java:124)
	at edu.market.notification.infrastructure.adapter.output.persistence.entity.NotificationEntity.hashCode(NotificationEntity.java:21)
	at edu.market.notification.infrastructure.adapter.output.persistence.entity.NotificationChannelEntity.hashCode(NotificationChannelEntity.java:13)
	at java.base/java.util.AbstractSet.hashCode(AbstractSet.java:124)
	at edu.market.notification.infrastructure.adapter.output.persistence.entity.NotificationEntity.hashCode(NotificationEntity.java:21)
	at edu.market.notification.infrastructure.adapter.output.persistence.entity.NotificationChannelEntity.hashCode(NotificationChannelEntity.java:13)
	at java.base/java.util.AbstractSet.hashCode(AbstractSet.java:124)
	at edu.market.notification.infrastructure.adapter.output.persistence.entity.NotificationEntity.hashCode(NotificationEntity.java:21)
	at edu.market.notification.infrastructure.adapter.output.persistence.entity.NotificationChannelEntity.hashCode(NotificationChannelEntity.java:13)
	at java.base/java.util.AbstractSet.hashCode(AbstractSet.java:124)
	at edu.market.notification.infrastructure.adapter.output.persistence.entity.NotificationEntity.hashCode(NotificationEntity.java:21)
	at edu.market.notification.infrastructure.adapter.output.persistence.entity.NotificationChannelEntity.hashCode(NotificationChannelEntity.java:13)
	at java.base/java.util.AbstractSet.hashCode(AbstractSet.java:124)
	at edu.market.notification.infrastructure.adapter.output.persistence.entity.NotificationEntity.hashCode(NotificationEntity.java:21)
	at edu.market.notification.infrastructure.adapter.output.persistence.entity.NotificationChannelEntity.hashCode(NotificationChannelEntity.java:13)
	at java.base/java.util.AbstractSet.hashCode(AbstractSet.java:124)
	at edu.market.notification.infrastructure.adapter.output.persistence.entity.NotificationEntity.hashCode(NotificationEntity.java:21)
	at edu.market.notification.infrastructure.adapter.output.persistence.entity.NotificationChannelEntity.hashCode(NotificationChannelEntity.java:13)
	at java.base/java.util.AbstractSet.hashCode(AbstractSet.java:124)
	at edu.market.notification.infrastructure.adapter.output.persistence.entity.NotificationEntity.hashCode(NotificationEntity.java:21)
	at edu.market.notification.infrastructure.adapter.output.persistence.entity.NotificationChannelEntity.hashCode(NotificationChannelEntity.java:13)
	at java.base/java.util.AbstractSet.hashCode(AbstractSet.java:124)
	at edu.market.notification.infrastructure.adapter.output.persistence.entity.NotificationEntity.hashCode(NotificationEntity.java:21)
	at edu.market.notification.infrastructure.adapter.output.persistence.entity.NotificationChannelEntity.hashCode(NotificationChannelEntity.java:13)
	at java.base/java.util.AbstractSet.hashCode(AbstractSet.java:124)
	at edu.market.notification.infrastructure.adapter.output.persistence.entity.NotificationEntity.hashCode(NotificationEntity.java:21)
	at edu.market.notification.infrastructure.adapter.output.persistence.entity.NotificationChannelEntity.hashCode(NotificationChannelEntity.java:13)
	at java.base/java.util.AbstractSet.hashCode(AbstractSet.java:124)
	at edu.market.notification.infrastructure.adapter.output.persistence.entity.NotificationEntity.hashCode(NotificationEntity.java:21)
	at edu.market.notification.infrastructure.adapter.output.persistence.entity.NotificationChannelEntity.hashCode(NotificationChannelEntity.java:13)
	at java.base/java.util.AbstractSet.hashCode(AbstractSet.java:124)
	at edu.market.notification.infrastructure.adapter.output.persistence.entity.NotificationEntity.hashCode(NotificationEntity.java:21)
	at edu.market.notification.infrastructure.adapter.output.persistence.entity.NotificationChannelEntity.hashCode(NotificationChannelEntity.java:13)
	at java.base/java.util.AbstractSet.hashCode(AbstractSet.java:124)
	at edu.market.notification.infrastructure.adapter.output.persistence.entity.NotificationEntity.hashCode(NotificationEntity.java:21)
	at edu.market.notification.infrastructure.adapter.output.persistence.entity.NotificationChannelEntity.hashCode(NotificationChannelEntity.java:13)
	at java.base/java.util.AbstractSet.hashCode(AbstractSet.java:124)
	at edu.market.notification.infrastructure.adapter.output.persistence.entity.NotificationEntity.hashCode(NotificationEntity.java:21)
	at edu.market.notification.infrastructure.adapter.output.persistence.entity.NotificationChannelEntity.hashCode(NotificationChannelEntity.java:13)
	at java.base/java.util.AbstractSet.hashCode(AbstractSet.java:124)
	at edu.market.notification.infrastructure.adapter.output.persistence.entity.NotificationEntity.hashCode(NotificationEntity.java:21)
	at edu.market.notification.infrastructure.adapter.output.persistence.entity.NotificationChannelEntity.hashCode(NotificationChannelEntity.java:13)
	at java.base/java.util.AbstractSet.hashCode(AbstractSet.java:124)
	at edu.market.notification.infrastructure.adapter.output.persistence.entity.NotificationEntity.hashCode(NotificationEntity.java:21)
	at edu.market.notification.infrastructure.adapter.output.persistence.entity.NotificationChannelEntity.hashCode(NotificationChannelEntity.java:13)
	at java.base/java.util.AbstractSet.hashCode(AbstractSet.java:124)
	at edu.market.notification.infrastructure.adapter.output.persistence.entity.NotificationEntity.hashCode(NotificationEntity.java:21)
	at edu.market.notification.infrastructure.adapter.output.persistence.entity.NotificationChannelEntity.hashCode(NotificationChannelEntity.java:13)
	at java.base/java.util.AbstractSet.hashCode(AbstractSet.java:124)
	at edu.market.notification.infrastructure.adapter.output.persistence.entity.NotificationEntity.hashCode(NotificationEntity.java:21)
	at edu.market.notification.infrastructure.adapter.output.persistence.entity.NotificationChannelEntity.hashCode(NotificationChannelEntity.java:13)
	at java.base/java.util.AbstractSet.hashCode(AbstractSet.java:124)
	at edu.market.notification.infrastructure.adapter.output.persistence.entity.NotificationEntity.hashCode(NotificationEntity.java:21)
	at edu.market.notification.infrastructure.adapter.output.persistence.entity.NotificationChannelEntity.hashCode(NotificationChannelEntity.java:13)
	at java.base/java.util.AbstractSet.hashCode(AbstractSet.java:124)
	at edu.market.notification.infrastructure.adapter.output.persistence.entity.NotificationEntity.hashCode(NotificationEntity.java:21)
	at edu.market.notification.infrastructure.adapter.output.persistence.entity.NotificationChannelEntity.hashCode(NotificationChannelEntity.java:13)
	at java.base/java.util.AbstractSet.hashCode(AbstractSet.java:124)
	at edu.market.notification.infrastructure.adapter.output.persistence.entity.NotificationEntity.hashCode(NotificationEntity.java:21)
	at edu.market.notification.infrastructure.adapter.output.persistence.entity.NotificationChannelEntity.hashCode(NotificationChannelEntity.java:13)
	at java.base/java.util.AbstractSet.hashCode(AbstractSet.java:124)
	at edu.market.notification.infrastructure.adapter.output.persistence.entity.NotificationEntity.hashCode(NotificationEntity.java:21)
	at edu.market.notification.infrastructure.adapter.output.persistence.entity.NotificationChannelEntity.hashCode(NotificationChannelEntity.java:13)
	at java.base/java.util.AbstractSet.hashCode(AbstractSet.java:124)
	at edu.market.notification.infrastructure.adapter.output.persistence.entity.NotificationEntity.hashCode(NotificationEntity.java:21)
	at edu.market.notification.infrastructure.adapter.output.persistence.entity.NotificationChannelEntity.hashCode(NotificationChannelEntity.java:13)
	at java.base/java.util.AbstractSet.hashCode(AbstractSet.java:124)
	at edu.market.notification.infrastructure.adapter.output.persistence.entity.NotificationEntity.hashCode(NotificationEntity.java:21)
	at edu.market.notification.infrastructure.adapter.output.persistence.entity.NotificationChannelEntity.hashCode(NotificationChannelEntity.java:13)
	at java.base/java.util.AbstractSet.hashCode(AbstractSet.java:124)
	at edu.market.notification.infrastructure.adapter.output.persistence.entity.NotificationEntity.hashCode(NotificationEntity.java:21)
	at edu.market.notification.infrastructure.adapter.output.persistence.entity.NotificationChannelEntity.hashCode(NotificationChannelEntity.java:13)
	at java.base/java.util.AbstractSet.hashCode(AbstractSet.java:124)
	at edu.market.notification.infrastructure.adapter.output.persistence.entity.NotificationEntity.hashCode(NotificationEntity.java:21)
	at edu.market.notification.infrastructure.adapter.output.persistence.entity.NotificationChannelEntity.hashCode(NotificationChannelEntity.java:13)
	at java.base/java.util.AbstractSet.hashCode(AbstractSet.java:124)
	at edu.market.notification.infrastructure.adapter.output.persistence.entity.NotificationEntity.hashCode(NotificationEntity.java:21)
	at edu.market.notification.infrastructure.adapter.output.persistence.entity.NotificationChannelEntity.hashCode(NotificationChannelEntity.java:13)
	at java.base/java.util.AbstractSet.hashCode(AbstractSet.java:124)
	at edu.market.notification.infrastructure.adapter.output.persistence.entity.NotificationEntity.hashCode(NotificationEntity.java:21)
	at edu.market.notification.infrastructure.adapter.output.persistence.entity.NotificationChannelEntity.hashCode(NotificationChannelEntity.java:13)
	at java.base/java.util.AbstractSet.hashCode(AbstractSet.java:124)
	at edu.market.notification.infrastructure.adapter.output.persistence.entity.NotificationEntity.hashCode(NotificationEntity.java:21)
	at edu.market.notification.infrastructure.adapter.output.persistence.entity.NotificationChannelEntity.hashCode(NotificationChannelEntity.java:13)
	at java.base/java.util.AbstractSet.hashCode(AbstractSet.java:124)
	at edu.market.notification.infrastructure.adapter.output.persistence.entity.NotificationEntity.hashCode(NotificationEntity.java:21)
	at edu.market.notification.infrastructure.adapter.output.persistence.entity.NotificationChannelEntity.hashCode(NotificationChannelEntity.java:13)
	at java.base/java.util.AbstractSet.hashCode(AbstractSet.java:124)
	at edu.market.notification.infrastructure.adapter.output.persistence.entity.NotificationEntity.hashCode(NotificationEntity.java:21)
	at edu.market.notification.infrastructure.adapter.output.persistence.entity.NotificationChannelEntity.hashCode(NotificationChannelEntity.java:13)
	at java.base/java.util.AbstractSet.hashCode(AbstractSet.java:124)
	at edu.market.notification.infrastructure.adapter.output.persistence.entity.NotificationEntity.hashCode(NotificationEntity.java:21)
	at edu.market.notification.infrastructure.adapter.output.persistence.entity.NotificationChannelEntity.hashCode(NotificationChannelEntity.java:13)
	at java.base/java.util.AbstractSet.hashCode(AbstractSet.java:124)
	at edu.market.notification.infrastructure.adapter.output.persistence.entity.NotificationEntity.hashCode(NotificationEntity.java:21)
	at edu.market.notification.infrastructure.adapter.output.persistence.entity.NotificationChannelEntity.hashCode(NotificationChannelEntity.java:13)
	at java.base/java.util.AbstractSet.hashCode(AbstractSet.java:124)
	at edu.market.notification.infrastructure.adapter.output.persistence.entity.NotificationEntity.hashCode(NotificationEntity.java:21)
	at edu.market.notification.infrastructure.adapter.output.persistence.entity.NotificationChannelEntity.hashCode(NotificationChannelEntity.java:13)
	at java.base/java.util.AbstractSet.hashCode(AbstractSet.java:124)
	at edu.market.notification.infrastructure.adapter.output.persistence.entity.NotificationEntity.hashCode(NotificationEntity.java:21)
	at edu.market.notification.infrastructure.adapter.output.persistence.entity.NotificationChannelEntity.hashCode(NotificationChannelEntity.java:13)
	at java.base/java.util.AbstractSet.hashCode(AbstractSet.java:124)
	at edu.market.notification.infrastructure.adapter.output.persistence.entity.NotificationEntity.hashCode(NotificationEntity.java:21)
	at edu.market.notification.infrastructure.adapter.output.persistence.entity.NotificationChannelEntity.hashCode(NotificationChannelEntity.java:13)
	at java.base/java.util.AbstractSet.hashCode(AbstractSet.java:124)
	at edu.market.notification.infrastructure.adapter.output.persistence.entity.NotificationEntity.hashCode(NotificationEntity.java:21)
	at edu.market.notification.infrastructure.adapter.output.persistence.entity.NotificationChannelEntity.hashCode(NotificationChannelEntity.java:13)
	at java.base/java.util.AbstractSet.hashCode(AbstractSet.java:124)
	at edu.market.notification.infrastructure.adapter.output.persistence.entity.NotificationEntity.hashCode(NotificationEntity.java:21)
	at edu.market.notification.infrastructure.adapter.output.persistence.entity.NotificationChannelEntity.hashCode(NotificationChannelEntity.java:13)
	at java.base/java.util.AbstractSet.hashCode(AbstractSet.java:124)
	at edu.market.notification.infrastructure.adapter.output.persistence.entity.NotificationEntity.hashCode(NotificationEntity.java:21)
	at edu.market.notification.infrastructure.adapter.output.persistence.entity.NotificationChannelEntity.hashCode(NotificationChannelEntity.java:13)
	at java.base/java.util.AbstractSet.hashCode(AbstractSet.java:124)
	at edu.market.notification.infrastructure.adapter.output.persistence.entity.NotificationEntity.hashCode(NotificationEntity.java:21)
	at edu.market.notification.infrastructure.adapter.output.persistence.entity.NotificationChannelEntity.hashCode(NotificationChannelEntity.java:13)
	at java.base/java.util.AbstractSet.hashCode(AbstractSet.java:124)
	at edu.market.notification.infrastructure.adapter.output.persistence.entity.NotificationEntity.hashCode(NotificationEntity.java:21)
	at edu.market.notification.infrastructure.adapter.output.persistence.entity.NotificationChannelEntity.hashCode(NotificationChannelEntity.java:13)
	at java.base/java.util.AbstractSet.hashCode(AbstractSet.java:124)
	at edu.market.notification.infrastructure.adapter.output.persistence.entity.NotificationEntity.hashCode(NotificationEntity.java:21)
	at edu.market.notification.infrastructure.adapter.output.persistence.entity.NotificationChannelEntity.hashCode(NotificationChannelEntity.java:13)
	at java.base/java.util.AbstractSet.hashCode(AbstractSet.java:124)
	at edu.market.notification.infrastructure.adapter.output.persistence.entity.NotificationEntity.hashCode(NotificationEntity.java:21)
	at edu.market.notification.infrastructure.adapter.output.persistence.entity.NotificationChannelEntity.hashCode(NotificationChannelEntity.java:13)
	at java.base/java.util.AbstractSet.hashCode(AbstractSet.java:124)
	at edu.market.notification.infrastructure.adapter.output.persistence.entity.NotificationEntity.hashCode(NotificationEntity.java:21)
	at edu.market.notification.infrastructure.adapter.output.persistence.entity.NotificationChannelEntity.hashCode(NotificationChannelEntity.java:13)
	at java.base/java.util.AbstractSet.hashCode(AbstractSet.java:124)
	at edu.market.notification.infrastructure.adapter.output.persistence.entity.NotificationEntity.hashCode(NotificationEntity.java:21)
	at edu.market.notification.infrastructure.adapter.output.persistence.entity.NotificationChannelEntity.hashCode(NotificationChannelEntity.java:13)
	at java.base/java.util.AbstractSet.hashCode(AbstractSet.java:124)
	at edu.market.notification.infrastructure.adapter.output.persistence.entity.NotificationEntity.hashCode(NotificationEntity.java:21)
	at edu.market.notification.infrastructure.adapter.output.persistence.entity.NotificationChannelEntity.hashCode(NotificationChannelEntity.java:13)
	at java.base/java.util.AbstractSet.hashCode(AbstractSet.java:124)
	at edu.market.notification.infrastructure.adapter.output.persistence.entity.NotificationEntity.hashCode(NotificationEntity.java:21)
	at edu.market.notification.infrastructure.adapter.output.persistence.entity.NotificationChannelEntity.hashCode(NotificationChannelEntity.java:13)
	at java.base/java.util.AbstractSet.hashCode(AbstractSet.java:124)
	at edu.market.notification.infrastructure.adapter.output.persistence.entity.NotificationEntity.hashCode(NotificationEntity.java:21)
	at edu.market.notification.infrastructure.adapter.output.persistence.entity.NotificationChannelEntity.hashCode(NotificationChannelEntity.java:13)
	at java.base/java.util.AbstractSet.hashCode(AbstractSet.java:124)
	at edu.market.notification.infrastructure.adapter.output.persistence.entity.NotificationEntity.hashCode(NotificationEntity.java:21)
	at edu.market.notification.infrastructure.adapter.output.persistence.entity.NotificationChannelEntity.hashCode(NotificationChannelEntity.java:13)
	at java.base/java.util.AbstractSet.hashCode(AbstractSet.java:124)
	at edu.market.notification.infrastructure.adapter.output.persistence.entity.NotificationEntity.hashCode(NotificationEntity.java:21)
	at edu.market.notification.infrastructure.adapter.output.persistence.entity.NotificationChannelEntity.hashCode(NotificationChannelEntity.java:13)
	at java.base/java.util.AbstractSet.hashCode(AbstractSet.java:124)
	at edu.market.notification.infrastructure.adapter.output.persistence.entity.NotificationEntity.hashCode(NotificationEntity.java:21)
	at edu.market.notification.infrastructure.adapter.output.persistence.entity.NotificationChannelEntity.hashCode(NotificationChannelEntity.java:13)
	at java.base/java.util.AbstractSet.hashCode(AbstractSet.java:124)
	at edu.market.notification.infrastructure.adapter.output.persistence.entity.NotificationEntity.hashCode(NotificationEntity.java:21)
	at edu.market.notification.infrastructure.adapter.output.persistence.entity.NotificationChannelEntity.hashCode(NotificationChannelEntity.java:13)
	at java.base/java.util.AbstractSet.hashCode(AbstractSet.java:124)
	at edu.market.notification.infrastructure.adapter.output.persistence.entity.NotificationEntity.hashCode(NotificationEntity.java:21)
	at edu.market.notification.infrastructure.adapter.output.persistence.entity.NotificationChannelEntity.hashCode(NotificationChannelEntity.java:13)
	at java.base/java.util.AbstractSet.hashCode(AbstractSet.java:124)
	at edu.market.notification.infrastructure.adapter.output.persistence.entity.NotificationEntity.hashCode(NotificationEntity.java:21)
	at edu.market.notification.infrastructure.adapter.output.persistence.entity.NotificationChannelEntity.hashCode(NotificationChannelEntity.java:13)
	at java.base/java.util.AbstractSet.hashCode(AbstractSet.java:124)
	at edu.market.notification.infrastructure.adapter.output.persistence.entity.NotificationEntity.hashCode(NotificationEntity.java:21)
	at edu.market.notification.infrastructure.adapter.output.persistence.entity.NotificationChannelEntity.hashCode(NotificationChannelEntity.java:13)
	at java.base/java.util.AbstractSet.hashCode(AbstractSet.java:124)
	at edu.market.notification.infrastructure.adapter.output.persistence.entity.NotificationEntity.hashCode(NotificationEntity.java:21)
	at edu.market.notification.infrastructure.adapter.output.persistence.entity.NotificationChannelEntity.hashCode(NotificationChannelEntity.java:13)
	at java.base/java.util.AbstractSet.hashCode(AbstractSet.java:124)
	at edu.market.notification.infrastructure.adapter.output.persistence.entity.NotificationEntity.hashCode(NotificationEntity.java:21)
	at edu.market.notification.infrastructure.adapter.output.persistence.entity.NotificationChannelEntity.hashCode(NotificationChannelEntity.java:13)
	at java.base/java.util.AbstractSet.hashCode(AbstractSet.java:124)
	at edu.market.notification.infrastructure.adapter.output.persistence.entity.NotificationEntity.hashCode(NotificationEntity.java:21)
	at edu.market.notification.infrastructure.adapter.output.persistence.entity.NotificationChannelEntity.hashCode(NotificationChannelEntity.java:13)
	at java.base/java.util.AbstractSet.hashCode(AbstractSet.java:124)
	at edu.market.notification.infrastructure.adapter.output.persistence.entity.NotificationEntity.hashCode(NotificationEntity.java:21)
	at edu.market.notification.infrastructure.adapter.output.persistence.entity.NotificationChannelEntity.hashCode(NotificationChannelEntity.java:13)
	at java.base/java.util.AbstractSet.hashCode(AbstractSet.java:124)
	at edu.market.notification.infrastructure.adapter.output.persistence.entity.NotificationEntity.hashCode(NotificationEntity.java:21)
	at edu.market.notification.infrastructure.adapter.output.persistence.entity.NotificationChannelEntity.hashCode(NotificationChannelEntity.java:13)
	at java.base/java.util.AbstractSet.hashCode(AbstractSet.java:124)
	at edu.market.notification.infrastructure.adapter.output.persistence.entity.NotificationEntity.hashCode(NotificationEntity.java:21)
	at edu.market.notification.infrastructure.adapter.output.persistence.entity.NotificationChannelEntity.hashCode(NotificationChannelEntity.java:13)
	at java.base/java.util.AbstractSet.hashCode(AbstractSet.java:124)
	at edu.market.notification.infrastructure.adapter.output.persistence.entity.NotificationEntity.hashCode(NotificationEntity.java:21)
	at edu.market.notification.infrastructure.adapter.output.persistence.entity.NotificationChannelEntity.hashCode(NotificationChannelEntity.java:13)
	at java.base/java.util.AbstractSet.hashCode(AbstractSet.java:124)
	at edu.market.notification.infrastructure.adapter.output.persistence.entity.NotificationEntity.hashCode(NotificationEntity.java:21)
	at edu.market.notification.infrastructure.adapter.output.persistence.entity.NotificationChannelEntity.hashCode(NotificationChannelEntity.java:13)
	at java.base/java.util.AbstractSet.hashCode(AbstractSet.java:124)
	at edu.market.notification.infrastructure.adapter.output.persistence.entity.NotificationEntity.hashCode(NotificationEntity.java:21)
	at edu.market.notification.infrastructure.adapter.output.persistence.entity.NotificationChannelEntity.hashCode(NotificationChannelEntity.java:13)
	at java.base/java.util.AbstractSet.hashCode(AbstractSet.java:124)
	at edu.market.notification.infrastructure.adapter.output.persistence.entity.NotificationEntity.hashCode(NotificationEntity.java:21)
	at edu.market.notification.infrastructure.adapter.output.persistence.entity.NotificationChannelEntity.hashCode(NotificationChannelEntity.java:13)
	at java.base/java.util.AbstractSet.hashCode(AbstractSet.java:124)
	at edu.market.notification.infrastructure.adapter.output.persistence.entity.NotificationEntity.hashCode(NotificationEntity.java:21)
	at edu.market.notification.infrastructure.adapter.output.persistence.entity.NotificationChannelEntity.hashCode(NotificationChannelEntity.java:13)
	at java.base/java.util.AbstractSet.hashCode(AbstractSet.java:124)
	at edu.market.notification.infrastructure.adapter.output.persistence.entity.NotificationEntity.hashCode(NotificationEntity.java:21)
	at edu.market.notification.infrastructure.adapter.output.persistence.entity.NotificationChannelEntity.hashCode(NotificationChannelEntity.java:13)
	at java.base/java.util.AbstractSet.hashCode(AbstractSet.java:124)
	at edu.market.notification.infrastructure.adapter.output.persistence.entity.NotificationEntity.hashCode(NotificationEntity.java:21)
	at edu.market.notification.infrastructure.adapter.output.persistence.entity.NotificationChannelEntity.hashCode(NotificationChannelEntity.java:13)
	at java.base/java.util.AbstractSet.hashCode(AbstractSet.java:124)
	at edu.market.notification.infrastructure.adapter.output.persistence.entity.NotificationEntity.hashCode(NotificationEntity.java:21)
	at edu.market.notification.infrastructure.adapter.output.persistence.entity.NotificationChannelEntity.hashCode(NotificationChannelEntity.java:13)
	at java.base/java.util.AbstractSet.hashCode(AbstractSet.java:124)
	at edu.market.notification.infrastructure.adapter.output.persistence.entity.NotificationEntity.hashCode(NotificationEntity.java:21)
	at edu.market.notification.infrastructure.adapter.output.persistence.entity.NotificationChannelEntity.hashCode(NotificationChannelEntity.java:13)
	at java.base/java.util.AbstractSet.hashCode(AbstractSet.java:124)
	at edu.market.notification.infrastructure.adapter.output.persistence.entity.NotificationEntity.hashCode(NotificationEntity.java:21)
	at edu.market.notification.infrastructure.adapter.output.persistence.entity.NotificationChannelEntity.hashCode(NotificationChannelEntity.java:13)
	at java.base/java.util.AbstractSet.hashCode(AbstractSet.java:124)
	at edu.market.notification.infrastructure.adapter.output.persistence.entity.NotificationEntity.hashCode(NotificationEntity.java:21)
	at edu.market.notification.infrastructure.adapter.output.persistence.entity.NotificationChannelEntity.hashCode(NotificationChannelEntity.java:13)
	at java.base/java.util.AbstractSet.hashCode(AbstractSet.java:124)
	at edu.market.notification.infrastructure.adapter.output.persistence.entity.NotificationEntity.hashCode(NotificationEntity.java:21)
	at edu.market.notification.infrastructure.adapter.output.persistence.entity.NotificationChannelEntity.hashCode(NotificationChannelEntity.java:13)
	at java.base/java.util.AbstractSet.hashCode(AbstractSet.java:124)
	at edu.market.notification.infrastructure.adapter.output.persistence.entity.NotificationEntity.hashCode(NotificationEntity.java:21)
	at edu.market.notification.infrastructure.adapter.output.persistence.entity.NotificationChannelEntity.hashCode(NotificationChannelEntity.java:13)
	at java.base/java.util.AbstractSet.hashCode(AbstractSet.java:124)
	at edu.market.notification.infrastructure.adapter.output.persistence.entity.NotificationEntity.hashCode(NotificationEntity.java:21)
	at edu.market.notification.infrastructure.adapter.output.persistence.entity.NotificationChannelEntity.hashCode(NotificationChannelEntity.java:13)
	at java.base/java.util.AbstractSet.hashCode(AbstractSet.java:124)
	at edu.market.notification.infrastructure.adapter.output.persistence.entity.NotificationEntity.hashCode(NotificationEntity.java:21)
	at edu.market.notification.infrastructure.adapter.output.persistence.entity.NotificationChannelEntity.hashCode(NotificationChannelEntity.java:13)
	at java.base/java.util.AbstractSet.hashCode(AbstractSet.java:124)
	at edu.market.notification.infrastructure.adapter.output.persistence.entity.NotificationEntity.hashCode(NotificationEntity.java:21)
	at edu.market.notification.infrastructure.adapter.output.persistence.entity.NotificationChannelEntity.hashCode(NotificationChannelEntity.java:13)
	at java.base/java.util.AbstractSet.hashCode(AbstractSet.java:124)
	at edu.market.notification.infrastructure.adapter.output.persistence.entity.NotificationEntity.hashCode(NotificationEntity.java:21)
	at edu.market.notification.infrastructure.adapter.output.persistence.entity.NotificationChannelEntity.hashCode(NotificationChannelEntity.java:13)
	at java.base/java.util.AbstractSet.hashCode(AbstractSet.java:124)
	at edu.market.notification.infrastructure.adapter.output.persistence.entity.NotificationEntity.hashCode(NotificationEntity.java:21)
	at edu.market.notification.infrastructure.adapter.output.persistence.entity.NotificationChannelEntity.hashCode(NotificationChannelEntity.java:13)
	at java.base/java.util.AbstractSet.hashCode(AbstractSet.java:124)
	at edu.market.notification.infrastructure.adapter.output.persistence.entity.NotificationEntity.hashCode(NotificationEntity.java:21)
	at edu.market.notification.infrastructure.adapter.output.persistence.entity.NotificationChannelEntity.hashCode(NotificationChannelEntity.java:13)
	at java.base/java.util.AbstractSet.hashCode(AbstractSet.java:124)
	at edu.market.notification.infrastructure.adapter.output.persistence.entity.NotificationEntity.hashCode(NotificationEntity.java:21)
	at edu.market.notification.infrastructure.adapter.output.persistence.entity.NotificationChannelEntity.hashCode(NotificationChannelEntity.java:13)
	at java.base/java.util.AbstractSet.hashCode(AbstractSet.java:124)
	at edu.market.notification.infrastructure.adapter.output.persistence.entity.NotificationEntity.hashCode(NotificationEntity.java:21)
	at edu.market.notification.infrastructure.adapter.output.persistence.entity.NotificationChannelEntity.hashCode(NotificationChannelEntity.java:13)
	at java.base/java.util.AbstractSet.hashCode(AbstractSet.java:124)
	at edu.market.notification.infrastructure.adapter.output.persistence.entity.NotificationEntity.hashCode(NotificationEntity.java:21)
	at edu.market.notification.infrastructure.adapter.output.persistence.entity.NotificationChannelEntity.hashCode(NotificationChannelEntity.java:13)
	at java.base/java.util.AbstractSet.hashCode(AbstractSet.java:124)
	at edu.market.notification.infrastructure.adapter.output.persistence.entity.NotificationEntity.hashCode(NotificationEntity.java:21)
	at edu.market.notification.infrastructure.adapter.output.persistence.entity.NotificationChannelEntity.hashCode(NotificationChannelEntity.java:13)
	at java.base/java.util.AbstractSet.hashCode(AbstractSet.java:124)
	at edu.market.notification.infrastructure.adapter.output.persistence.entity.NotificationEntity.hashCode(NotificationEntity.java:21)
	at edu.market.notification.infrastructure.adapter.output.persistence.entity.NotificationChannelEntity.hashCode(NotificationChannelEntity.java:13)
	at java.base/java.util.AbstractSet.hashCode(AbstractSet.java:124)
	at edu.market.notification.infrastructure.adapter.output.persistence.entity.NotificationEntity.hashCode(NotificationEntity.java:21)
	at edu.market.notification.infrastructure.adapter.output.persistence.entity.NotificationChannelEntity.hashCode(NotificationChannelEntity.java:13)
	at java.base/java.util.AbstractSet.hashCode(AbstractSet.java:124)
	at edu.market.notification.infrastructure.adapter.output.persistence.entity.NotificationEntity.hashCode(NotificationEntity.java:21)
	at edu.market.notification.infrastructure.adapter.output.persistence.entity.NotificationChannelEntity.hashCode(NotificationChannelEntity.java:13)
	at java.base/java.util.AbstractSet.hashCode(AbstractSet.java:124)
	at edu.market.notification.infrastructure.adapter.output.persistence.entity.NotificationEntity.hashCode(NotificationEntity.java:21)
	at edu.market.notification.infrastructure.adapter.output.persistence.entity.NotificationChannelEntity.hashCode(NotificationChannelEntity.java:13)
	at java.base/java.util.AbstractSet.hashCode(AbstractSet.java:124)
	at edu.market.notification.infrastructure.adapter.output.persistence.entity.NotificationEntity.hashCode(NotificationEntity.java:21)
	at edu.market.notification.infrastructure.adapter.output.persistence.entity.NotificationChannelEntity.hashCode(NotificationChannelEntity.java:13)
	at java.base/java.util.AbstractSet.hashCode(AbstractSet.java:124)
	at edu.market.notification.infrastructure.adapter.output.persistence.entity.NotificationEntity.hashCode(NotificationEntity.java:21)
	at edu.market.notification.infrastructure.adapter.output.persistence.entity.NotificationChannelEntity.hashCode(NotificationChannelEntity.java:13)
	at java.base/java.util.AbstractSet.hashCode(AbstractSet.java:124)
	at edu.market.notification.infrastructure.adapter.output.persistence.entity.NotificationEntity.hashCode(NotificationEntity.java:21)
	at edu.market.notification.infrastructure.adapter.output.persistence.entity.NotificationChannelEntity.hashCode(NotificationChannelEntity.java:13)
	at java.base/java.util.AbstractSet.hashCode(AbstractSet.java:124)
	at edu.market.notification.infrastructure.adapter.output.persistence.entity.NotificationEntity.hashCode(NotificationEntity.java:21)
	at edu.market.notification.infrastructure.adapter.output.persistence.entity.NotificationChannelEntity.hashCode(NotificationChannelEntity.java:13)
	at java.base/java.util.AbstractSet.hashCode(AbstractSet.java:124)
	at edu.market.notification.infrastructure.adapter.output.persistence.entity.NotificationEntity.hashCode(NotificationEntity.java:21)
	at edu.market.notification.infrastructure.adapter.output.persistence.entity.NotificationChannelEntity.hashCode(NotificationChannelEntity.java:13)
	at java.base/java.util.AbstractSet.hashCode(AbstractSet.java:124)
	at edu.market.notification.infrastructure.adapter.output.persistence.entity.NotificationEntity.hashCode(NotificationEntity.java:21)
	at edu.market.notification.infrastructure.adapter.output.persistence.entity.NotificationChannelEntity.hashCode(NotificationChannelEntity.java:13)
	at java.base/java.util.AbstractSet.hashCode(AbstractSet.java:124)
	at edu.market.notification.infrastructure.adapter.output.persistence.entity.NotificationEntity.hashCode(NotificationEntity.java:21)
	at edu.market.notification.infrastructure.adapter.output.persistence.entity.NotificationChannelEntity.hashCode(NotificationChannelEntity.java:13)
	at java.base/java.util.AbstractSet.hashCode(AbstractSet.java:124)
	at edu.market.notification.infrastructure.adapter.output.persistence.entity.NotificationEntity.hashCode(NotificationEntity.java:21)
	at edu.market.notification.infrastructure.adapter.output.persistence.entity.NotificationChannelEntity.hashCode(NotificationChannelEntity.java:13)
	at java.base/java.util.AbstractSet.hashCode(AbstractSet.java:124)
	at edu.market.notification.infrastructure.adapter.output.persistence.entity.NotificationEntity.hashCode(NotificationEntity.java:21)
	at edu.market.notification.infrastructure.adapter.output.persistence.entity.NotificationChannelEntity.hashCode(NotificationChannelEntity.java:13)
	at java.base/java.util.AbstractSet.hashCode(AbstractSet.java:124)
	at edu.market.notification.infrastructure.adapter.output.persistence.entity.NotificationEntity.hashCode(NotificationEntity.java:21)
	at edu.market.notification.infrastructure.adapter.output.persistence.entity.NotificationChannelEntity.hashCode(NotificationChannelEntity.java:13)
	at java.base/java.util.AbstractSet.hashCode(AbstractSet.java:124)
	at edu.market.notification.infrastructure.adapter.output.persistence.entity.NotificationEntity.hashCode(NotificationEntity.java:21)
	at edu.market.notification.infrastructure.adapter.output.persistence.entity.NotificationChannelEntity.hashCode(NotificationChannelEntity.java:13)
	at java.base/java.util.AbstractSet.hashCode(AbstractSet.java:124)
	at edu.market.notification.infrastructure.adapter.output.persistence.entity.NotificationEntity.hashCode(NotificationEntity.java:21)
	at edu.market.notification.infrastructure.adapter.output.persistence.entity.NotificationChannelEntity.hashCode(NotificationChannelEntity.java:13)
	at java.base/java.util.AbstractSet.hashCode(AbstractSet.java:124)
	at edu.market.notification.infrastructure.adapter.output.persistence.entity.NotificationEntity.hashCode(NotificationEntity.java:21)
	at edu.market.notification.infrastructure.adapter.output.persistence.entity.NotificationChannelEntity.hashCode(NotificationChannelEntity.java:13)
	at java.base/java.util.AbstractSet.hashCode(AbstractSet.java:124)
	at edu.market.notification.infrastructure.adapter.output.persistence.entity.NotificationEntity.hashCode(NotificationEntity.java:21)
	at edu.market.notification.infrastructure.adapter.output.persistence.entity.NotificationChannelEntity.hashCode(NotificationChannelEntity.java:13)
	at java.base/java.util.AbstractSet.hashCode(AbstractSet.java:124)
	at edu.market.notification.infrastructure.adapter.output.persistence.entity.NotificationEntity.hashCode(NotificationEntity.java:21)
	at edu.market.notification.infrastructure.adapter.output.persistence.entity.NotificationChannelEntity.hashCode(NotificationChannelEntity.java:13)
	at java.base/java.util.AbstractSet.hashCode(AbstractSet.java:124)
	at edu.market.notification.infrastructure.adapter.output.persistence.entity.NotificationEntity.hashCode(NotificationEntity.java:21)
	at edu.market.notification.infrastructure.adapter.output.persistence.entity.NotificationChannelEntity.hashCode(NotificationChannelEntity.java:13)
	at java.base/java.util.AbstractSet.hashCode(AbstractSet.java:124)
	at edu.market.notification.infrastructure.adapter.output.persistence.entity.NotificationEntity.hashCode(NotificationEntity.java:21)
	at edu.market.notification.infrastructure.adapter.output.persistence.entity.NotificationChannelEntity.hashCode(NotificationChannelEntity.java:13)
	at java.base/java.util.AbstractSet.hashCode(AbstractSet.java:124)
	at edu.market.notification.infrastructure.adapter.output.persistence.entity.NotificationEntity.hashCode(NotificationEntity.java:21)
	at edu.market.notification.infrastructure.adapter.output.persistence.entity.NotificationChannelEntity.hashCode(NotificationChannelEntity.java:13)
	at java.base/java.util.AbstractSet.hashCode(AbstractSet.java:124)
	at edu.market.notification.infrastructure.adapter.output.persistence.entity.NotificationEntity.hashCode(NotificationEntity.java:21)
	at edu.market.notification.infrastructure.adapter.output.persistence.entity.NotificationChannelEntity.hashCode(NotificationChannelEntity.java:13)
	at java.base/java.util.AbstractSet.hashCode(AbstractSet.java:124)
	at edu.market.notification.infrastructure.adapter.output.persistence.entity.NotificationEntity.hashCode(NotificationEntity.java:21)
	at edu.market.notification.infrastructure.adapter.output.persistence.entity.NotificationChannelEntity.hashCode(NotificationChannelEntity.java:13)
	at java.base/java.util.AbstractSet.hashCode(AbstractSet.java:124)
	at edu.market.notification.infrastructure.adapter.output.persistence.entity.NotificationEntity.hashCode(NotificationEntity.java:21)
	at edu.market.notification.infrastructure.adapter.output.persistence.entity.NotificationChannelEntity.hashCode(NotificationChannelEntity.java:13)
	at java.base/java.util.AbstractSet.hashCode(AbstractSet.java:124)
	at edu.market.notification.infrastructure.adapter.output.persistence.entity.NotificationEntity.hashCode(NotificationEntity.java:21)
	at edu.market.notification.infrastructure.adapter.output.persistence.entity.NotificationChannelEntity.hashCode(NotificationChannelEntity.java:13)
	at java.base/java.util.AbstractSet.hashCode(AbstractSet.java:124)
	at edu.market.notification.infrastructure.adapter.output.persistence.entity.NotificationEntity.hashCode(NotificationEntity.java:21)
	at edu.market.notification.infrastructure.adapter.output.persistence.entity.NotificationChannelEntity.hashCode(NotificationChannelEntity.java:13)
	at java.base/java.util.AbstractSet.hashCode(AbstractSet.java:124)
	at edu.market.notification.infrastructure.adapter.output.persistence.entity.NotificationEntity.hashCode(NotificationEntity.java:21)
	at edu.market.notification.infrastructure.adapter.output.persistence.entity.NotificationChannelEntity.hashCode(NotificationChannelEntity.java:13)
	at java.base/java.util.AbstractSet.hashCode(AbstractSet.java:124)
	at edu.market.notification.infrastructure.adapter.output.persistence.entity.NotificationEntity.hashCode(NotificationEntity.java:21)
	at edu.market.notification.infrastructure.adapter.output.persistence.entity.NotificationChannelEntity.hashCode(NotificationChannelEntity.java:13)
	at java.base/java.util.AbstractSet.hashCode(AbstractSet.java:124)
	at edu.market.notification.infrastructure.adapter.output.persistence.entity.NotificationEntity.hashCode(NotificationEntity.java:21)
	at edu.market.notification.infrastructure.adapter.output.persistence.entity.NotificationChannelEntity.hashCode(NotificationChannelEntity.java:13)
	at java.base/java.util.AbstractSet.hashCode(AbstractSet.java:124)
	at edu.market.notification.infrastructure.adapter.output.persistence.entity.NotificationEntity.hashCode(NotificationEntity.java:21)
	at edu.market.notification.infrastructure.adapter.output.persistence.entity.NotificationChannelEntity.hashCode(NotificationChannelEntity.java:13)
	at java.base/java.util.AbstractSet.hashCode(AbstractSet.java:124)
	at edu.market.notification.infrastructure.adapter.output.persistence.entity.NotificationEntity.hashCode(NotificationEntity.java:21)
	at edu.market.notification.infrastructure.adapter.output.persistence.entity.NotificationChannelEntity.hashCode(NotificationChannelEntity.java:13)
	at java.base/java.util.AbstractSet.hashCode(AbstractSet.java:124)
	at edu.market.notification.infrastructure.adapter.output.persistence.entity.NotificationEntity.hashCode(NotificationEntity.java:21)
	at edu.market.notification.infrastructure.adapter.output.persistence.entity.NotificationChannelEntity.hashCode(NotificationChannelEntity.java:13)
	at java.base/java.util.AbstractSet.hashCode(AbstractSet.java:124)
	at edu.market.notification.infrastructure.adapter.output.persistence.entity.NotificationEntity.hashCode(NotificationEntity.java:21)
	at edu.market.notification.infrastructure.adapter.output.persistence.entity.NotificationChannelEntity.hashCode(NotificationChannelEntity.java:13)
	at java.base/java.util.AbstractSet.hashCode(AbstractSet.java:124)
	at edu.market.notification.infrastructure.adapter.output.persistence.entity.NotificationEntity.hashCode(NotificationEntity.java:21)
	at edu.market.notification.infrastructure.adapter.output.persistence.entity.NotificationChannelEntity.hashCode(NotificationChannelEntity.java:13)
	at java.base/java.util.AbstractSet.hashCode(AbstractSet.java:124)
	at edu.market.notification.infrastructure.adapter.output.persistence.entity.NotificationEntity.hashCode(NotificationEntity.java:21)
	at edu.market.notification.infrastructure.adapter.output.persistence.entity.NotificationChannelEntity.hashCode(NotificationChannelEntity.java:13)
	at java.base/java.util.AbstractSet.hashCode(AbstractSet.java:124)
	at edu.market.notification.infrastructure.adapter.output.persistence.entity.NotificationEntity.hashCode(NotificationEntity.java:21)
	at edu.market.notification.infrastructure.adapter.output.persistence.entity.NotificationChannelEntity.hashCode(NotificationChannelEntity.java:13)
	at java.base/java.util.AbstractSet.hashCode(AbstractSet.java:124)
	at edu.market.notification.infrastructure.adapter.output.persistence.entity.NotificationEntity.hashCode(NotificationEntity.java:21)
	at edu.market.notification.infrastructure.adapter.output.persistence.entity.NotificationChannelEntity.hashCode(NotificationChannelEntity.java:13)
	at java.base/java.util.AbstractSet.hashCode(AbstractSet.java:124)
	at edu.market.notification.infrastructure.adapter.output.persistence.entity.NotificationEntity.hashCode(NotificationEntity.java:21)
	at edu.market.notification.infrastructure.adapter.output.persistence.entity.NotificationChannelEntity.hashCode(NotificationChannelEntity.java:13)
	at java.base/java.util.AbstractSet.hashCode(AbstractSet.java:124)
	at edu.market.notification.infrastructure.adapter.output.persistence.entity.NotificationEntity.hashCode(NotificationEntity.java:21)
	at edu.market.notification.infrastructure.adapter.output.persistence.entity.NotificationChannelEntity.hashCode(NotificationChannelEntity.java:13)
	at java.base/java.util.AbstractSet.hashCode(AbstractSet.java:124)
	at edu.market.notification.infrastructure.adapter.output.persistence.entity.NotificationEntity.hashCode(NotificationEntity.java:21)
	at edu.market.notification.infrastructure.adapter.output.persistence.entity.NotificationChannelEntity.hashCode(NotificationChannelEntity.java:13)
	at java.base/java.util.AbstractSet.hashCode(AbstractSet.java:124)
	at edu.market.notification.infrastructure.adapter.output.persistence.entity.NotificationEntity.hashCode(NotificationEntity.java:21)
	at edu.market.notification.infrastructure.adapter.output.persistence.entity.NotificationChannelEntity.hashCode(NotificationChannelEntity.java:13)
	at java.base/java.util.AbstractSet.hashCode(AbstractSet.java:124)
	at edu.market.notification.infrastructure.adapter.output.persistence.entity.NotificationEntity.hashCode(NotificationEntity.java:21)
	at edu.market.notification.infrastructure.adapter.output.persistence.entity.NotificationChannelEntity.hashCode(NotificationChannelEntity.java:13)
	at java.base/java.util.AbstractSet.hashCode(AbstractSet.java:124)
	at edu.market.notification.infrastructure.adapter.output.persistence.entity.NotificationEntity.hashCode(NotificationEntity.java:21)
	at edu.market.notification.infrastructure.adapter.output.persistence.entity.NotificationChannelEntity.hashCode(NotificationChannelEntity.java:13)
	at java.base/java.util.AbstractSet.hashCode(AbstractSet.java:124)
	at edu.market.notification.infrastructure.adapter.output.persistence.entity.NotificationEntity.hashCode(NotificationEntity.java:21)
	at edu.market.notification.infrastructure.adapter.output.persistence.entity.NotificationChannelEntity.hashCode(NotificationChannelEntity.java:13)
	at java.base/java.util.AbstractSet.hashCode(AbstractSet.java:124)
	at edu.market.notification.infrastructure.adapter.output.persistence.entity.NotificationEntity.hashCode(NotificationEntity.java:21)
	at edu.market.notification.infrastructure.adapter.output.persistence.entity.NotificationChannelEntity.hashCode(NotificationChannelEntity.java:13)
	at java.base/java.util.AbstractSet.hashCode(AbstractSet.java:124)
	at edu.market.notification.infrastructure.adapter.output.persistence.entity.NotificationEntity.hashCode(NotificationEntity.java:21)
	at edu.market.notification.infrastructure.adapter.output.persistence.entity.NotificationChannelEntity.hashCode(NotificationChannelEntity.java:13)
	at java.base/java.util.AbstractSet.hashCode(AbstractSet.java:124)
	at edu.market.notification.infrastructure.adapter.output.persistence.entity.NotificationEntity.hashCode(NotificationEntity.java:21)
	at edu.market.notification.infrastructure.adapter.output.persistence.entity.NotificationChannelEntity.hashCode(NotificationChannelEntity.java:13)
	at java.base/java.util.AbstractSet.hashCode(AbstractSet.java:124)
	at edu.market.notification.infrastructure.adapter.output.persistence.entity.NotificationEntity.hashCode(NotificationEntity.java:21)
	at edu.market.notification.infrastructure.adapter.output.persistence.entity.NotificationChannelEntity.hashCode(NotificationChannelEntity.java:13)
	at java.base/java.util.AbstractSet.hashCode(AbstractSet.java:124)
	at edu.market.notification.infrastructure.adapter.output.persistence.entity.NotificationEntity.hashCode(NotificationEntity.java:21)
	at edu.market.notification.infrastructure.adapter.output.persistence.entity.NotificationChannelEntity.hashCode(NotificationChannelEntity.java:13)
	at java.base/java.util.AbstractSet.hashCode(AbstractSet.java:124)
	at edu.market.notification.infrastructure.adapter.output.persistence.entity.NotificationEntity.hashCode(NotificationEntity.java:21)
	at edu.market.notification.infrastructure.adapter.output.persistence.entity.NotificationChannelEntity.hashCode(NotificationChannelEntity.java:13)
	at java.base/java.util.AbstractSet.hashCode(AbstractSet.java:124)
	at edu.market.notification.infrastructure.adapter.output.persistence.entity.NotificationEntity.hashCode(NotificationEntity.java:21)
	at edu.market.notification.infrastructure.adapter.output.persistence.entity.NotificationChannelEntity.hashCode(NotificationChannelEntity.java:13)
	at java.base/java.util.AbstractSet.hashCode(AbstractSet.java:124)
	at edu.market.notification.infrastructure.adapter.output.persistence.entity.NotificationEntity.hashCode(NotificationEntity.java:21)
	at edu.market.notification.infrastructure.adapter.output.persistence.entity.NotificationChannelEntity.hashCode(NotificationChannelEntity.java:13)
	at java.base/java.util.AbstractSet.hashCode(AbstractSet.java:124)
	at edu.market.notification.infrastructure.adapter.output.persistence.entity.NotificationEntity.hashCode(NotificationEntity.java:21)
	at edu.market.notification.infrastructure.adapter.output.persistence.entity.NotificationChannelEntity.hashCode(NotificationChannelEntity.java:13)
	at java.base/java.util.AbstractSet.hashCode(AbstractSet.java:124)
	at edu.market.notification.infrastructure.adapter.output.persistence.entity.NotificationEntity.hashCode(NotificationEntity.java:21)
	at edu.market.notification.infrastructure.adapter.output.persistence.entity.NotificationChannelEntity.hashCode(NotificationChannelEntity.java:13)
	at java.base/java.util.AbstractSet.hashCode(AbstractSet.java:124)
	at edu.market.notification.infrastructure.adapter.output.persistence.entity.NotificationEntity.hashCode(NotificationEntity.java:21)
	at edu.market.notification.infrastructure.adapter.output.persistence.entity.NotificationChannelEntity.hashCode(NotificationChannelEntity.java:13)
	at java.base/java.util.AbstractSet.hashCode(AbstractSet.java:124)
	at edu.market.notification.infrastructure.adapter.output.persistence.entity.NotificationEntity.hashCode(NotificationEntity.java:21)
	at edu.market.notification.infrastructure.adapter.output.persistence.entity.NotificationChannelEntity.hashCode(NotificationChannelEntity.java:13)
	at java.base/java.util.AbstractSet.hashCode(AbstractSet.java:124)
	at edu.market.notification.infrastructure.adapter.output.persistence.entity.NotificationEntity.hashCode(NotificationEntity.java:21)
	at edu.market.notification.infrastructure.adapter.output.persistence.entity.NotificationChannelEntity.hashCode(NotificationChannelEntity.java:13)
	at java.base/java.util.AbstractSet.hashCode(AbstractSet.java:124)
	at edu.market.notification.infrastructure.adapter.output.persistence.entity.NotificationEntity.hashCode(NotificationEntity.java:21)
	at edu.market.notification.infrastructure.adapter.output.persistence.entity.NotificationChannelEntity.hashCode(NotificationChannelEntity.java:13)
	at java.base/java.util.AbstractSet.hashCode(AbstractSet.java:124)
	at edu.market.notification.infrastructure.adapter.output.persistence.entity.NotificationEntity.hashCode(NotificationEntity.java:21)
	at edu.market.notification.infrastructure.adapter.output.persistence.entity.NotificationChannelEntity.hashCode(NotificationChannelEntity.java:13)
	at java.base/java.util.AbstractSet.hashCode(AbstractSet.java:124)
	at edu.market.notification.infrastructure.adapter.output.persistence.entity.NotificationEntity.hashCode(NotificationEntity.java:21)
	at edu.market.notification.infrastructure.adapter.output.persistence.entity.NotificationChannelEntity.hashCode(NotificationChannelEntity.java:13)
	at java.base/java.util.AbstractSet.hashCode(AbstractSet.java:124)
	at edu.market.notification.infrastructure.adapter.output.persistence.entity.NotificationEntity.hashCode(NotificationEntity.java:21)
	at edu.market.notification.infrastructure.adapter.output.persistence.entity.NotificationChannelEntity.hashCode(NotificationChannelEntity.java:13)
	at java.base/java.util.AbstractSet.hashCode(AbstractSet.java:124)
	at edu.market.notification.infrastructure.adapter.output.persistence.entity.NotificationEntity.hashCode(NotificationEntity.java:21)
	at edu.market.notification.infrastructure.adapter.output.persistence.entity.NotificationChannelEntity.hashCode(NotificationChannelEntity.java:13)
	at java.base/java.util.AbstractSet.hashCode(AbstractSet.java:124)
	at edu.market.notification.infrastructure.adapter.output.persistence.entity.NotificationEntity.hashCode(NotificationEntity.java:21)
	at edu.market.notification.infrastructure.adapter.output.persistence.entity.NotificationChannelEntity.hashCode(NotificationChannelEntity.java:13)
	at java.base/java.util.AbstractSet.hashCode(AbstractSet.java:124)
	at edu.market.notification.infrastructure.adapter.output.persistence.entity.NotificationEntity.hashCode(NotificationEntity.java:21)
	at edu.market.notification.infrastructure.adapter.output.persistence.entity.NotificationChannelEntity.hashCode(NotificationChannelEntity.java:13)
	at java.base/java.util.AbstractSet.hashCode(AbstractSet.java:124)
	at edu.market.notification.infrastructure.adapter.output.persistence.entity.NotificationEntity.hashCode(NotificationEntity.java:21)
	at edu.market.notification.infrastructure.adapter.output.persistence.entity.NotificationChannelEntity.hashCode(NotificationChannelEntity.java:13)
	at java.base/java.util.AbstractSet.hashCode(AbstractSet.java:124)
	at edu.market.notification.infrastructure.adapter.output.persistence.entity.NotificationEntity.hashCode(NotificationEntity.java:21)
	at edu.market.notification.infrastructure.adapter.output.persistence.entity.NotificationChannelEntity.hashCode(NotificationChannelEntity.java:13)
	at java.base/java.util.AbstractSet.hashCode(AbstractSet.java:124)
	at edu.market.notification.infrastructure.adapter.output.persistence.entity.NotificationEntity.hashCode(NotificationEntity.java:21)
	at edu.market.notification.infrastructure.adapter.output.persistence.entity.NotificationChannelEntity.hashCode(NotificationChannelEntity.java:13)
	at java.base/java.util.AbstractSet.hashCode(AbstractSet.java:124)
	at edu.market.notification.infrastructure.adapter.output.persistence.entity.NotificationEntity.hashCode(NotificationEntity.java:21)
	at edu.market.notification.infrastructure.adapter.output.persistence.entity.NotificationChannelEntity.hashCode(NotificationChannelEntity.java:13)
	at java.base/java.util.AbstractSet.hashCode(AbstractSet.java:124)
	at edu.market.notification.infrastructure.adapter.output.persistence.entity.NotificationEntity.hashCode(NotificationEntity.java:21)
	at edu.market.notification.infrastructure.adapter.output.persistence.entity.NotificationChannelEntity.hashCode(NotificationChannelEntity.java:13)
	at java.base/java.util.AbstractSet.hashCode(AbstractSet.java:124)
	at edu.market.notification.infrastructure.adapter.output.persistence.entity.NotificationEntity.hashCode(NotificationEntity.java:21)
	at edu.market.notification.infrastructure.adapter.output.persistence.entity.NotificationChannelEntity.hashCode(NotificationChannelEntity.java:13)
	at java.base/java.util.AbstractSet.hashCode(AbstractSet.java:124)
	at edu.market.notification.infrastructure.adapter.output.persistence.entity.NotificationEntity.hashCode(NotificationEntity.java:21)
	at edu.market.notification.infrastructure.adapter.output.persistence.entity.NotificationChannelEntity.hashCode(NotificationChannelEntity.java:13)
	at java.base/java.util.AbstractSet.hashCode(AbstractSet.java:124)
	at edu.market.notification.infrastructure.adapter.output.persistence.entity.NotificationEntity.hashCode(NotificationEntity.java:21)
	at edu.market.notification.infrastructure.adapter.output.persistence.entity.NotificationChannelEntity.hashCode(NotificationChannelEntity.java:13)
	at java.base/java.util.AbstractSet.hashCode(AbstractSet.java:124)
	at edu.market.notification.infrastructure.adapter.output.persistence.entity.NotificationEntity.hashCode(NotificationEntity.java:21)
	at edu.market.notification.infrastructure.adapter.output.persistence.entity.NotificationChannelEntity.hashCode(NotificationChannelEntity.java:13)
	at java.base/java.util.AbstractSet.hashCode(AbstractSet.java:124)
	at edu.market.notification.infrastructure.adapter.output.persistence.entity.NotificationEntity.hashCode(NotificationEntity.java:21)
	at edu.market.notification.infrastructure.adapter.output.persistence.entity.NotificationChannelEntity.hashCode(NotificationChannelEntity.java:13)
	at java.base/java.util.AbstractSet.hashCode(AbstractSet.java:124)
	at edu.market.notification.infrastructure.adapter.output.persistence.entity.NotificationEntity.hashCode(NotificationEntity.java:21)
	at edu.market.notification.infrastructure.adapter.output.persistence.entity.NotificationChannelEntity.hashCode(NotificationChannelEntity.java:13)
	at java.base/java.util.AbstractSet.hashCode(AbstractSet.java:124)
	at edu.market.notification.infrastructure.adapter.output.persistence.entity.NotificationEntity.hashCode(NotificationEntity.java:21)
	at edu.market.notification.infrastructure.adapter.output.persistence.entity.NotificationChannelEntity.hashCode(NotificationChannelEntity.java:13)
	at java.base/java.util.AbstractSet.hashCode(AbstractSet.java:124)
	at edu.market.notification.infrastructure.adapter.output.persistence.entity.NotificationEntity.hashCode(NotificationEntity.java:21)
	at edu.market.notification.infrastructure.adapter.output.persistence.entity.NotificationChannelEntity.hashCode(NotificationChannelEntity.java:13)
	at java.base/java.util.AbstractSet.hashCode(AbstractSet.java:124)
	at edu.market.notification.infrastructure.adapter.output.persistence.entity.NotificationEntity.hashCode(NotificationEntity.java:21)
	at edu.market.notification.infrastructure.adapter.output.persistence.entity.NotificationChannelEntity.hashCode(NotificationChannelEntity.java:13)
	at java.base/java.util.AbstractSet.hashCode(AbstractSet.java:124)
	at edu.market.notification.infrastructure.adapter.output.persistence.entity.NotificationEntity.hashCode(NotificationEntity.java:21)
	at edu.market.notification.infrastructure.adapter.output.persistence.entity.NotificationChannelEntity.hashCode(NotificationChannelEntity.java:13)
	at java.base/java.util.AbstractSet.hashCode(AbstractSet.java:124)
	at edu.market.notification.infrastructure.adapter.output.persistence.entity.NotificationEntity.hashCode(NotificationEntity.java:21)
	at edu.market.notification.infrastructure.adapter.output.persistence.entity.NotificationChannelEntity.hashCode(NotificationChannelEntity.java:13)
	at java.base/java.util.AbstractSet.hashCode(AbstractSet.java:124)
	at edu.market.notification.infrastructure.adapter.output.persistence.entity.NotificationEntity.hashCode(NotificationEntity.java:21)
	at edu.market.notification.infrastructure.adapter.output.persistence.entity.NotificationChannelEntity.hashCode(NotificationChannelEntity.java:13)
	at java.base/java.util.AbstractSet.hashCode(AbstractSet.java:124)
	at edu.market.notification.infrastructure.adapter.output.persistence.entity.NotificationEntity.hashCode(NotificationEntity.java:21)
	at edu.market.notification.infrastructure.adapter.output.persistence.entity.NotificationChannelEntity.hashCode(NotificationChannelEntity.java:13)
	at java.base/java.util.AbstractSet.hashCode(AbstractSet.java:124)
	at edu.market.notification.infrastructure.adapter.output.persistence.entity.NotificationEntity.hashCode(NotificationEntity.java:21)
	at edu.market.notification.infrastructure.adapter.output.persistence.entity.NotificationChannelEntity.hashCode(NotificationChannelEntity.java:13)
	at java.base/java.util.AbstractSet.hashCode(AbstractSet.java:124)
	at edu.market.notification.infrastructure.adapter.output.persistence.entity.NotificationEntity.hashCode(NotificationEntity.java:21)
	at edu.market.notification.infrastructure.adapter.output.persistence.entity.NotificationChannelEntity.hashCode(NotificationChannelEntity.java:13)
	at java.base/java.util.AbstractSet.hashCode(AbstractSet.java:124)
	at edu.market.notification.infrastructure.adapter.output.persistence.entity.NotificationEntity.hashCode(NotificationEntity.java:21)
	at edu.market.notification.infrastructure.adapter.output.persistence.entity.NotificationChannelEntity.hashCode(NotificationChannelEntity.java:13)
	at java.base/java.util.AbstractSet.hashCode(AbstractSet.java:124)
	at edu.market.notification.infrastructure.adapter.output.persistence.entity.NotificationEntity.hashCode(NotificationEntity.java:21)
	at edu.market.notification.infrastructure.adapter.output.persistence.entity.NotificationChannelEntity.hashCode(NotificationChannelEntity.java:13)
	at java.base/java.util.AbstractSet.hashCode(AbstractSet.java:124)
	at edu.market.notification.infrastructure.adapter.output.persistence.entity.NotificationEntity.hashCode(NotificationEntity.java:21)
	at edu.market.notification.infrastructure.adapter.output.persistence.entity.NotificationChannelEntity.hashCode(NotificationChannelEntity.java:13)
	at java.base/java.util.AbstractSet.hashCode(AbstractSet.java:124)
	at edu.market.notification.infrastructure.adapter.output.persistence.entity.NotificationEntity.hashCode(NotificationEntity.java:21)
	at edu.market.notification.infrastructure.adapter.output.persistence.entity.NotificationChannelEntity.hashCode(NotificationChannelEntity.java:13)
	at java.base/java.util.AbstractSet.hashCode(AbstractSet.java:124)
	at edu.market.notification.infrastructure.adapter.output.persistence.entity.NotificationEntity.hashCode(NotificationEntity.java:21)
	at edu.market.notification.infrastructure.adapter.output.persistence.entity.NotificationChannelEntity.hashCode(NotificationChannelEntity.java:13)
	at java.base/java.util.AbstractSet.hashCode(AbstractSet.java:124)
	at edu.market.notification.infrastructure.adapter.output.persistence.entity.NotificationEntity.hashCode(NotificationEntity.java:21)
	at edu.market.notification.infrastructure.adapter.output.persistence.entity.NotificationChannelEntity.hashCode(NotificationChannelEntity.java:13)
	at java.base/java.util.AbstractSet.hashCode(AbstractSet.java:124)
	at edu.market.notification.infrastructure.adapter.output.persistence.entity.NotificationEntity.hashCode(NotificationEntity.java:21)
	at edu.market.notification.infrastructure.adapter.output.persistence.entity.NotificationChannelEntity.hashCode(NotificationChannelEntity.java:13)
	at java.base/java.util.AbstractSet.hashCode(AbstractSet.java:124)
	at edu.market.notification.infrastructure.adapter.output.persistence.entity.NotificationEntity.hashCode(NotificationEntity.java:21)
	at edu.market.notification.infrastructure.adapter.output.persistence.entity.NotificationChannelEntity.hashCode(NotificationChannelEntity.java:13)
	at java.base/java.util.AbstractSet.hashCode(AbstractSet.java:124)
	at edu.market.notification.infrastructure.adapter.output.persistence.entity.NotificationEntity.hashCode(NotificationEntity.java:21)
	at edu.market.notification.infrastructure.adapter.output.persistence.entity.NotificationChannelEntity.hashCode(NotificationChannelEntity.java:13)
	at java.base/java.util.AbstractSet.hashCode(AbstractSet.java:124)
	at edu.market.notification.infrastructure.adapter.output.persistence.entity.NotificationEntity.hashCode(NotificationEntity.java:21)
	at edu.market.notification.infrastructure.adapter.output.persistence.entity.NotificationChannelEntity.hashCode(NotificationChannelEntity.java:13)
	at java.base/java.util.AbstractSet.hashCode(AbstractSet.java:124)
	at edu.market.notification.infrastructure.adapter.output.persistence.entity.NotificationEntity.hashCode(NotificationEntity.java:21)
	at edu.market.notification.infrastructure.adapter.output.persistence.entity.NotificationChannelEntity.hashCode(NotificationChannelEntity.java:13)
	at java.base/java.util.AbstractSet.hashCode(AbstractSet.java:124)
	at edu.market.notification.infrastructure.adapter.output.persistence.entity.NotificationEntity.hashCode(NotificationEntity.java:21)
	at edu.market.notification.infrastructure.adapter.output.persistence.entity.NotificationChannelEntity.hashCode(NotificationChannelEntity.java:13)
	at java.base/java.util.AbstractSet.hashCode(AbstractSet.java:124)
	at edu.market.notification.infrastructure.adapter.output.persistence.entity.NotificationEntity.hashCode(NotificationEntity.java:21)
	at edu.market.notification.infrastructure.adapter.output.persistence.entity.NotificationChannelEntity.hashCode(NotificationChannelEntity.java:13)
	at java.base/java.util.AbstractSet.hashCode(AbstractSet.java:124)
	at edu.market.notification.infrastructure.adapter.output.persistence.entity.NotificationEntity.hashCode(NotificationEntity.java:21)
	at edu.market.notification.infrastructure.adapter.output.persistence.entity.NotificationChannelEntity.hashCode(NotificationChannelEntity.java:13)
	at java.base/java.util.AbstractSet.hashCode(AbstractSet.java:124)
	at edu.market.notification.infrastructure.adapter.output.persistence.entity.NotificationEntity.hashCode(NotificationEntity.java:21)
	at edu.market.notification.infrastructure.adapter.output.persistence.entity.NotificationChannelEntity.hashCode(NotificationChannelEntity.java:13)
	at java.base/java.util.AbstractSet.hashCode(AbstractSet.java:124)
	at edu.market.notification.infrastructure.adapter.output.persistence.entity.NotificationEntity.hashCode(NotificationEntity.java:21)
	at edu.market.notification.infrastructure.adapter.output.persistence.entity.NotificationChannelEntity.hashCode(NotificationChannelEntity.java:13)
	at java.base/java.util.AbstractSet.hashCode(AbstractSet.java:124)
	at edu.market.notification.infrastructure.adapter.output.persistence.entity.NotificationEntity.hashCode(NotificationEntity.java:21)
	at edu.market.notification.infrastructure.adapter.output.persistence.entity.NotificationChannelEntity.hashCode(NotificationChannelEntity.java:13)
	at java.base/java.util.AbstractSet.hashCode(AbstractSet.java:124)
	at edu.market.notification.infrastructure.adapter.output.persistence.entity.NotificationEntity.hashCode(NotificationEntity.java:21)
	at edu.market.notification.infrastructure.adapter.output.persistence.entity.NotificationChannelEntity.hashCode(NotificationChannelEntity.java:13)
	at java.base/java.util.AbstractSet.hashCode(AbstractSet.java:124)
	at edu.market.notification.infrastructure.adapter.output.persistence.entity.NotificationEntity.hashCode(NotificationEntity.java:21)
	at edu.market.notification.infrastructure.adapter.output.persistence.entity.NotificationChannelEntity.hashCode(NotificationChannelEntity.java:13)
	at java.base/java.util.AbstractSet.hashCode(AbstractSet.java:124)
	at edu.market.notification.infrastructure.adapter.output.persistence.entity.NotificationEntity.hashCode(NotificationEntity.java:21)
	at edu.market.notification.infrastructure.adapter.output.persistence.entity.NotificationChannelEntity.hashCode(NotificationChannelEntity.java:13)
	at java.base/java.util.AbstractSet.hashCode(AbstractSet.java:124)
	at edu.market.notification.infrastructure.adapter.output.persistence.entity.NotificationEntity.hashCode(NotificationEntity.java:21)
	at edu.market.notification.infrastructure.adapter.output.persistence.entity.NotificationChannelEntity.hashCode(NotificationChannelEntity.java:13)
	at java.base/java.util.AbstractSet.hashCode(AbstractSet.java:124)
	at edu.market.notification.infrastructure.adapter.output.persistence.entity.NotificationEntity.hashCode(NotificationEntity.java:21)
	at edu.market.notification.infrastructure.adapter.output.persistence.entity.NotificationChannelEntity.hashCode(NotificationChannelEntity.java:13)
	at java.base/java.util.AbstractSet.hashCode(AbstractSet.java:124)
	at edu.market.notification.infrastructure.adapter.output.persistence.entity.NotificationEntity.hashCode(NotificationEntity.java:21)
	at edu.market.notification.infrastructure.adapter.output.persistence.entity.NotificationChannelEntity.hashCode(NotificationChannelEntity.java:13)
	at java.base/java.util.AbstractSet.hashCode(AbstractSet.java:124)
	at edu.market.notification.infrastructure.adapter.output.persistence.entity.NotificationEntity.hashCode(NotificationEntity.java:21)
	at edu.market.notification.infrastructure.adapter.output.persistence.entity.NotificationChannelEntity.hashCode(NotificationChannelEntity.java:13)
	at java.base/java.util.AbstractSet.hashCode(AbstractSet.java:124)
	at edu.market.notification.infrastructure.adapter.output.persistence.entity.NotificationEntity.hashCode(NotificationEntity.java:21)
	at edu.market.notification.infrastructure.adapter.output.persistence.entity.NotificationChannelEntity.hashCode(NotificationChannelEntity.java:13)
	at java.base/java.util.AbstractSet.hashCode(AbstractSet.java:124)
	at edu.market.notification.infrastructure.adapter.output.persistence.entity.NotificationEntity.hashCode(NotificationEntity.java:21)
	at edu.market.notification.infrastructure.adapter.output.persistence.entity.NotificationChannelEntity.hashCode(NotificationChannelEntity.java:13)
	at java.base/java.util.AbstractSet.hashCode(AbstractSet.java:124)
	at edu.market.notification.infrastructure.adapter.output.persistence.entity.NotificationEntity.hashCode(NotificationEntity.java:21)
	at edu.market.notification.infrastructure.adapter.output.persistence.entity.NotificationChannelEntity.hashCode(NotificationChannelEntity.java:13)
	at java.base/java.util.AbstractSet.hashCode(AbstractSet.java:124)
	at edu.market.notification.infrastructure.adapter.output.persistence.entity.NotificationEntity.hashCode(NotificationEntity.java:21)
	at edu.market.notification.infrastructure.adapter.output.persistence.entity.NotificationChannelEntity.hashCode(NotificationChannelEntity.java:13)
	at java.base/java.util.AbstractSet.hashCode(AbstractSet.java:124)
	at edu.market.notification.infrastructure.adapter.output.persistence.entity.NotificationEntity.hashCode(NotificationEntity.java:21)
	at edu.market.notification.infrastructure.adapter.output.persistence.entity.NotificationChannelEntity.hashCode(NotificationChannelEntity.java:13)
	at java.base/java.util.AbstractSet.hashCode(AbstractSet.java:124)
	at edu.market.notification.infrastructure.adapter.output.persistence.entity.NotificationEntity.hashCode(NotificationEntity.java:21)
	at edu.market.notification.infrastructure.adapter.output.persistence.entity.NotificationChannelEntity.hashCode(NotificationChannelEntity.java:13)
	at java.base/java.util.AbstractSet.hashCode(AbstractSet.java:124)
	at edu.market.notification.infrastructure.adapter.output.persistence.entity.NotificationEntity.hashCode(NotificationEntity.java:21)
	at edu.market.notification.infrastructure.adapter.output.persistence.entity.NotificationChannelEntity.hashCode(NotificationChannelEntity.java:13)
	at java.base/java.util.AbstractSet.hashCode(AbstractSet.java:124)
	at edu.market.notification.infrastructure.adapter.output.persistence.entity.NotificationEntity.hashCode(NotificationEntity.java:21)
	at edu.market.notification.infrastructure.adapter.output.persistence.entity.NotificationChannelEntity.hashCode(NotificationChannelEntity.java:13)
	at java.base/java.util.AbstractSet.hashCode(AbstractSet.java:124)
	at edu.market.notification.infrastructure.adapter.output.persistence.entity.NotificationEntity.hashCode(NotificationEntity.java:21)
	at edu.market.notification.infrastructure.adapter.output.persistence.entity.NotificationChannelEntity.hashCode(NotificationChannelEntity.java:13)
	at java.base/java.util.AbstractSet.hashCode(AbstractSet.java:124)
	at edu.market.notification.infrastructure.adapter.output.persistence.entity.NotificationEntity.hashCode(NotificationEntity.java:21)
	at edu.market.notification.infrastructure.adapter.output.persistence.entity.NotificationChannelEntity.hashCode(NotificationChannelEntity.java:13)
	at java.base/java.util.AbstractSet.hashCode(AbstractSet.java:124)
	at edu.market.notification.infrastructure.adapter.output.persistence.entity.NotificationEntity.hashCode(NotificationEntity.java:21)
	at edu.market.notification.infrastructure.adapter.output.persistence.entity.NotificationChannelEntity.hashCode(NotificationChannelEntity.java:13)
	at java.base/java.util.AbstractSet.hashCode(AbstractSet.java:124)
	at edu.market.notification.infrastructure.adapter.output.persistence.entity.NotificationEntity.hashCode(NotificationEntity.java:21)
	at edu.market.notification.infrastructure.adapter.output.persistence.entity.NotificationChannelEntity.hashCode(NotificationChannelEntity.java:13)
	at java.base/java.util.AbstractSet.hashCode(AbstractSet.java:124)
	at edu.market.notification.infrastructure.adapter.output.persistence.entity.NotificationEntity.hashCode(NotificationEntity.java:21)
	at edu.market.notification.infrastructure.adapter.output.persistence.entity.NotificationChannelEntity.hashCode(NotificationChannelEntity.java:13)
	at java.base/java.util.AbstractSet.hashCode(AbstractSet.java:124)
	at edu.market.notification.infrastructure.adapter.output.persistence.entity.NotificationEntity.hashCode(NotificationEntity.java:21)
	at edu.market.notification.infrastructure.adapter.output.persistence.entity.NotificationChannelEntity.hashCode(NotificationChannelEntity.java:13)
	at java.base/java.util.AbstractSet.hashCode(AbstractSet.java:124)
	at edu.market.notification.infrastructure.adapter.output.persistence.entity.NotificationEntity.hashCode(NotificationEntity.java:21)
	at edu.market.notification.infrastructure.adapter.output.persistence.entity.NotificationChannelEntity.hashCode(NotificationChannelEntity.java:13)
	at java.base/java.util.AbstractSet.hashCode(AbstractSet.java:124)
	at edu.market.notification.infrastructure.adapter.output.persistence.entity.NotificationEntity.hashCode(NotificationEntity.java:21)
	at edu.market.notification.infrastructure.adapter.output.persistence.entity.NotificationChannelEntity.hashCode(NotificationChannelEntity.java:13)
	at java.base/java.util.AbstractSet.hashCode(AbstractSet.java:124)
	at edu.market.notification.infrastructure.adapter.output.persistence.entity.NotificationEntity.hashCode(NotificationEntity.java:21)
	at edu.market.notification.infrastructure.adapter.output.persistence.entity.NotificationChannelEntity.hashCode(NotificationChannelEntity.java:13)
	at java.base/java.util.AbstractSet.hashCode(AbstractSet.java:124)
	at edu.market.notification.infrastructure.adapter.output.persistence.entity.NotificationEntity.hashCode(NotificationEntity.java:21)
	at edu.market.notification.infrastructure.adapter.output.persistence.entity.NotificationChannelEntity.hashCode(NotificationChannelEntity.java:13)
	at java.base/java.util.AbstractSet.hashCode(AbstractSet.java:124)
	at edu.market.notification.infrastructure.adapter.output.persistence.entity.NotificationEntity.hashCode(NotificationEntity.java:21)
	at edu.market.notification.infrastructure.adapter.output.persistence.entity.NotificationChannelEntity.hashCode(NotificationChannelEntity.java:13)
	at java.base/java.util.AbstractSet.hashCode(AbstractSet.java:124)
	at edu.market.notification.infrastructure.adapter.output.persistence.entity.NotificationEntity.hashCode(NotificationEntity.java:21)
	at edu.market.notification.infrastructure.adapter.output.persistence.entity.NotificationChannelEntity.hashCode(NotificationChannelEntity.java:13)
	at java.base/java.util.AbstractSet.hashCode(AbstractSet.java:124)
	at edu.market.notification.infrastructure.adapter.output.persistence.entity.NotificationEntity.hashCode(NotificationEntity.java:21)
	at edu.market.notification.infrastructure.adapter.output.persistence.entity.NotificationChannelEntity.hashCode(NotificationChannelEntity.java:13)
	at java.base/java.util.AbstractSet.hashCode(AbstractSet.java:124)
	at edu.market.notification.infrastructure.adapter.output.persistence.entity.NotificationEntity.hashCode(NotificationEntity.java:21)
	at edu.market.notification.infrastructure.adapter.output.persistence.entity.NotificationChannelEntity.hashCode(NotificationChannelEntity.java:13)
	at java.base/java.util.AbstractSet.hashCode(AbstractSet.java:124)
	at edu.market.notification.infrastructure.adapter.output.persistence.entity.NotificationEntity.hashCode(NotificationEntity.java:21)
	at edu.market.notification.infrastructure.adapter.output.persistence.entity.NotificationChannelEntity.hashCode(NotificationChannelEntity.java:13)
	at java.base/java.util.AbstractSet.hashCode(AbstractSet.java:124)
	at edu.market.notification.infrastructure.adapter.output.persistence.entity.NotificationEntity.hashCode(NotificationEntity.java:21)
	at edu.market.notification.infrastructure.adapter.output.persistence.entity.NotificationChannelEntity.hashCode(NotificationChannelEntity.java:13)
	at java.base/java.util.AbstractSet.hashCode(AbstractSet.java:124)
	at edu.market.notification.infrastructure.adapter.output.persistence.entity.NotificationEntity.hashCode(NotificationEntity.java:21)
	at edu.market.notification.infrastructure.adapter.output.persistence.entity.NotificationChannelEntity.hashCode(NotificationChannelEntity.java:13)
	at java.base/java.util.AbstractSet.hashCode(AbstractSet.java:124)
	at edu.market.notification.infrastructure.adapter.output.persistence.entity.NotificationEntity.hashCode(NotificationEntity.java:21)
	at edu.market.notification.infrastructure.adapter.output.persistence.entity.NotificationChannelEntity.hashCode(NotificationChannelEntity.java:13)
	at java.base/java.util.AbstractSet.hashCode(AbstractSet.java:124)
	at edu.market.notification.infrastructure.adapter.output.persistence.entity.NotificationEntity.hashCode(NotificationEntity.java:21)
	at edu.market.notification.infrastructure.adapter.output.persistence.entity.NotificationChannelEntity.hashCode(NotificationChannelEntity.java:13)
	at java.base/java.util.AbstractSet.hashCode(AbstractSet.java:124)
	at edu.market.notification.infrastructure.adapter.output.persistence.entity.NotificationEntity.hashCode(NotificationEntity.java:21)
	at edu.market.notification.infrastructure.adapter.output.persistence.entity.NotificationChannelEntity.hashCode(NotificationChannelEntity.java:13)
	at java.base/java.util.AbstractSet.hashCode(AbstractSet.java:124)
	at edu.market.notification.infrastructure.adapter.output.persistence.entity.NotificationEntity.hashCode(NotificationEntity.java:21)
	at edu.market.notification.infrastructure.adapter.output.persistence.entity.NotificationChannelEntity.hashCode(NotificationChannelEntity.java:13)
	at java.base/java.util.AbstractSet.hashCode(AbstractSet.java:124)
	at edu.market.notification.infrastructure.adapter.output.persistence.entity.NotificationEntity.hashCode(NotificationEntity.java:21)
	at edu.market.notification.infrastructure.adapter.output.persistence.entity.NotificationChannelEntity.hashCode(NotificationChannelEntity.java:13)
	at java.base/java.util.AbstractSet.hashCode(AbstractSet.java:124)
	at edu.market.notification.infrastructure.adapter.output.persistence.entity.NotificationEntity.hashCode(NotificationEntity.java:21)
	at edu.market.notification.infrastructure.adapter.output.persistence.entity.NotificationChannelEntity.hashCode(NotificationChannelEntity.java:13)
	at java.base/java.util.AbstractSet.hashCode(AbstractSet.java:124)
	at edu.market.notification.infrastructure.adapter.output.persistence.entity.NotificationEntity.hashCode(NotificationEntity.java:21)
	at edu.market.notification.infrastructure.adapter.output.persistence.entity.NotificationChannelEntity.hashCode(NotificationChannelEntity.java:13)
	at java.base/java.util.AbstractSet.hashCode(AbstractSet.java:124)
	at edu.market.notification.infrastructure.adapter.output.persistence.entity.NotificationEntity.hashCode(NotificationEntity.java:21)
	at edu.market.notification.infrastructure.adapter.output.persistence.entity.NotificationChannelEntity.hashCode(NotificationChannelEntity.java:13)
	at java.base/java.util.AbstractSet.hashCode(AbstractSet.java:124)
	at edu.market.notification.infrastructure.adapter.output.persistence.entity.NotificationEntity.hashCode(NotificationEntity.java:21)
	at edu.market.notification.infrastructure.adapter.output.persistence.entity.NotificationChannelEntity.hashCode(NotificationChannelEntity.java:13)
	at java.base/java.util.AbstractSet.hashCode(AbstractSet.java:124)
	at edu.market.notification.infrastructure.adapter.output.persistence.entity.NotificationEntity.hashCode(NotificationEntity.java:21)
	at edu.market.notification.infrastructure.adapter.output.persistence.entity.NotificationChannelEntity.hashCode(NotificationChannelEntity.java:13)
	at java.base/java.util.AbstractSet.hashCode(AbstractSet.java:124)
	at edu.market.notification.infrastructure.adapter.output.persistence.entity.NotificationEntity.hashCode(NotificationEntity.java:21)
	at edu.market.notification.infrastructure.adapter.output.persistence.entity.NotificationChannelEntity.hashCode(NotificationChannelEntity.java:13)
	at java.base/java.util.AbstractSet.hashCode(AbstractSet.java:124)
	at edu.market.notification.infrastructure.adapter.output.persistence.entity.NotificationEntity.hashCode(NotificationEntity.java:21)
	at edu.market.notification.infrastructure.adapter.output.persistence.entity.NotificationChannelEntity.hashCode(NotificationChannelEntity.java:13)
	at java.base/java.util.AbstractSet.hashCode(AbstractSet.java:124)
	at edu.market.notification.infrastructure.adapter.output.persistence.entity.NotificationEntity.hashCode(NotificationEntity.java:21)
	at edu.market.notification.infrastructure.adapter.output.persistence.entity.NotificationChannelEntity.hashCode(NotificationChannelEntity.java:13)
	at java.base/java.util.AbstractSet.hashCode(AbstractSet.java:124)
	at edu.market.notification.infrastructure.adapter.output.persistence.entity.NotificationEntity.hashCode(NotificationEntity.java:21)
	at edu.market.notification.infrastructure.adapter.output.persistence.entity.NotificationChannelEntity.hashCode(NotificationChannelEntity.java:13)
	at java.base/java.util.AbstractSet.hashCode(AbstractSet.java:124)
	at edu.market.notification.infrastructure.adapter.output.persistence.entity.NotificationEntity.hashCode(NotificationEntity.java:21)
	at edu.market.notification.infrastructure.adapter.output.persistence.entity.NotificationChannelEntity.hashCode(NotificationChannelEntity.java:13)
	at java.base/java.util.AbstractSet.hashCode(AbstractSet.java:124)
	at edu.market.notification.infrastructure.adapter.output.persistence.entity.NotificationEntity.hashCode(NotificationEntity.java:21)
	at edu.market.notification.infrastructure.adapter.output.persistence.entity.NotificationChannelEntity.hashCode(NotificationChannelEntity.java:13)
	at java.base/java.util.AbstractSet.hashCode(AbstractSet.java:124)
	at edu.market.notification.infrastructure.adapter.output.persistence.entity.NotificationEntity.hashCode(NotificationEntity.java:21)
	at edu.market.notification.infrastructure.adapter.output.persistence.entity.NotificationChannelEntity.hashCode(NotificationChannelEntity.java:13)
	at java.base/java.util.AbstractSet.hashCode(AbstractSet.java:124)
	at edu.market.notification.infrastructure.adapter.output.persistence.entity.NotificationEntity.hashCode(NotificationEntity.java:21)
	at edu.market.notification.infrastructure.adapter.output.persistence.entity.NotificationChannelEntity.hashCode(NotificationChannelEntity.java:13)
	at java.base/java.util.AbstractSet.hashCode(AbstractSet.java:124)
	at edu.market.notification.infrastructure.adapter.output.persistence.entity.NotificationEntity.hashCode(NotificationEntity.java:21)
	at edu.market.notification.infrastructure.adapter.output.persistence.entity.NotificationChannelEntity.hashCode(NotificationChannelEntity.java:13)
	at java.base/java.util.AbstractSet.hashCode(AbstractSet.java:124)
	at edu.market.notification.infrastructure.adapter.output.persistence.entity.NotificationEntity.hashCode(NotificationEntity.java:21)
	at edu.market.notification.infrastructure.adapter.output.persistence.entity.NotificationChannelEntity.hashCode(NotificationChannelEntity.java:13)
	at java.base/java.util.AbstractSet.hashCode(AbstractSet.java:124)
	at edu.market.notification.infrastructure.adapter.output.persistence.entity.NotificationEntity.hashCode(NotificationEntity.java:21)
	at edu.market.notification.infrastructure.adapter.output.persistence.entity.NotificationChannelEntity.hashCode(NotificationChannelEntity.java:13)
	at java.base/java.util.AbstractSet.hashCode(AbstractSet.java:124)
	at edu.market.notification.infrastructure.adapter.output.persistence.entity.NotificationEntity.hashCode(NotificationEntity.java:21)
	at edu.market.notification.infrastructure.adapter.output.persistence.entity.NotificationChannelEntity.hashCode(NotificationChannelEntity.java:13)
	at java.base/java.util.AbstractSet.hashCode(AbstractSet.java:124)
	at edu.market.notification.infrastructure.adapter.output.persistence.entity.NotificationEntity.hashCode(NotificationEntity.java:21)
	at edu.market.notification.infrastructure.adapter.output.persistence.entity.NotificationChannelEntity.hashCode(NotificationChannelEntity.java:13)
	at java.base/java.util.AbstractSet.hashCode(AbstractSet.java:124)
	at edu.market.notification.infrastructure.adapter.output.persistence.entity.NotificationEntity.hashCode(NotificationEntity.java:21)
	at edu.market.notification.infrastructure.adapter.output.persistence.entity.NotificationChannelEntity.hashCode(NotificationChannelEntity.java:13)
	at java.base/java.util.AbstractSet.hashCode(AbstractSet.java:124)
	at edu.market.notification.infrastructure.adapter.output.persistence.entity.NotificationEntity.hashCode(NotificationEntity.java:21)
	at edu.market.notification.infrastructure.adapter.output.persistence.entity.NotificationChannelEntity.hashCode(NotificationChannelEntity.java:13)
	at java.base/java.util.AbstractSet.hashCode(AbstractSet.java:124)
2025-07-28 23:21:10,859 [SpringApplicationShutdownHook] INFO  o.s.c.n.e.s.EurekaServiceRegistry                  - Unregistering application NOTIFICATION-SERVICE with eureka with status DOWN
2025-07-28 23:21:10,863 [SpringApplicationShutdownHook] INFO  o.s.b.w.embedded.tomcat.GracefulShutdown           - Commencing graceful shutdown. Waiting for active requests to complete
2025-07-28 23:21:10,868 [tomcat-shutdown] INFO  o.s.b.w.embedded.tomcat.GracefulShutdown           - Graceful shutdown complete
2025-07-28 23:21:10,880 [SpringApplicationShutdownHook] INFO  o.s.o.j.LocalContainerEntityManagerFactoryBean     - Closing JPA EntityManagerFactory for persistence unit 'default'
2025-07-28 23:21:10,881 [SpringApplicationShutdownHook] INFO  com.zaxxer.hikari.HikariDataSource                 - HikariPool-1 - Shutdown initiated...
2025-07-28 23:21:10,882 [SpringApplicationShutdownHook] INFO  com.zaxxer.hikari.HikariDataSource                 - HikariPool-1 - Shutdown completed.
2025-07-28 23:21:10,888 [SpringApplicationShutdownHook] INFO  com.netflix.discovery.DiscoveryClient              - Shutting down DiscoveryClient ...
2025-07-28 23:21:10,889 [SpringApplicationShutdownHook] INFO  com.netflix.discovery.DiscoveryClient              - Completed shut down of DiscoveryClient
