2025-07-31 12:03:55,015 [background-preinit] INFO  o.h.validator.internal.util.Version                - HV000001: Hibernate Validator 8.0.2.Final
2025-07-31 12:03:55,059 [main] INFO  edu.market.notification.App                        - Starting App v1.0.0 using Java 21 with PID 12368 (C:\Users\ja2c\Desktop\Cursos\micro-servicio-archt\k8s\microservices\services\notification-service\target\classes started by ja2c in C:\Users\ja2c\Desktop\Cursos\micro-servicio-archt\k8s\microservices\services\notification-service)
2025-07-31 12:03:55,062 [main] DEBUG edu.market.notification.App                        - Running with Spring Boot v3.4.5, Spring v6.2.6
2025-07-31 12:03:55,063 [main] INFO  edu.market.notification.App                        - The following 1 profile is active: "dev"
2025-07-31 12:03:55,092 [main] INFO  o.s.c.c.c.ConfigServerConfigDataLoader             - Fetching config from server at : http://localhost:8890
2025-07-31 12:03:55,092 [main] INFO  o.s.c.c.c.ConfigServerConfigDataLoader             - Exception on Url - http://localhost:8890:org.springframework.web.client.ResourceAccessException: I/O error on GET request for "http://localhost:8890/notification-service/default": Connection refused: no further information. Will be trying the next url if available
2025-07-31 12:03:55,092 [main] WARN  o.s.c.c.c.ConfigServerConfigDataLoader             - Could not locate PropertySource ([ConfigServerConfigDataResource@1da6ee17 uris = array<String>['http://localhost:8890'], optional = true, profiles = 'default']): I/O error on GET request for "http://localhost:8890/notification-service/default": Connection refused: no further information
2025-07-31 12:03:55,092 [main] INFO  o.s.c.c.c.ConfigServerConfigDataLoader             - Fetching config from server at : http://localhost:8890
2025-07-31 12:03:55,092 [main] INFO  o.s.c.c.c.ConfigServerConfigDataLoader             - Exception on Url - http://localhost:8890:org.springframework.web.client.ResourceAccessException: I/O error on GET request for "http://localhost:8890/notification-service/dev": Connection refused: no further information. Will be trying the next url if available
2025-07-31 12:03:55,093 [main] WARN  o.s.c.c.c.ConfigServerConfigDataLoader             - Could not locate PropertySource ([ConfigServerConfigDataResource@503fbbc6 uris = array<String>['http://localhost:8890'], optional = true, profiles = 'dev']): I/O error on GET request for "http://localhost:8890/notification-service/dev": Connection refused: no further information
2025-07-31 12:03:55,093 [main] INFO  o.s.c.c.c.ConfigServerConfigDataLoader             - Fetching config from server at : http://localhost:8890
2025-07-31 12:03:55,093 [main] INFO  o.s.c.c.c.ConfigServerConfigDataLoader             - Exception on Url - http://localhost:8890:org.springframework.web.client.ResourceAccessException: I/O error on GET request for "http://localhost:8890/notification-service/default": Connection refused: no further information. Will be trying the next url if available
2025-07-31 12:03:55,093 [main] WARN  o.s.c.c.c.ConfigServerConfigDataLoader             - Could not locate PropertySource ([ConfigServerConfigDataResource@55f45b92 uris = array<String>['http://localhost:8890'], optional = true, profiles = 'default']): I/O error on GET request for "http://localhost:8890/notification-service/default": Connection refused: no further information
2025-07-31 12:03:56,164 [main] INFO  o.s.d.r.c.RepositoryConfigurationDelegate          - Bootstrapping Spring Data JPA repositories in DEFAULT mode.
2025-07-31 12:03:56,334 [main] INFO  o.s.d.r.c.RepositoryConfigurationDelegate          - Finished Spring Data repository scanning in 157 ms. Found 6 JPA repository interfaces.
2025-07-31 12:03:56,654 [main] INFO  o.s.cloud.context.scope.GenericScope               - BeanFactory id=3900db60-8d40-363c-9c55-ffe39cb1c59c
2025-07-31 12:03:57,489 [main] INFO  o.s.b.w.embedded.tomcat.TomcatWebServer            - Tomcat initialized with port 8080 (http)
2025-07-31 12:03:57,506 [main] INFO  o.apache.coyote.http11.Http11NioProtocol           - Initializing ProtocolHandler ["http-nio-8080"]
2025-07-31 12:03:57,509 [main] INFO  o.apache.catalina.core.StandardService             - Starting service [Tomcat]
2025-07-31 12:03:57,510 [main] INFO  org.apache.catalina.core.StandardEngine            - Starting Servlet engine: [Apache Tomcat/10.1.40]
2025-07-31 12:03:57,608 [main] INFO  o.a.c.c.C.[.[.[/notification-service]              - Initializing Spring embedded WebApplicationContext
2025-07-31 12:03:57,608 [main] INFO  o.s.b.w.s.c.ServletWebServerApplicationContext     - Root WebApplicationContext: initialization completed in 2514 ms
2025-07-31 12:03:58,065 [main] INFO  com.zaxxer.hikari.HikariDataSource                 - HikariPool-1 - Starting...
2025-07-31 12:03:58,254 [main] INFO  com.zaxxer.hikari.pool.HikariPool                  - HikariPool-1 - Added connection conn0: url=jdbc:h2:mem:notificationdb user=SA
2025-07-31 12:03:58,255 [main] INFO  com.zaxxer.hikari.HikariDataSource                 - HikariPool-1 - Start completed.
2025-07-31 12:03:58,548 [main] INFO  o.hibernate.jpa.internal.util.LogHelper            - HHH000204: Processing PersistenceUnitInfo [name: default]
2025-07-31 12:03:58,637 [main] INFO  org.hibernate.Version                              - HHH000412: Hibernate ORM core version 6.6.13.Final
2025-07-31 12:03:58,696 [main] INFO  o.h.c.internal.RegionFactoryInitiator              - HHH000026: Second-level cache disabled
2025-07-31 12:03:58,941 [main] INFO  o.s.o.j.p.SpringPersistenceUnitInfo                - No LoadTimeWeaver setup: ignoring JPA class transformer
2025-07-31 12:03:58,996 [main] INFO  org.hibernate.orm.connections.pooling              - HHH10001005: Database info:
	Database JDBC URL [Connecting through datasource 'HikariDataSource (HikariPool-1)']
	Database driver: undefined/unknown
	Database version: 2.3.232
	Autocommit mode: undefined/unknown
	Isolation level: undefined/unknown
	Minimum pool size: undefined/unknown
	Maximum pool size: undefined/unknown
2025-07-31 12:03:59,794 [main] INFO  o.h.e.t.j.p.i.JtaPlatformInitiator                 - HHH000489: No JTA platform available (set 'hibernate.transaction.jta.platform' to enable JTA platform integration)
2025-07-31 12:03:59,904 [main] INFO  o.s.o.j.LocalContainerEntityManagerFactoryBean     - Initialized JPA EntityManagerFactory for persistence unit 'default'
2025-07-31 12:04:00,369 [main] INFO  o.s.d.j.r.query.QueryEnhancerFactory               - Hibernate is in classpath; If applicable, HQL parser will be used.
2025-07-31 12:04:01,498 [main] WARN  o.s.b.a.o.j.JpaBaseConfiguration$JpaWebConfiguration - spring.jpa.open-in-view is enabled by default. Therefore, database queries may be performed during view rendering. Explicitly configure spring.jpa.open-in-view to disable this warning
2025-07-31 12:04:01,898 [main] INFO  o.s.b.a.e.web.EndpointLinksResolver                - Exposing 1 endpoint beneath base path '/actuator'
2025-07-31 12:04:02,305 [main] INFO  o.s.b.a.h2.H2ConsoleAutoConfiguration              - H2 console available at '/h2-console'. Database available at 'jdbc:h2:mem:notificationdb'
2025-07-31 12:04:02,343 [main] INFO  o.s.c.n.e.c.DiscoveryClientOptionalArgsConfiguration - Eureka HTTP Client uses RestTemplate.
2025-07-31 12:04:02,385 [main] WARN  o.s.c.l.c.LoadBalancerCacheAutoConfiguration$LoadBalancerCaffeineWarnLogger - Spring Cloud LoadBalancer is currently working with the default cache. While this cache implementation is useful for development and tests, it's recommended to use Caffeine cache in production.You can switch to using Caffeine cache, by adding it and org.springframework.cache.caffeine.CaffeineCacheManager to the classpath.
2025-07-31 12:04:02,432 [main] INFO  o.s.c.netflix.eureka.InstanceInfoFactory           - Setting initial instance status as: STARTING
2025-07-31 12:04:02,448 [main] INFO  com.netflix.discovery.DiscoveryClient              - Initializing Eureka in region us-east-1
2025-07-31 12:04:02,448 [main] INFO  com.netflix.discovery.DiscoveryClient              - Client configured to neither register nor query for data.
2025-07-31 12:04:02,449 [main] INFO  com.netflix.discovery.DiscoveryClient              - Discovery Client initialized at timestamp 1753977842449 with initial instances count: 0
2025-07-31 12:04:02,454 [main] INFO  o.s.c.n.e.s.EurekaServiceRegistry                  - Registering application NOTIFICATION-SERVICE with eureka with status UP
2025-07-31 12:04:02,455 [main] INFO  o.apache.coyote.http11.Http11NioProtocol           - Starting ProtocolHandler ["http-nio-8080"]
2025-07-31 12:04:02,468 [main] INFO  o.s.b.w.embedded.tomcat.TomcatWebServer            - Tomcat started on port 8080 (http) with context path '/notification-service'
2025-07-31 12:04:02,469 [main] INFO  o.s.c.n.e.s.EurekaAutoServiceRegistration          - Updating port to 8080
2025-07-31 12:04:02,483 [main] INFO  edu.market.notification.App                        - Started App in 8.348 seconds (process running for 8.858)
2025-07-31 12:07:31,813 [SpringApplicationShutdownHook] INFO  o.s.c.n.e.s.EurekaServiceRegistry                  - Unregistering application NOTIFICATION-SERVICE with eureka with status DOWN
2025-07-31 12:07:31,816 [SpringApplicationShutdownHook] INFO  o.s.b.w.embedded.tomcat.GracefulShutdown           - Commencing graceful shutdown. Waiting for active requests to complete
2025-07-31 12:07:31,821 [tomcat-shutdown] INFO  o.s.b.w.embedded.tomcat.GracefulShutdown           - Graceful shutdown complete
2025-07-31 12:07:31,831 [SpringApplicationShutdownHook] INFO  o.s.o.j.LocalContainerEntityManagerFactoryBean     - Closing JPA EntityManagerFactory for persistence unit 'default'
2025-07-31 12:07:31,833 [SpringApplicationShutdownHook] INFO  com.zaxxer.hikari.HikariDataSource                 - HikariPool-1 - Shutdown initiated...
2025-07-31 12:07:31,834 [SpringApplicationShutdownHook] INFO  com.zaxxer.hikari.HikariDataSource                 - HikariPool-1 - Shutdown completed.
2025-07-31 12:07:31,834 [SpringApplicationShutdownHook] INFO  com.netflix.discovery.DiscoveryClient              - Shutting down DiscoveryClient ...
2025-07-31 12:07:31,835 [SpringApplicationShutdownHook] INFO  com.netflix.discovery.DiscoveryClient              - Completed shut down of DiscoveryClient
2025-07-31 12:07:34,841 [background-preinit] INFO  o.h.validator.internal.util.Version                - HV000001: Hibernate Validator 8.0.2.Final
2025-07-31 12:07:34,877 [main] INFO  edu.market.notification.App                        - Starting App v1.0.0 using Java 21 with PID 13232 (C:\Users\ja2c\Desktop\Cursos\micro-servicio-archt\k8s\microservices\services\notification-service\target\classes started by ja2c in C:\Users\ja2c\Desktop\Cursos\micro-servicio-archt\k8s\microservices\services\notification-service)
2025-07-31 12:07:34,878 [main] DEBUG edu.market.notification.App                        - Running with Spring Boot v3.4.5, Spring v6.2.6
2025-07-31 12:07:34,879 [main] INFO  edu.market.notification.App                        - The following 1 profile is active: "dev"
2025-07-31 12:07:34,911 [main] INFO  o.s.c.c.c.ConfigServerConfigDataLoader             - Fetching config from server at : http://localhost:8890
2025-07-31 12:07:34,912 [main] INFO  o.s.c.c.c.ConfigServerConfigDataLoader             - Exception on Url - http://localhost:8890:org.springframework.web.client.ResourceAccessException: I/O error on GET request for "http://localhost:8890/notification-service/default": Connection refused: no further information. Will be trying the next url if available
2025-07-31 12:07:34,912 [main] WARN  o.s.c.c.c.ConfigServerConfigDataLoader             - Could not locate PropertySource ([ConfigServerConfigDataResource@2516fc68 uris = array<String>['http://localhost:8890'], optional = true, profiles = 'default']): I/O error on GET request for "http://localhost:8890/notification-service/default": Connection refused: no further information
2025-07-31 12:07:34,912 [main] INFO  o.s.c.c.c.ConfigServerConfigDataLoader             - Fetching config from server at : http://localhost:8890
2025-07-31 12:07:34,912 [main] INFO  o.s.c.c.c.ConfigServerConfigDataLoader             - Exception on Url - http://localhost:8890:org.springframework.web.client.ResourceAccessException: I/O error on GET request for "http://localhost:8890/notification-service/dev": Connection refused: no further information. Will be trying the next url if available
2025-07-31 12:07:34,912 [main] WARN  o.s.c.c.c.ConfigServerConfigDataLoader             - Could not locate PropertySource ([ConfigServerConfigDataResource@57f64f5e uris = array<String>['http://localhost:8890'], optional = true, profiles = 'dev']): I/O error on GET request for "http://localhost:8890/notification-service/dev": Connection refused: no further information
2025-07-31 12:07:34,912 [main] INFO  o.s.c.c.c.ConfigServerConfigDataLoader             - Fetching config from server at : http://localhost:8890
2025-07-31 12:07:34,912 [main] INFO  o.s.c.c.c.ConfigServerConfigDataLoader             - Exception on Url - http://localhost:8890:org.springframework.web.client.ResourceAccessException: I/O error on GET request for "http://localhost:8890/notification-service/default": Connection refused: no further information. Will be trying the next url if available
2025-07-31 12:07:34,913 [main] WARN  o.s.c.c.c.ConfigServerConfigDataLoader             - Could not locate PropertySource ([ConfigServerConfigDataResource@415e0bcb uris = array<String>['http://localhost:8890'], optional = true, profiles = 'default']): I/O error on GET request for "http://localhost:8890/notification-service/default": Connection refused: no further information
2025-07-31 12:07:35,937 [main] INFO  o.s.d.r.c.RepositoryConfigurationDelegate          - Bootstrapping Spring Data JPA repositories in DEFAULT mode.
2025-07-31 12:07:36,114 [main] INFO  o.s.d.r.c.RepositoryConfigurationDelegate          - Finished Spring Data repository scanning in 162 ms. Found 6 JPA repository interfaces.
2025-07-31 12:07:36,456 [main] INFO  o.s.cloud.context.scope.GenericScope               - BeanFactory id=3900db60-8d40-363c-9c55-ffe39cb1c59c
2025-07-31 12:07:37,218 [main] INFO  o.s.b.w.embedded.tomcat.TomcatWebServer            - Tomcat initialized with port 8080 (http)
2025-07-31 12:07:37,232 [main] INFO  o.apache.coyote.http11.Http11NioProtocol           - Initializing ProtocolHandler ["http-nio-8080"]
2025-07-31 12:07:37,235 [main] INFO  o.apache.catalina.core.StandardService             - Starting service [Tomcat]
2025-07-31 12:07:37,236 [main] INFO  org.apache.catalina.core.StandardEngine            - Starting Servlet engine: [Apache Tomcat/10.1.40]
2025-07-31 12:07:37,329 [main] INFO  o.a.c.c.C.[.[.[/notification-service]              - Initializing Spring embedded WebApplicationContext
2025-07-31 12:07:37,330 [main] INFO  o.s.b.w.s.c.ServletWebServerApplicationContext     - Root WebApplicationContext: initialization completed in 2415 ms
2025-07-31 12:07:37,757 [main] INFO  com.zaxxer.hikari.HikariDataSource                 - HikariPool-1 - Starting...
2025-07-31 12:07:37,925 [main] INFO  com.zaxxer.hikari.pool.HikariPool                  - HikariPool-1 - Added connection conn0: url=jdbc:h2:mem:notificationdb user=SA
2025-07-31 12:07:37,927 [main] INFO  com.zaxxer.hikari.HikariDataSource                 - HikariPool-1 - Start completed.
2025-07-31 12:07:38,199 [main] INFO  o.hibernate.jpa.internal.util.LogHelper            - HHH000204: Processing PersistenceUnitInfo [name: default]
2025-07-31 12:07:38,316 [main] INFO  org.hibernate.Version                              - HHH000412: Hibernate ORM core version 6.6.13.Final
2025-07-31 12:07:38,403 [main] INFO  o.h.c.internal.RegionFactoryInitiator              - HHH000026: Second-level cache disabled
2025-07-31 12:07:38,676 [main] INFO  o.s.o.j.p.SpringPersistenceUnitInfo                - No LoadTimeWeaver setup: ignoring JPA class transformer
2025-07-31 12:07:38,746 [main] INFO  org.hibernate.orm.connections.pooling              - HHH10001005: Database info:
	Database JDBC URL [Connecting through datasource 'HikariDataSource (HikariPool-1)']
	Database driver: undefined/unknown
	Database version: 2.3.232
	Autocommit mode: undefined/unknown
	Isolation level: undefined/unknown
	Minimum pool size: undefined/unknown
	Maximum pool size: undefined/unknown
2025-07-31 12:07:39,544 [main] INFO  o.h.e.t.j.p.i.JtaPlatformInitiator                 - HHH000489: No JTA platform available (set 'hibernate.transaction.jta.platform' to enable JTA platform integration)
2025-07-31 12:07:39,652 [main] INFO  o.s.o.j.LocalContainerEntityManagerFactoryBean     - Initialized JPA EntityManagerFactory for persistence unit 'default'
2025-07-31 12:07:40,095 [main] INFO  o.s.d.j.r.query.QueryEnhancerFactory               - Hibernate is in classpath; If applicable, HQL parser will be used.
2025-07-31 12:07:41,293 [main] WARN  o.s.b.a.o.j.JpaBaseConfiguration$JpaWebConfiguration - spring.jpa.open-in-view is enabled by default. Therefore, database queries may be performed during view rendering. Explicitly configure spring.jpa.open-in-view to disable this warning
2025-07-31 12:07:41,674 [main] INFO  o.s.b.a.e.web.EndpointLinksResolver                - Exposing 1 endpoint beneath base path '/actuator'
2025-07-31 12:07:42,098 [main] INFO  o.s.b.a.h2.H2ConsoleAutoConfiguration              - H2 console available at '/h2-console'. Database available at 'jdbc:h2:mem:notificationdb'
2025-07-31 12:07:42,141 [main] INFO  o.s.c.n.e.c.DiscoveryClientOptionalArgsConfiguration - Eureka HTTP Client uses RestTemplate.
2025-07-31 12:07:42,185 [main] WARN  o.s.c.l.c.LoadBalancerCacheAutoConfiguration$LoadBalancerCaffeineWarnLogger - Spring Cloud LoadBalancer is currently working with the default cache. While this cache implementation is useful for development and tests, it's recommended to use Caffeine cache in production.You can switch to using Caffeine cache, by adding it and org.springframework.cache.caffeine.CaffeineCacheManager to the classpath.
2025-07-31 12:07:42,232 [main] INFO  o.s.c.netflix.eureka.InstanceInfoFactory           - Setting initial instance status as: STARTING
2025-07-31 12:07:42,249 [main] INFO  com.netflix.discovery.DiscoveryClient              - Initializing Eureka in region us-east-1
2025-07-31 12:07:42,249 [main] INFO  com.netflix.discovery.DiscoveryClient              - Client configured to neither register nor query for data.
2025-07-31 12:07:42,251 [main] INFO  com.netflix.discovery.DiscoveryClient              - Discovery Client initialized at timestamp 1753978062250 with initial instances count: 0
2025-07-31 12:07:42,255 [main] INFO  o.s.c.n.e.s.EurekaServiceRegistry                  - Registering application NOTIFICATION-SERVICE with eureka with status UP
2025-07-31 12:07:42,257 [main] INFO  o.apache.coyote.http11.Http11NioProtocol           - Starting ProtocolHandler ["http-nio-8080"]
2025-07-31 12:07:42,270 [main] INFO  o.s.b.w.embedded.tomcat.TomcatWebServer            - Tomcat started on port 8080 (http) with context path '/notification-service'
2025-07-31 12:07:42,270 [main] INFO  o.s.c.n.e.s.EurekaAutoServiceRegistration          - Updating port to 8080
2025-07-31 12:07:42,285 [main] INFO  edu.market.notification.App                        - Started App in 8.343 seconds (process running for 8.836)
2025-07-31 12:07:57,309 [http-nio-8080-exec-10] INFO  o.a.c.c.C.[.[.[/notification-service]              - Initializing Spring DispatcherServlet 'dispatcherServlet'
2025-07-31 12:07:57,309 [http-nio-8080-exec-10] INFO  o.s.web.servlet.DispatcherServlet                  - Initializing Servlet 'dispatcherServlet'
2025-07-31 12:07:57,311 [http-nio-8080-exec-10] INFO  o.s.web.servlet.DispatcherServlet                  - Completed initialization in 1 ms
2025-07-31 12:07:57,350 [http-nio-8080-exec-10] INFO  e.m.n.i.a.i.w.c.NotificationController             - sendNotification - init
2025-07-31 12:07:57,350 [http-nio-8080-exec-10] DEBUG e.m.n.i.a.i.w.c.NotificationController             - sendNotification - Call notificationMapper.toNotificationCommand
2025-07-31 12:07:57,350 [http-nio-8080-exec-10] INFO  e.m.n.i.a.i.w.m.NotificationInputMapper            - toNotificationCommand - init
2025-07-31 12:07:57,350 [http-nio-8080-exec-10] INFO  e.m.n.i.a.i.w.m.NotificationInputMapper            - toNotificationCommand - end
2025-07-31 12:07:57,350 [http-nio-8080-exec-10] DEBUG e.m.n.i.a.i.w.c.NotificationController             - sendNotification - Create ClientContextCommand
2025-07-31 12:07:57,350 [http-nio-8080-exec-10] DEBUG e.m.n.i.a.i.web.util.RequestContextUtil            - Obteniendo IP del cliente
2025-07-31 12:07:57,351 [http-nio-8080-exec-10] DEBUG e.m.n.i.a.i.web.util.RequestContextUtil            - Obteniendo User-Agent del cliente
2025-07-31 12:07:57,351 [http-nio-8080-exec-10] DEBUG e.m.n.i.a.i.web.util.RequestContextUtil            - Obteniendo ruta de la petición
2025-07-31 12:07:57,351 [http-nio-8080-exec-10] DEBUG e.m.n.i.a.i.w.c.NotificationController             - sendNotification - Call sendNotificationUseCase.send
2025-07-31 12:07:57,351 [http-nio-8080-exec-10] INFO  e.m.n.i.a.o.monitoring.LoggingAdapter              - send - Init
2025-07-31 12:07:57,357 [http-nio-8080-exec-10] INFO  e.m.n.i.a.o.p.m.NotificationOutputMapper           - toEntity - Init
2025-07-31 12:07:57,357 [http-nio-8080-exec-10] INFO  e.m.n.i.a.o.p.m.NotificationOutputMapper           - toEntity - End
2025-07-31 12:07:57,414 [http-nio-8080-exec-10] DEBUG e.m.n.i.a.o.monitoring.LoggingAdapter              - send - Notification saved with ID: 9f0192ae-d19a-45a9-881b-324bb0a72ad1, channels: [SMS, EMAIL]
2025-07-31 12:07:57,415 [http-nio-8080-exec-10] DEBUG e.m.n.i.a.o.monitoring.LoggingAdapter              - NotificationChannelServiceAdapter.isAvailable - Verificando disponibilidad del canal {}
2025-07-31 12:07:57,415 [http-nio-8080-exec-10] DEBUG e.m.n.i.a.o.monitoring.LoggingAdapter              - send - Call notificationChannel.send
2025-07-31 12:07:57,415 [http-nio-8080-exec-10] INFO  e.m.n.i.a.o.monitoring.LoggingAdapter              - NotificationChannelServiceAdapter.send - Enviando notificación {} por canal {}
2025-07-31 12:07:57,419 [http-nio-8080-exec-10] INFO  e.m.n.i.a.o.monitoring.LoggingAdapter              - NotificationChannelServiceAdapter.send - Notificación {} enviada exitosamente
2025-07-31 12:07:57,419 [metricsCollectorExecutor-0] DEBUG e.m.n.i.a.o.m.MicrometerMetricsAdapter             - Incrementando contador de notificaciones para estado PROCESSING
2025-07-31 12:07:57,419 [metricsCollectorExecutor-1] DEBUG e.m.n.i.a.o.m.MicrometerMetricsAdapter             - Registrando métrica de notificación enviada para canal SMS
2025-07-31 12:07:57,420 [http-nio-8080-exec-10] DEBUG e.m.n.i.a.o.monitoring.LoggingAdapter              - send - Mark notification as sent
2025-07-31 12:07:57,420 [http-nio-8080-exec-10] DEBUG e.m.n.i.a.o.monitoring.LoggingAdapter              - send - Call notificationRepository.save for updated notification
2025-07-31 12:07:57,420 [http-nio-8080-exec-10] INFO  e.m.n.i.a.o.p.m.NotificationOutputMapper           - toEntity - Init
2025-07-31 12:07:57,421 [http-nio-8080-exec-10] INFO  e.m.n.i.a.o.p.m.NotificationOutputMapper           - toEntity - End
2025-07-31 12:07:57,421 [metricsCollectorExecutor-1] DEBUG e.m.n.i.a.o.m.MicrometerMetricsAdapter             - Métrica de notificación enviada registrada exitosamente
2025-07-31 12:07:57,421 [metricsCollectorExecutor-0] DEBUG e.m.n.i.a.o.m.MicrometerMetricsAdapter             - Contador de notificaciones incrementado exitosamente
2025-07-31 12:07:57,424 [http-nio-8080-exec-10] WARN  o.h.engine.jdbc.spi.SqlExceptionHelper             - SQL Error: 23505, SQLState: 23505
2025-07-31 12:07:57,424 [http-nio-8080-exec-10] ERROR o.h.engine.jdbc.spi.SqlExceptionHelper             - Violación de indice de Unicidad ó Clave primaria: "PUBLIC.UK_NOTIFICATIONS_UUID_INDEX_C ON PUBLIC.NOTIFICATIONS(UUID NULLS FIRST) VALUES ( /* 1 */ UUID '9f0192ae-d19a-45a9-881b-324bb0a72ad1' )"
Unique index or primary key violation: "PUBLIC.UK_NOTIFICATIONS_UUID_INDEX_C ON PUBLIC.NOTIFICATIONS(UUID NULLS FIRST) VALUES ( /* 1 */ UUID '9f0192ae-d19a-45a9-881b-324bb0a72ad1' )"; SQL statement:
insert into notifications (content_attributes,content_body,created_at,error_message,priority,recipient_attributes,recipient_device_token,recipient_email,recipient_phone,recipient_user_id,requester_id,retry_count,scheduled_for,sent_at,source_service,status,subject,template_id,uuid,id) values (?,?,?,?,?,?,?,?,?,?,?,?,?,?,?,?,?,?,?,default) [23505-232]
2025-07-31 12:07:57,429 [http-nio-8080-exec-10] ERROR e.m.n.i.a.o.monitoring.LoggingAdapter              - send - Exception occurred
org.springframework.dao.DataIntegrityViolationException: could not execute statement [Violación de indice de Unicidad ó Clave primaria: "PUBLIC.UK_NOTIFICATIONS_UUID_INDEX_C ON PUBLIC.NOTIFICATIONS(UUID NULLS FIRST) VALUES ( /* 1 */ UUID '9f0192ae-d19a-45a9-881b-324bb0a72ad1' )"
Unique index or primary key violation: "PUBLIC.UK_NOTIFICATIONS_UUID_INDEX_C ON PUBLIC.NOTIFICATIONS(UUID NULLS FIRST) VALUES ( /* 1 */ UUID '9f0192ae-d19a-45a9-881b-324bb0a72ad1' )"; SQL statement:
insert into notifications (content_attributes,content_body,created_at,error_message,priority,recipient_attributes,recipient_device_token,recipient_email,recipient_phone,recipient_user_id,requester_id,retry_count,scheduled_for,sent_at,source_service,status,subject,template_id,uuid,id) values (?,?,?,?,?,?,?,?,?,?,?,?,?,?,?,?,?,?,?,default) [23505-232]] [insert into notifications (content_attributes,content_body,created_at,error_message,priority,recipient_attributes,recipient_device_token,recipient_email,recipient_phone,recipient_user_id,requester_id,retry_count,scheduled_for,sent_at,source_service,status,subject,template_id,uuid,id) values (?,?,?,?,?,?,?,?,?,?,?,?,?,?,?,?,?,?,?,default)]; SQL [insert into notifications (content_attributes,content_body,created_at,error_message,priority,recipient_attributes,recipient_device_token,recipient_email,recipient_phone,recipient_user_id,requester_id,retry_count,scheduled_for,sent_at,source_service,status,subject,template_id,uuid,id) values (?,?,?,?,?,?,?,?,?,?,?,?,?,?,?,?,?,?,?,default)]; constraint [PUBLIC.UK_NOTIFICATIONS_UUID_INDEX_C]
	at org.springframework.orm.jpa.vendor.HibernateJpaDialect.convertHibernateAccessException(HibernateJpaDialect.java:294)
	at org.springframework.orm.jpa.vendor.HibernateJpaDialect.convertHibernateAccessException(HibernateJpaDialect.java:256)
	at org.springframework.orm.jpa.vendor.HibernateJpaDialect.translateExceptionIfPossible(HibernateJpaDialect.java:241)
	at org.springframework.orm.jpa.AbstractEntityManagerFactoryBean.translateExceptionIfPossible(AbstractEntityManagerFactoryBean.java:560)
	at org.springframework.dao.support.ChainedPersistenceExceptionTranslator.translateExceptionIfPossible(ChainedPersistenceExceptionTranslator.java:61)
	at org.springframework.dao.support.DataAccessUtils.translateIfNecessary(DataAccessUtils.java:343)
	at org.springframework.dao.support.PersistenceExceptionTranslationInterceptor.invoke(PersistenceExceptionTranslationInterceptor.java:160)
	at org.springframework.aop.framework.ReflectiveMethodInvocation.proceed(ReflectiveMethodInvocation.java:184)
	at org.springframework.data.jpa.repository.support.CrudMethodMetadataPostProcessor$CrudMethodMetadataPopulatingMethodInterceptor.invoke(CrudMethodMetadataPostProcessor.java:165)
	at org.springframework.aop.framework.ReflectiveMethodInvocation.proceed(ReflectiveMethodInvocation.java:184)
	at org.springframework.aop.framework.JdkDynamicAopProxy.invoke(JdkDynamicAopProxy.java:223)
	at jdk.proxy2/jdk.proxy2.$Proxy186.save(Unknown Source)
	at edu.market.notification.infrastructure.adapter.output.persistence.NotificationRepositoryAdapter.save(NotificationRepositoryAdapter.java:36)
	at java.base/jdk.internal.reflect.DirectMethodHandleAccessor.invoke(DirectMethodHandleAccessor.java:103)
	at java.base/java.lang.reflect.Method.invoke(Method.java:580)
	at org.springframework.aop.support.AopUtils.invokeJoinpointUsingReflection(AopUtils.java:359)
	at org.springframework.aop.framework.ReflectiveMethodInvocation.invokeJoinpoint(ReflectiveMethodInvocation.java:196)
	at org.springframework.aop.framework.ReflectiveMethodInvocation.proceed(ReflectiveMethodInvocation.java:163)
	at org.springframework.transaction.interceptor.TransactionAspectSupport.invokeWithinTransaction(TransactionAspectSupport.java:380)
	at org.springframework.transaction.interceptor.TransactionInterceptor.invoke(TransactionInterceptor.java:119)
	at org.springframework.aop.framework.ReflectiveMethodInvocation.proceed(ReflectiveMethodInvocation.java:184)
	at org.springframework.aop.framework.CglibAopProxy$DynamicAdvisedInterceptor.intercept(CglibAopProxy.java:728)
	at edu.market.notification.infrastructure.adapter.output.persistence.NotificationRepositoryAdapter$$SpringCGLIB$$0.save(<generated>)
	at edu.market.notification.application.usecase.notification.SendNotificationUseCase.send(SendNotificationUseCase.java:106)
	at edu.market.notification.infrastructure.adapter.input.web.controller.NotificationController.sendNotification(NotificationController.java:156)
	at java.base/jdk.internal.reflect.DirectMethodHandleAccessor.invoke(DirectMethodHandleAccessor.java:103)
	at java.base/java.lang.reflect.Method.invoke(Method.java:580)
	at org.springframework.web.method.support.InvocableHandlerMethod.doInvoke(InvocableHandlerMethod.java:258)
	at org.springframework.web.method.support.InvocableHandlerMethod.invokeForRequest(InvocableHandlerMethod.java:191)
	at org.springframework.web.servlet.mvc.method.annotation.ServletInvocableHandlerMethod.invokeAndHandle(ServletInvocableHandlerMethod.java:118)
	at org.springframework.web.servlet.mvc.method.annotation.RequestMappingHandlerAdapter.invokeHandlerMethod(RequestMappingHandlerAdapter.java:986)
	at org.springframework.web.servlet.mvc.method.annotation.RequestMappingHandlerAdapter.handleInternal(RequestMappingHandlerAdapter.java:891)
	at org.springframework.web.servlet.mvc.method.AbstractHandlerMethodAdapter.handle(AbstractHandlerMethodAdapter.java:87)
	at org.springframework.web.servlet.DispatcherServlet.doDispatch(DispatcherServlet.java:1089)
	at org.springframework.web.servlet.DispatcherServlet.doService(DispatcherServlet.java:979)
	at org.springframework.web.servlet.FrameworkServlet.processRequest(FrameworkServlet.java:1014)
	at org.springframework.web.servlet.FrameworkServlet.doPost(FrameworkServlet.java:914)
	at jakarta.servlet.http.HttpServlet.service(HttpServlet.java:590)
	at org.springframework.web.servlet.FrameworkServlet.service(FrameworkServlet.java:885)
	at jakarta.servlet.http.HttpServlet.service(HttpServlet.java:658)
	at org.apache.catalina.core.ApplicationFilterChain.internalDoFilter(ApplicationFilterChain.java:195)
	at org.apache.catalina.core.ApplicationFilterChain.doFilter(ApplicationFilterChain.java:140)
	at org.apache.tomcat.websocket.server.WsFilter.doFilter(WsFilter.java:51)
	at org.apache.catalina.core.ApplicationFilterChain.internalDoFilter(ApplicationFilterChain.java:164)
	at org.apache.catalina.core.ApplicationFilterChain.doFilter(ApplicationFilterChain.java:140)
	at org.springframework.web.filter.CompositeFilter$VirtualFilterChain.doFilter(CompositeFilter.java:108)
	at org.springframework.security.web.FilterChainProxy.lambda$doFilterInternal$3(FilterChainProxy.java:231)
	at org.springframework.security.web.ObservationFilterChainDecorator$FilterObservation$SimpleFilterObservation.lambda$wrap$1(ObservationFilterChainDecorator.java:479)
	at org.springframework.security.web.ObservationFilterChainDecorator$AroundFilterObservation$SimpleAroundFilterObservation.lambda$wrap$1(ObservationFilterChainDecorator.java:340)
	at org.springframework.security.web.ObservationFilterChainDecorator.lambda$wrapSecured$0(ObservationFilterChainDecorator.java:82)
	at org.springframework.security.web.ObservationFilterChainDecorator$VirtualFilterChain.doFilter(ObservationFilterChainDecorator.java:128)
	at org.springframework.security.web.access.intercept.AuthorizationFilter.doFilter(AuthorizationFilter.java:101)
	at org.springframework.security.web.ObservationFilterChainDecorator$ObservationFilter.wrapFilter(ObservationFilterChainDecorator.java:240)
	at org.springframework.security.web.ObservationFilterChainDecorator$ObservationFilter.doFilter(ObservationFilterChainDecorator.java:227)
	at org.springframework.security.web.ObservationFilterChainDecorator$VirtualFilterChain.doFilter(ObservationFilterChainDecorator.java:137)
	at org.springframework.security.web.access.ExceptionTranslationFilter.doFilter(ExceptionTranslationFilter.java:126)
	at org.springframework.security.web.access.ExceptionTranslationFilter.doFilter(ExceptionTranslationFilter.java:120)
	at org.springframework.security.web.ObservationFilterChainDecorator$ObservationFilter.wrapFilter(ObservationFilterChainDecorator.java:240)
	at org.springframework.security.web.ObservationFilterChainDecorator$ObservationFilter.doFilter(ObservationFilterChainDecorator.java:227)
	at org.springframework.security.web.ObservationFilterChainDecorator$VirtualFilterChain.doFilter(ObservationFilterChainDecorator.java:137)
	at org.springframework.security.web.authentication.AnonymousAuthenticationFilter.doFilter(AnonymousAuthenticationFilter.java:100)
	at org.springframework.security.web.ObservationFilterChainDecorator$ObservationFilter.wrapFilter(ObservationFilterChainDecorator.java:240)
	at org.springframework.security.web.ObservationFilterChainDecorator$ObservationFilter.doFilter(ObservationFilterChainDecorator.java:227)
	at org.springframework.security.web.ObservationFilterChainDecorator$VirtualFilterChain.doFilter(ObservationFilterChainDecorator.java:137)
	at org.springframework.security.web.servletapi.SecurityContextHolderAwareRequestFilter.doFilter(SecurityContextHolderAwareRequestFilter.java:179)
	at org.springframework.security.web.ObservationFilterChainDecorator$ObservationFilter.wrapFilter(ObservationFilterChainDecorator.java:240)
	at org.springframework.security.web.ObservationFilterChainDecorator$ObservationFilter.doFilter(ObservationFilterChainDecorator.java:227)
	at org.springframework.security.web.ObservationFilterChainDecorator$VirtualFilterChain.doFilter(ObservationFilterChainDecorator.java:137)
	at org.springframework.security.web.savedrequest.RequestCacheAwareFilter.doFilter(RequestCacheAwareFilter.java:63)
	at org.springframework.security.web.ObservationFilterChainDecorator$ObservationFilter.wrapFilter(ObservationFilterChainDecorator.java:240)
	at org.springframework.security.web.ObservationFilterChainDecorator$ObservationFilter.doFilter(ObservationFilterChainDecorator.java:227)
	at org.springframework.security.web.ObservationFilterChainDecorator$VirtualFilterChain.doFilter(ObservationFilterChainDecorator.java:137)
	at org.springframework.security.web.authentication.logout.LogoutFilter.doFilter(LogoutFilter.java:107)
	at org.springframework.security.web.authentication.logout.LogoutFilter.doFilter(LogoutFilter.java:93)
	at org.springframework.security.web.ObservationFilterChainDecorator$ObservationFilter.wrapFilter(ObservationFilterChainDecorator.java:240)
	at org.springframework.security.web.ObservationFilterChainDecorator$ObservationFilter.doFilter(ObservationFilterChainDecorator.java:227)
	at org.springframework.security.web.ObservationFilterChainDecorator$VirtualFilterChain.doFilter(ObservationFilterChainDecorator.java:137)
	at org.springframework.security.web.header.HeaderWriterFilter.doHeadersAfter(HeaderWriterFilter.java:90)
	at org.springframework.security.web.header.HeaderWriterFilter.doFilterInternal(HeaderWriterFilter.java:75)
	at org.springframework.web.filter.OncePerRequestFilter.doFilter(OncePerRequestFilter.java:116)
	at org.springframework.security.web.ObservationFilterChainDecorator$ObservationFilter.wrapFilter(ObservationFilterChainDecorator.java:240)
	at org.springframework.security.web.ObservationFilterChainDecorator$ObservationFilter.doFilter(ObservationFilterChainDecorator.java:227)
	at org.springframework.security.web.ObservationFilterChainDecorator$VirtualFilterChain.doFilter(ObservationFilterChainDecorator.java:137)
	at org.springframework.security.web.context.SecurityContextHolderFilter.doFilter(SecurityContextHolderFilter.java:82)
	at org.springframework.security.web.context.SecurityContextHolderFilter.doFilter(SecurityContextHolderFilter.java:69)
	at org.springframework.security.web.ObservationFilterChainDecorator$ObservationFilter.wrapFilter(ObservationFilterChainDecorator.java:240)
	at org.springframework.security.web.ObservationFilterChainDecorator$ObservationFilter.doFilter(ObservationFilterChainDecorator.java:227)
	at org.springframework.security.web.ObservationFilterChainDecorator$VirtualFilterChain.doFilter(ObservationFilterChainDecorator.java:137)
	at org.springframework.security.web.context.request.async.WebAsyncManagerIntegrationFilter.doFilterInternal(WebAsyncManagerIntegrationFilter.java:62)
	at org.springframework.web.filter.OncePerRequestFilter.doFilter(OncePerRequestFilter.java:116)
	at org.springframework.security.web.ObservationFilterChainDecorator$ObservationFilter.wrapFilter(ObservationFilterChainDecorator.java:240)
	at org.springframework.security.web.ObservationFilterChainDecorator$ObservationFilter.doFilter(ObservationFilterChainDecorator.java:227)
	at org.springframework.security.web.ObservationFilterChainDecorator$VirtualFilterChain.doFilter(ObservationFilterChainDecorator.java:137)
	at org.springframework.security.web.session.DisableEncodeUrlFilter.doFilterInternal(DisableEncodeUrlFilter.java:42)
	at org.springframework.web.filter.OncePerRequestFilter.doFilter(OncePerRequestFilter.java:116)
	at org.springframework.security.web.ObservationFilterChainDecorator$ObservationFilter.wrapFilter(ObservationFilterChainDecorator.java:240)
	at org.springframework.security.web.ObservationFilterChainDecorator$AroundFilterObservation$SimpleAroundFilterObservation.lambda$wrap$0(ObservationFilterChainDecorator.java:323)
	at org.springframework.security.web.ObservationFilterChainDecorator$ObservationFilter.doFilter(ObservationFilterChainDecorator.java:224)
	at org.springframework.security.web.ObservationFilterChainDecorator$VirtualFilterChain.doFilter(ObservationFilterChainDecorator.java:137)
	at org.springframework.security.web.FilterChainProxy.doFilterInternal(FilterChainProxy.java:233)
	at org.springframework.security.web.FilterChainProxy.doFilter(FilterChainProxy.java:191)
	at org.springframework.web.filter.CompositeFilter$VirtualFilterChain.doFilter(CompositeFilter.java:113)
	at org.springframework.web.servlet.handler.HandlerMappingIntrospector.lambda$createCacheFilter$3(HandlerMappingIntrospector.java:243)
	at org.springframework.web.filter.CompositeFilter$VirtualFilterChain.doFilter(CompositeFilter.java:113)
	at org.springframework.web.filter.CompositeFilter.doFilter(CompositeFilter.java:74)
	at org.springframework.security.config.annotation.web.configuration.WebMvcSecurityConfiguration$CompositeFilterChainProxy.doFilter(WebMvcSecurityConfiguration.java:238)
	at org.springframework.web.filter.DelegatingFilterProxy.invokeDelegate(DelegatingFilterProxy.java:362)
	at org.springframework.web.filter.DelegatingFilterProxy.doFilter(DelegatingFilterProxy.java:278)
	at org.apache.catalina.core.ApplicationFilterChain.internalDoFilter(ApplicationFilterChain.java:164)
	at org.apache.catalina.core.ApplicationFilterChain.doFilter(ApplicationFilterChain.java:140)
	at org.springframework.web.filter.RequestContextFilter.doFilterInternal(RequestContextFilter.java:100)
	at org.springframework.web.filter.OncePerRequestFilter.doFilter(OncePerRequestFilter.java:116)
	at org.apache.catalina.core.ApplicationFilterChain.internalDoFilter(ApplicationFilterChain.java:164)
	at org.apache.catalina.core.ApplicationFilterChain.doFilter(ApplicationFilterChain.java:140)
	at org.springframework.web.filter.FormContentFilter.doFilterInternal(FormContentFilter.java:93)
	at org.springframework.web.filter.OncePerRequestFilter.doFilter(OncePerRequestFilter.java:116)
	at org.apache.catalina.core.ApplicationFilterChain.internalDoFilter(ApplicationFilterChain.java:164)
	at org.apache.catalina.core.ApplicationFilterChain.doFilter(ApplicationFilterChain.java:140)
	at org.springframework.web.filter.ServerHttpObservationFilter.doFilterInternal(ServerHttpObservationFilter.java:114)
	at org.springframework.web.filter.OncePerRequestFilter.doFilter(OncePerRequestFilter.java:116)
	at org.apache.catalina.core.ApplicationFilterChain.internalDoFilter(ApplicationFilterChain.java:164)
	at org.apache.catalina.core.ApplicationFilterChain.doFilter(ApplicationFilterChain.java:140)
	at org.springframework.web.filter.CharacterEncodingFilter.doFilterInternal(CharacterEncodingFilter.java:201)
	at org.springframework.web.filter.OncePerRequestFilter.doFilter(OncePerRequestFilter.java:116)
	at org.apache.catalina.core.ApplicationFilterChain.internalDoFilter(ApplicationFilterChain.java:164)
	at org.apache.catalina.core.ApplicationFilterChain.doFilter(ApplicationFilterChain.java:140)
	at org.apache.catalina.core.StandardWrapperValve.invoke(StandardWrapperValve.java:167)
	at org.apache.catalina.core.StandardContextValve.invoke(StandardContextValve.java:90)
	at org.apache.catalina.authenticator.AuthenticatorBase.invoke(AuthenticatorBase.java:483)
	at org.apache.catalina.core.StandardHostValve.invoke(StandardHostValve.java:116)
	at org.apache.catalina.valves.ErrorReportValve.invoke(ErrorReportValve.java:93)
	at org.apache.catalina.core.StandardEngineValve.invoke(StandardEngineValve.java:74)
	at org.apache.catalina.connector.CoyoteAdapter.service(CoyoteAdapter.java:344)
	at org.apache.coyote.http11.Http11Processor.service(Http11Processor.java:398)
	at org.apache.coyote.AbstractProcessorLight.process(AbstractProcessorLight.java:63)
	at org.apache.coyote.AbstractProtocol$ConnectionHandler.process(AbstractProtocol.java:903)
	at org.apache.tomcat.util.net.NioEndpoint$SocketProcessor.doRun(NioEndpoint.java:1740)
	at org.apache.tomcat.util.net.SocketProcessorBase.run(SocketProcessorBase.java:52)
	at org.apache.tomcat.util.threads.ThreadPoolExecutor.runWorker(ThreadPoolExecutor.java:1189)
	at org.apache.tomcat.util.threads.ThreadPoolExecutor$Worker.run(ThreadPoolExecutor.java:658)
	at org.apache.tomcat.util.threads.TaskThread$WrappingRunnable.run(TaskThread.java:63)
	at java.base/java.lang.Thread.run(Thread.java:1583)
Caused by: org.hibernate.exception.ConstraintViolationException: could not execute statement [Violación de indice de Unicidad ó Clave primaria: "PUBLIC.UK_NOTIFICATIONS_UUID_INDEX_C ON PUBLIC.NOTIFICATIONS(UUID NULLS FIRST) VALUES ( /* 1 */ UUID '9f0192ae-d19a-45a9-881b-324bb0a72ad1' )"
Unique index or primary key violation: "PUBLIC.UK_NOTIFICATIONS_UUID_INDEX_C ON PUBLIC.NOTIFICATIONS(UUID NULLS FIRST) VALUES ( /* 1 */ UUID '9f0192ae-d19a-45a9-881b-324bb0a72ad1' )"; SQL statement:
insert into notifications (content_attributes,content_body,created_at,error_message,priority,recipient_attributes,recipient_device_token,recipient_email,recipient_phone,recipient_user_id,requester_id,retry_count,scheduled_for,sent_at,source_service,status,subject,template_id,uuid,id) values (?,?,?,?,?,?,?,?,?,?,?,?,?,?,?,?,?,?,?,default) [23505-232]] [insert into notifications (content_attributes,content_body,created_at,error_message,priority,recipient_attributes,recipient_device_token,recipient_email,recipient_phone,recipient_user_id,requester_id,retry_count,scheduled_for,sent_at,source_service,status,subject,template_id,uuid,id) values (?,?,?,?,?,?,?,?,?,?,?,?,?,?,?,?,?,?,?,default)]
	at org.hibernate.dialect.H2Dialect.lambda$buildSQLExceptionConversionDelegate$3(H2Dialect.java:759)
	at org.hibernate.exception.internal.StandardSQLExceptionConverter.convert(StandardSQLExceptionConverter.java:58)
	at org.hibernate.engine.jdbc.spi.SqlExceptionHelper.convert(SqlExceptionHelper.java:108)
	at org.hibernate.engine.jdbc.internal.ResultSetReturnImpl.executeUpdate(ResultSetReturnImpl.java:197)
	at org.hibernate.id.insert.GetGeneratedKeysDelegate.performMutation(GetGeneratedKeysDelegate.java:116)
	at org.hibernate.engine.jdbc.mutation.internal.MutationExecutorSingleNonBatched.performNonBatchedOperations(MutationExecutorSingleNonBatched.java:47)
	at org.hibernate.engine.jdbc.mutation.internal.AbstractMutationExecutor.execute(AbstractMutationExecutor.java:55)
	at org.hibernate.persister.entity.mutation.InsertCoordinatorStandard.doStaticInserts(InsertCoordinatorStandard.java:194)
	at org.hibernate.persister.entity.mutation.InsertCoordinatorStandard.coordinateInsert(InsertCoordinatorStandard.java:132)
	at org.hibernate.persister.entity.mutation.InsertCoordinatorStandard.insert(InsertCoordinatorStandard.java:95)
	at org.hibernate.action.internal.EntityIdentityInsertAction.execute(EntityIdentityInsertAction.java:85)
	at org.hibernate.engine.spi.ActionQueue.execute(ActionQueue.java:682)
	at org.hibernate.engine.spi.ActionQueue.addResolvedEntityInsertAction(ActionQueue.java:293)
	at org.hibernate.engine.spi.ActionQueue.addInsertAction(ActionQueue.java:274)
	at org.hibernate.engine.spi.ActionQueue.addAction(ActionQueue.java:324)
	at org.hibernate.event.internal.AbstractSaveEventListener.addInsertAction(AbstractSaveEventListener.java:393)
	at org.hibernate.event.internal.AbstractSaveEventListener.performSaveOrReplicate(AbstractSaveEventListener.java:307)
	at org.hibernate.event.internal.AbstractSaveEventListener.performSave(AbstractSaveEventListener.java:223)
	at org.hibernate.event.internal.AbstractSaveEventListener.saveWithGeneratedId(AbstractSaveEventListener.java:136)
	at org.hibernate.event.internal.DefaultPersistEventListener.entityIsTransient(DefaultPersistEventListener.java:177)
	at org.hibernate.event.internal.DefaultPersistEventListener.persist(DefaultPersistEventListener.java:95)
	at org.hibernate.event.internal.DefaultPersistEventListener.onPersist(DefaultPersistEventListener.java:79)
	at org.hibernate.event.internal.DefaultPersistEventListener.onPersist(DefaultPersistEventListener.java:55)
	at org.hibernate.event.service.internal.EventListenerGroupImpl.fireEventOnEachListener(EventListenerGroupImpl.java:127)
	at org.hibernate.internal.SessionImpl.firePersist(SessionImpl.java:761)
	at org.hibernate.internal.SessionImpl.persist(SessionImpl.java:745)
	at java.base/jdk.internal.reflect.DirectMethodHandleAccessor.invoke(DirectMethodHandleAccessor.java:103)
	at java.base/java.lang.reflect.Method.invoke(Method.java:580)
	at org.springframework.orm.jpa.ExtendedEntityManagerCreator$ExtendedEntityManagerInvocationHandler.invoke(ExtendedEntityManagerCreator.java:364)
	at jdk.proxy2/jdk.proxy2.$Proxy175.persist(Unknown Source)
	at java.base/jdk.internal.reflect.DirectMethodHandleAccessor.invoke(DirectMethodHandleAccessor.java:103)
	at java.base/java.lang.reflect.Method.invoke(Method.java:580)
	at org.springframework.orm.jpa.SharedEntityManagerCreator$SharedEntityManagerInvocationHandler.invoke(SharedEntityManagerCreator.java:320)
	at jdk.proxy2/jdk.proxy2.$Proxy175.persist(Unknown Source)
	at org.springframework.data.jpa.repository.support.SimpleJpaRepository.save(SimpleJpaRepository.java:636)
	at java.base/jdk.internal.reflect.DirectMethodHandleAccessor.invoke(DirectMethodHandleAccessor.java:103)
	at java.base/java.lang.reflect.Method.invoke(Method.java:580)
	at org.springframework.aop.support.AopUtils.invokeJoinpointUsingReflection(AopUtils.java:359)
	at org.springframework.data.repository.core.support.RepositoryMethodInvoker$RepositoryFragmentMethodInvoker.lambda$new$0(RepositoryMethodInvoker.java:277)
	at org.springframework.data.repository.core.support.RepositoryMethodInvoker.doInvoke(RepositoryMethodInvoker.java:170)
	at org.springframework.data.repository.core.support.RepositoryMethodInvoker.invoke(RepositoryMethodInvoker.java:158)
	at org.springframework.data.repository.core.support.RepositoryComposition$RepositoryFragments.invoke(RepositoryComposition.java:515)
	at org.springframework.data.repository.core.support.RepositoryComposition.invoke(RepositoryComposition.java:284)
	at org.springframework.data.repository.core.support.RepositoryFactorySupport$ImplementationMethodExecutionInterceptor.invoke(RepositoryFactorySupport.java:731)
	at org.springframework.aop.framework.ReflectiveMethodInvocation.proceed(ReflectiveMethodInvocation.java:184)
	at org.springframework.data.repository.core.support.QueryExecutorMethodInterceptor.doInvoke(QueryExecutorMethodInterceptor.java:174)
	at org.springframework.data.repository.core.support.QueryExecutorMethodInterceptor.invoke(QueryExecutorMethodInterceptor.java:149)
	at org.springframework.aop.framework.ReflectiveMethodInvocation.proceed(ReflectiveMethodInvocation.java:184)
	at org.springframework.data.projection.DefaultMethodInvokingMethodInterceptor.invoke(DefaultMethodInvokingMethodInterceptor.java:69)
	at org.springframework.aop.framework.ReflectiveMethodInvocation.proceed(ReflectiveMethodInvocation.java:184)
	at org.springframework.transaction.interceptor.TransactionAspectSupport.invokeWithinTransaction(TransactionAspectSupport.java:380)
	at org.springframework.transaction.interceptor.TransactionInterceptor.invoke(TransactionInterceptor.java:119)
	at org.springframework.aop.framework.ReflectiveMethodInvocation.proceed(ReflectiveMethodInvocation.java:184)
	at org.springframework.dao.support.PersistenceExceptionTranslationInterceptor.invoke(PersistenceExceptionTranslationInterceptor.java:138)
	... 135 common frames omitted
Caused by: org.h2.jdbc.JdbcSQLIntegrityConstraintViolationException: Violación de indice de Unicidad ó Clave primaria: "PUBLIC.UK_NOTIFICATIONS_UUID_INDEX_C ON PUBLIC.NOTIFICATIONS(UUID NULLS FIRST) VALUES ( /* 1 */ UUID '9f0192ae-d19a-45a9-881b-324bb0a72ad1' )"
Unique index or primary key violation: "PUBLIC.UK_NOTIFICATIONS_UUID_INDEX_C ON PUBLIC.NOTIFICATIONS(UUID NULLS FIRST) VALUES ( /* 1 */ UUID '9f0192ae-d19a-45a9-881b-324bb0a72ad1' )"; SQL statement:
insert into notifications (content_attributes,content_body,created_at,error_message,priority,recipient_attributes,recipient_device_token,recipient_email,recipient_phone,recipient_user_id,requester_id,retry_count,scheduled_for,sent_at,source_service,status,subject,template_id,uuid,id) values (?,?,?,?,?,?,?,?,?,?,?,?,?,?,?,?,?,?,?,default) [23505-232]
	at org.h2.message.DbException.getJdbcSQLException(DbException.java:520)
	at org.h2.message.DbException.getJdbcSQLException(DbException.java:489)
	at org.h2.message.DbException.get(DbException.java:223)
	at org.h2.message.DbException.get(DbException.java:199)
	at org.h2.index.Index.getDuplicateKeyException(Index.java:523)
	at org.h2.mvstore.db.MVSecondaryIndex.checkUnique(MVSecondaryIndex.java:223)
	at org.h2.mvstore.db.MVSecondaryIndex.add(MVSecondaryIndex.java:184)
	at org.h2.mvstore.db.MVTable.addRow(MVTable.java:517)
	at org.h2.command.dml.Insert.insertRows(Insert.java:174)
	at org.h2.command.dml.Insert.update(Insert.java:135)
	at org.h2.command.CommandContainer.executeUpdateWithGeneratedKeys(CommandContainer.java:212)
	at org.h2.command.CommandContainer.update(CommandContainer.java:133)
	at org.h2.command.Command.executeUpdate(Command.java:304)
	at org.h2.command.Command.executeUpdate(Command.java:248)
	at org.h2.jdbc.JdbcPreparedStatement.executeUpdateInternal(JdbcPreparedStatement.java:213)
	at org.h2.jdbc.JdbcPreparedStatement.executeUpdate(JdbcPreparedStatement.java:172)
	at com.zaxxer.hikari.pool.ProxyPreparedStatement.executeUpdate(ProxyPreparedStatement.java:61)
	at com.zaxxer.hikari.pool.HikariProxyPreparedStatement.executeUpdate(HikariProxyPreparedStatement.java)
	at org.hibernate.engine.jdbc.internal.ResultSetReturnImpl.executeUpdate(ResultSetReturnImpl.java:194)
	... 185 common frames omitted
2025-07-31 12:07:57,433 [http-nio-8080-exec-10] DEBUG e.m.n.i.a.o.monitoring.LoggingAdapter              - send - Call saveFailedEventToOutbox
2025-07-31 12:07:57,433 [http-nio-8080-exec-10] DEBUG e.m.n.i.a.o.monitoring.LoggingAdapter              - saveFailedEventToOutbox - Saving failed event to outbox for notification: 9f0192ae-d19a-45a9-881b-324bb0a72ad1, error: Error sending notification: could not execute statement [Violación de indice de Unicidad ó Clave primaria: "PUBLIC.UK_NOTIFICATIONS_UUID_INDEX_C ON PUBLIC.NOTIFICATIONS(UUID NULLS FIRST) VALUES ( /* 1 */ UUID '9f0192ae-d19a-45a9-881b-324bb0a72ad1' )"
Unique index or primary key violation: "PUBLIC.UK_NOTIFICATIONS_UUID_INDEX_C ON PUBLIC.NOTIFICATIONS(UUID NULLS FIRST) VALUES ( /* 1 */ UUID '9f0192ae-d19a-45a9-881b-324bb0a72ad1' )"; SQL statement:
insert into notifications (content_attributes,content_body,created_at,error_message,priority,recipient_attributes,recipient_device_token,recipient_email,recipient_phone,recipient_user_id,requester_id,retry_count,scheduled_for,sent_at,source_service,status,subject,template_id,uuid,id) values (?,?,?,?,?,?,?,?,?,?,?,?,?,?,?,?,?,?,?,default) [23505-232]] [insert into notifications (content_attributes,content_body,created_at,error_message,priority,recipient_attributes,recipient_device_token,recipient_email,recipient_phone,recipient_user_id,requester_id,retry_count,scheduled_for,sent_at,source_service,status,subject,template_id,uuid,id) values (?,?,?,?,?,?,?,?,?,?,?,?,?,?,?,?,?,?,?,default)]; SQL [insert into notifications (content_attributes,content_body,created_at,error_message,priority,recipient_attributes,recipient_device_token,recipient_email,recipient_phone,recipient_user_id,requester_id,retry_count,scheduled_for,sent_at,source_service,status,subject,template_id,uuid,id) values (?,?,?,?,?,?,?,?,?,?,?,?,?,?,?,?,?,?,?,default)]; constraint [PUBLIC.UK_NOTIFICATIONS_UUID_INDEX_C]
2025-07-31 12:07:57,435 [http-nio-8080-exec-10] DEBUG e.m.n.i.a.o.monitoring.LoggingAdapter              - SerializationServiceAdapter.serialize - Serializando objeto: {}
2025-07-31 12:07:57,444 [http-nio-8080-exec-10] DEBUG e.m.n.i.a.o.monitoring.LoggingAdapter              - saveFailedEventToOutbox - Call outboxRepository.save
2025-07-31 12:07:57,447 [http-nio-8080-exec-10] DEBUG e.m.n.i.a.o.monitoring.LoggingAdapter              - saveFailedEventToOutbox - Event saved successfully
2025-07-31 12:07:57,448 [http-nio-8080-exec-10] INFO  e.m.n.i.a.o.p.m.NotificationOutputMapper           - toEntity - Init
2025-07-31 12:07:57,448 [http-nio-8080-exec-10] INFO  e.m.n.i.a.o.p.m.NotificationOutputMapper           - toEntity - End
2025-07-31 12:07:57,449 [http-nio-8080-exec-10] WARN  o.h.engine.jdbc.spi.SqlExceptionHelper             - SQL Error: 22001, SQLState: 22001
2025-07-31 12:07:57,449 [http-nio-8080-exec-10] ERROR o.h.engine.jdbc.spi.SqlExceptionHelper             - Valor demasiado largo para la columna "ERROR_MESSAGE CHARACTER VARYING(255)": "U&'Error sending notification: could not execute statement [Violaci\\00f3n de ind... (1542)"
Value too long for column "ERROR_MESSAGE CHARACTER VARYING(255)": "U&'Error sending notification: could not execute statement [Violaci\\00f3n de ind... (1542)"; SQL statement:
insert into notifications (content_attributes,content_body,created_at,error_message,priority,recipient_attributes,recipient_device_token,recipient_email,recipient_phone,recipient_user_id,requester_id,retry_count,scheduled_for,sent_at,source_service,status,subject,template_id,uuid,id) values (?,?,?,?,?,?,?,?,?,?,?,?,?,?,?,?,?,?,?,default) [22001-232]
2025-07-31 12:07:57,451 [http-nio-8080-exec-10] ERROR e.m.n.i.a.i.w.e.RestExceptionHandler               - handleAllUncaughtException - Unexpected error occurred: could not execute statement [Valor demasiado largo para la columna "ERROR_MESSAGE CHARACTER VARYING(255)": "U&'Error sending notification: could not execute statement [Violaci\\00f3n de ind... (1542)"
Value too long for column "ERROR_MESSAGE CHARACTER VARYING(255)": "U&'Error sending notification: could not execute statement [Violaci\\00f3n de ind... (1542)"; SQL statement:
insert into notifications (content_attributes,content_body,created_at,error_message,priority,recipient_attributes,recipient_device_token,recipient_email,recipient_phone,recipient_user_id,requester_id,retry_count,scheduled_for,sent_at,source_service,status,subject,template_id,uuid,id) values (?,?,?,?,?,?,?,?,?,?,?,?,?,?,?,?,?,?,?,default) [22001-232]] [insert into notifications (content_attributes,content_body,created_at,error_message,priority,recipient_attributes,recipient_device_token,recipient_email,recipient_phone,recipient_user_id,requester_id,retry_count,scheduled_for,sent_at,source_service,status,subject,template_id,uuid,id) values (?,?,?,?,?,?,?,?,?,?,?,?,?,?,?,?,?,?,?,default)]; SQL [insert into notifications (content_attributes,content_body,created_at,error_message,priority,recipient_attributes,recipient_device_token,recipient_email,recipient_phone,recipient_user_id,requester_id,retry_count,scheduled_for,sent_at,source_service,status,subject,template_id,uuid,id) values (?,?,?,?,?,?,?,?,?,?,?,?,?,?,?,?,?,?,?,default)]
org.springframework.dao.DataIntegrityViolationException: could not execute statement [Valor demasiado largo para la columna "ERROR_MESSAGE CHARACTER VARYING(255)": "U&'Error sending notification: could not execute statement [Violaci\\00f3n de ind... (1542)"
Value too long for column "ERROR_MESSAGE CHARACTER VARYING(255)": "U&'Error sending notification: could not execute statement [Violaci\\00f3n de ind... (1542)"; SQL statement:
insert into notifications (content_attributes,content_body,created_at,error_message,priority,recipient_attributes,recipient_device_token,recipient_email,recipient_phone,recipient_user_id,requester_id,retry_count,scheduled_for,sent_at,source_service,status,subject,template_id,uuid,id) values (?,?,?,?,?,?,?,?,?,?,?,?,?,?,?,?,?,?,?,default) [22001-232]] [insert into notifications (content_attributes,content_body,created_at,error_message,priority,recipient_attributes,recipient_device_token,recipient_email,recipient_phone,recipient_user_id,requester_id,retry_count,scheduled_for,sent_at,source_service,status,subject,template_id,uuid,id) values (?,?,?,?,?,?,?,?,?,?,?,?,?,?,?,?,?,?,?,default)]; SQL [insert into notifications (content_attributes,content_body,created_at,error_message,priority,recipient_attributes,recipient_device_token,recipient_email,recipient_phone,recipient_user_id,requester_id,retry_count,scheduled_for,sent_at,source_service,status,subject,template_id,uuid,id) values (?,?,?,?,?,?,?,?,?,?,?,?,?,?,?,?,?,?,?,default)]
	at org.springframework.orm.jpa.vendor.HibernateJpaDialect.convertHibernateAccessException(HibernateJpaDialect.java:297)
	at org.springframework.orm.jpa.vendor.HibernateJpaDialect.convertHibernateAccessException(HibernateJpaDialect.java:256)
	at org.springframework.orm.jpa.vendor.HibernateJpaDialect.translateExceptionIfPossible(HibernateJpaDialect.java:241)
	at org.springframework.orm.jpa.AbstractEntityManagerFactoryBean.translateExceptionIfPossible(AbstractEntityManagerFactoryBean.java:560)
	at org.springframework.dao.support.ChainedPersistenceExceptionTranslator.translateExceptionIfPossible(ChainedPersistenceExceptionTranslator.java:61)
	at org.springframework.dao.support.DataAccessUtils.translateIfNecessary(DataAccessUtils.java:343)
	at org.springframework.dao.support.PersistenceExceptionTranslationInterceptor.invoke(PersistenceExceptionTranslationInterceptor.java:160)
	at org.springframework.aop.framework.ReflectiveMethodInvocation.proceed(ReflectiveMethodInvocation.java:184)
	at org.springframework.data.jpa.repository.support.CrudMethodMetadataPostProcessor$CrudMethodMetadataPopulatingMethodInterceptor.invoke(CrudMethodMetadataPostProcessor.java:165)
	at org.springframework.aop.framework.ReflectiveMethodInvocation.proceed(ReflectiveMethodInvocation.java:184)
	at org.springframework.aop.framework.JdkDynamicAopProxy.invoke(JdkDynamicAopProxy.java:223)
	at jdk.proxy2/jdk.proxy2.$Proxy186.save(Unknown Source)
	at edu.market.notification.infrastructure.adapter.output.persistence.NotificationRepositoryAdapter.save(NotificationRepositoryAdapter.java:36)
	at java.base/jdk.internal.reflect.DirectMethodHandleAccessor.invoke(DirectMethodHandleAccessor.java:103)
	at java.base/java.lang.reflect.Method.invoke(Method.java:580)
	at org.springframework.aop.support.AopUtils.invokeJoinpointUsingReflection(AopUtils.java:359)
	at org.springframework.aop.framework.ReflectiveMethodInvocation.invokeJoinpoint(ReflectiveMethodInvocation.java:196)
	at org.springframework.aop.framework.ReflectiveMethodInvocation.proceed(ReflectiveMethodInvocation.java:163)
	at org.springframework.transaction.interceptor.TransactionAspectSupport.invokeWithinTransaction(TransactionAspectSupport.java:380)
	at org.springframework.transaction.interceptor.TransactionInterceptor.invoke(TransactionInterceptor.java:119)
	at org.springframework.aop.framework.ReflectiveMethodInvocation.proceed(ReflectiveMethodInvocation.java:184)
	at org.springframework.aop.framework.CglibAopProxy$DynamicAdvisedInterceptor.intercept(CglibAopProxy.java:728)
	at edu.market.notification.infrastructure.adapter.output.persistence.NotificationRepositoryAdapter$$SpringCGLIB$$0.save(<generated>)
	at edu.market.notification.application.usecase.notification.SendNotificationUseCase.send(SendNotificationUseCase.java:125)
	at edu.market.notification.infrastructure.adapter.input.web.controller.NotificationController.sendNotification(NotificationController.java:156)
	at java.base/jdk.internal.reflect.DirectMethodHandleAccessor.invoke(DirectMethodHandleAccessor.java:103)
	at java.base/java.lang.reflect.Method.invoke(Method.java:580)
	at org.springframework.web.method.support.InvocableHandlerMethod.doInvoke(InvocableHandlerMethod.java:258)
	at org.springframework.web.method.support.InvocableHandlerMethod.invokeForRequest(InvocableHandlerMethod.java:191)
	at org.springframework.web.servlet.mvc.method.annotation.ServletInvocableHandlerMethod.invokeAndHandle(ServletInvocableHandlerMethod.java:118)
	at org.springframework.web.servlet.mvc.method.annotation.RequestMappingHandlerAdapter.invokeHandlerMethod(RequestMappingHandlerAdapter.java:986)
	at org.springframework.web.servlet.mvc.method.annotation.RequestMappingHandlerAdapter.handleInternal(RequestMappingHandlerAdapter.java:891)
	at org.springframework.web.servlet.mvc.method.AbstractHandlerMethodAdapter.handle(AbstractHandlerMethodAdapter.java:87)
	at org.springframework.web.servlet.DispatcherServlet.doDispatch(DispatcherServlet.java:1089)
	at org.springframework.web.servlet.DispatcherServlet.doService(DispatcherServlet.java:979)
	at org.springframework.web.servlet.FrameworkServlet.processRequest(FrameworkServlet.java:1014)
	at org.springframework.web.servlet.FrameworkServlet.doPost(FrameworkServlet.java:914)
	at jakarta.servlet.http.HttpServlet.service(HttpServlet.java:590)
	at org.springframework.web.servlet.FrameworkServlet.service(FrameworkServlet.java:885)
	at jakarta.servlet.http.HttpServlet.service(HttpServlet.java:658)
	at org.apache.catalina.core.ApplicationFilterChain.internalDoFilter(ApplicationFilterChain.java:195)
	at org.apache.catalina.core.ApplicationFilterChain.doFilter(ApplicationFilterChain.java:140)
	at org.apache.tomcat.websocket.server.WsFilter.doFilter(WsFilter.java:51)
	at org.apache.catalina.core.ApplicationFilterChain.internalDoFilter(ApplicationFilterChain.java:164)
	at org.apache.catalina.core.ApplicationFilterChain.doFilter(ApplicationFilterChain.java:140)
	at org.springframework.web.filter.CompositeFilter$VirtualFilterChain.doFilter(CompositeFilter.java:108)
	at org.springframework.security.web.FilterChainProxy.lambda$doFilterInternal$3(FilterChainProxy.java:231)
	at org.springframework.security.web.ObservationFilterChainDecorator$FilterObservation$SimpleFilterObservation.lambda$wrap$1(ObservationFilterChainDecorator.java:479)
	at org.springframework.security.web.ObservationFilterChainDecorator$AroundFilterObservation$SimpleAroundFilterObservation.lambda$wrap$1(ObservationFilterChainDecorator.java:340)
	at org.springframework.security.web.ObservationFilterChainDecorator.lambda$wrapSecured$0(ObservationFilterChainDecorator.java:82)
	at org.springframework.security.web.ObservationFilterChainDecorator$VirtualFilterChain.doFilter(ObservationFilterChainDecorator.java:128)
	at org.springframework.security.web.access.intercept.AuthorizationFilter.doFilter(AuthorizationFilter.java:101)
	at org.springframework.security.web.ObservationFilterChainDecorator$ObservationFilter.wrapFilter(ObservationFilterChainDecorator.java:240)
	at org.springframework.security.web.ObservationFilterChainDecorator$ObservationFilter.doFilter(ObservationFilterChainDecorator.java:227)
	at org.springframework.security.web.ObservationFilterChainDecorator$VirtualFilterChain.doFilter(ObservationFilterChainDecorator.java:137)
	at org.springframework.security.web.access.ExceptionTranslationFilter.doFilter(ExceptionTranslationFilter.java:126)
	at org.springframework.security.web.access.ExceptionTranslationFilter.doFilter(ExceptionTranslationFilter.java:120)
	at org.springframework.security.web.ObservationFilterChainDecorator$ObservationFilter.wrapFilter(ObservationFilterChainDecorator.java:240)
	at org.springframework.security.web.ObservationFilterChainDecorator$ObservationFilter.doFilter(ObservationFilterChainDecorator.java:227)
	at org.springframework.security.web.ObservationFilterChainDecorator$VirtualFilterChain.doFilter(ObservationFilterChainDecorator.java:137)
	at org.springframework.security.web.authentication.AnonymousAuthenticationFilter.doFilter(AnonymousAuthenticationFilter.java:100)
	at org.springframework.security.web.ObservationFilterChainDecorator$ObservationFilter.wrapFilter(ObservationFilterChainDecorator.java:240)
	at org.springframework.security.web.ObservationFilterChainDecorator$ObservationFilter.doFilter(ObservationFilterChainDecorator.java:227)
	at org.springframework.security.web.ObservationFilterChainDecorator$VirtualFilterChain.doFilter(ObservationFilterChainDecorator.java:137)
	at org.springframework.security.web.servletapi.SecurityContextHolderAwareRequestFilter.doFilter(SecurityContextHolderAwareRequestFilter.java:179)
	at org.springframework.security.web.ObservationFilterChainDecorator$ObservationFilter.wrapFilter(ObservationFilterChainDecorator.java:240)
	at org.springframework.security.web.ObservationFilterChainDecorator$ObservationFilter.doFilter(ObservationFilterChainDecorator.java:227)
	at org.springframework.security.web.ObservationFilterChainDecorator$VirtualFilterChain.doFilter(ObservationFilterChainDecorator.java:137)
	at org.springframework.security.web.savedrequest.RequestCacheAwareFilter.doFilter(RequestCacheAwareFilter.java:63)
	at org.springframework.security.web.ObservationFilterChainDecorator$ObservationFilter.wrapFilter(ObservationFilterChainDecorator.java:240)
	at org.springframework.security.web.ObservationFilterChainDecorator$ObservationFilter.doFilter(ObservationFilterChainDecorator.java:227)
	at org.springframework.security.web.ObservationFilterChainDecorator$VirtualFilterChain.doFilter(ObservationFilterChainDecorator.java:137)
	at org.springframework.security.web.authentication.logout.LogoutFilter.doFilter(LogoutFilter.java:107)
	at org.springframework.security.web.authentication.logout.LogoutFilter.doFilter(LogoutFilter.java:93)
	at org.springframework.security.web.ObservationFilterChainDecorator$ObservationFilter.wrapFilter(ObservationFilterChainDecorator.java:240)
	at org.springframework.security.web.ObservationFilterChainDecorator$ObservationFilter.doFilter(ObservationFilterChainDecorator.java:227)
	at org.springframework.security.web.ObservationFilterChainDecorator$VirtualFilterChain.doFilter(ObservationFilterChainDecorator.java:137)
	at org.springframework.security.web.header.HeaderWriterFilter.doHeadersAfter(HeaderWriterFilter.java:90)
	at org.springframework.security.web.header.HeaderWriterFilter.doFilterInternal(HeaderWriterFilter.java:75)
	at org.springframework.web.filter.OncePerRequestFilter.doFilter(OncePerRequestFilter.java:116)
	at org.springframework.security.web.ObservationFilterChainDecorator$ObservationFilter.wrapFilter(ObservationFilterChainDecorator.java:240)
	at org.springframework.security.web.ObservationFilterChainDecorator$ObservationFilter.doFilter(ObservationFilterChainDecorator.java:227)
	at org.springframework.security.web.ObservationFilterChainDecorator$VirtualFilterChain.doFilter(ObservationFilterChainDecorator.java:137)
	at org.springframework.security.web.context.SecurityContextHolderFilter.doFilter(SecurityContextHolderFilter.java:82)
	at org.springframework.security.web.context.SecurityContextHolderFilter.doFilter(SecurityContextHolderFilter.java:69)
	at org.springframework.security.web.ObservationFilterChainDecorator$ObservationFilter.wrapFilter(ObservationFilterChainDecorator.java:240)
	at org.springframework.security.web.ObservationFilterChainDecorator$ObservationFilter.doFilter(ObservationFilterChainDecorator.java:227)
	at org.springframework.security.web.ObservationFilterChainDecorator$VirtualFilterChain.doFilter(ObservationFilterChainDecorator.java:137)
	at org.springframework.security.web.context.request.async.WebAsyncManagerIntegrationFilter.doFilterInternal(WebAsyncManagerIntegrationFilter.java:62)
	at org.springframework.web.filter.OncePerRequestFilter.doFilter(OncePerRequestFilter.java:116)
	at org.springframework.security.web.ObservationFilterChainDecorator$ObservationFilter.wrapFilter(ObservationFilterChainDecorator.java:240)
	at org.springframework.security.web.ObservationFilterChainDecorator$ObservationFilter.doFilter(ObservationFilterChainDecorator.java:227)
	at org.springframework.security.web.ObservationFilterChainDecorator$VirtualFilterChain.doFilter(ObservationFilterChainDecorator.java:137)
	at org.springframework.security.web.session.DisableEncodeUrlFilter.doFilterInternal(DisableEncodeUrlFilter.java:42)
	at org.springframework.web.filter.OncePerRequestFilter.doFilter(OncePerRequestFilter.java:116)
	at org.springframework.security.web.ObservationFilterChainDecorator$ObservationFilter.wrapFilter(ObservationFilterChainDecorator.java:240)
	at org.springframework.security.web.ObservationFilterChainDecorator$AroundFilterObservation$SimpleAroundFilterObservation.lambda$wrap$0(ObservationFilterChainDecorator.java:323)
	at org.springframework.security.web.ObservationFilterChainDecorator$ObservationFilter.doFilter(ObservationFilterChainDecorator.java:224)
	at org.springframework.security.web.ObservationFilterChainDecorator$VirtualFilterChain.doFilter(ObservationFilterChainDecorator.java:137)
	at org.springframework.security.web.FilterChainProxy.doFilterInternal(FilterChainProxy.java:233)
	at org.springframework.security.web.FilterChainProxy.doFilter(FilterChainProxy.java:191)
	at org.springframework.web.filter.CompositeFilter$VirtualFilterChain.doFilter(CompositeFilter.java:113)
	at org.springframework.web.servlet.handler.HandlerMappingIntrospector.lambda$createCacheFilter$3(HandlerMappingIntrospector.java:243)
	at org.springframework.web.filter.CompositeFilter$VirtualFilterChain.doFilter(CompositeFilter.java:113)
	at org.springframework.web.filter.CompositeFilter.doFilter(CompositeFilter.java:74)
	at org.springframework.security.config.annotation.web.configuration.WebMvcSecurityConfiguration$CompositeFilterChainProxy.doFilter(WebMvcSecurityConfiguration.java:238)
	at org.springframework.web.filter.DelegatingFilterProxy.invokeDelegate(DelegatingFilterProxy.java:362)
	at org.springframework.web.filter.DelegatingFilterProxy.doFilter(DelegatingFilterProxy.java:278)
	at org.apache.catalina.core.ApplicationFilterChain.internalDoFilter(ApplicationFilterChain.java:164)
	at org.apache.catalina.core.ApplicationFilterChain.doFilter(ApplicationFilterChain.java:140)
	at org.springframework.web.filter.RequestContextFilter.doFilterInternal(RequestContextFilter.java:100)
	at org.springframework.web.filter.OncePerRequestFilter.doFilter(OncePerRequestFilter.java:116)
	at org.apache.catalina.core.ApplicationFilterChain.internalDoFilter(ApplicationFilterChain.java:164)
	at org.apache.catalina.core.ApplicationFilterChain.doFilter(ApplicationFilterChain.java:140)
	at org.springframework.web.filter.FormContentFilter.doFilterInternal(FormContentFilter.java:93)
	at org.springframework.web.filter.OncePerRequestFilter.doFilter(OncePerRequestFilter.java:116)
	at org.apache.catalina.core.ApplicationFilterChain.internalDoFilter(ApplicationFilterChain.java:164)
	at org.apache.catalina.core.ApplicationFilterChain.doFilter(ApplicationFilterChain.java:140)
	at org.springframework.web.filter.ServerHttpObservationFilter.doFilterInternal(ServerHttpObservationFilter.java:114)
	at org.springframework.web.filter.OncePerRequestFilter.doFilter(OncePerRequestFilter.java:116)
	at org.apache.catalina.core.ApplicationFilterChain.internalDoFilter(ApplicationFilterChain.java:164)
	at org.apache.catalina.core.ApplicationFilterChain.doFilter(ApplicationFilterChain.java:140)
	at org.springframework.web.filter.CharacterEncodingFilter.doFilterInternal(CharacterEncodingFilter.java:201)
	at org.springframework.web.filter.OncePerRequestFilter.doFilter(OncePerRequestFilter.java:116)
	at org.apache.catalina.core.ApplicationFilterChain.internalDoFilter(ApplicationFilterChain.java:164)
	at org.apache.catalina.core.ApplicationFilterChain.doFilter(ApplicationFilterChain.java:140)
	at org.apache.catalina.core.StandardWrapperValve.invoke(StandardWrapperValve.java:167)
	at org.apache.catalina.core.StandardContextValve.invoke(StandardContextValve.java:90)
	at org.apache.catalina.authenticator.AuthenticatorBase.invoke(AuthenticatorBase.java:483)
	at org.apache.catalina.core.StandardHostValve.invoke(StandardHostValve.java:116)
	at org.apache.catalina.valves.ErrorReportValve.invoke(ErrorReportValve.java:93)
	at org.apache.catalina.core.StandardEngineValve.invoke(StandardEngineValve.java:74)
	at org.apache.catalina.connector.CoyoteAdapter.service(CoyoteAdapter.java:344)
	at org.apache.coyote.http11.Http11Processor.service(Http11Processor.java:398)
	at org.apache.coyote.AbstractProcessorLight.process(AbstractProcessorLight.java:63)
	at org.apache.coyote.AbstractProtocol$ConnectionHandler.process(AbstractProtocol.java:903)
	at org.apache.tomcat.util.net.NioEndpoint$SocketProcessor.doRun(NioEndpoint.java:1740)
	at org.apache.tomcat.util.net.SocketProcessorBase.run(SocketProcessorBase.java:52)
	at org.apache.tomcat.util.threads.ThreadPoolExecutor.runWorker(ThreadPoolExecutor.java:1189)
	at org.apache.tomcat.util.threads.ThreadPoolExecutor$Worker.run(ThreadPoolExecutor.java:658)
	at org.apache.tomcat.util.threads.TaskThread$WrappingRunnable.run(TaskThread.java:63)
	at java.base/java.lang.Thread.run(Thread.java:1583)
Caused by: org.hibernate.exception.DataException: could not execute statement [Valor demasiado largo para la columna "ERROR_MESSAGE CHARACTER VARYING(255)": "U&'Error sending notification: could not execute statement [Violaci\\00f3n de ind... (1542)"
Value too long for column "ERROR_MESSAGE CHARACTER VARYING(255)": "U&'Error sending notification: could not execute statement [Violaci\\00f3n de ind... (1542)"; SQL statement:
insert into notifications (content_attributes,content_body,created_at,error_message,priority,recipient_attributes,recipient_device_token,recipient_email,recipient_phone,recipient_user_id,requester_id,retry_count,scheduled_for,sent_at,source_service,status,subject,template_id,uuid,id) values (?,?,?,?,?,?,?,?,?,?,?,?,?,?,?,?,?,?,?,default) [22001-232]] [insert into notifications (content_attributes,content_body,created_at,error_message,priority,recipient_attributes,recipient_device_token,recipient_email,recipient_phone,recipient_user_id,requester_id,retry_count,scheduled_for,sent_at,source_service,status,subject,template_id,uuid,id) values (?,?,?,?,?,?,?,?,?,?,?,?,?,?,?,?,?,?,?,default)]
	at org.hibernate.exception.internal.SQLExceptionTypeDelegate.convert(SQLExceptionTypeDelegate.java:55)
	at org.hibernate.exception.internal.StandardSQLExceptionConverter.convert(StandardSQLExceptionConverter.java:58)
	at org.hibernate.engine.jdbc.spi.SqlExceptionHelper.convert(SqlExceptionHelper.java:108)
	at org.hibernate.engine.jdbc.internal.ResultSetReturnImpl.executeUpdate(ResultSetReturnImpl.java:197)
	at org.hibernate.id.insert.GetGeneratedKeysDelegate.performMutation(GetGeneratedKeysDelegate.java:116)
	at org.hibernate.engine.jdbc.mutation.internal.MutationExecutorSingleNonBatched.performNonBatchedOperations(MutationExecutorSingleNonBatched.java:47)
	at org.hibernate.engine.jdbc.mutation.internal.AbstractMutationExecutor.execute(AbstractMutationExecutor.java:55)
	at org.hibernate.persister.entity.mutation.InsertCoordinatorStandard.doStaticInserts(InsertCoordinatorStandard.java:194)
	at org.hibernate.persister.entity.mutation.InsertCoordinatorStandard.coordinateInsert(InsertCoordinatorStandard.java:132)
	at org.hibernate.persister.entity.mutation.InsertCoordinatorStandard.insert(InsertCoordinatorStandard.java:95)
	at org.hibernate.action.internal.EntityIdentityInsertAction.execute(EntityIdentityInsertAction.java:85)
	at org.hibernate.engine.spi.ActionQueue.execute(ActionQueue.java:682)
	at org.hibernate.engine.spi.ActionQueue.addResolvedEntityInsertAction(ActionQueue.java:293)
	at org.hibernate.engine.spi.ActionQueue.addInsertAction(ActionQueue.java:274)
	at org.hibernate.engine.spi.ActionQueue.addAction(ActionQueue.java:324)
	at org.hibernate.event.internal.AbstractSaveEventListener.addInsertAction(AbstractSaveEventListener.java:393)
	at org.hibernate.event.internal.AbstractSaveEventListener.performSaveOrReplicate(AbstractSaveEventListener.java:307)
	at org.hibernate.event.internal.AbstractSaveEventListener.performSave(AbstractSaveEventListener.java:223)
	at org.hibernate.event.internal.AbstractSaveEventListener.saveWithGeneratedId(AbstractSaveEventListener.java:136)
	at org.hibernate.event.internal.DefaultPersistEventListener.entityIsTransient(DefaultPersistEventListener.java:177)
	at org.hibernate.event.internal.DefaultPersistEventListener.persist(DefaultPersistEventListener.java:95)
	at org.hibernate.event.internal.DefaultPersistEventListener.onPersist(DefaultPersistEventListener.java:79)
	at org.hibernate.event.internal.DefaultPersistEventListener.onPersist(DefaultPersistEventListener.java:55)
	at org.hibernate.event.service.internal.EventListenerGroupImpl.fireEventOnEachListener(EventListenerGroupImpl.java:127)
	at org.hibernate.internal.SessionImpl.firePersist(SessionImpl.java:761)
	at org.hibernate.internal.SessionImpl.persist(SessionImpl.java:745)
	at java.base/jdk.internal.reflect.DirectMethodHandleAccessor.invoke(DirectMethodHandleAccessor.java:103)
	at java.base/java.lang.reflect.Method.invoke(Method.java:580)
	at org.springframework.orm.jpa.ExtendedEntityManagerCreator$ExtendedEntityManagerInvocationHandler.invoke(ExtendedEntityManagerCreator.java:364)
	at jdk.proxy2/jdk.proxy2.$Proxy175.persist(Unknown Source)
	at java.base/jdk.internal.reflect.DirectMethodHandleAccessor.invoke(DirectMethodHandleAccessor.java:103)
	at java.base/java.lang.reflect.Method.invoke(Method.java:580)
	at org.springframework.orm.jpa.SharedEntityManagerCreator$SharedEntityManagerInvocationHandler.invoke(SharedEntityManagerCreator.java:320)
	at jdk.proxy2/jdk.proxy2.$Proxy175.persist(Unknown Source)
	at org.springframework.data.jpa.repository.support.SimpleJpaRepository.save(SimpleJpaRepository.java:636)
	at java.base/jdk.internal.reflect.DirectMethodHandleAccessor.invoke(DirectMethodHandleAccessor.java:103)
	at java.base/java.lang.reflect.Method.invoke(Method.java:580)
	at org.springframework.aop.support.AopUtils.invokeJoinpointUsingReflection(AopUtils.java:359)
	at org.springframework.data.repository.core.support.RepositoryMethodInvoker$RepositoryFragmentMethodInvoker.lambda$new$0(RepositoryMethodInvoker.java:277)
	at org.springframework.data.repository.core.support.RepositoryMethodInvoker.doInvoke(RepositoryMethodInvoker.java:170)
	at org.springframework.data.repository.core.support.RepositoryMethodInvoker.invoke(RepositoryMethodInvoker.java:158)
	at org.springframework.data.repository.core.support.RepositoryComposition$RepositoryFragments.invoke(RepositoryComposition.java:515)
	at org.springframework.data.repository.core.support.RepositoryComposition.invoke(RepositoryComposition.java:284)
	at org.springframework.data.repository.core.support.RepositoryFactorySupport$ImplementationMethodExecutionInterceptor.invoke(RepositoryFactorySupport.java:731)
	at org.springframework.aop.framework.ReflectiveMethodInvocation.proceed(ReflectiveMethodInvocation.java:184)
	at org.springframework.data.repository.core.support.QueryExecutorMethodInterceptor.doInvoke(QueryExecutorMethodInterceptor.java:174)
	at org.springframework.data.repository.core.support.QueryExecutorMethodInterceptor.invoke(QueryExecutorMethodInterceptor.java:149)
	at org.springframework.aop.framework.ReflectiveMethodInvocation.proceed(ReflectiveMethodInvocation.java:184)
	at org.springframework.data.projection.DefaultMethodInvokingMethodInterceptor.invoke(DefaultMethodInvokingMethodInterceptor.java:69)
	at org.springframework.aop.framework.ReflectiveMethodInvocation.proceed(ReflectiveMethodInvocation.java:184)
	at org.springframework.transaction.interceptor.TransactionAspectSupport.invokeWithinTransaction(TransactionAspectSupport.java:380)
	at org.springframework.transaction.interceptor.TransactionInterceptor.invoke(TransactionInterceptor.java:119)
	at org.springframework.aop.framework.ReflectiveMethodInvocation.proceed(ReflectiveMethodInvocation.java:184)
	at org.springframework.dao.support.PersistenceExceptionTranslationInterceptor.invoke(PersistenceExceptionTranslationInterceptor.java:138)
	... 135 common frames omitted
Caused by: org.h2.jdbc.JdbcSQLDataException: Valor demasiado largo para la columna "ERROR_MESSAGE CHARACTER VARYING(255)": "U&'Error sending notification: could not execute statement [Violaci\\00f3n de ind... (1542)"
Value too long for column "ERROR_MESSAGE CHARACTER VARYING(255)": "U&'Error sending notification: could not execute statement [Violaci\\00f3n de ind... (1542)"; SQL statement:
insert into notifications (content_attributes,content_body,created_at,error_message,priority,recipient_attributes,recipient_device_token,recipient_email,recipient_phone,recipient_user_id,requester_id,retry_count,scheduled_for,sent_at,source_service,status,subject,template_id,uuid,id) values (?,?,?,?,?,?,?,?,?,?,?,?,?,?,?,?,?,?,?,default) [22001-232]
	at org.h2.message.DbException.getJdbcSQLException(DbException.java:518)
	at org.h2.message.DbException.getJdbcSQLException(DbException.java:489)
	at org.h2.message.DbException.get(DbException.java:223)
	at org.h2.message.DbException.getValueTooLongException(DbException.java:334)
	at org.h2.value.Value.getValueTooLongException(Value.java:2612)
	at org.h2.value.Value.convertToVarchar(Value.java:1287)
	at org.h2.value.Value.convertTo(Value.java:1143)
	at org.h2.value.Value.convertForAssignTo(Value.java:1118)
	at org.h2.table.Column.validateConvertUpdateSequence(Column.java:406)
	at org.h2.table.Table.convertInsertRow(Table.java:963)
	at org.h2.command.dml.Insert.insertRows(Insert.java:167)
	at org.h2.command.dml.Insert.update(Insert.java:135)
	at org.h2.command.CommandContainer.executeUpdateWithGeneratedKeys(CommandContainer.java:212)
	at org.h2.command.CommandContainer.update(CommandContainer.java:133)
	at org.h2.command.Command.executeUpdate(Command.java:304)
	at org.h2.command.Command.executeUpdate(Command.java:248)
	at org.h2.jdbc.JdbcPreparedStatement.executeUpdateInternal(JdbcPreparedStatement.java:213)
	at org.h2.jdbc.JdbcPreparedStatement.executeUpdate(JdbcPreparedStatement.java:172)
	at com.zaxxer.hikari.pool.ProxyPreparedStatement.executeUpdate(ProxyPreparedStatement.java:61)
	at com.zaxxer.hikari.pool.HikariProxyPreparedStatement.executeUpdate(HikariProxyPreparedStatement.java)
	at org.hibernate.engine.jdbc.internal.ResultSetReturnImpl.executeUpdate(ResultSetReturnImpl.java:194)
	... 185 common frames omitted
2025-07-31 12:11:08,430 [SpringApplicationShutdownHook] INFO  o.s.c.n.e.s.EurekaServiceRegistry                  - Unregistering application NOTIFICATION-SERVICE with eureka with status DOWN
2025-07-31 12:11:08,432 [SpringApplicationShutdownHook] INFO  o.s.b.w.embedded.tomcat.GracefulShutdown           - Commencing graceful shutdown. Waiting for active requests to complete
2025-07-31 12:11:08,437 [tomcat-shutdown] INFO  o.s.b.w.embedded.tomcat.GracefulShutdown           - Graceful shutdown complete
2025-07-31 12:11:08,448 [SpringApplicationShutdownHook] INFO  o.s.o.j.LocalContainerEntityManagerFactoryBean     - Closing JPA EntityManagerFactory for persistence unit 'default'
2025-07-31 12:11:08,449 [SpringApplicationShutdownHook] INFO  com.zaxxer.hikari.HikariDataSource                 - HikariPool-1 - Shutdown initiated...
2025-07-31 12:11:08,451 [SpringApplicationShutdownHook] INFO  com.zaxxer.hikari.HikariDataSource                 - HikariPool-1 - Shutdown completed.
2025-07-31 12:11:08,451 [SpringApplicationShutdownHook] INFO  com.netflix.discovery.DiscoveryClient              - Shutting down DiscoveryClient ...
2025-07-31 12:11:08,451 [SpringApplicationShutdownHook] INFO  com.netflix.discovery.DiscoveryClient              - Completed shut down of DiscoveryClient
2025-07-31 12:11:13,787 [background-preinit] INFO  o.h.validator.internal.util.Version                - HV000001: Hibernate Validator 8.0.2.Final
2025-07-31 12:11:13,827 [main] INFO  edu.market.notification.App                        - Starting App v1.0.0 using Java 21 with PID 13408 (C:\Users\ja2c\Desktop\Cursos\micro-servicio-archt\k8s\microservices\services\notification-service\target\classes started by ja2c in C:\Users\ja2c\Desktop\Cursos\micro-servicio-archt\k8s\microservices\services\notification-service)
2025-07-31 12:11:13,828 [main] DEBUG edu.market.notification.App                        - Running with Spring Boot v3.4.5, Spring v6.2.6
2025-07-31 12:11:13,828 [main] INFO  edu.market.notification.App                        - The following 1 profile is active: "dev"
2025-07-31 12:11:13,858 [main] INFO  o.s.c.c.c.ConfigServerConfigDataLoader             - Fetching config from server at : http://localhost:8890
2025-07-31 12:11:13,858 [main] INFO  o.s.c.c.c.ConfigServerConfigDataLoader             - Exception on Url - http://localhost:8890:org.springframework.web.client.ResourceAccessException: I/O error on GET request for "http://localhost:8890/notification-service/default": Connection refused: no further information. Will be trying the next url if available
2025-07-31 12:11:13,859 [main] WARN  o.s.c.c.c.ConfigServerConfigDataLoader             - Could not locate PropertySource ([ConfigServerConfigDataResource@2516fc68 uris = array<String>['http://localhost:8890'], optional = true, profiles = 'default']): I/O error on GET request for "http://localhost:8890/notification-service/default": Connection refused: no further information
2025-07-31 12:11:13,859 [main] INFO  o.s.c.c.c.ConfigServerConfigDataLoader             - Fetching config from server at : http://localhost:8890
2025-07-31 12:11:13,859 [main] INFO  o.s.c.c.c.ConfigServerConfigDataLoader             - Exception on Url - http://localhost:8890:org.springframework.web.client.ResourceAccessException: I/O error on GET request for "http://localhost:8890/notification-service/dev": Connection refused: no further information. Will be trying the next url if available
2025-07-31 12:11:13,859 [main] WARN  o.s.c.c.c.ConfigServerConfigDataLoader             - Could not locate PropertySource ([ConfigServerConfigDataResource@57f64f5e uris = array<String>['http://localhost:8890'], optional = true, profiles = 'dev']): I/O error on GET request for "http://localhost:8890/notification-service/dev": Connection refused: no further information
2025-07-31 12:11:13,859 [main] INFO  o.s.c.c.c.ConfigServerConfigDataLoader             - Fetching config from server at : http://localhost:8890
2025-07-31 12:11:13,859 [main] INFO  o.s.c.c.c.ConfigServerConfigDataLoader             - Exception on Url - http://localhost:8890:org.springframework.web.client.ResourceAccessException: I/O error on GET request for "http://localhost:8890/notification-service/default": Connection refused: no further information. Will be trying the next url if available
2025-07-31 12:11:13,859 [main] WARN  o.s.c.c.c.ConfigServerConfigDataLoader             - Could not locate PropertySource ([ConfigServerConfigDataResource@415e0bcb uris = array<String>['http://localhost:8890'], optional = true, profiles = 'default']): I/O error on GET request for "http://localhost:8890/notification-service/default": Connection refused: no further information
2025-07-31 12:11:14,926 [main] INFO  o.s.d.r.c.RepositoryConfigurationDelegate          - Bootstrapping Spring Data JPA repositories in DEFAULT mode.
2025-07-31 12:11:15,090 [main] INFO  o.s.d.r.c.RepositoryConfigurationDelegate          - Finished Spring Data repository scanning in 152 ms. Found 6 JPA repository interfaces.
2025-07-31 12:11:15,396 [main] INFO  o.s.cloud.context.scope.GenericScope               - BeanFactory id=3900db60-8d40-363c-9c55-ffe39cb1c59c
2025-07-31 12:11:16,156 [main] INFO  o.s.b.w.embedded.tomcat.TomcatWebServer            - Tomcat initialized with port 8080 (http)
2025-07-31 12:11:16,175 [main] INFO  o.apache.coyote.http11.Http11NioProtocol           - Initializing ProtocolHandler ["http-nio-8080"]
2025-07-31 12:11:16,178 [main] INFO  o.apache.catalina.core.StandardService             - Starting service [Tomcat]
2025-07-31 12:11:16,178 [main] INFO  org.apache.catalina.core.StandardEngine            - Starting Servlet engine: [Apache Tomcat/10.1.40]
2025-07-31 12:11:16,253 [main] INFO  o.a.c.c.C.[.[.[/notification-service]              - Initializing Spring embedded WebApplicationContext
2025-07-31 12:11:16,253 [main] INFO  o.s.b.w.s.c.ServletWebServerApplicationContext     - Root WebApplicationContext: initialization completed in 2392 ms
2025-07-31 12:11:16,658 [main] INFO  com.zaxxer.hikari.HikariDataSource                 - HikariPool-1 - Starting...
2025-07-31 12:11:16,826 [main] INFO  com.zaxxer.hikari.pool.HikariPool                  - HikariPool-1 - Added connection conn0: url=jdbc:h2:mem:notificationdb user=SA
2025-07-31 12:11:16,828 [main] INFO  com.zaxxer.hikari.HikariDataSource                 - HikariPool-1 - Start completed.
2025-07-31 12:11:17,087 [main] INFO  o.hibernate.jpa.internal.util.LogHelper            - HHH000204: Processing PersistenceUnitInfo [name: default]
2025-07-31 12:11:17,196 [main] INFO  org.hibernate.Version                              - HHH000412: Hibernate ORM core version 6.6.13.Final
2025-07-31 12:11:17,259 [main] INFO  o.h.c.internal.RegionFactoryInitiator              - HHH000026: Second-level cache disabled
2025-07-31 12:11:17,505 [main] INFO  o.s.o.j.p.SpringPersistenceUnitInfo                - No LoadTimeWeaver setup: ignoring JPA class transformer
2025-07-31 12:11:17,559 [main] INFO  org.hibernate.orm.connections.pooling              - HHH10001005: Database info:
	Database JDBC URL [Connecting through datasource 'HikariDataSource (HikariPool-1)']
	Database driver: undefined/unknown
	Database version: 2.3.232
	Autocommit mode: undefined/unknown
	Isolation level: undefined/unknown
	Minimum pool size: undefined/unknown
	Maximum pool size: undefined/unknown
2025-07-31 12:11:18,370 [main] INFO  o.h.e.t.j.p.i.JtaPlatformInitiator                 - HHH000489: No JTA platform available (set 'hibernate.transaction.jta.platform' to enable JTA platform integration)
2025-07-31 12:11:18,487 [main] INFO  o.s.o.j.LocalContainerEntityManagerFactoryBean     - Initialized JPA EntityManagerFactory for persistence unit 'default'
2025-07-31 12:11:18,926 [main] INFO  o.s.d.j.r.query.QueryEnhancerFactory               - Hibernate is in classpath; If applicable, HQL parser will be used.
2025-07-31 12:11:20,143 [main] WARN  o.s.b.a.o.j.JpaBaseConfiguration$JpaWebConfiguration - spring.jpa.open-in-view is enabled by default. Therefore, database queries may be performed during view rendering. Explicitly configure spring.jpa.open-in-view to disable this warning
2025-07-31 12:11:20,504 [main] INFO  o.s.b.a.e.web.EndpointLinksResolver                - Exposing 1 endpoint beneath base path '/actuator'
2025-07-31 12:11:20,905 [main] INFO  o.s.b.a.h2.H2ConsoleAutoConfiguration              - H2 console available at '/h2-console'. Database available at 'jdbc:h2:mem:notificationdb'
2025-07-31 12:11:20,947 [main] INFO  o.s.c.n.e.c.DiscoveryClientOptionalArgsConfiguration - Eureka HTTP Client uses RestTemplate.
2025-07-31 12:11:20,989 [main] WARN  o.s.c.l.c.LoadBalancerCacheAutoConfiguration$LoadBalancerCaffeineWarnLogger - Spring Cloud LoadBalancer is currently working with the default cache. While this cache implementation is useful for development and tests, it's recommended to use Caffeine cache in production.You can switch to using Caffeine cache, by adding it and org.springframework.cache.caffeine.CaffeineCacheManager to the classpath.
2025-07-31 12:11:21,036 [main] INFO  o.s.c.netflix.eureka.InstanceInfoFactory           - Setting initial instance status as: STARTING
2025-07-31 12:11:21,051 [main] INFO  com.netflix.discovery.DiscoveryClient              - Initializing Eureka in region us-east-1
2025-07-31 12:11:21,052 [main] INFO  com.netflix.discovery.DiscoveryClient              - Client configured to neither register nor query for data.
2025-07-31 12:11:21,053 [main] INFO  com.netflix.discovery.DiscoveryClient              - Discovery Client initialized at timestamp 1753978281053 with initial instances count: 0
2025-07-31 12:11:21,059 [main] INFO  o.s.c.n.e.s.EurekaServiceRegistry                  - Registering application NOTIFICATION-SERVICE with eureka with status UP
2025-07-31 12:11:21,060 [main] INFO  o.apache.coyote.http11.Http11NioProtocol           - Starting ProtocolHandler ["http-nio-8080"]
2025-07-31 12:11:21,072 [main] INFO  o.s.b.w.embedded.tomcat.TomcatWebServer            - Tomcat started on port 8080 (http) with context path '/notification-service'
2025-07-31 12:11:21,072 [main] INFO  o.s.c.n.e.s.EurekaAutoServiceRegistration          - Updating port to 8080
2025-07-31 12:11:21,087 [main] INFO  edu.market.notification.App                        - Started App in 8.195 seconds (process running for 8.664)
2025-07-31 12:11:24,648 [http-nio-8080-exec-1] INFO  o.a.c.c.C.[.[.[/notification-service]              - Initializing Spring DispatcherServlet 'dispatcherServlet'
2025-07-31 12:11:24,648 [http-nio-8080-exec-1] INFO  o.s.web.servlet.DispatcherServlet                  - Initializing Servlet 'dispatcherServlet'
2025-07-31 12:11:24,649 [http-nio-8080-exec-1] INFO  o.s.web.servlet.DispatcherServlet                  - Completed initialization in 1 ms
2025-07-31 12:11:24,712 [http-nio-8080-exec-1] INFO  e.m.n.i.a.i.w.c.NotificationController             - sendNotification - init
2025-07-31 12:11:24,713 [http-nio-8080-exec-1] DEBUG e.m.n.i.a.i.w.c.NotificationController             - sendNotification - Call notificationMapper.toNotificationCommand
2025-07-31 12:11:24,713 [http-nio-8080-exec-1] INFO  e.m.n.i.a.i.w.m.NotificationInputMapper            - toNotificationCommand - init
2025-07-31 12:11:24,713 [http-nio-8080-exec-1] INFO  e.m.n.i.a.i.w.m.NotificationInputMapper            - toNotificationCommand - end
2025-07-31 12:11:24,713 [http-nio-8080-exec-1] DEBUG e.m.n.i.a.i.w.c.NotificationController             - sendNotification - Create ClientContextCommand
2025-07-31 12:11:24,713 [http-nio-8080-exec-1] DEBUG e.m.n.i.a.i.web.util.RequestContextUtil            - Obteniendo IP del cliente
2025-07-31 12:11:24,714 [http-nio-8080-exec-1] DEBUG e.m.n.i.a.i.web.util.RequestContextUtil            - Obteniendo User-Agent del cliente
2025-07-31 12:11:24,714 [http-nio-8080-exec-1] DEBUG e.m.n.i.a.i.web.util.RequestContextUtil            - Obteniendo ruta de la petición
2025-07-31 12:11:24,715 [http-nio-8080-exec-1] DEBUG e.m.n.i.a.i.w.c.NotificationController             - sendNotification - Call sendNotificationUseCase.send
2025-07-31 12:11:24,715 [http-nio-8080-exec-1] INFO  e.m.n.i.a.o.monitoring.LoggingAdapter              - send - Init
2025-07-31 12:11:24,721 [http-nio-8080-exec-1] INFO  e.m.n.i.a.o.p.m.NotificationOutputMapper           - toEntity - Init
2025-07-31 12:11:24,722 [http-nio-8080-exec-1] INFO  e.m.n.i.a.o.p.m.NotificationOutputMapper           - toEntity - End
2025-07-31 12:11:24,785 [http-nio-8080-exec-1] DEBUG e.m.n.i.a.o.monitoring.LoggingAdapter              - send - Notification saved with ID: 0f8e5eb8-b391-4cc0-a04b-545659a4a2b3, channels: [SMS, EMAIL]
2025-07-31 12:11:24,785 [http-nio-8080-exec-1] DEBUG e.m.n.i.a.o.monitoring.LoggingAdapter              - NotificationChannelServiceAdapter.isAvailable - Verificando disponibilidad del canal {}
2025-07-31 12:11:24,785 [http-nio-8080-exec-1] DEBUG e.m.n.i.a.o.monitoring.LoggingAdapter              - send - Call notificationChannel.send
2025-07-31 12:11:24,785 [http-nio-8080-exec-1] INFO  e.m.n.i.a.o.monitoring.LoggingAdapter              - NotificationChannelServiceAdapter.send - Enviando notificación {} por canal {}
2025-07-31 12:11:24,790 [http-nio-8080-exec-1] INFO  e.m.n.i.a.o.monitoring.LoggingAdapter              - NotificationChannelServiceAdapter.send - Notificación {} enviada exitosamente
2025-07-31 12:11:24,790 [metricsCollectorExecutor-0] DEBUG e.m.n.i.a.o.m.MicrometerMetricsAdapter             - Incrementando contador de notificaciones para estado PROCESSING
2025-07-31 12:11:24,790 [metricsCollectorExecutor-1] DEBUG e.m.n.i.a.o.m.MicrometerMetricsAdapter             - Registrando métrica de notificación enviada para canal SMS
2025-07-31 12:11:24,792 [http-nio-8080-exec-1] DEBUG e.m.n.i.a.o.monitoring.LoggingAdapter              - send - Mark notification as sent
2025-07-31 12:11:24,792 [http-nio-8080-exec-1] DEBUG e.m.n.i.a.o.monitoring.LoggingAdapter              - send - Call notificationRepository.save for updated notification
2025-07-31 12:11:24,792 [http-nio-8080-exec-1] INFO  e.m.n.i.a.o.p.m.NotificationOutputMapper           - toEntity - Init
2025-07-31 12:11:24,792 [http-nio-8080-exec-1] INFO  e.m.n.i.a.o.p.m.NotificationOutputMapper           - toEntity - End
2025-07-31 12:11:24,793 [metricsCollectorExecutor-0] DEBUG e.m.n.i.a.o.m.MicrometerMetricsAdapter             - Contador de notificaciones incrementado exitosamente
2025-07-31 12:11:24,793 [metricsCollectorExecutor-1] DEBUG e.m.n.i.a.o.m.MicrometerMetricsAdapter             - Métrica de notificación enviada registrada exitosamente
2025-07-31 12:11:24,797 [http-nio-8080-exec-1] WARN  o.h.engine.jdbc.spi.SqlExceptionHelper             - SQL Error: 23505, SQLState: 23505
2025-07-31 12:11:24,797 [http-nio-8080-exec-1] ERROR o.h.engine.jdbc.spi.SqlExceptionHelper             - Violación de indice de Unicidad ó Clave primaria: "PUBLIC.UK_NOTIFICATIONS_UUID_INDEX_C ON PUBLIC.NOTIFICATIONS(UUID NULLS FIRST) VALUES ( /* 1 */ UUID '0f8e5eb8-b391-4cc0-a04b-545659a4a2b3' )"
Unique index or primary key violation: "PUBLIC.UK_NOTIFICATIONS_UUID_INDEX_C ON PUBLIC.NOTIFICATIONS(UUID NULLS FIRST) VALUES ( /* 1 */ UUID '0f8e5eb8-b391-4cc0-a04b-545659a4a2b3' )"; SQL statement:
insert into notifications (content_attributes,content_body,created_at,error_message,priority,recipient_attributes,recipient_device_token,recipient_email,recipient_phone,recipient_user_id,requester_id,retry_count,scheduled_for,sent_at,source_service,status,subject,template_id,uuid,id) values (?,?,?,?,?,?,?,?,?,?,?,?,?,?,?,?,?,?,?,default) [23505-232]
2025-07-31 12:11:24,804 [http-nio-8080-exec-1] ERROR e.m.n.i.a.o.monitoring.LoggingAdapter              - send - Exception occurred
org.springframework.dao.DataIntegrityViolationException: could not execute statement [Violación de indice de Unicidad ó Clave primaria: "PUBLIC.UK_NOTIFICATIONS_UUID_INDEX_C ON PUBLIC.NOTIFICATIONS(UUID NULLS FIRST) VALUES ( /* 1 */ UUID '0f8e5eb8-b391-4cc0-a04b-545659a4a2b3' )"
Unique index or primary key violation: "PUBLIC.UK_NOTIFICATIONS_UUID_INDEX_C ON PUBLIC.NOTIFICATIONS(UUID NULLS FIRST) VALUES ( /* 1 */ UUID '0f8e5eb8-b391-4cc0-a04b-545659a4a2b3' )"; SQL statement:
insert into notifications (content_attributes,content_body,created_at,error_message,priority,recipient_attributes,recipient_device_token,recipient_email,recipient_phone,recipient_user_id,requester_id,retry_count,scheduled_for,sent_at,source_service,status,subject,template_id,uuid,id) values (?,?,?,?,?,?,?,?,?,?,?,?,?,?,?,?,?,?,?,default) [23505-232]] [insert into notifications (content_attributes,content_body,created_at,error_message,priority,recipient_attributes,recipient_device_token,recipient_email,recipient_phone,recipient_user_id,requester_id,retry_count,scheduled_for,sent_at,source_service,status,subject,template_id,uuid,id) values (?,?,?,?,?,?,?,?,?,?,?,?,?,?,?,?,?,?,?,default)]; SQL [insert into notifications (content_attributes,content_body,created_at,error_message,priority,recipient_attributes,recipient_device_token,recipient_email,recipient_phone,recipient_user_id,requester_id,retry_count,scheduled_for,sent_at,source_service,status,subject,template_id,uuid,id) values (?,?,?,?,?,?,?,?,?,?,?,?,?,?,?,?,?,?,?,default)]; constraint [PUBLIC.UK_NOTIFICATIONS_UUID_INDEX_C]
	at org.springframework.orm.jpa.vendor.HibernateJpaDialect.convertHibernateAccessException(HibernateJpaDialect.java:294)
	at org.springframework.orm.jpa.vendor.HibernateJpaDialect.convertHibernateAccessException(HibernateJpaDialect.java:256)
	at org.springframework.orm.jpa.vendor.HibernateJpaDialect.translateExceptionIfPossible(HibernateJpaDialect.java:241)
	at org.springframework.orm.jpa.AbstractEntityManagerFactoryBean.translateExceptionIfPossible(AbstractEntityManagerFactoryBean.java:560)
	at org.springframework.dao.support.ChainedPersistenceExceptionTranslator.translateExceptionIfPossible(ChainedPersistenceExceptionTranslator.java:61)
	at org.springframework.dao.support.DataAccessUtils.translateIfNecessary(DataAccessUtils.java:343)
	at org.springframework.dao.support.PersistenceExceptionTranslationInterceptor.invoke(PersistenceExceptionTranslationInterceptor.java:160)
	at org.springframework.aop.framework.ReflectiveMethodInvocation.proceed(ReflectiveMethodInvocation.java:184)
	at org.springframework.data.jpa.repository.support.CrudMethodMetadataPostProcessor$CrudMethodMetadataPopulatingMethodInterceptor.invoke(CrudMethodMetadataPostProcessor.java:165)
	at org.springframework.aop.framework.ReflectiveMethodInvocation.proceed(ReflectiveMethodInvocation.java:184)
	at org.springframework.aop.framework.JdkDynamicAopProxy.invoke(JdkDynamicAopProxy.java:223)
	at jdk.proxy2/jdk.proxy2.$Proxy186.save(Unknown Source)
	at edu.market.notification.infrastructure.adapter.output.persistence.NotificationRepositoryAdapter.save(NotificationRepositoryAdapter.java:36)
	at java.base/jdk.internal.reflect.DirectMethodHandleAccessor.invoke(DirectMethodHandleAccessor.java:103)
	at java.base/java.lang.reflect.Method.invoke(Method.java:580)
	at org.springframework.aop.support.AopUtils.invokeJoinpointUsingReflection(AopUtils.java:359)
	at org.springframework.aop.framework.ReflectiveMethodInvocation.invokeJoinpoint(ReflectiveMethodInvocation.java:196)
	at org.springframework.aop.framework.ReflectiveMethodInvocation.proceed(ReflectiveMethodInvocation.java:163)
	at org.springframework.transaction.interceptor.TransactionAspectSupport.invokeWithinTransaction(TransactionAspectSupport.java:380)
	at org.springframework.transaction.interceptor.TransactionInterceptor.invoke(TransactionInterceptor.java:119)
	at org.springframework.aop.framework.ReflectiveMethodInvocation.proceed(ReflectiveMethodInvocation.java:184)
	at org.springframework.aop.framework.CglibAopProxy$DynamicAdvisedInterceptor.intercept(CglibAopProxy.java:728)
	at edu.market.notification.infrastructure.adapter.output.persistence.NotificationRepositoryAdapter$$SpringCGLIB$$0.save(<generated>)
	at edu.market.notification.application.usecase.notification.SendNotificationUseCase.send(SendNotificationUseCase.java:106)
	at edu.market.notification.infrastructure.adapter.input.web.controller.NotificationController.sendNotification(NotificationController.java:156)
	at java.base/jdk.internal.reflect.DirectMethodHandleAccessor.invoke(DirectMethodHandleAccessor.java:103)
	at java.base/java.lang.reflect.Method.invoke(Method.java:580)
	at org.springframework.web.method.support.InvocableHandlerMethod.doInvoke(InvocableHandlerMethod.java:258)
	at org.springframework.web.method.support.InvocableHandlerMethod.invokeForRequest(InvocableHandlerMethod.java:191)
	at org.springframework.web.servlet.mvc.method.annotation.ServletInvocableHandlerMethod.invokeAndHandle(ServletInvocableHandlerMethod.java:118)
	at org.springframework.web.servlet.mvc.method.annotation.RequestMappingHandlerAdapter.invokeHandlerMethod(RequestMappingHandlerAdapter.java:986)
	at org.springframework.web.servlet.mvc.method.annotation.RequestMappingHandlerAdapter.handleInternal(RequestMappingHandlerAdapter.java:891)
	at org.springframework.web.servlet.mvc.method.AbstractHandlerMethodAdapter.handle(AbstractHandlerMethodAdapter.java:87)
	at org.springframework.web.servlet.DispatcherServlet.doDispatch(DispatcherServlet.java:1089)
	at org.springframework.web.servlet.DispatcherServlet.doService(DispatcherServlet.java:979)
	at org.springframework.web.servlet.FrameworkServlet.processRequest(FrameworkServlet.java:1014)
	at org.springframework.web.servlet.FrameworkServlet.doPost(FrameworkServlet.java:914)
	at jakarta.servlet.http.HttpServlet.service(HttpServlet.java:590)
	at org.springframework.web.servlet.FrameworkServlet.service(FrameworkServlet.java:885)
	at jakarta.servlet.http.HttpServlet.service(HttpServlet.java:658)
	at org.apache.catalina.core.ApplicationFilterChain.internalDoFilter(ApplicationFilterChain.java:195)
	at org.apache.catalina.core.ApplicationFilterChain.doFilter(ApplicationFilterChain.java:140)
	at org.apache.tomcat.websocket.server.WsFilter.doFilter(WsFilter.java:51)
	at org.apache.catalina.core.ApplicationFilterChain.internalDoFilter(ApplicationFilterChain.java:164)
	at org.apache.catalina.core.ApplicationFilterChain.doFilter(ApplicationFilterChain.java:140)
	at org.springframework.web.filter.CompositeFilter$VirtualFilterChain.doFilter(CompositeFilter.java:108)
	at org.springframework.security.web.FilterChainProxy.lambda$doFilterInternal$3(FilterChainProxy.java:231)
	at org.springframework.security.web.ObservationFilterChainDecorator$FilterObservation$SimpleFilterObservation.lambda$wrap$1(ObservationFilterChainDecorator.java:479)
	at org.springframework.security.web.ObservationFilterChainDecorator$AroundFilterObservation$SimpleAroundFilterObservation.lambda$wrap$1(ObservationFilterChainDecorator.java:340)
	at org.springframework.security.web.ObservationFilterChainDecorator.lambda$wrapSecured$0(ObservationFilterChainDecorator.java:82)
	at org.springframework.security.web.ObservationFilterChainDecorator$VirtualFilterChain.doFilter(ObservationFilterChainDecorator.java:128)
	at org.springframework.security.web.access.intercept.AuthorizationFilter.doFilter(AuthorizationFilter.java:101)
	at org.springframework.security.web.ObservationFilterChainDecorator$ObservationFilter.wrapFilter(ObservationFilterChainDecorator.java:240)
	at org.springframework.security.web.ObservationFilterChainDecorator$ObservationFilter.doFilter(ObservationFilterChainDecorator.java:227)
	at org.springframework.security.web.ObservationFilterChainDecorator$VirtualFilterChain.doFilter(ObservationFilterChainDecorator.java:137)
	at org.springframework.security.web.access.ExceptionTranslationFilter.doFilter(ExceptionTranslationFilter.java:126)
	at org.springframework.security.web.access.ExceptionTranslationFilter.doFilter(ExceptionTranslationFilter.java:120)
	at org.springframework.security.web.ObservationFilterChainDecorator$ObservationFilter.wrapFilter(ObservationFilterChainDecorator.java:240)
	at org.springframework.security.web.ObservationFilterChainDecorator$ObservationFilter.doFilter(ObservationFilterChainDecorator.java:227)
	at org.springframework.security.web.ObservationFilterChainDecorator$VirtualFilterChain.doFilter(ObservationFilterChainDecorator.java:137)
	at org.springframework.security.web.authentication.AnonymousAuthenticationFilter.doFilter(AnonymousAuthenticationFilter.java:100)
	at org.springframework.security.web.ObservationFilterChainDecorator$ObservationFilter.wrapFilter(ObservationFilterChainDecorator.java:240)
	at org.springframework.security.web.ObservationFilterChainDecorator$ObservationFilter.doFilter(ObservationFilterChainDecorator.java:227)
	at org.springframework.security.web.ObservationFilterChainDecorator$VirtualFilterChain.doFilter(ObservationFilterChainDecorator.java:137)
	at org.springframework.security.web.servletapi.SecurityContextHolderAwareRequestFilter.doFilter(SecurityContextHolderAwareRequestFilter.java:179)
	at org.springframework.security.web.ObservationFilterChainDecorator$ObservationFilter.wrapFilter(ObservationFilterChainDecorator.java:240)
	at org.springframework.security.web.ObservationFilterChainDecorator$ObservationFilter.doFilter(ObservationFilterChainDecorator.java:227)
	at org.springframework.security.web.ObservationFilterChainDecorator$VirtualFilterChain.doFilter(ObservationFilterChainDecorator.java:137)
	at org.springframework.security.web.savedrequest.RequestCacheAwareFilter.doFilter(RequestCacheAwareFilter.java:63)
	at org.springframework.security.web.ObservationFilterChainDecorator$ObservationFilter.wrapFilter(ObservationFilterChainDecorator.java:240)
	at org.springframework.security.web.ObservationFilterChainDecorator$ObservationFilter.doFilter(ObservationFilterChainDecorator.java:227)
	at org.springframework.security.web.ObservationFilterChainDecorator$VirtualFilterChain.doFilter(ObservationFilterChainDecorator.java:137)
	at org.springframework.security.web.authentication.logout.LogoutFilter.doFilter(LogoutFilter.java:107)
	at org.springframework.security.web.authentication.logout.LogoutFilter.doFilter(LogoutFilter.java:93)
	at org.springframework.security.web.ObservationFilterChainDecorator$ObservationFilter.wrapFilter(ObservationFilterChainDecorator.java:240)
	at org.springframework.security.web.ObservationFilterChainDecorator$ObservationFilter.doFilter(ObservationFilterChainDecorator.java:227)
	at org.springframework.security.web.ObservationFilterChainDecorator$VirtualFilterChain.doFilter(ObservationFilterChainDecorator.java:137)
	at org.springframework.security.web.header.HeaderWriterFilter.doHeadersAfter(HeaderWriterFilter.java:90)
	at org.springframework.security.web.header.HeaderWriterFilter.doFilterInternal(HeaderWriterFilter.java:75)
	at org.springframework.web.filter.OncePerRequestFilter.doFilter(OncePerRequestFilter.java:116)
	at org.springframework.security.web.ObservationFilterChainDecorator$ObservationFilter.wrapFilter(ObservationFilterChainDecorator.java:240)
	at org.springframework.security.web.ObservationFilterChainDecorator$ObservationFilter.doFilter(ObservationFilterChainDecorator.java:227)
	at org.springframework.security.web.ObservationFilterChainDecorator$VirtualFilterChain.doFilter(ObservationFilterChainDecorator.java:137)
	at org.springframework.security.web.context.SecurityContextHolderFilter.doFilter(SecurityContextHolderFilter.java:82)
	at org.springframework.security.web.context.SecurityContextHolderFilter.doFilter(SecurityContextHolderFilter.java:69)
	at org.springframework.security.web.ObservationFilterChainDecorator$ObservationFilter.wrapFilter(ObservationFilterChainDecorator.java:240)
	at org.springframework.security.web.ObservationFilterChainDecorator$ObservationFilter.doFilter(ObservationFilterChainDecorator.java:227)
	at org.springframework.security.web.ObservationFilterChainDecorator$VirtualFilterChain.doFilter(ObservationFilterChainDecorator.java:137)
	at org.springframework.security.web.context.request.async.WebAsyncManagerIntegrationFilter.doFilterInternal(WebAsyncManagerIntegrationFilter.java:62)
	at org.springframework.web.filter.OncePerRequestFilter.doFilter(OncePerRequestFilter.java:116)
	at org.springframework.security.web.ObservationFilterChainDecorator$ObservationFilter.wrapFilter(ObservationFilterChainDecorator.java:240)
	at org.springframework.security.web.ObservationFilterChainDecorator$ObservationFilter.doFilter(ObservationFilterChainDecorator.java:227)
	at org.springframework.security.web.ObservationFilterChainDecorator$VirtualFilterChain.doFilter(ObservationFilterChainDecorator.java:137)
	at org.springframework.security.web.session.DisableEncodeUrlFilter.doFilterInternal(DisableEncodeUrlFilter.java:42)
	at org.springframework.web.filter.OncePerRequestFilter.doFilter(OncePerRequestFilter.java:116)
	at org.springframework.security.web.ObservationFilterChainDecorator$ObservationFilter.wrapFilter(ObservationFilterChainDecorator.java:240)
	at org.springframework.security.web.ObservationFilterChainDecorator$AroundFilterObservation$SimpleAroundFilterObservation.lambda$wrap$0(ObservationFilterChainDecorator.java:323)
	at org.springframework.security.web.ObservationFilterChainDecorator$ObservationFilter.doFilter(ObservationFilterChainDecorator.java:224)
	at org.springframework.security.web.ObservationFilterChainDecorator$VirtualFilterChain.doFilter(ObservationFilterChainDecorator.java:137)
	at org.springframework.security.web.FilterChainProxy.doFilterInternal(FilterChainProxy.java:233)
	at org.springframework.security.web.FilterChainProxy.doFilter(FilterChainProxy.java:191)
	at org.springframework.web.filter.CompositeFilter$VirtualFilterChain.doFilter(CompositeFilter.java:113)
	at org.springframework.web.servlet.handler.HandlerMappingIntrospector.lambda$createCacheFilter$3(HandlerMappingIntrospector.java:243)
	at org.springframework.web.filter.CompositeFilter$VirtualFilterChain.doFilter(CompositeFilter.java:113)
	at org.springframework.web.filter.CompositeFilter.doFilter(CompositeFilter.java:74)
	at org.springframework.security.config.annotation.web.configuration.WebMvcSecurityConfiguration$CompositeFilterChainProxy.doFilter(WebMvcSecurityConfiguration.java:238)
	at org.springframework.web.filter.DelegatingFilterProxy.invokeDelegate(DelegatingFilterProxy.java:362)
	at org.springframework.web.filter.DelegatingFilterProxy.doFilter(DelegatingFilterProxy.java:278)
	at org.apache.catalina.core.ApplicationFilterChain.internalDoFilter(ApplicationFilterChain.java:164)
	at org.apache.catalina.core.ApplicationFilterChain.doFilter(ApplicationFilterChain.java:140)
	at org.springframework.web.filter.RequestContextFilter.doFilterInternal(RequestContextFilter.java:100)
	at org.springframework.web.filter.OncePerRequestFilter.doFilter(OncePerRequestFilter.java:116)
	at org.apache.catalina.core.ApplicationFilterChain.internalDoFilter(ApplicationFilterChain.java:164)
	at org.apache.catalina.core.ApplicationFilterChain.doFilter(ApplicationFilterChain.java:140)
	at org.springframework.web.filter.FormContentFilter.doFilterInternal(FormContentFilter.java:93)
	at org.springframework.web.filter.OncePerRequestFilter.doFilter(OncePerRequestFilter.java:116)
	at org.apache.catalina.core.ApplicationFilterChain.internalDoFilter(ApplicationFilterChain.java:164)
	at org.apache.catalina.core.ApplicationFilterChain.doFilter(ApplicationFilterChain.java:140)
	at org.springframework.web.filter.ServerHttpObservationFilter.doFilterInternal(ServerHttpObservationFilter.java:114)
	at org.springframework.web.filter.OncePerRequestFilter.doFilter(OncePerRequestFilter.java:116)
	at org.apache.catalina.core.ApplicationFilterChain.internalDoFilter(ApplicationFilterChain.java:164)
	at org.apache.catalina.core.ApplicationFilterChain.doFilter(ApplicationFilterChain.java:140)
	at org.springframework.web.filter.CharacterEncodingFilter.doFilterInternal(CharacterEncodingFilter.java:201)
	at org.springframework.web.filter.OncePerRequestFilter.doFilter(OncePerRequestFilter.java:116)
	at org.apache.catalina.core.ApplicationFilterChain.internalDoFilter(ApplicationFilterChain.java:164)
	at org.apache.catalina.core.ApplicationFilterChain.doFilter(ApplicationFilterChain.java:140)
	at org.apache.catalina.core.StandardWrapperValve.invoke(StandardWrapperValve.java:167)
	at org.apache.catalina.core.StandardContextValve.invoke(StandardContextValve.java:90)
	at org.apache.catalina.authenticator.AuthenticatorBase.invoke(AuthenticatorBase.java:483)
	at org.apache.catalina.core.StandardHostValve.invoke(StandardHostValve.java:116)
	at org.apache.catalina.valves.ErrorReportValve.invoke(ErrorReportValve.java:93)
	at org.apache.catalina.core.StandardEngineValve.invoke(StandardEngineValve.java:74)
	at org.apache.catalina.connector.CoyoteAdapter.service(CoyoteAdapter.java:344)
	at org.apache.coyote.http11.Http11Processor.service(Http11Processor.java:398)
	at org.apache.coyote.AbstractProcessorLight.process(AbstractProcessorLight.java:63)
	at org.apache.coyote.AbstractProtocol$ConnectionHandler.process(AbstractProtocol.java:903)
	at org.apache.tomcat.util.net.NioEndpoint$SocketProcessor.doRun(NioEndpoint.java:1740)
	at org.apache.tomcat.util.net.SocketProcessorBase.run(SocketProcessorBase.java:52)
	at org.apache.tomcat.util.threads.ThreadPoolExecutor.runWorker(ThreadPoolExecutor.java:1189)
	at org.apache.tomcat.util.threads.ThreadPoolExecutor$Worker.run(ThreadPoolExecutor.java:658)
	at org.apache.tomcat.util.threads.TaskThread$WrappingRunnable.run(TaskThread.java:63)
	at java.base/java.lang.Thread.run(Thread.java:1583)
Caused by: org.hibernate.exception.ConstraintViolationException: could not execute statement [Violación de indice de Unicidad ó Clave primaria: "PUBLIC.UK_NOTIFICATIONS_UUID_INDEX_C ON PUBLIC.NOTIFICATIONS(UUID NULLS FIRST) VALUES ( /* 1 */ UUID '0f8e5eb8-b391-4cc0-a04b-545659a4a2b3' )"
Unique index or primary key violation: "PUBLIC.UK_NOTIFICATIONS_UUID_INDEX_C ON PUBLIC.NOTIFICATIONS(UUID NULLS FIRST) VALUES ( /* 1 */ UUID '0f8e5eb8-b391-4cc0-a04b-545659a4a2b3' )"; SQL statement:
insert into notifications (content_attributes,content_body,created_at,error_message,priority,recipient_attributes,recipient_device_token,recipient_email,recipient_phone,recipient_user_id,requester_id,retry_count,scheduled_for,sent_at,source_service,status,subject,template_id,uuid,id) values (?,?,?,?,?,?,?,?,?,?,?,?,?,?,?,?,?,?,?,default) [23505-232]] [insert into notifications (content_attributes,content_body,created_at,error_message,priority,recipient_attributes,recipient_device_token,recipient_email,recipient_phone,recipient_user_id,requester_id,retry_count,scheduled_for,sent_at,source_service,status,subject,template_id,uuid,id) values (?,?,?,?,?,?,?,?,?,?,?,?,?,?,?,?,?,?,?,default)]
	at org.hibernate.dialect.H2Dialect.lambda$buildSQLExceptionConversionDelegate$3(H2Dialect.java:759)
	at org.hibernate.exception.internal.StandardSQLExceptionConverter.convert(StandardSQLExceptionConverter.java:58)
	at org.hibernate.engine.jdbc.spi.SqlExceptionHelper.convert(SqlExceptionHelper.java:108)
	at org.hibernate.engine.jdbc.internal.ResultSetReturnImpl.executeUpdate(ResultSetReturnImpl.java:197)
	at org.hibernate.id.insert.GetGeneratedKeysDelegate.performMutation(GetGeneratedKeysDelegate.java:116)
	at org.hibernate.engine.jdbc.mutation.internal.MutationExecutorSingleNonBatched.performNonBatchedOperations(MutationExecutorSingleNonBatched.java:47)
	at org.hibernate.engine.jdbc.mutation.internal.AbstractMutationExecutor.execute(AbstractMutationExecutor.java:55)
	at org.hibernate.persister.entity.mutation.InsertCoordinatorStandard.doStaticInserts(InsertCoordinatorStandard.java:194)
	at org.hibernate.persister.entity.mutation.InsertCoordinatorStandard.coordinateInsert(InsertCoordinatorStandard.java:132)
	at org.hibernate.persister.entity.mutation.InsertCoordinatorStandard.insert(InsertCoordinatorStandard.java:95)
	at org.hibernate.action.internal.EntityIdentityInsertAction.execute(EntityIdentityInsertAction.java:85)
	at org.hibernate.engine.spi.ActionQueue.execute(ActionQueue.java:682)
	at org.hibernate.engine.spi.ActionQueue.addResolvedEntityInsertAction(ActionQueue.java:293)
	at org.hibernate.engine.spi.ActionQueue.addInsertAction(ActionQueue.java:274)
	at org.hibernate.engine.spi.ActionQueue.addAction(ActionQueue.java:324)
	at org.hibernate.event.internal.AbstractSaveEventListener.addInsertAction(AbstractSaveEventListener.java:393)
	at org.hibernate.event.internal.AbstractSaveEventListener.performSaveOrReplicate(AbstractSaveEventListener.java:307)
	at org.hibernate.event.internal.AbstractSaveEventListener.performSave(AbstractSaveEventListener.java:223)
	at org.hibernate.event.internal.AbstractSaveEventListener.saveWithGeneratedId(AbstractSaveEventListener.java:136)
	at org.hibernate.event.internal.DefaultPersistEventListener.entityIsTransient(DefaultPersistEventListener.java:177)
	at org.hibernate.event.internal.DefaultPersistEventListener.persist(DefaultPersistEventListener.java:95)
	at org.hibernate.event.internal.DefaultPersistEventListener.onPersist(DefaultPersistEventListener.java:79)
	at org.hibernate.event.internal.DefaultPersistEventListener.onPersist(DefaultPersistEventListener.java:55)
	at org.hibernate.event.service.internal.EventListenerGroupImpl.fireEventOnEachListener(EventListenerGroupImpl.java:127)
	at org.hibernate.internal.SessionImpl.firePersist(SessionImpl.java:761)
	at org.hibernate.internal.SessionImpl.persist(SessionImpl.java:745)
	at java.base/jdk.internal.reflect.DirectMethodHandleAccessor.invoke(DirectMethodHandleAccessor.java:103)
	at java.base/java.lang.reflect.Method.invoke(Method.java:580)
	at org.springframework.orm.jpa.ExtendedEntityManagerCreator$ExtendedEntityManagerInvocationHandler.invoke(ExtendedEntityManagerCreator.java:364)
	at jdk.proxy2/jdk.proxy2.$Proxy175.persist(Unknown Source)
	at java.base/jdk.internal.reflect.DirectMethodHandleAccessor.invoke(DirectMethodHandleAccessor.java:103)
	at java.base/java.lang.reflect.Method.invoke(Method.java:580)
	at org.springframework.orm.jpa.SharedEntityManagerCreator$SharedEntityManagerInvocationHandler.invoke(SharedEntityManagerCreator.java:320)
	at jdk.proxy2/jdk.proxy2.$Proxy175.persist(Unknown Source)
	at org.springframework.data.jpa.repository.support.SimpleJpaRepository.save(SimpleJpaRepository.java:636)
	at java.base/jdk.internal.reflect.DirectMethodHandleAccessor.invoke(DirectMethodHandleAccessor.java:103)
	at java.base/java.lang.reflect.Method.invoke(Method.java:580)
	at org.springframework.aop.support.AopUtils.invokeJoinpointUsingReflection(AopUtils.java:359)
	at org.springframework.data.repository.core.support.RepositoryMethodInvoker$RepositoryFragmentMethodInvoker.lambda$new$0(RepositoryMethodInvoker.java:277)
	at org.springframework.data.repository.core.support.RepositoryMethodInvoker.doInvoke(RepositoryMethodInvoker.java:170)
	at org.springframework.data.repository.core.support.RepositoryMethodInvoker.invoke(RepositoryMethodInvoker.java:158)
	at org.springframework.data.repository.core.support.RepositoryComposition$RepositoryFragments.invoke(RepositoryComposition.java:515)
	at org.springframework.data.repository.core.support.RepositoryComposition.invoke(RepositoryComposition.java:284)
	at org.springframework.data.repository.core.support.RepositoryFactorySupport$ImplementationMethodExecutionInterceptor.invoke(RepositoryFactorySupport.java:731)
	at org.springframework.aop.framework.ReflectiveMethodInvocation.proceed(ReflectiveMethodInvocation.java:184)
	at org.springframework.data.repository.core.support.QueryExecutorMethodInterceptor.doInvoke(QueryExecutorMethodInterceptor.java:174)
	at org.springframework.data.repository.core.support.QueryExecutorMethodInterceptor.invoke(QueryExecutorMethodInterceptor.java:149)
	at org.springframework.aop.framework.ReflectiveMethodInvocation.proceed(ReflectiveMethodInvocation.java:184)
	at org.springframework.data.projection.DefaultMethodInvokingMethodInterceptor.invoke(DefaultMethodInvokingMethodInterceptor.java:69)
	at org.springframework.aop.framework.ReflectiveMethodInvocation.proceed(ReflectiveMethodInvocation.java:184)
	at org.springframework.transaction.interceptor.TransactionAspectSupport.invokeWithinTransaction(TransactionAspectSupport.java:380)
	at org.springframework.transaction.interceptor.TransactionInterceptor.invoke(TransactionInterceptor.java:119)
	at org.springframework.aop.framework.ReflectiveMethodInvocation.proceed(ReflectiveMethodInvocation.java:184)
	at org.springframework.dao.support.PersistenceExceptionTranslationInterceptor.invoke(PersistenceExceptionTranslationInterceptor.java:138)
	... 135 common frames omitted
Caused by: org.h2.jdbc.JdbcSQLIntegrityConstraintViolationException: Violación de indice de Unicidad ó Clave primaria: "PUBLIC.UK_NOTIFICATIONS_UUID_INDEX_C ON PUBLIC.NOTIFICATIONS(UUID NULLS FIRST) VALUES ( /* 1 */ UUID '0f8e5eb8-b391-4cc0-a04b-545659a4a2b3' )"
Unique index or primary key violation: "PUBLIC.UK_NOTIFICATIONS_UUID_INDEX_C ON PUBLIC.NOTIFICATIONS(UUID NULLS FIRST) VALUES ( /* 1 */ UUID '0f8e5eb8-b391-4cc0-a04b-545659a4a2b3' )"; SQL statement:
insert into notifications (content_attributes,content_body,created_at,error_message,priority,recipient_attributes,recipient_device_token,recipient_email,recipient_phone,recipient_user_id,requester_id,retry_count,scheduled_for,sent_at,source_service,status,subject,template_id,uuid,id) values (?,?,?,?,?,?,?,?,?,?,?,?,?,?,?,?,?,?,?,default) [23505-232]
	at org.h2.message.DbException.getJdbcSQLException(DbException.java:520)
	at org.h2.message.DbException.getJdbcSQLException(DbException.java:489)
	at org.h2.message.DbException.get(DbException.java:223)
	at org.h2.message.DbException.get(DbException.java:199)
	at org.h2.index.Index.getDuplicateKeyException(Index.java:523)
	at org.h2.mvstore.db.MVSecondaryIndex.checkUnique(MVSecondaryIndex.java:223)
	at org.h2.mvstore.db.MVSecondaryIndex.add(MVSecondaryIndex.java:184)
	at org.h2.mvstore.db.MVTable.addRow(MVTable.java:517)
	at org.h2.command.dml.Insert.insertRows(Insert.java:174)
	at org.h2.command.dml.Insert.update(Insert.java:135)
	at org.h2.command.CommandContainer.executeUpdateWithGeneratedKeys(CommandContainer.java:212)
	at org.h2.command.CommandContainer.update(CommandContainer.java:133)
	at org.h2.command.Command.executeUpdate(Command.java:304)
	at org.h2.command.Command.executeUpdate(Command.java:248)
	at org.h2.jdbc.JdbcPreparedStatement.executeUpdateInternal(JdbcPreparedStatement.java:213)
	at org.h2.jdbc.JdbcPreparedStatement.executeUpdate(JdbcPreparedStatement.java:172)
	at com.zaxxer.hikari.pool.ProxyPreparedStatement.executeUpdate(ProxyPreparedStatement.java:61)
	at com.zaxxer.hikari.pool.HikariProxyPreparedStatement.executeUpdate(HikariProxyPreparedStatement.java)
	at org.hibernate.engine.jdbc.internal.ResultSetReturnImpl.executeUpdate(ResultSetReturnImpl.java:194)
	... 185 common frames omitted
2025-07-31 12:11:24,807 [http-nio-8080-exec-1] DEBUG e.m.n.i.a.o.monitoring.LoggingAdapter              - send - Call saveFailedEventToOutbox
2025-07-31 12:11:24,808 [http-nio-8080-exec-1] DEBUG e.m.n.i.a.o.monitoring.LoggingAdapter              - saveFailedEventToOutbox - Saving failed event to outbox for notification: 0f8e5eb8-b391-4cc0-a04b-545659a4a2b3, error: Error sending notification: could not execute statement [Violación de indice de Unicidad ó Clave primaria: "PUBLIC.UK_NOTIFICATIONS_UUID_INDEX_C ON PUBLIC.NOTIFICATIONS(UUID NULLS FIRST) VALUES ( /* 1 */ UUID '0f8e5eb8-b391-4cc0-a04b-545659a4a2b3' )"
Unique index or primary key violation: "PUBLIC.UK_NOTIFICATIONS_UUID_INDEX_C ON PUBLIC.NOTIFICATIONS(UUID NULLS FIRST) VALUES ( /* 1 */ UUID '0f8e5eb8-b391-4cc0-a04b-545659a4a2b3' )"; SQL statement:
insert into notifications (content_attributes,content_body,created_at,error_message,priority,recipient_attributes,recipient_device_token,recipient_email,recipient_phone,recipient_user_id,requester_id,retry_count,scheduled_for,sent_at,source_service,status,subject,template_id,uuid,id) values (?,?,?,?,?,?,?,?,?,?,?,?,?,?,?,?,?,?,?,default) [23505-232]] [insert into notifications (content_attributes,content_body,created_at,error_message,priority,recipient_attributes,recipient_device_token,recipient_email,recipient_phone,recipient_user_id,requester_id,retry_count,scheduled_for,sent_at,source_service,status,subject,template_id,uuid,id) values (?,?,?,?,?,?,?,?,?,?,?,?,?,?,?,?,?,?,?,default)]; SQL [insert into notifications (content_attributes,content_body,created_at,error_message,priority,recipient_attributes,recipient_device_token,recipient_email,recipient_phone,recipient_user_id,requester_id,retry_count,scheduled_for,sent_at,source_service,status,subject,template_id,uuid,id) values (?,?,?,?,?,?,?,?,?,?,?,?,?,?,?,?,?,?,?,default)]; constraint [PUBLIC.UK_NOTIFICATIONS_UUID_INDEX_C]
2025-07-31 12:11:24,809 [http-nio-8080-exec-1] DEBUG e.m.n.i.a.o.monitoring.LoggingAdapter              - SerializationServiceAdapter.serialize - Serializando objeto: {}
2025-07-31 12:11:24,821 [http-nio-8080-exec-1] DEBUG e.m.n.i.a.o.monitoring.LoggingAdapter              - saveFailedEventToOutbox - Call outboxRepository.save
2025-07-31 12:11:24,825 [http-nio-8080-exec-1] DEBUG e.m.n.i.a.o.monitoring.LoggingAdapter              - saveFailedEventToOutbox - Event saved successfully
2025-07-31 12:11:24,825 [http-nio-8080-exec-1] INFO  e.m.n.i.a.o.p.m.NotificationOutputMapper           - toEntity - Init
2025-07-31 12:11:24,825 [http-nio-8080-exec-1] INFO  e.m.n.i.a.o.p.m.NotificationOutputMapper           - toEntity - End
2025-07-31 12:11:24,827 [http-nio-8080-exec-1] WARN  o.h.engine.jdbc.spi.SqlExceptionHelper             - SQL Error: 23505, SQLState: 23505
2025-07-31 12:11:24,827 [http-nio-8080-exec-1] ERROR o.h.engine.jdbc.spi.SqlExceptionHelper             - Violación de indice de Unicidad ó Clave primaria: "PUBLIC.UK_NOTIFICATIONS_UUID_INDEX_C ON PUBLIC.NOTIFICATIONS(UUID NULLS FIRST) VALUES ( /* 1 */ UUID '0f8e5eb8-b391-4cc0-a04b-545659a4a2b3' )"
Unique index or primary key violation: "PUBLIC.UK_NOTIFICATIONS_UUID_INDEX_C ON PUBLIC.NOTIFICATIONS(UUID NULLS FIRST) VALUES ( /* 1 */ UUID '0f8e5eb8-b391-4cc0-a04b-545659a4a2b3' )"; SQL statement:
insert into notifications (content_attributes,content_body,created_at,error_message,priority,recipient_attributes,recipient_device_token,recipient_email,recipient_phone,recipient_user_id,requester_id,retry_count,scheduled_for,sent_at,source_service,status,subject,template_id,uuid,id) values (?,?,?,?,?,?,?,?,?,?,?,?,?,?,?,?,?,?,?,default) [23505-232]
2025-07-31 12:11:24,829 [http-nio-8080-exec-1] ERROR e.m.n.i.a.i.w.e.RestExceptionHandler               - handleAllUncaughtException - Unexpected error occurred: could not execute statement [Violación de indice de Unicidad ó Clave primaria: "PUBLIC.UK_NOTIFICATIONS_UUID_INDEX_C ON PUBLIC.NOTIFICATIONS(UUID NULLS FIRST) VALUES ( /* 1 */ UUID '0f8e5eb8-b391-4cc0-a04b-545659a4a2b3' )"
Unique index or primary key violation: "PUBLIC.UK_NOTIFICATIONS_UUID_INDEX_C ON PUBLIC.NOTIFICATIONS(UUID NULLS FIRST) VALUES ( /* 1 */ UUID '0f8e5eb8-b391-4cc0-a04b-545659a4a2b3' )"; SQL statement:
insert into notifications (content_attributes,content_body,created_at,error_message,priority,recipient_attributes,recipient_device_token,recipient_email,recipient_phone,recipient_user_id,requester_id,retry_count,scheduled_for,sent_at,source_service,status,subject,template_id,uuid,id) values (?,?,?,?,?,?,?,?,?,?,?,?,?,?,?,?,?,?,?,default) [23505-232]] [insert into notifications (content_attributes,content_body,created_at,error_message,priority,recipient_attributes,recipient_device_token,recipient_email,recipient_phone,recipient_user_id,requester_id,retry_count,scheduled_for,sent_at,source_service,status,subject,template_id,uuid,id) values (?,?,?,?,?,?,?,?,?,?,?,?,?,?,?,?,?,?,?,default)]; SQL [insert into notifications (content_attributes,content_body,created_at,error_message,priority,recipient_attributes,recipient_device_token,recipient_email,recipient_phone,recipient_user_id,requester_id,retry_count,scheduled_for,sent_at,source_service,status,subject,template_id,uuid,id) values (?,?,?,?,?,?,?,?,?,?,?,?,?,?,?,?,?,?,?,default)]; constraint [PUBLIC.UK_NOTIFICATIONS_UUID_INDEX_C]
org.springframework.dao.DataIntegrityViolationException: could not execute statement [Violación de indice de Unicidad ó Clave primaria: "PUBLIC.UK_NOTIFICATIONS_UUID_INDEX_C ON PUBLIC.NOTIFICATIONS(UUID NULLS FIRST) VALUES ( /* 1 */ UUID '0f8e5eb8-b391-4cc0-a04b-545659a4a2b3' )"
Unique index or primary key violation: "PUBLIC.UK_NOTIFICATIONS_UUID_INDEX_C ON PUBLIC.NOTIFICATIONS(UUID NULLS FIRST) VALUES ( /* 1 */ UUID '0f8e5eb8-b391-4cc0-a04b-545659a4a2b3' )"; SQL statement:
insert into notifications (content_attributes,content_body,created_at,error_message,priority,recipient_attributes,recipient_device_token,recipient_email,recipient_phone,recipient_user_id,requester_id,retry_count,scheduled_for,sent_at,source_service,status,subject,template_id,uuid,id) values (?,?,?,?,?,?,?,?,?,?,?,?,?,?,?,?,?,?,?,default) [23505-232]] [insert into notifications (content_attributes,content_body,created_at,error_message,priority,recipient_attributes,recipient_device_token,recipient_email,recipient_phone,recipient_user_id,requester_id,retry_count,scheduled_for,sent_at,source_service,status,subject,template_id,uuid,id) values (?,?,?,?,?,?,?,?,?,?,?,?,?,?,?,?,?,?,?,default)]; SQL [insert into notifications (content_attributes,content_body,created_at,error_message,priority,recipient_attributes,recipient_device_token,recipient_email,recipient_phone,recipient_user_id,requester_id,retry_count,scheduled_for,sent_at,source_service,status,subject,template_id,uuid,id) values (?,?,?,?,?,?,?,?,?,?,?,?,?,?,?,?,?,?,?,default)]; constraint [PUBLIC.UK_NOTIFICATIONS_UUID_INDEX_C]
	at org.springframework.orm.jpa.vendor.HibernateJpaDialect.convertHibernateAccessException(HibernateJpaDialect.java:294)
	at org.springframework.orm.jpa.vendor.HibernateJpaDialect.convertHibernateAccessException(HibernateJpaDialect.java:256)
	at org.springframework.orm.jpa.vendor.HibernateJpaDialect.translateExceptionIfPossible(HibernateJpaDialect.java:241)
	at org.springframework.orm.jpa.AbstractEntityManagerFactoryBean.translateExceptionIfPossible(AbstractEntityManagerFactoryBean.java:560)
	at org.springframework.dao.support.ChainedPersistenceExceptionTranslator.translateExceptionIfPossible(ChainedPersistenceExceptionTranslator.java:61)
	at org.springframework.dao.support.DataAccessUtils.translateIfNecessary(DataAccessUtils.java:343)
	at org.springframework.dao.support.PersistenceExceptionTranslationInterceptor.invoke(PersistenceExceptionTranslationInterceptor.java:160)
	at org.springframework.aop.framework.ReflectiveMethodInvocation.proceed(ReflectiveMethodInvocation.java:184)
	at org.springframework.data.jpa.repository.support.CrudMethodMetadataPostProcessor$CrudMethodMetadataPopulatingMethodInterceptor.invoke(CrudMethodMetadataPostProcessor.java:165)
	at org.springframework.aop.framework.ReflectiveMethodInvocation.proceed(ReflectiveMethodInvocation.java:184)
	at org.springframework.aop.framework.JdkDynamicAopProxy.invoke(JdkDynamicAopProxy.java:223)
	at jdk.proxy2/jdk.proxy2.$Proxy186.save(Unknown Source)
	at edu.market.notification.infrastructure.adapter.output.persistence.NotificationRepositoryAdapter.save(NotificationRepositoryAdapter.java:36)
	at java.base/jdk.internal.reflect.DirectMethodHandleAccessor.invoke(DirectMethodHandleAccessor.java:103)
	at java.base/java.lang.reflect.Method.invoke(Method.java:580)
	at org.springframework.aop.support.AopUtils.invokeJoinpointUsingReflection(AopUtils.java:359)
	at org.springframework.aop.framework.ReflectiveMethodInvocation.invokeJoinpoint(ReflectiveMethodInvocation.java:196)
	at org.springframework.aop.framework.ReflectiveMethodInvocation.proceed(ReflectiveMethodInvocation.java:163)
	at org.springframework.transaction.interceptor.TransactionAspectSupport.invokeWithinTransaction(TransactionAspectSupport.java:380)
	at org.springframework.transaction.interceptor.TransactionInterceptor.invoke(TransactionInterceptor.java:119)
	at org.springframework.aop.framework.ReflectiveMethodInvocation.proceed(ReflectiveMethodInvocation.java:184)
	at org.springframework.aop.framework.CglibAopProxy$DynamicAdvisedInterceptor.intercept(CglibAopProxy.java:728)
	at edu.market.notification.infrastructure.adapter.output.persistence.NotificationRepositoryAdapter$$SpringCGLIB$$0.save(<generated>)
	at edu.market.notification.application.usecase.notification.SendNotificationUseCase.send(SendNotificationUseCase.java:125)
	at edu.market.notification.infrastructure.adapter.input.web.controller.NotificationController.sendNotification(NotificationController.java:156)
	at java.base/jdk.internal.reflect.DirectMethodHandleAccessor.invoke(DirectMethodHandleAccessor.java:103)
	at java.base/java.lang.reflect.Method.invoke(Method.java:580)
	at org.springframework.web.method.support.InvocableHandlerMethod.doInvoke(InvocableHandlerMethod.java:258)
	at org.springframework.web.method.support.InvocableHandlerMethod.invokeForRequest(InvocableHandlerMethod.java:191)
	at org.springframework.web.servlet.mvc.method.annotation.ServletInvocableHandlerMethod.invokeAndHandle(ServletInvocableHandlerMethod.java:118)
	at org.springframework.web.servlet.mvc.method.annotation.RequestMappingHandlerAdapter.invokeHandlerMethod(RequestMappingHandlerAdapter.java:986)
	at org.springframework.web.servlet.mvc.method.annotation.RequestMappingHandlerAdapter.handleInternal(RequestMappingHandlerAdapter.java:891)
	at org.springframework.web.servlet.mvc.method.AbstractHandlerMethodAdapter.handle(AbstractHandlerMethodAdapter.java:87)
	at org.springframework.web.servlet.DispatcherServlet.doDispatch(DispatcherServlet.java:1089)
	at org.springframework.web.servlet.DispatcherServlet.doService(DispatcherServlet.java:979)
	at org.springframework.web.servlet.FrameworkServlet.processRequest(FrameworkServlet.java:1014)
	at org.springframework.web.servlet.FrameworkServlet.doPost(FrameworkServlet.java:914)
	at jakarta.servlet.http.HttpServlet.service(HttpServlet.java:590)
	at org.springframework.web.servlet.FrameworkServlet.service(FrameworkServlet.java:885)
	at jakarta.servlet.http.HttpServlet.service(HttpServlet.java:658)
	at org.apache.catalina.core.ApplicationFilterChain.internalDoFilter(ApplicationFilterChain.java:195)
	at org.apache.catalina.core.ApplicationFilterChain.doFilter(ApplicationFilterChain.java:140)
	at org.apache.tomcat.websocket.server.WsFilter.doFilter(WsFilter.java:51)
	at org.apache.catalina.core.ApplicationFilterChain.internalDoFilter(ApplicationFilterChain.java:164)
	at org.apache.catalina.core.ApplicationFilterChain.doFilter(ApplicationFilterChain.java:140)
	at org.springframework.web.filter.CompositeFilter$VirtualFilterChain.doFilter(CompositeFilter.java:108)
	at org.springframework.security.web.FilterChainProxy.lambda$doFilterInternal$3(FilterChainProxy.java:231)
	at org.springframework.security.web.ObservationFilterChainDecorator$FilterObservation$SimpleFilterObservation.lambda$wrap$1(ObservationFilterChainDecorator.java:479)
	at org.springframework.security.web.ObservationFilterChainDecorator$AroundFilterObservation$SimpleAroundFilterObservation.lambda$wrap$1(ObservationFilterChainDecorator.java:340)
	at org.springframework.security.web.ObservationFilterChainDecorator.lambda$wrapSecured$0(ObservationFilterChainDecorator.java:82)
	at org.springframework.security.web.ObservationFilterChainDecorator$VirtualFilterChain.doFilter(ObservationFilterChainDecorator.java:128)
	at org.springframework.security.web.access.intercept.AuthorizationFilter.doFilter(AuthorizationFilter.java:101)
	at org.springframework.security.web.ObservationFilterChainDecorator$ObservationFilter.wrapFilter(ObservationFilterChainDecorator.java:240)
	at org.springframework.security.web.ObservationFilterChainDecorator$ObservationFilter.doFilter(ObservationFilterChainDecorator.java:227)
	at org.springframework.security.web.ObservationFilterChainDecorator$VirtualFilterChain.doFilter(ObservationFilterChainDecorator.java:137)
	at org.springframework.security.web.access.ExceptionTranslationFilter.doFilter(ExceptionTranslationFilter.java:126)
	at org.springframework.security.web.access.ExceptionTranslationFilter.doFilter(ExceptionTranslationFilter.java:120)
	at org.springframework.security.web.ObservationFilterChainDecorator$ObservationFilter.wrapFilter(ObservationFilterChainDecorator.java:240)
	at org.springframework.security.web.ObservationFilterChainDecorator$ObservationFilter.doFilter(ObservationFilterChainDecorator.java:227)
	at org.springframework.security.web.ObservationFilterChainDecorator$VirtualFilterChain.doFilter(ObservationFilterChainDecorator.java:137)
	at org.springframework.security.web.authentication.AnonymousAuthenticationFilter.doFilter(AnonymousAuthenticationFilter.java:100)
	at org.springframework.security.web.ObservationFilterChainDecorator$ObservationFilter.wrapFilter(ObservationFilterChainDecorator.java:240)
	at org.springframework.security.web.ObservationFilterChainDecorator$ObservationFilter.doFilter(ObservationFilterChainDecorator.java:227)
	at org.springframework.security.web.ObservationFilterChainDecorator$VirtualFilterChain.doFilter(ObservationFilterChainDecorator.java:137)
	at org.springframework.security.web.servletapi.SecurityContextHolderAwareRequestFilter.doFilter(SecurityContextHolderAwareRequestFilter.java:179)
	at org.springframework.security.web.ObservationFilterChainDecorator$ObservationFilter.wrapFilter(ObservationFilterChainDecorator.java:240)
	at org.springframework.security.web.ObservationFilterChainDecorator$ObservationFilter.doFilter(ObservationFilterChainDecorator.java:227)
	at org.springframework.security.web.ObservationFilterChainDecorator$VirtualFilterChain.doFilter(ObservationFilterChainDecorator.java:137)
	at org.springframework.security.web.savedrequest.RequestCacheAwareFilter.doFilter(RequestCacheAwareFilter.java:63)
	at org.springframework.security.web.ObservationFilterChainDecorator$ObservationFilter.wrapFilter(ObservationFilterChainDecorator.java:240)
	at org.springframework.security.web.ObservationFilterChainDecorator$ObservationFilter.doFilter(ObservationFilterChainDecorator.java:227)
	at org.springframework.security.web.ObservationFilterChainDecorator$VirtualFilterChain.doFilter(ObservationFilterChainDecorator.java:137)
	at org.springframework.security.web.authentication.logout.LogoutFilter.doFilter(LogoutFilter.java:107)
	at org.springframework.security.web.authentication.logout.LogoutFilter.doFilter(LogoutFilter.java:93)
	at org.springframework.security.web.ObservationFilterChainDecorator$ObservationFilter.wrapFilter(ObservationFilterChainDecorator.java:240)
	at org.springframework.security.web.ObservationFilterChainDecorator$ObservationFilter.doFilter(ObservationFilterChainDecorator.java:227)
	at org.springframework.security.web.ObservationFilterChainDecorator$VirtualFilterChain.doFilter(ObservationFilterChainDecorator.java:137)
	at org.springframework.security.web.header.HeaderWriterFilter.doHeadersAfter(HeaderWriterFilter.java:90)
	at org.springframework.security.web.header.HeaderWriterFilter.doFilterInternal(HeaderWriterFilter.java:75)
	at org.springframework.web.filter.OncePerRequestFilter.doFilter(OncePerRequestFilter.java:116)
	at org.springframework.security.web.ObservationFilterChainDecorator$ObservationFilter.wrapFilter(ObservationFilterChainDecorator.java:240)
	at org.springframework.security.web.ObservationFilterChainDecorator$ObservationFilter.doFilter(ObservationFilterChainDecorator.java:227)
	at org.springframework.security.web.ObservationFilterChainDecorator$VirtualFilterChain.doFilter(ObservationFilterChainDecorator.java:137)
	at org.springframework.security.web.context.SecurityContextHolderFilter.doFilter(SecurityContextHolderFilter.java:82)
	at org.springframework.security.web.context.SecurityContextHolderFilter.doFilter(SecurityContextHolderFilter.java:69)
	at org.springframework.security.web.ObservationFilterChainDecorator$ObservationFilter.wrapFilter(ObservationFilterChainDecorator.java:240)
	at org.springframework.security.web.ObservationFilterChainDecorator$ObservationFilter.doFilter(ObservationFilterChainDecorator.java:227)
	at org.springframework.security.web.ObservationFilterChainDecorator$VirtualFilterChain.doFilter(ObservationFilterChainDecorator.java:137)
	at org.springframework.security.web.context.request.async.WebAsyncManagerIntegrationFilter.doFilterInternal(WebAsyncManagerIntegrationFilter.java:62)
	at org.springframework.web.filter.OncePerRequestFilter.doFilter(OncePerRequestFilter.java:116)
	at org.springframework.security.web.ObservationFilterChainDecorator$ObservationFilter.wrapFilter(ObservationFilterChainDecorator.java:240)
	at org.springframework.security.web.ObservationFilterChainDecorator$ObservationFilter.doFilter(ObservationFilterChainDecorator.java:227)
	at org.springframework.security.web.ObservationFilterChainDecorator$VirtualFilterChain.doFilter(ObservationFilterChainDecorator.java:137)
	at org.springframework.security.web.session.DisableEncodeUrlFilter.doFilterInternal(DisableEncodeUrlFilter.java:42)
	at org.springframework.web.filter.OncePerRequestFilter.doFilter(OncePerRequestFilter.java:116)
	at org.springframework.security.web.ObservationFilterChainDecorator$ObservationFilter.wrapFilter(ObservationFilterChainDecorator.java:240)
	at org.springframework.security.web.ObservationFilterChainDecorator$AroundFilterObservation$SimpleAroundFilterObservation.lambda$wrap$0(ObservationFilterChainDecorator.java:323)
	at org.springframework.security.web.ObservationFilterChainDecorator$ObservationFilter.doFilter(ObservationFilterChainDecorator.java:224)
	at org.springframework.security.web.ObservationFilterChainDecorator$VirtualFilterChain.doFilter(ObservationFilterChainDecorator.java:137)
	at org.springframework.security.web.FilterChainProxy.doFilterInternal(FilterChainProxy.java:233)
	at org.springframework.security.web.FilterChainProxy.doFilter(FilterChainProxy.java:191)
	at org.springframework.web.filter.CompositeFilter$VirtualFilterChain.doFilter(CompositeFilter.java:113)
	at org.springframework.web.servlet.handler.HandlerMappingIntrospector.lambda$createCacheFilter$3(HandlerMappingIntrospector.java:243)
	at org.springframework.web.filter.CompositeFilter$VirtualFilterChain.doFilter(CompositeFilter.java:113)
	at org.springframework.web.filter.CompositeFilter.doFilter(CompositeFilter.java:74)
	at org.springframework.security.config.annotation.web.configuration.WebMvcSecurityConfiguration$CompositeFilterChainProxy.doFilter(WebMvcSecurityConfiguration.java:238)
	at org.springframework.web.filter.DelegatingFilterProxy.invokeDelegate(DelegatingFilterProxy.java:362)
	at org.springframework.web.filter.DelegatingFilterProxy.doFilter(DelegatingFilterProxy.java:278)
	at org.apache.catalina.core.ApplicationFilterChain.internalDoFilter(ApplicationFilterChain.java:164)
	at org.apache.catalina.core.ApplicationFilterChain.doFilter(ApplicationFilterChain.java:140)
	at org.springframework.web.filter.RequestContextFilter.doFilterInternal(RequestContextFilter.java:100)
	at org.springframework.web.filter.OncePerRequestFilter.doFilter(OncePerRequestFilter.java:116)
	at org.apache.catalina.core.ApplicationFilterChain.internalDoFilter(ApplicationFilterChain.java:164)
	at org.apache.catalina.core.ApplicationFilterChain.doFilter(ApplicationFilterChain.java:140)
	at org.springframework.web.filter.FormContentFilter.doFilterInternal(FormContentFilter.java:93)
	at org.springframework.web.filter.OncePerRequestFilter.doFilter(OncePerRequestFilter.java:116)
	at org.apache.catalina.core.ApplicationFilterChain.internalDoFilter(ApplicationFilterChain.java:164)
	at org.apache.catalina.core.ApplicationFilterChain.doFilter(ApplicationFilterChain.java:140)
	at org.springframework.web.filter.ServerHttpObservationFilter.doFilterInternal(ServerHttpObservationFilter.java:114)
	at org.springframework.web.filter.OncePerRequestFilter.doFilter(OncePerRequestFilter.java:116)
	at org.apache.catalina.core.ApplicationFilterChain.internalDoFilter(ApplicationFilterChain.java:164)
	at org.apache.catalina.core.ApplicationFilterChain.doFilter(ApplicationFilterChain.java:140)
	at org.springframework.web.filter.CharacterEncodingFilter.doFilterInternal(CharacterEncodingFilter.java:201)
	at org.springframework.web.filter.OncePerRequestFilter.doFilter(OncePerRequestFilter.java:116)
	at org.apache.catalina.core.ApplicationFilterChain.internalDoFilter(ApplicationFilterChain.java:164)
	at org.apache.catalina.core.ApplicationFilterChain.doFilter(ApplicationFilterChain.java:140)
	at org.apache.catalina.core.StandardWrapperValve.invoke(StandardWrapperValve.java:167)
	at org.apache.catalina.core.StandardContextValve.invoke(StandardContextValve.java:90)
	at org.apache.catalina.authenticator.AuthenticatorBase.invoke(AuthenticatorBase.java:483)
	at org.apache.catalina.core.StandardHostValve.invoke(StandardHostValve.java:116)
	at org.apache.catalina.valves.ErrorReportValve.invoke(ErrorReportValve.java:93)
	at org.apache.catalina.core.StandardEngineValve.invoke(StandardEngineValve.java:74)
	at org.apache.catalina.connector.CoyoteAdapter.service(CoyoteAdapter.java:344)
	at org.apache.coyote.http11.Http11Processor.service(Http11Processor.java:398)
	at org.apache.coyote.AbstractProcessorLight.process(AbstractProcessorLight.java:63)
	at org.apache.coyote.AbstractProtocol$ConnectionHandler.process(AbstractProtocol.java:903)
	at org.apache.tomcat.util.net.NioEndpoint$SocketProcessor.doRun(NioEndpoint.java:1740)
	at org.apache.tomcat.util.net.SocketProcessorBase.run(SocketProcessorBase.java:52)
	at org.apache.tomcat.util.threads.ThreadPoolExecutor.runWorker(ThreadPoolExecutor.java:1189)
	at org.apache.tomcat.util.threads.ThreadPoolExecutor$Worker.run(ThreadPoolExecutor.java:658)
	at org.apache.tomcat.util.threads.TaskThread$WrappingRunnable.run(TaskThread.java:63)
	at java.base/java.lang.Thread.run(Thread.java:1583)
Caused by: org.hibernate.exception.ConstraintViolationException: could not execute statement [Violación de indice de Unicidad ó Clave primaria: "PUBLIC.UK_NOTIFICATIONS_UUID_INDEX_C ON PUBLIC.NOTIFICATIONS(UUID NULLS FIRST) VALUES ( /* 1 */ UUID '0f8e5eb8-b391-4cc0-a04b-545659a4a2b3' )"
Unique index or primary key violation: "PUBLIC.UK_NOTIFICATIONS_UUID_INDEX_C ON PUBLIC.NOTIFICATIONS(UUID NULLS FIRST) VALUES ( /* 1 */ UUID '0f8e5eb8-b391-4cc0-a04b-545659a4a2b3' )"; SQL statement:
insert into notifications (content_attributes,content_body,created_at,error_message,priority,recipient_attributes,recipient_device_token,recipient_email,recipient_phone,recipient_user_id,requester_id,retry_count,scheduled_for,sent_at,source_service,status,subject,template_id,uuid,id) values (?,?,?,?,?,?,?,?,?,?,?,?,?,?,?,?,?,?,?,default) [23505-232]] [insert into notifications (content_attributes,content_body,created_at,error_message,priority,recipient_attributes,recipient_device_token,recipient_email,recipient_phone,recipient_user_id,requester_id,retry_count,scheduled_for,sent_at,source_service,status,subject,template_id,uuid,id) values (?,?,?,?,?,?,?,?,?,?,?,?,?,?,?,?,?,?,?,default)]
	at org.hibernate.dialect.H2Dialect.lambda$buildSQLExceptionConversionDelegate$3(H2Dialect.java:759)
	at org.hibernate.exception.internal.StandardSQLExceptionConverter.convert(StandardSQLExceptionConverter.java:58)
	at org.hibernate.engine.jdbc.spi.SqlExceptionHelper.convert(SqlExceptionHelper.java:108)
	at org.hibernate.engine.jdbc.internal.ResultSetReturnImpl.executeUpdate(ResultSetReturnImpl.java:197)
	at org.hibernate.id.insert.GetGeneratedKeysDelegate.performMutation(GetGeneratedKeysDelegate.java:116)
	at org.hibernate.engine.jdbc.mutation.internal.MutationExecutorSingleNonBatched.performNonBatchedOperations(MutationExecutorSingleNonBatched.java:47)
	at org.hibernate.engine.jdbc.mutation.internal.AbstractMutationExecutor.execute(AbstractMutationExecutor.java:55)
	at org.hibernate.persister.entity.mutation.InsertCoordinatorStandard.doStaticInserts(InsertCoordinatorStandard.java:194)
	at org.hibernate.persister.entity.mutation.InsertCoordinatorStandard.coordinateInsert(InsertCoordinatorStandard.java:132)
	at org.hibernate.persister.entity.mutation.InsertCoordinatorStandard.insert(InsertCoordinatorStandard.java:95)
	at org.hibernate.action.internal.EntityIdentityInsertAction.execute(EntityIdentityInsertAction.java:85)
	at org.hibernate.engine.spi.ActionQueue.execute(ActionQueue.java:682)
	at org.hibernate.engine.spi.ActionQueue.addResolvedEntityInsertAction(ActionQueue.java:293)
	at org.hibernate.engine.spi.ActionQueue.addInsertAction(ActionQueue.java:274)
	at org.hibernate.engine.spi.ActionQueue.addAction(ActionQueue.java:324)
	at org.hibernate.event.internal.AbstractSaveEventListener.addInsertAction(AbstractSaveEventListener.java:393)
	at org.hibernate.event.internal.AbstractSaveEventListener.performSaveOrReplicate(AbstractSaveEventListener.java:307)
	at org.hibernate.event.internal.AbstractSaveEventListener.performSave(AbstractSaveEventListener.java:223)
	at org.hibernate.event.internal.AbstractSaveEventListener.saveWithGeneratedId(AbstractSaveEventListener.java:136)
	at org.hibernate.event.internal.DefaultPersistEventListener.entityIsTransient(DefaultPersistEventListener.java:177)
	at org.hibernate.event.internal.DefaultPersistEventListener.persist(DefaultPersistEventListener.java:95)
	at org.hibernate.event.internal.DefaultPersistEventListener.onPersist(DefaultPersistEventListener.java:79)
	at org.hibernate.event.internal.DefaultPersistEventListener.onPersist(DefaultPersistEventListener.java:55)
	at org.hibernate.event.service.internal.EventListenerGroupImpl.fireEventOnEachListener(EventListenerGroupImpl.java:127)
	at org.hibernate.internal.SessionImpl.firePersist(SessionImpl.java:761)
	at org.hibernate.internal.SessionImpl.persist(SessionImpl.java:745)
	at java.base/jdk.internal.reflect.DirectMethodHandleAccessor.invoke(DirectMethodHandleAccessor.java:103)
	at java.base/java.lang.reflect.Method.invoke(Method.java:580)
	at org.springframework.orm.jpa.ExtendedEntityManagerCreator$ExtendedEntityManagerInvocationHandler.invoke(ExtendedEntityManagerCreator.java:364)
	at jdk.proxy2/jdk.proxy2.$Proxy175.persist(Unknown Source)
	at java.base/jdk.internal.reflect.DirectMethodHandleAccessor.invoke(DirectMethodHandleAccessor.java:103)
	at java.base/java.lang.reflect.Method.invoke(Method.java:580)
	at org.springframework.orm.jpa.SharedEntityManagerCreator$SharedEntityManagerInvocationHandler.invoke(SharedEntityManagerCreator.java:320)
	at jdk.proxy2/jdk.proxy2.$Proxy175.persist(Unknown Source)
	at org.springframework.data.jpa.repository.support.SimpleJpaRepository.save(SimpleJpaRepository.java:636)
	at java.base/jdk.internal.reflect.DirectMethodHandleAccessor.invoke(DirectMethodHandleAccessor.java:103)
	at java.base/java.lang.reflect.Method.invoke(Method.java:580)
	at org.springframework.aop.support.AopUtils.invokeJoinpointUsingReflection(AopUtils.java:359)
	at org.springframework.data.repository.core.support.RepositoryMethodInvoker$RepositoryFragmentMethodInvoker.lambda$new$0(RepositoryMethodInvoker.java:277)
	at org.springframework.data.repository.core.support.RepositoryMethodInvoker.doInvoke(RepositoryMethodInvoker.java:170)
	at org.springframework.data.repository.core.support.RepositoryMethodInvoker.invoke(RepositoryMethodInvoker.java:158)
	at org.springframework.data.repository.core.support.RepositoryComposition$RepositoryFragments.invoke(RepositoryComposition.java:515)
	at org.springframework.data.repository.core.support.RepositoryComposition.invoke(RepositoryComposition.java:284)
	at org.springframework.data.repository.core.support.RepositoryFactorySupport$ImplementationMethodExecutionInterceptor.invoke(RepositoryFactorySupport.java:731)
	at org.springframework.aop.framework.ReflectiveMethodInvocation.proceed(ReflectiveMethodInvocation.java:184)
	at org.springframework.data.repository.core.support.QueryExecutorMethodInterceptor.doInvoke(QueryExecutorMethodInterceptor.java:174)
	at org.springframework.data.repository.core.support.QueryExecutorMethodInterceptor.invoke(QueryExecutorMethodInterceptor.java:149)
	at org.springframework.aop.framework.ReflectiveMethodInvocation.proceed(ReflectiveMethodInvocation.java:184)
	at org.springframework.data.projection.DefaultMethodInvokingMethodInterceptor.invoke(DefaultMethodInvokingMethodInterceptor.java:69)
	at org.springframework.aop.framework.ReflectiveMethodInvocation.proceed(ReflectiveMethodInvocation.java:184)
	at org.springframework.transaction.interceptor.TransactionAspectSupport.invokeWithinTransaction(TransactionAspectSupport.java:380)
	at org.springframework.transaction.interceptor.TransactionInterceptor.invoke(TransactionInterceptor.java:119)
	at org.springframework.aop.framework.ReflectiveMethodInvocation.proceed(ReflectiveMethodInvocation.java:184)
	at org.springframework.dao.support.PersistenceExceptionTranslationInterceptor.invoke(PersistenceExceptionTranslationInterceptor.java:138)
	... 135 common frames omitted
Caused by: org.h2.jdbc.JdbcSQLIntegrityConstraintViolationException: Violación de indice de Unicidad ó Clave primaria: "PUBLIC.UK_NOTIFICATIONS_UUID_INDEX_C ON PUBLIC.NOTIFICATIONS(UUID NULLS FIRST) VALUES ( /* 1 */ UUID '0f8e5eb8-b391-4cc0-a04b-545659a4a2b3' )"
Unique index or primary key violation: "PUBLIC.UK_NOTIFICATIONS_UUID_INDEX_C ON PUBLIC.NOTIFICATIONS(UUID NULLS FIRST) VALUES ( /* 1 */ UUID '0f8e5eb8-b391-4cc0-a04b-545659a4a2b3' )"; SQL statement:
insert into notifications (content_attributes,content_body,created_at,error_message,priority,recipient_attributes,recipient_device_token,recipient_email,recipient_phone,recipient_user_id,requester_id,retry_count,scheduled_for,sent_at,source_service,status,subject,template_id,uuid,id) values (?,?,?,?,?,?,?,?,?,?,?,?,?,?,?,?,?,?,?,default) [23505-232]
	at org.h2.message.DbException.getJdbcSQLException(DbException.java:520)
	at org.h2.message.DbException.getJdbcSQLException(DbException.java:489)
	at org.h2.message.DbException.get(DbException.java:223)
	at org.h2.message.DbException.get(DbException.java:199)
	at org.h2.index.Index.getDuplicateKeyException(Index.java:523)
	at org.h2.mvstore.db.MVSecondaryIndex.checkUnique(MVSecondaryIndex.java:223)
	at org.h2.mvstore.db.MVSecondaryIndex.add(MVSecondaryIndex.java:184)
	at org.h2.mvstore.db.MVTable.addRow(MVTable.java:517)
	at org.h2.command.dml.Insert.insertRows(Insert.java:174)
	at org.h2.command.dml.Insert.update(Insert.java:135)
	at org.h2.command.CommandContainer.executeUpdateWithGeneratedKeys(CommandContainer.java:212)
	at org.h2.command.CommandContainer.update(CommandContainer.java:133)
	at org.h2.command.Command.executeUpdate(Command.java:304)
	at org.h2.command.Command.executeUpdate(Command.java:248)
	at org.h2.jdbc.JdbcPreparedStatement.executeUpdateInternal(JdbcPreparedStatement.java:213)
	at org.h2.jdbc.JdbcPreparedStatement.executeUpdate(JdbcPreparedStatement.java:172)
	at com.zaxxer.hikari.pool.ProxyPreparedStatement.executeUpdate(ProxyPreparedStatement.java:61)
	at com.zaxxer.hikari.pool.HikariProxyPreparedStatement.executeUpdate(HikariProxyPreparedStatement.java)
	at org.hibernate.engine.jdbc.internal.ResultSetReturnImpl.executeUpdate(ResultSetReturnImpl.java:194)
	... 185 common frames omitted
2025-07-31 12:29:16,014 [SpringApplicationShutdownHook] INFO  o.s.c.n.e.s.EurekaServiceRegistry                  - Unregistering application NOTIFICATION-SERVICE with eureka with status DOWN
2025-07-31 12:29:16,016 [SpringApplicationShutdownHook] INFO  o.s.b.w.embedded.tomcat.GracefulShutdown           - Commencing graceful shutdown. Waiting for active requests to complete
2025-07-31 12:29:16,022 [tomcat-shutdown] INFO  o.s.b.w.embedded.tomcat.GracefulShutdown           - Graceful shutdown complete
2025-07-31 12:29:16,034 [SpringApplicationShutdownHook] INFO  o.s.o.j.LocalContainerEntityManagerFactoryBean     - Closing JPA EntityManagerFactory for persistence unit 'default'
2025-07-31 12:29:16,036 [SpringApplicationShutdownHook] INFO  com.zaxxer.hikari.HikariDataSource                 - HikariPool-1 - Shutdown initiated...
2025-07-31 12:29:16,037 [SpringApplicationShutdownHook] INFO  com.zaxxer.hikari.HikariDataSource                 - HikariPool-1 - Shutdown completed.
2025-07-31 12:29:16,038 [SpringApplicationShutdownHook] INFO  com.netflix.discovery.DiscoveryClient              - Shutting down DiscoveryClient ...
2025-07-31 12:29:16,038 [SpringApplicationShutdownHook] INFO  com.netflix.discovery.DiscoveryClient              - Completed shut down of DiscoveryClient
2025-07-31 16:17:08,388 [background-preinit] INFO  o.h.validator.internal.util.Version                - HV000001: Hibernate Validator 8.0.2.Final
2025-07-31 16:17:08,444 [main] INFO  edu.market.notification.App                        - Starting App v1.0.0 using Java 21 with PID 26840 (C:\Users\ja2c\Desktop\Cursos\micro-servicio-archt\k8s\microservices\services\notification-service\target\classes started by ja2c in C:\Users\ja2c\Desktop\Cursos\micro-servicio-archt\k8s\microservices\services\notification-service)
2025-07-31 16:17:08,445 [main] DEBUG edu.market.notification.App                        - Running with Spring Boot v3.4.5, Spring v6.2.6
2025-07-31 16:17:08,446 [main] INFO  edu.market.notification.App                        - The following 1 profile is active: "dev"
2025-07-31 16:17:08,493 [main] INFO  o.s.c.c.c.ConfigServerConfigDataLoader             - Fetching config from server at : http://localhost:8890
2025-07-31 16:17:08,493 [main] INFO  o.s.c.c.c.ConfigServerConfigDataLoader             - Exception on Url - http://localhost:8890:org.springframework.web.client.ResourceAccessException: I/O error on GET request for "http://localhost:8890/notification-service/default": Connection refused: no further information. Will be trying the next url if available
2025-07-31 16:17:08,493 [main] WARN  o.s.c.c.c.ConfigServerConfigDataLoader             - Could not locate PropertySource ([ConfigServerConfigDataResource@25a73de1 uris = array<String>['http://localhost:8890'], optional = true, profiles = 'default']): I/O error on GET request for "http://localhost:8890/notification-service/default": Connection refused: no further information
2025-07-31 16:17:08,493 [main] INFO  o.s.c.c.c.ConfigServerConfigDataLoader             - Fetching config from server at : http://localhost:8890
2025-07-31 16:17:08,493 [main] INFO  o.s.c.c.c.ConfigServerConfigDataLoader             - Exception on Url - http://localhost:8890:org.springframework.web.client.ResourceAccessException: I/O error on GET request for "http://localhost:8890/notification-service/dev": Connection refused: no further information. Will be trying the next url if available
2025-07-31 16:17:08,494 [main] WARN  o.s.c.c.c.ConfigServerConfigDataLoader             - Could not locate PropertySource ([ConfigServerConfigDataResource@652ce654 uris = array<String>['http://localhost:8890'], optional = true, profiles = 'dev']): I/O error on GET request for "http://localhost:8890/notification-service/dev": Connection refused: no further information
2025-07-31 16:17:08,494 [main] INFO  o.s.c.c.c.ConfigServerConfigDataLoader             - Fetching config from server at : http://localhost:8890
2025-07-31 16:17:08,494 [main] INFO  o.s.c.c.c.ConfigServerConfigDataLoader             - Exception on Url - http://localhost:8890:org.springframework.web.client.ResourceAccessException: I/O error on GET request for "http://localhost:8890/notification-service/default": Connection refused: no further information. Will be trying the next url if available
2025-07-31 16:17:08,494 [main] WARN  o.s.c.c.c.ConfigServerConfigDataLoader             - Could not locate PropertySource ([ConfigServerConfigDataResource@522ba524 uris = array<String>['http://localhost:8890'], optional = true, profiles = 'default']): I/O error on GET request for "http://localhost:8890/notification-service/default": Connection refused: no further information
2025-07-31 16:17:09,589 [main] INFO  o.s.d.r.c.RepositoryConfigurationDelegate          - Bootstrapping Spring Data JPA repositories in DEFAULT mode.
2025-07-31 16:17:09,765 [main] INFO  o.s.d.r.c.RepositoryConfigurationDelegate          - Finished Spring Data repository scanning in 166 ms. Found 6 JPA repository interfaces.
2025-07-31 16:17:10,093 [main] INFO  o.s.cloud.context.scope.GenericScope               - BeanFactory id=3900db60-8d40-363c-9c55-ffe39cb1c59c
2025-07-31 16:17:10,831 [main] INFO  o.s.b.w.embedded.tomcat.TomcatWebServer            - Tomcat initialized with port 8080 (http)
2025-07-31 16:17:10,844 [main] INFO  o.apache.coyote.http11.Http11NioProtocol           - Initializing ProtocolHandler ["http-nio-8080"]
2025-07-31 16:17:10,844 [main] INFO  o.apache.catalina.core.StandardService             - Starting service [Tomcat]
2025-07-31 16:17:10,849 [main] INFO  org.apache.catalina.core.StandardEngine            - Starting Servlet engine: [Apache Tomcat/10.1.40]
2025-07-31 16:17:10,925 [main] INFO  o.a.c.c.C.[.[.[/notification-service]              - Initializing Spring embedded WebApplicationContext
2025-07-31 16:17:10,925 [main] INFO  o.s.b.w.s.c.ServletWebServerApplicationContext     - Root WebApplicationContext: initialization completed in 2429 ms
2025-07-31 16:17:11,336 [main] INFO  com.zaxxer.hikari.HikariDataSource                 - HikariPool-1 - Starting...
2025-07-31 16:17:11,566 [main] INFO  com.zaxxer.hikari.pool.HikariPool                  - HikariPool-1 - Added connection conn0: url=jdbc:h2:mem:notificationdb user=SA
2025-07-31 16:17:11,566 [main] INFO  com.zaxxer.hikari.HikariDataSource                 - HikariPool-1 - Start completed.
2025-07-31 16:17:11,759 [main] INFO  o.hibernate.jpa.internal.util.LogHelper            - HHH000204: Processing PersistenceUnitInfo [name: default]
2025-07-31 16:17:11,834 [main] INFO  org.hibernate.Version                              - HHH000412: Hibernate ORM core version 6.6.13.Final
2025-07-31 16:17:11,888 [main] INFO  o.h.c.internal.RegionFactoryInitiator              - HHH000026: Second-level cache disabled
2025-07-31 16:17:12,219 [main] INFO  o.s.o.j.p.SpringPersistenceUnitInfo                - No LoadTimeWeaver setup: ignoring JPA class transformer
2025-07-31 16:17:12,292 [main] INFO  org.hibernate.orm.connections.pooling              - HHH10001005: Database info:
	Database JDBC URL [Connecting through datasource 'HikariDataSource (HikariPool-1)']
	Database driver: undefined/unknown
	Database version: 2.3.232
	Autocommit mode: undefined/unknown
	Isolation level: undefined/unknown
	Minimum pool size: undefined/unknown
	Maximum pool size: undefined/unknown
2025-07-31 16:17:13,210 [main] INFO  o.h.e.t.j.p.i.JtaPlatformInitiator                 - HHH000489: No JTA platform available (set 'hibernate.transaction.jta.platform' to enable JTA platform integration)
2025-07-31 16:17:13,315 [main] INFO  o.s.o.j.LocalContainerEntityManagerFactoryBean     - Initialized JPA EntityManagerFactory for persistence unit 'default'
2025-07-31 16:17:13,763 [main] INFO  o.s.d.j.r.query.QueryEnhancerFactory               - Hibernate is in classpath; If applicable, HQL parser will be used.
2025-07-31 16:17:14,895 [main] WARN  o.s.b.a.o.j.JpaBaseConfiguration$JpaWebConfiguration - spring.jpa.open-in-view is enabled by default. Therefore, database queries may be performed during view rendering. Explicitly configure spring.jpa.open-in-view to disable this warning
2025-07-31 16:17:15,284 [main] INFO  o.s.b.a.e.web.EndpointLinksResolver                - Exposing 1 endpoint beneath base path '/actuator'
2025-07-31 16:17:15,704 [main] INFO  o.s.b.a.h2.H2ConsoleAutoConfiguration              - H2 console available at '/h2-console'. Database available at 'jdbc:h2:mem:notificationdb'
2025-07-31 16:17:15,751 [main] INFO  o.s.c.n.e.c.DiscoveryClientOptionalArgsConfiguration - Eureka HTTP Client uses RestTemplate.
2025-07-31 16:17:15,794 [main] WARN  o.s.c.l.c.LoadBalancerCacheAutoConfiguration$LoadBalancerCaffeineWarnLogger - Spring Cloud LoadBalancer is currently working with the default cache. While this cache implementation is useful for development and tests, it's recommended to use Caffeine cache in production.You can switch to using Caffeine cache, by adding it and org.springframework.cache.caffeine.CaffeineCacheManager to the classpath.
2025-07-31 16:17:15,844 [main] INFO  o.s.c.netflix.eureka.InstanceInfoFactory           - Setting initial instance status as: STARTING
2025-07-31 16:17:15,859 [main] INFO  com.netflix.discovery.DiscoveryClient              - Initializing Eureka in region us-east-1
2025-07-31 16:17:15,859 [main] INFO  com.netflix.discovery.DiscoveryClient              - Client configured to neither register nor query for data.
2025-07-31 16:17:15,859 [main] INFO  com.netflix.discovery.DiscoveryClient              - Discovery Client initialized at timestamp 1753993035859 with initial instances count: 0
2025-07-31 16:17:15,865 [main] INFO  o.s.c.n.e.s.EurekaServiceRegistry                  - Registering application NOTIFICATION-SERVICE with eureka with status UP
2025-07-31 16:17:15,865 [main] INFO  o.apache.coyote.http11.Http11NioProtocol           - Starting ProtocolHandler ["http-nio-8080"]
2025-07-31 16:17:15,880 [main] INFO  o.s.b.w.embedded.tomcat.TomcatWebServer            - Tomcat started on port 8080 (http) with context path '/notification-service'
2025-07-31 16:17:15,881 [main] INFO  o.s.c.n.e.s.EurekaAutoServiceRegistration          - Updating port to 8080
2025-07-31 16:17:15,896 [main] INFO  edu.market.notification.App                        - Started App in 8.483 seconds (process running for 9.101)
2025-07-31 16:18:01,880 [http-nio-8080-exec-1] INFO  o.a.c.c.C.[.[.[/notification-service]              - Initializing Spring DispatcherServlet 'dispatcherServlet'
2025-07-31 16:18:01,881 [http-nio-8080-exec-1] INFO  o.s.web.servlet.DispatcherServlet                  - Initializing Servlet 'dispatcherServlet'
2025-07-31 16:18:01,882 [http-nio-8080-exec-1] INFO  o.s.web.servlet.DispatcherServlet                  - Completed initialization in 1 ms
2025-07-31 16:18:01,944 [http-nio-8080-exec-1] INFO  e.m.n.i.a.i.w.c.NotificationController             - sendNotification - init
2025-07-31 16:18:01,944 [http-nio-8080-exec-1] DEBUG e.m.n.i.a.i.w.c.NotificationController             - sendNotification - Call notificationMapper.toNotificationCommand
2025-07-31 16:18:01,944 [http-nio-8080-exec-1] INFO  e.m.n.i.a.i.w.m.NotificationInputMapper            - toNotificationCommand - init
2025-07-31 16:18:01,944 [http-nio-8080-exec-1] INFO  e.m.n.i.a.i.w.m.NotificationInputMapper            - toNotificationCommand - end
2025-07-31 16:18:01,944 [http-nio-8080-exec-1] DEBUG e.m.n.i.a.i.w.c.NotificationController             - sendNotification - Create ClientContextCommand
2025-07-31 16:18:01,944 [http-nio-8080-exec-1] DEBUG e.m.n.i.a.i.web.util.RequestContextUtil            - Obteniendo IP del cliente
2025-07-31 16:18:01,944 [http-nio-8080-exec-1] DEBUG e.m.n.i.a.i.web.util.RequestContextUtil            - Obteniendo User-Agent del cliente
2025-07-31 16:18:01,944 [http-nio-8080-exec-1] DEBUG e.m.n.i.a.i.web.util.RequestContextUtil            - Obteniendo ruta de la petición
2025-07-31 16:18:01,944 [http-nio-8080-exec-1] DEBUG e.m.n.i.a.i.w.c.NotificationController             - sendNotification - Call sendNotificationUseCase.send
2025-07-31 16:18:01,947 [http-nio-8080-exec-1] INFO  e.m.n.i.a.o.monitoring.LoggingAdapter              - send - Init
2025-07-31 16:18:59,167 [HikariPool-1 housekeeper] WARN  com.zaxxer.hikari.pool.HikariPool                  - HikariPool-1 - Thread starvation or clock leap detected (housekeeper delta=1m17s481ms916µs799ns).
2025-07-31 16:19:01,593 [http-nio-8080-exec-1] INFO  e.m.n.i.a.o.p.m.NotificationOutputMapper           - toEntity - Init
2025-07-31 16:19:10,464 [http-nio-8080-exec-1] INFO  e.m.n.i.a.o.p.m.NotificationOutputMapper           - toEntity - End
2025-07-31 16:21:25,814 [HikariPool-1 housekeeper] WARN  com.zaxxer.hikari.pool.HikariPool                  - HikariPool-1 - Thread starvation or clock leap detected (housekeeper delta=2m26s646ms452µs401ns).
2025-07-31 16:23:50,255 [http-nio-8080-exec-1] DEBUG e.m.n.i.a.o.monitoring.LoggingAdapter              - send - Notification saved with ID: 2c7bba94-f236-4f9e-b8b6-fa08e2fdac72, channels: [SMS, EMAIL]
2025-07-31 16:23:50,255 [http-nio-8080-exec-1] DEBUG e.m.n.i.a.o.monitoring.LoggingAdapter              - NotificationChannelServiceAdapter.isAvailable - Verificando disponibilidad del canal {}
2025-07-31 16:23:50,255 [http-nio-8080-exec-1] DEBUG e.m.n.i.a.o.monitoring.LoggingAdapter              - send - Call notificationChannel.send
2025-07-31 16:23:50,255 [http-nio-8080-exec-1] INFO  e.m.n.i.a.o.monitoring.LoggingAdapter              - NotificationChannelServiceAdapter.send - Enviando notificación {} por canal {}
2025-07-31 16:23:50,260 [http-nio-8080-exec-1] INFO  e.m.n.i.a.o.monitoring.LoggingAdapter              - NotificationChannelServiceAdapter.send - Notificación {} enviada exitosamente
2025-07-31 16:23:50,260 [http-nio-8080-exec-1] DEBUG e.m.n.i.a.o.monitoring.LoggingAdapter              - send - Mark notification as sent
2025-07-31 16:23:50,260 [http-nio-8080-exec-1] DEBUG e.m.n.i.a.o.monitoring.LoggingAdapter              - send - Call notificationRepository.save for updated notification
2025-07-31 16:23:50,263 [metricsCollectorExecutor-1] DEBUG e.m.n.i.a.o.m.MicrometerMetricsAdapter             - Registrando métrica de notificación enviada para canal SMS
2025-07-31 16:26:52,044 [HikariPool-1 housekeeper] WARN  com.zaxxer.hikari.pool.HikariPool                  - HikariPool-1 - Thread starvation or clock leap detected (housekeeper delta=3m8s335ms407µs299ns).
2025-07-31 16:23:50,263 [metricsCollectorExecutor-0] DEBUG e.m.n.i.a.o.m.MicrometerMetricsAdapter             - Incrementando contador de notificaciones para estado PROCESSING
2025-07-31 16:26:54,539 [metricsCollectorExecutor-1] DEBUG e.m.n.i.a.o.m.MicrometerMetricsAdapter             - Métrica de notificación enviada registrada exitosamente
2025-07-31 16:26:54,539 [metricsCollectorExecutor-0] DEBUG e.m.n.i.a.o.m.MicrometerMetricsAdapter             - Contador de notificaciones incrementado exitosamente
2025-07-31 16:26:54,539 [http-nio-8080-exec-1] INFO  e.m.n.i.a.o.p.m.NotificationOutputMapper           - toEntity - Init
2025-07-31 16:28:33,261 [HikariPool-1 housekeeper] WARN  com.zaxxer.hikari.pool.HikariPool                  - HikariPool-1 - Thread starvation or clock leap detected (housekeeper delta=1m41s217ms532µs801ns).
2025-07-31 16:28:33,263 [http-nio-8080-exec-1] INFO  e.m.n.i.a.o.p.m.NotificationOutputMapper           - toEntity - End
2025-07-31 16:28:33,283 [http-nio-8080-exec-1] WARN  o.h.engine.jdbc.spi.SqlExceptionHelper             - SQL Error: 23505, SQLState: 23505
2025-07-31 16:28:33,287 [http-nio-8080-exec-1] ERROR o.h.engine.jdbc.spi.SqlExceptionHelper             - Violación de indice de Unicidad ó Clave primaria: "PUBLIC.UK_NOTIFICATIONS_UUID_INDEX_C ON PUBLIC.NOTIFICATIONS(UUID NULLS FIRST) VALUES ( /* 1 */ UUID '2c7bba94-f236-4f9e-b8b6-fa08e2fdac72' )"
Unique index or primary key violation: "PUBLIC.UK_NOTIFICATIONS_UUID_INDEX_C ON PUBLIC.NOTIFICATIONS(UUID NULLS FIRST) VALUES ( /* 1 */ UUID '2c7bba94-f236-4f9e-b8b6-fa08e2fdac72' )"; SQL statement:
insert into notifications (content_attributes,content_body,created_at,error_message,priority,recipient_attributes,recipient_device_token,recipient_email,recipient_phone,recipient_user_id,requester_id,retry_count,scheduled_for,sent_at,source_service,status,subject,template_id,uuid,id) values (?,?,?,?,?,?,?,?,?,?,?,?,?,?,?,?,?,?,?,default) [23505-232]
2025-07-31 16:28:33,289 [SpringApplicationShutdownHook] INFO  o.s.c.n.e.s.EurekaServiceRegistry                  - Unregistering application NOTIFICATION-SERVICE with eureka with status DOWN
2025-07-31 16:28:33,292 [SpringApplicationShutdownHook] INFO  o.s.b.w.embedded.tomcat.GracefulShutdown           - Commencing graceful shutdown. Waiting for active requests to complete
2025-07-31 16:28:33,316 [http-nio-8080-exec-1] ERROR e.m.n.i.a.o.monitoring.LoggingAdapter              - send - Exception occurred
org.springframework.dao.DataIntegrityViolationException: could not execute statement [Violación de indice de Unicidad ó Clave primaria: "PUBLIC.UK_NOTIFICATIONS_UUID_INDEX_C ON PUBLIC.NOTIFICATIONS(UUID NULLS FIRST) VALUES ( /* 1 */ UUID '2c7bba94-f236-4f9e-b8b6-fa08e2fdac72' )"
Unique index or primary key violation: "PUBLIC.UK_NOTIFICATIONS_UUID_INDEX_C ON PUBLIC.NOTIFICATIONS(UUID NULLS FIRST) VALUES ( /* 1 */ UUID '2c7bba94-f236-4f9e-b8b6-fa08e2fdac72' )"; SQL statement:
insert into notifications (content_attributes,content_body,created_at,error_message,priority,recipient_attributes,recipient_device_token,recipient_email,recipient_phone,recipient_user_id,requester_id,retry_count,scheduled_for,sent_at,source_service,status,subject,template_id,uuid,id) values (?,?,?,?,?,?,?,?,?,?,?,?,?,?,?,?,?,?,?,default) [23505-232]] [insert into notifications (content_attributes,content_body,created_at,error_message,priority,recipient_attributes,recipient_device_token,recipient_email,recipient_phone,recipient_user_id,requester_id,retry_count,scheduled_for,sent_at,source_service,status,subject,template_id,uuid,id) values (?,?,?,?,?,?,?,?,?,?,?,?,?,?,?,?,?,?,?,default)]; SQL [insert into notifications (content_attributes,content_body,created_at,error_message,priority,recipient_attributes,recipient_device_token,recipient_email,recipient_phone,recipient_user_id,requester_id,retry_count,scheduled_for,sent_at,source_service,status,subject,template_id,uuid,id) values (?,?,?,?,?,?,?,?,?,?,?,?,?,?,?,?,?,?,?,default)]; constraint [PUBLIC.UK_NOTIFICATIONS_UUID_INDEX_C]
	at org.springframework.orm.jpa.vendor.HibernateJpaDialect.convertHibernateAccessException(HibernateJpaDialect.java:294)
	at org.springframework.orm.jpa.vendor.HibernateJpaDialect.convertHibernateAccessException(HibernateJpaDialect.java:256)
	at org.springframework.orm.jpa.vendor.HibernateJpaDialect.translateExceptionIfPossible(HibernateJpaDialect.java:241)
	at org.springframework.orm.jpa.AbstractEntityManagerFactoryBean.translateExceptionIfPossible(AbstractEntityManagerFactoryBean.java:560)
	at org.springframework.dao.support.ChainedPersistenceExceptionTranslator.translateExceptionIfPossible(ChainedPersistenceExceptionTranslator.java:61)
	at org.springframework.dao.support.DataAccessUtils.translateIfNecessary(DataAccessUtils.java:343)
	at org.springframework.dao.support.PersistenceExceptionTranslationInterceptor.invoke(PersistenceExceptionTranslationInterceptor.java:160)
	at org.springframework.aop.framework.ReflectiveMethodInvocation.proceed(ReflectiveMethodInvocation.java:184)
	at org.springframework.data.jpa.repository.support.CrudMethodMetadataPostProcessor$CrudMethodMetadataPopulatingMethodInterceptor.invoke(CrudMethodMetadataPostProcessor.java:165)
	at org.springframework.aop.framework.ReflectiveMethodInvocation.proceed(ReflectiveMethodInvocation.java:184)
	at org.springframework.aop.framework.JdkDynamicAopProxy.invoke(JdkDynamicAopProxy.java:223)
	at jdk.proxy2/jdk.proxy2.$Proxy186.save(Unknown Source)
	at edu.market.notification.infrastructure.adapter.output.persistence.NotificationRepositoryAdapter.save(NotificationRepositoryAdapter.java:36)
	at java.base/jdk.internal.reflect.DirectMethodHandleAccessor.invoke(DirectMethodHandleAccessor.java:103)
	at java.base/java.lang.reflect.Method.invoke(Method.java:580)
	at org.springframework.aop.support.AopUtils.invokeJoinpointUsingReflection(AopUtils.java:359)
	at org.springframework.aop.framework.ReflectiveMethodInvocation.invokeJoinpoint(ReflectiveMethodInvocation.java:196)
	at org.springframework.aop.framework.ReflectiveMethodInvocation.proceed(ReflectiveMethodInvocation.java:163)
	at org.springframework.transaction.interceptor.TransactionAspectSupport.invokeWithinTransaction(TransactionAspectSupport.java:380)
	at org.springframework.transaction.interceptor.TransactionInterceptor.invoke(TransactionInterceptor.java:119)
	at org.springframework.aop.framework.ReflectiveMethodInvocation.proceed(ReflectiveMethodInvocation.java:184)
	at org.springframework.aop.framework.CglibAopProxy$DynamicAdvisedInterceptor.intercept(CglibAopProxy.java:728)
	at edu.market.notification.infrastructure.adapter.output.persistence.NotificationRepositoryAdapter$$SpringCGLIB$$0.save(<generated>)
	at edu.market.notification.application.usecase.notification.SendNotificationUseCase.send(SendNotificationUseCase.java:106)
	at edu.market.notification.infrastructure.adapter.input.web.controller.NotificationController.sendNotification(NotificationController.java:156)
	at java.base/jdk.internal.reflect.DirectMethodHandleAccessor.invoke(DirectMethodHandleAccessor.java:103)
	at java.base/java.lang.reflect.Method.invoke(Method.java:580)
	at org.springframework.web.method.support.InvocableHandlerMethod.doInvoke(InvocableHandlerMethod.java:258)
	at org.springframework.web.method.support.InvocableHandlerMethod.invokeForRequest(InvocableHandlerMethod.java:191)
	at org.springframework.web.servlet.mvc.method.annotation.ServletInvocableHandlerMethod.invokeAndHandle(ServletInvocableHandlerMethod.java:118)
	at org.springframework.web.servlet.mvc.method.annotation.RequestMappingHandlerAdapter.invokeHandlerMethod(RequestMappingHandlerAdapter.java:986)
	at org.springframework.web.servlet.mvc.method.annotation.RequestMappingHandlerAdapter.handleInternal(RequestMappingHandlerAdapter.java:891)
	at org.springframework.web.servlet.mvc.method.AbstractHandlerMethodAdapter.handle(AbstractHandlerMethodAdapter.java:87)
	at org.springframework.web.servlet.DispatcherServlet.doDispatch(DispatcherServlet.java:1089)
	at org.springframework.web.servlet.DispatcherServlet.doService(DispatcherServlet.java:979)
	at org.springframework.web.servlet.FrameworkServlet.processRequest(FrameworkServlet.java:1014)
	at org.springframework.web.servlet.FrameworkServlet.doPost(FrameworkServlet.java:914)
	at jakarta.servlet.http.HttpServlet.service(HttpServlet.java:590)
	at org.springframework.web.servlet.FrameworkServlet.service(FrameworkServlet.java:885)
	at jakarta.servlet.http.HttpServlet.service(HttpServlet.java:658)
	at org.apache.catalina.core.ApplicationFilterChain.internalDoFilter(ApplicationFilterChain.java:195)
	at org.apache.catalina.core.ApplicationFilterChain.doFilter(ApplicationFilterChain.java:140)
	at org.apache.tomcat.websocket.server.WsFilter.doFilter(WsFilter.java:51)
	at org.apache.catalina.core.ApplicationFilterChain.internalDoFilter(ApplicationFilterChain.java:164)
	at org.apache.catalina.core.ApplicationFilterChain.doFilter(ApplicationFilterChain.java:140)
	at org.springframework.web.filter.CompositeFilter$VirtualFilterChain.doFilter(CompositeFilter.java:108)
	at org.springframework.security.web.FilterChainProxy.lambda$doFilterInternal$3(FilterChainProxy.java:231)
	at org.springframework.security.web.ObservationFilterChainDecorator$FilterObservation$SimpleFilterObservation.lambda$wrap$1(ObservationFilterChainDecorator.java:479)
	at org.springframework.security.web.ObservationFilterChainDecorator$AroundFilterObservation$SimpleAroundFilterObservation.lambda$wrap$1(ObservationFilterChainDecorator.java:340)
	at org.springframework.security.web.ObservationFilterChainDecorator.lambda$wrapSecured$0(ObservationFilterChainDecorator.java:82)
	at org.springframework.security.web.ObservationFilterChainDecorator$VirtualFilterChain.doFilter(ObservationFilterChainDecorator.java:128)
	at org.springframework.security.web.access.intercept.AuthorizationFilter.doFilter(AuthorizationFilter.java:101)
	at org.springframework.security.web.ObservationFilterChainDecorator$ObservationFilter.wrapFilter(ObservationFilterChainDecorator.java:240)
	at org.springframework.security.web.ObservationFilterChainDecorator$ObservationFilter.doFilter(ObservationFilterChainDecorator.java:227)
	at org.springframework.security.web.ObservationFilterChainDecorator$VirtualFilterChain.doFilter(ObservationFilterChainDecorator.java:137)
	at org.springframework.security.web.access.ExceptionTranslationFilter.doFilter(ExceptionTranslationFilter.java:126)
	at org.springframework.security.web.access.ExceptionTranslationFilter.doFilter(ExceptionTranslationFilter.java:120)
	at org.springframework.security.web.ObservationFilterChainDecorator$ObservationFilter.wrapFilter(ObservationFilterChainDecorator.java:240)
	at org.springframework.security.web.ObservationFilterChainDecorator$ObservationFilter.doFilter(ObservationFilterChainDecorator.java:227)
	at org.springframework.security.web.ObservationFilterChainDecorator$VirtualFilterChain.doFilter(ObservationFilterChainDecorator.java:137)
	at org.springframework.security.web.authentication.AnonymousAuthenticationFilter.doFilter(AnonymousAuthenticationFilter.java:100)
	at org.springframework.security.web.ObservationFilterChainDecorator$ObservationFilter.wrapFilter(ObservationFilterChainDecorator.java:240)
	at org.springframework.security.web.ObservationFilterChainDecorator$ObservationFilter.doFilter(ObservationFilterChainDecorator.java:227)
	at org.springframework.security.web.ObservationFilterChainDecorator$VirtualFilterChain.doFilter(ObservationFilterChainDecorator.java:137)
	at org.springframework.security.web.servletapi.SecurityContextHolderAwareRequestFilter.doFilter(SecurityContextHolderAwareRequestFilter.java:179)
	at org.springframework.security.web.ObservationFilterChainDecorator$ObservationFilter.wrapFilter(ObservationFilterChainDecorator.java:240)
	at org.springframework.security.web.ObservationFilterChainDecorator$ObservationFilter.doFilter(ObservationFilterChainDecorator.java:227)
	at org.springframework.security.web.ObservationFilterChainDecorator$VirtualFilterChain.doFilter(ObservationFilterChainDecorator.java:137)
	at org.springframework.security.web.savedrequest.RequestCacheAwareFilter.doFilter(RequestCacheAwareFilter.java:63)
	at org.springframework.security.web.ObservationFilterChainDecorator$ObservationFilter.wrapFilter(ObservationFilterChainDecorator.java:240)
	at org.springframework.security.web.ObservationFilterChainDecorator$ObservationFilter.doFilter(ObservationFilterChainDecorator.java:227)
	at org.springframework.security.web.ObservationFilterChainDecorator$VirtualFilterChain.doFilter(ObservationFilterChainDecorator.java:137)
	at org.springframework.security.web.authentication.logout.LogoutFilter.doFilter(LogoutFilter.java:107)
	at org.springframework.security.web.authentication.logout.LogoutFilter.doFilter(LogoutFilter.java:93)
	at org.springframework.security.web.ObservationFilterChainDecorator$ObservationFilter.wrapFilter(ObservationFilterChainDecorator.java:240)
	at org.springframework.security.web.ObservationFilterChainDecorator$ObservationFilter.doFilter(ObservationFilterChainDecorator.java:227)
	at org.springframework.security.web.ObservationFilterChainDecorator$VirtualFilterChain.doFilter(ObservationFilterChainDecorator.java:137)
	at org.springframework.security.web.header.HeaderWriterFilter.doHeadersAfter(HeaderWriterFilter.java:90)
	at org.springframework.security.web.header.HeaderWriterFilter.doFilterInternal(HeaderWriterFilter.java:75)
	at org.springframework.web.filter.OncePerRequestFilter.doFilter(OncePerRequestFilter.java:116)
	at org.springframework.security.web.ObservationFilterChainDecorator$ObservationFilter.wrapFilter(ObservationFilterChainDecorator.java:240)
	at org.springframework.security.web.ObservationFilterChainDecorator$ObservationFilter.doFilter(ObservationFilterChainDecorator.java:227)
	at org.springframework.security.web.ObservationFilterChainDecorator$VirtualFilterChain.doFilter(ObservationFilterChainDecorator.java:137)
	at org.springframework.security.web.context.SecurityContextHolderFilter.doFilter(SecurityContextHolderFilter.java:82)
	at org.springframework.security.web.context.SecurityContextHolderFilter.doFilter(SecurityContextHolderFilter.java:69)
	at org.springframework.security.web.ObservationFilterChainDecorator$ObservationFilter.wrapFilter(ObservationFilterChainDecorator.java:240)
	at org.springframework.security.web.ObservationFilterChainDecorator$ObservationFilter.doFilter(ObservationFilterChainDecorator.java:227)
	at org.springframework.security.web.ObservationFilterChainDecorator$VirtualFilterChain.doFilter(ObservationFilterChainDecorator.java:137)
	at org.springframework.security.web.context.request.async.WebAsyncManagerIntegrationFilter.doFilterInternal(WebAsyncManagerIntegrationFilter.java:62)
	at org.springframework.web.filter.OncePerRequestFilter.doFilter(OncePerRequestFilter.java:116)
	at org.springframework.security.web.ObservationFilterChainDecorator$ObservationFilter.wrapFilter(ObservationFilterChainDecorator.java:240)
	at org.springframework.security.web.ObservationFilterChainDecorator$ObservationFilter.doFilter(ObservationFilterChainDecorator.java:227)
	at org.springframework.security.web.ObservationFilterChainDecorator$VirtualFilterChain.doFilter(ObservationFilterChainDecorator.java:137)
	at org.springframework.security.web.session.DisableEncodeUrlFilter.doFilterInternal(DisableEncodeUrlFilter.java:42)
	at org.springframework.web.filter.OncePerRequestFilter.doFilter(OncePerRequestFilter.java:116)
	at org.springframework.security.web.ObservationFilterChainDecorator$ObservationFilter.wrapFilter(ObservationFilterChainDecorator.java:240)
	at org.springframework.security.web.ObservationFilterChainDecorator$AroundFilterObservation$SimpleAroundFilterObservation.lambda$wrap$0(ObservationFilterChainDecorator.java:323)
	at org.springframework.security.web.ObservationFilterChainDecorator$ObservationFilter.doFilter(ObservationFilterChainDecorator.java:224)
	at org.springframework.security.web.ObservationFilterChainDecorator$VirtualFilterChain.doFilter(ObservationFilterChainDecorator.java:137)
	at org.springframework.security.web.FilterChainProxy.doFilterInternal(FilterChainProxy.java:233)
	at org.springframework.security.web.FilterChainProxy.doFilter(FilterChainProxy.java:191)
	at org.springframework.web.filter.CompositeFilter$VirtualFilterChain.doFilter(CompositeFilter.java:113)
	at org.springframework.web.servlet.handler.HandlerMappingIntrospector.lambda$createCacheFilter$3(HandlerMappingIntrospector.java:243)
	at org.springframework.web.filter.CompositeFilter$VirtualFilterChain.doFilter(CompositeFilter.java:113)
	at org.springframework.web.filter.CompositeFilter.doFilter(CompositeFilter.java:74)
	at org.springframework.security.config.annotation.web.configuration.WebMvcSecurityConfiguration$CompositeFilterChainProxy.doFilter(WebMvcSecurityConfiguration.java:238)
	at org.springframework.web.filter.DelegatingFilterProxy.invokeDelegate(DelegatingFilterProxy.java:362)
	at org.springframework.web.filter.DelegatingFilterProxy.doFilter(DelegatingFilterProxy.java:278)
	at org.apache.catalina.core.ApplicationFilterChain.internalDoFilter(ApplicationFilterChain.java:164)
	at org.apache.catalina.core.ApplicationFilterChain.doFilter(ApplicationFilterChain.java:140)
	at org.springframework.web.filter.RequestContextFilter.doFilterInternal(RequestContextFilter.java:100)
	at org.springframework.web.filter.OncePerRequestFilter.doFilter(OncePerRequestFilter.java:116)
	at org.apache.catalina.core.ApplicationFilterChain.internalDoFilter(ApplicationFilterChain.java:164)
	at org.apache.catalina.core.ApplicationFilterChain.doFilter(ApplicationFilterChain.java:140)
	at org.springframework.web.filter.FormContentFilter.doFilterInternal(FormContentFilter.java:93)
	at org.springframework.web.filter.OncePerRequestFilter.doFilter(OncePerRequestFilter.java:116)
	at org.apache.catalina.core.ApplicationFilterChain.internalDoFilter(ApplicationFilterChain.java:164)
	at org.apache.catalina.core.ApplicationFilterChain.doFilter(ApplicationFilterChain.java:140)
	at org.springframework.web.filter.ServerHttpObservationFilter.doFilterInternal(ServerHttpObservationFilter.java:114)
	at org.springframework.web.filter.OncePerRequestFilter.doFilter(OncePerRequestFilter.java:116)
	at org.apache.catalina.core.ApplicationFilterChain.internalDoFilter(ApplicationFilterChain.java:164)
	at org.apache.catalina.core.ApplicationFilterChain.doFilter(ApplicationFilterChain.java:140)
	at org.springframework.web.filter.CharacterEncodingFilter.doFilterInternal(CharacterEncodingFilter.java:201)
	at org.springframework.web.filter.OncePerRequestFilter.doFilter(OncePerRequestFilter.java:116)
	at org.apache.catalina.core.ApplicationFilterChain.internalDoFilter(ApplicationFilterChain.java:164)
	at org.apache.catalina.core.ApplicationFilterChain.doFilter(ApplicationFilterChain.java:140)
	at org.apache.catalina.core.StandardWrapperValve.invoke(StandardWrapperValve.java:167)
	at org.apache.catalina.core.StandardContextValve.invoke(StandardContextValve.java:90)
	at org.apache.catalina.authenticator.AuthenticatorBase.invoke(AuthenticatorBase.java:483)
	at org.apache.catalina.core.StandardHostValve.invoke(StandardHostValve.java:116)
	at org.apache.catalina.valves.ErrorReportValve.invoke(ErrorReportValve.java:93)
	at org.apache.catalina.core.StandardEngineValve.invoke(StandardEngineValve.java:74)
	at org.apache.catalina.connector.CoyoteAdapter.service(CoyoteAdapter.java:344)
	at org.apache.coyote.http11.Http11Processor.service(Http11Processor.java:398)
	at org.apache.coyote.AbstractProcessorLight.process(AbstractProcessorLight.java:63)
	at org.apache.coyote.AbstractProtocol$ConnectionHandler.process(AbstractProtocol.java:903)
	at org.apache.tomcat.util.net.NioEndpoint$SocketProcessor.doRun(NioEndpoint.java:1740)
	at org.apache.tomcat.util.net.SocketProcessorBase.run(SocketProcessorBase.java:52)
	at org.apache.tomcat.util.threads.ThreadPoolExecutor.runWorker(ThreadPoolExecutor.java:1189)
	at org.apache.tomcat.util.threads.ThreadPoolExecutor$Worker.run(ThreadPoolExecutor.java:658)
	at org.apache.tomcat.util.threads.TaskThread$WrappingRunnable.run(TaskThread.java:63)
	at java.base/java.lang.Thread.run(Thread.java:1583)
Caused by: org.hibernate.exception.ConstraintViolationException: could not execute statement [Violación de indice de Unicidad ó Clave primaria: "PUBLIC.UK_NOTIFICATIONS_UUID_INDEX_C ON PUBLIC.NOTIFICATIONS(UUID NULLS FIRST) VALUES ( /* 1 */ UUID '2c7bba94-f236-4f9e-b8b6-fa08e2fdac72' )"
Unique index or primary key violation: "PUBLIC.UK_NOTIFICATIONS_UUID_INDEX_C ON PUBLIC.NOTIFICATIONS(UUID NULLS FIRST) VALUES ( /* 1 */ UUID '2c7bba94-f236-4f9e-b8b6-fa08e2fdac72' )"; SQL statement:
insert into notifications (content_attributes,content_body,created_at,error_message,priority,recipient_attributes,recipient_device_token,recipient_email,recipient_phone,recipient_user_id,requester_id,retry_count,scheduled_for,sent_at,source_service,status,subject,template_id,uuid,id) values (?,?,?,?,?,?,?,?,?,?,?,?,?,?,?,?,?,?,?,default) [23505-232]] [insert into notifications (content_attributes,content_body,created_at,error_message,priority,recipient_attributes,recipient_device_token,recipient_email,recipient_phone,recipient_user_id,requester_id,retry_count,scheduled_for,sent_at,source_service,status,subject,template_id,uuid,id) values (?,?,?,?,?,?,?,?,?,?,?,?,?,?,?,?,?,?,?,default)]
	at org.hibernate.dialect.H2Dialect.lambda$buildSQLExceptionConversionDelegate$3(H2Dialect.java:759)
	at org.hibernate.exception.internal.StandardSQLExceptionConverter.convert(StandardSQLExceptionConverter.java:58)
	at org.hibernate.engine.jdbc.spi.SqlExceptionHelper.convert(SqlExceptionHelper.java:108)
	at org.hibernate.engine.jdbc.internal.ResultSetReturnImpl.executeUpdate(ResultSetReturnImpl.java:197)
	at org.hibernate.id.insert.GetGeneratedKeysDelegate.performMutation(GetGeneratedKeysDelegate.java:116)
	at org.hibernate.engine.jdbc.mutation.internal.MutationExecutorSingleNonBatched.performNonBatchedOperations(MutationExecutorSingleNonBatched.java:47)
	at org.hibernate.engine.jdbc.mutation.internal.AbstractMutationExecutor.execute(AbstractMutationExecutor.java:55)
	at org.hibernate.persister.entity.mutation.InsertCoordinatorStandard.doStaticInserts(InsertCoordinatorStandard.java:194)
	at org.hibernate.persister.entity.mutation.InsertCoordinatorStandard.coordinateInsert(InsertCoordinatorStandard.java:132)
	at org.hibernate.persister.entity.mutation.InsertCoordinatorStandard.insert(InsertCoordinatorStandard.java:95)
	at org.hibernate.action.internal.EntityIdentityInsertAction.execute(EntityIdentityInsertAction.java:85)
	at org.hibernate.engine.spi.ActionQueue.execute(ActionQueue.java:682)
	at org.hibernate.engine.spi.ActionQueue.addResolvedEntityInsertAction(ActionQueue.java:293)
	at org.hibernate.engine.spi.ActionQueue.addInsertAction(ActionQueue.java:274)
	at org.hibernate.engine.spi.ActionQueue.addAction(ActionQueue.java:324)
	at org.hibernate.event.internal.AbstractSaveEventListener.addInsertAction(AbstractSaveEventListener.java:393)
	at org.hibernate.event.internal.AbstractSaveEventListener.performSaveOrReplicate(AbstractSaveEventListener.java:307)
	at org.hibernate.event.internal.AbstractSaveEventListener.performSave(AbstractSaveEventListener.java:223)
	at org.hibernate.event.internal.AbstractSaveEventListener.saveWithGeneratedId(AbstractSaveEventListener.java:136)
	at org.hibernate.event.internal.DefaultPersistEventListener.entityIsTransient(DefaultPersistEventListener.java:177)
	at org.hibernate.event.internal.DefaultPersistEventListener.persist(DefaultPersistEventListener.java:95)
	at org.hibernate.event.internal.DefaultPersistEventListener.onPersist(DefaultPersistEventListener.java:79)
	at org.hibernate.event.internal.DefaultPersistEventListener.onPersist(DefaultPersistEventListener.java:55)
	at org.hibernate.event.service.internal.EventListenerGroupImpl.fireEventOnEachListener(EventListenerGroupImpl.java:127)
	at org.hibernate.internal.SessionImpl.firePersist(SessionImpl.java:761)
	at org.hibernate.internal.SessionImpl.persist(SessionImpl.java:745)
	at java.base/jdk.internal.reflect.DirectMethodHandleAccessor.invoke(DirectMethodHandleAccessor.java:103)
	at java.base/java.lang.reflect.Method.invoke(Method.java:580)
	at org.springframework.orm.jpa.ExtendedEntityManagerCreator$ExtendedEntityManagerInvocationHandler.invoke(ExtendedEntityManagerCreator.java:364)
	at jdk.proxy2/jdk.proxy2.$Proxy175.persist(Unknown Source)
	at java.base/jdk.internal.reflect.DirectMethodHandleAccessor.invoke(DirectMethodHandleAccessor.java:103)
	at java.base/java.lang.reflect.Method.invoke(Method.java:580)
	at org.springframework.orm.jpa.SharedEntityManagerCreator$SharedEntityManagerInvocationHandler.invoke(SharedEntityManagerCreator.java:320)
	at jdk.proxy2/jdk.proxy2.$Proxy175.persist(Unknown Source)
	at org.springframework.data.jpa.repository.support.SimpleJpaRepository.save(SimpleJpaRepository.java:636)
	at java.base/jdk.internal.reflect.DirectMethodHandleAccessor.invoke(DirectMethodHandleAccessor.java:103)
	at java.base/java.lang.reflect.Method.invoke(Method.java:580)
	at org.springframework.aop.support.AopUtils.invokeJoinpointUsingReflection(AopUtils.java:359)
	at org.springframework.data.repository.core.support.RepositoryMethodInvoker$RepositoryFragmentMethodInvoker.lambda$new$0(RepositoryMethodInvoker.java:277)
	at org.springframework.data.repository.core.support.RepositoryMethodInvoker.doInvoke(RepositoryMethodInvoker.java:170)
	at org.springframework.data.repository.core.support.RepositoryMethodInvoker.invoke(RepositoryMethodInvoker.java:158)
	at org.springframework.data.repository.core.support.RepositoryComposition$RepositoryFragments.invoke(RepositoryComposition.java:515)
	at org.springframework.data.repository.core.support.RepositoryComposition.invoke(RepositoryComposition.java:284)
	at org.springframework.data.repository.core.support.RepositoryFactorySupport$ImplementationMethodExecutionInterceptor.invoke(RepositoryFactorySupport.java:731)
	at org.springframework.aop.framework.ReflectiveMethodInvocation.proceed(ReflectiveMethodInvocation.java:184)
	at org.springframework.data.repository.core.support.QueryExecutorMethodInterceptor.doInvoke(QueryExecutorMethodInterceptor.java:174)
	at org.springframework.data.repository.core.support.QueryExecutorMethodInterceptor.invoke(QueryExecutorMethodInterceptor.java:149)
	at org.springframework.aop.framework.ReflectiveMethodInvocation.proceed(ReflectiveMethodInvocation.java:184)
	at org.springframework.data.projection.DefaultMethodInvokingMethodInterceptor.invoke(DefaultMethodInvokingMethodInterceptor.java:69)
	at org.springframework.aop.framework.ReflectiveMethodInvocation.proceed(ReflectiveMethodInvocation.java:184)
	at org.springframework.transaction.interceptor.TransactionAspectSupport.invokeWithinTransaction(TransactionAspectSupport.java:380)
	at org.springframework.transaction.interceptor.TransactionInterceptor.invoke(TransactionInterceptor.java:119)
	at org.springframework.aop.framework.ReflectiveMethodInvocation.proceed(ReflectiveMethodInvocation.java:184)
	at org.springframework.dao.support.PersistenceExceptionTranslationInterceptor.invoke(PersistenceExceptionTranslationInterceptor.java:138)
	... 135 common frames omitted
Caused by: org.h2.jdbc.JdbcSQLIntegrityConstraintViolationException: Violación de indice de Unicidad ó Clave primaria: "PUBLIC.UK_NOTIFICATIONS_UUID_INDEX_C ON PUBLIC.NOTIFICATIONS(UUID NULLS FIRST) VALUES ( /* 1 */ UUID '2c7bba94-f236-4f9e-b8b6-fa08e2fdac72' )"
Unique index or primary key violation: "PUBLIC.UK_NOTIFICATIONS_UUID_INDEX_C ON PUBLIC.NOTIFICATIONS(UUID NULLS FIRST) VALUES ( /* 1 */ UUID '2c7bba94-f236-4f9e-b8b6-fa08e2fdac72' )"; SQL statement:
insert into notifications (content_attributes,content_body,created_at,error_message,priority,recipient_attributes,recipient_device_token,recipient_email,recipient_phone,recipient_user_id,requester_id,retry_count,scheduled_for,sent_at,source_service,status,subject,template_id,uuid,id) values (?,?,?,?,?,?,?,?,?,?,?,?,?,?,?,?,?,?,?,default) [23505-232]
	at org.h2.message.DbException.getJdbcSQLException(DbException.java:520)
	at org.h2.message.DbException.getJdbcSQLException(DbException.java:489)
	at org.h2.message.DbException.get(DbException.java:223)
	at org.h2.message.DbException.get(DbException.java:199)
	at org.h2.index.Index.getDuplicateKeyException(Index.java:523)
	at org.h2.mvstore.db.MVSecondaryIndex.checkUnique(MVSecondaryIndex.java:223)
	at org.h2.mvstore.db.MVSecondaryIndex.add(MVSecondaryIndex.java:184)
	at org.h2.mvstore.db.MVTable.addRow(MVTable.java:517)
	at org.h2.command.dml.Insert.insertRows(Insert.java:174)
	at org.h2.command.dml.Insert.update(Insert.java:135)
	at org.h2.command.CommandContainer.executeUpdateWithGeneratedKeys(CommandContainer.java:212)
	at org.h2.command.CommandContainer.update(CommandContainer.java:133)
	at org.h2.command.Command.executeUpdate(Command.java:304)
	at org.h2.command.Command.executeUpdate(Command.java:248)
	at org.h2.jdbc.JdbcPreparedStatement.executeUpdateInternal(JdbcPreparedStatement.java:213)
	at org.h2.jdbc.JdbcPreparedStatement.executeUpdate(JdbcPreparedStatement.java:172)
	at com.zaxxer.hikari.pool.ProxyPreparedStatement.executeUpdate(ProxyPreparedStatement.java:61)
	at com.zaxxer.hikari.pool.HikariProxyPreparedStatement.executeUpdate(HikariProxyPreparedStatement.java)
	at org.hibernate.engine.jdbc.internal.ResultSetReturnImpl.executeUpdate(ResultSetReturnImpl.java:194)
	... 185 common frames omitted
2025-07-31 16:28:33,316 [http-nio-8080-exec-1] DEBUG e.m.n.i.a.o.monitoring.LoggingAdapter              - send - Call saveFailedEventToOutbox
2025-07-31 16:28:33,323 [http-nio-8080-exec-1] DEBUG e.m.n.i.a.o.monitoring.LoggingAdapter              - saveFailedEventToOutbox - Saving failed event to outbox for notification: 2c7bba94-f236-4f9e-b8b6-fa08e2fdac72, error: Error sending notification: could not execute statement [Violación de indice de Unicidad ó Clave primaria: "PUBLIC.UK_NOTIFICATIONS_UUID_INDEX_C ON PUBLIC.NOTIFICATIONS(UUID NULLS FIRST) VALUES ( /* 1 */ UUID '2c7bba94-f236-4f9e-b8b6-fa08e2fdac72' )"
Unique index or primary key violation: "PUBLIC.UK_NOTIFICATIONS_UUID_INDEX_C ON PUBLIC.NOTIFICATIONS(UUID NULLS FIRST) VALUES ( /* 1 */ UUID '2c7bba94-f236-4f9e-b8b6-fa08e2fdac72' )"; SQL statement:
insert into notifications (content_attributes,content_body,created_at,error_message,priority,recipient_attributes,recipient_device_token,recipient_email,recipient_phone,recipient_user_id,requester_id,retry_count,scheduled_for,sent_at,source_service,status,subject,template_id,uuid,id) values (?,?,?,?,?,?,?,?,?,?,?,?,?,?,?,?,?,?,?,default) [23505-232]] [insert into notifications (content_attributes,content_body,created_at,error_message,priority,recipient_attributes,recipient_device_token,recipient_email,recipient_phone,recipient_user_id,requester_id,retry_count,scheduled_for,sent_at,source_service,status,subject,template_id,uuid,id) values (?,?,?,?,?,?,?,?,?,?,?,?,?,?,?,?,?,?,?,default)]; SQL [insert into notifications (content_attributes,content_body,created_at,error_message,priority,recipient_attributes,recipient_device_token,recipient_email,recipient_phone,recipient_user_id,requester_id,retry_count,scheduled_for,sent_at,source_service,status,subject,template_id,uuid,id) values (?,?,?,?,?,?,?,?,?,?,?,?,?,?,?,?,?,?,?,default)]; constraint [PUBLIC.UK_NOTIFICATIONS_UUID_INDEX_C]
2025-07-31 16:28:33,323 [http-nio-8080-exec-1] DEBUG e.m.n.i.a.o.monitoring.LoggingAdapter              - SerializationServiceAdapter.serialize - Serializando objeto: {}
2025-07-31 16:28:33,334 [http-nio-8080-exec-1] DEBUG e.m.n.i.a.o.monitoring.LoggingAdapter              - saveFailedEventToOutbox - Call outboxRepository.save
2025-07-31 16:28:33,337 [http-nio-8080-exec-1] DEBUG e.m.n.i.a.o.monitoring.LoggingAdapter              - saveFailedEventToOutbox - Event saved successfully
2025-07-31 16:28:33,337 [http-nio-8080-exec-1] INFO  e.m.n.i.a.o.p.m.NotificationOutputMapper           - toEntity - Init
2025-07-31 16:28:33,337 [http-nio-8080-exec-1] INFO  e.m.n.i.a.o.p.m.NotificationOutputMapper           - toEntity - End
2025-07-31 16:28:33,338 [http-nio-8080-exec-1] WARN  o.h.engine.jdbc.spi.SqlExceptionHelper             - SQL Error: 23505, SQLState: 23505
2025-07-31 16:28:33,338 [http-nio-8080-exec-1] ERROR o.h.engine.jdbc.spi.SqlExceptionHelper             - Violación de indice de Unicidad ó Clave primaria: "PUBLIC.UK_NOTIFICATIONS_UUID_INDEX_C ON PUBLIC.NOTIFICATIONS(UUID NULLS FIRST) VALUES ( /* 1 */ UUID '2c7bba94-f236-4f9e-b8b6-fa08e2fdac72' )"
Unique index or primary key violation: "PUBLIC.UK_NOTIFICATIONS_UUID_INDEX_C ON PUBLIC.NOTIFICATIONS(UUID NULLS FIRST) VALUES ( /* 1 */ UUID '2c7bba94-f236-4f9e-b8b6-fa08e2fdac72' )"; SQL statement:
insert into notifications (content_attributes,content_body,created_at,error_message,priority,recipient_attributes,recipient_device_token,recipient_email,recipient_phone,recipient_user_id,requester_id,retry_count,scheduled_for,sent_at,source_service,status,subject,template_id,uuid,id) values (?,?,?,?,?,?,?,?,?,?,?,?,?,?,?,?,?,?,?,default) [23505-232]
2025-07-31 16:28:33,340 [http-nio-8080-exec-1] ERROR e.m.n.i.a.i.w.e.RestExceptionHandler               - handleAllUncaughtException - Unexpected error occurred: could not execute statement [Violación de indice de Unicidad ó Clave primaria: "PUBLIC.UK_NOTIFICATIONS_UUID_INDEX_C ON PUBLIC.NOTIFICATIONS(UUID NULLS FIRST) VALUES ( /* 1 */ UUID '2c7bba94-f236-4f9e-b8b6-fa08e2fdac72' )"
Unique index or primary key violation: "PUBLIC.UK_NOTIFICATIONS_UUID_INDEX_C ON PUBLIC.NOTIFICATIONS(UUID NULLS FIRST) VALUES ( /* 1 */ UUID '2c7bba94-f236-4f9e-b8b6-fa08e2fdac72' )"; SQL statement:
insert into notifications (content_attributes,content_body,created_at,error_message,priority,recipient_attributes,recipient_device_token,recipient_email,recipient_phone,recipient_user_id,requester_id,retry_count,scheduled_for,sent_at,source_service,status,subject,template_id,uuid,id) values (?,?,?,?,?,?,?,?,?,?,?,?,?,?,?,?,?,?,?,default) [23505-232]] [insert into notifications (content_attributes,content_body,created_at,error_message,priority,recipient_attributes,recipient_device_token,recipient_email,recipient_phone,recipient_user_id,requester_id,retry_count,scheduled_for,sent_at,source_service,status,subject,template_id,uuid,id) values (?,?,?,?,?,?,?,?,?,?,?,?,?,?,?,?,?,?,?,default)]; SQL [insert into notifications (content_attributes,content_body,created_at,error_message,priority,recipient_attributes,recipient_device_token,recipient_email,recipient_phone,recipient_user_id,requester_id,retry_count,scheduled_for,sent_at,source_service,status,subject,template_id,uuid,id) values (?,?,?,?,?,?,?,?,?,?,?,?,?,?,?,?,?,?,?,default)]; constraint [PUBLIC.UK_NOTIFICATIONS_UUID_INDEX_C]
org.springframework.dao.DataIntegrityViolationException: could not execute statement [Violación de indice de Unicidad ó Clave primaria: "PUBLIC.UK_NOTIFICATIONS_UUID_INDEX_C ON PUBLIC.NOTIFICATIONS(UUID NULLS FIRST) VALUES ( /* 1 */ UUID '2c7bba94-f236-4f9e-b8b6-fa08e2fdac72' )"
Unique index or primary key violation: "PUBLIC.UK_NOTIFICATIONS_UUID_INDEX_C ON PUBLIC.NOTIFICATIONS(UUID NULLS FIRST) VALUES ( /* 1 */ UUID '2c7bba94-f236-4f9e-b8b6-fa08e2fdac72' )"; SQL statement:
insert into notifications (content_attributes,content_body,created_at,error_message,priority,recipient_attributes,recipient_device_token,recipient_email,recipient_phone,recipient_user_id,requester_id,retry_count,scheduled_for,sent_at,source_service,status,subject,template_id,uuid,id) values (?,?,?,?,?,?,?,?,?,?,?,?,?,?,?,?,?,?,?,default) [23505-232]] [insert into notifications (content_attributes,content_body,created_at,error_message,priority,recipient_attributes,recipient_device_token,recipient_email,recipient_phone,recipient_user_id,requester_id,retry_count,scheduled_for,sent_at,source_service,status,subject,template_id,uuid,id) values (?,?,?,?,?,?,?,?,?,?,?,?,?,?,?,?,?,?,?,default)]; SQL [insert into notifications (content_attributes,content_body,created_at,error_message,priority,recipient_attributes,recipient_device_token,recipient_email,recipient_phone,recipient_user_id,requester_id,retry_count,scheduled_for,sent_at,source_service,status,subject,template_id,uuid,id) values (?,?,?,?,?,?,?,?,?,?,?,?,?,?,?,?,?,?,?,default)]; constraint [PUBLIC.UK_NOTIFICATIONS_UUID_INDEX_C]
	at org.springframework.orm.jpa.vendor.HibernateJpaDialect.convertHibernateAccessException(HibernateJpaDialect.java:294)
	at org.springframework.orm.jpa.vendor.HibernateJpaDialect.convertHibernateAccessException(HibernateJpaDialect.java:256)
	at org.springframework.orm.jpa.vendor.HibernateJpaDialect.translateExceptionIfPossible(HibernateJpaDialect.java:241)
	at org.springframework.orm.jpa.AbstractEntityManagerFactoryBean.translateExceptionIfPossible(AbstractEntityManagerFactoryBean.java:560)
	at org.springframework.dao.support.ChainedPersistenceExceptionTranslator.translateExceptionIfPossible(ChainedPersistenceExceptionTranslator.java:61)
	at org.springframework.dao.support.DataAccessUtils.translateIfNecessary(DataAccessUtils.java:343)
	at org.springframework.dao.support.PersistenceExceptionTranslationInterceptor.invoke(PersistenceExceptionTranslationInterceptor.java:160)
	at org.springframework.aop.framework.ReflectiveMethodInvocation.proceed(ReflectiveMethodInvocation.java:184)
	at org.springframework.data.jpa.repository.support.CrudMethodMetadataPostProcessor$CrudMethodMetadataPopulatingMethodInterceptor.invoke(CrudMethodMetadataPostProcessor.java:165)
	at org.springframework.aop.framework.ReflectiveMethodInvocation.proceed(ReflectiveMethodInvocation.java:184)
	at org.springframework.aop.framework.JdkDynamicAopProxy.invoke(JdkDynamicAopProxy.java:223)
	at jdk.proxy2/jdk.proxy2.$Proxy186.save(Unknown Source)
	at edu.market.notification.infrastructure.adapter.output.persistence.NotificationRepositoryAdapter.save(NotificationRepositoryAdapter.java:36)
	at java.base/jdk.internal.reflect.DirectMethodHandleAccessor.invoke(DirectMethodHandleAccessor.java:103)
	at java.base/java.lang.reflect.Method.invoke(Method.java:580)
	at org.springframework.aop.support.AopUtils.invokeJoinpointUsingReflection(AopUtils.java:359)
	at org.springframework.aop.framework.ReflectiveMethodInvocation.invokeJoinpoint(ReflectiveMethodInvocation.java:196)
	at org.springframework.aop.framework.ReflectiveMethodInvocation.proceed(ReflectiveMethodInvocation.java:163)
	at org.springframework.transaction.interceptor.TransactionAspectSupport.invokeWithinTransaction(TransactionAspectSupport.java:380)
	at org.springframework.transaction.interceptor.TransactionInterceptor.invoke(TransactionInterceptor.java:119)
	at org.springframework.aop.framework.ReflectiveMethodInvocation.proceed(ReflectiveMethodInvocation.java:184)
	at org.springframework.aop.framework.CglibAopProxy$DynamicAdvisedInterceptor.intercept(CglibAopProxy.java:728)
	at edu.market.notification.infrastructure.adapter.output.persistence.NotificationRepositoryAdapter$$SpringCGLIB$$0.save(<generated>)
	at edu.market.notification.application.usecase.notification.SendNotificationUseCase.send(SendNotificationUseCase.java:125)
	at edu.market.notification.infrastructure.adapter.input.web.controller.NotificationController.sendNotification(NotificationController.java:156)
	at java.base/jdk.internal.reflect.DirectMethodHandleAccessor.invoke(DirectMethodHandleAccessor.java:103)
	at java.base/java.lang.reflect.Method.invoke(Method.java:580)
	at org.springframework.web.method.support.InvocableHandlerMethod.doInvoke(InvocableHandlerMethod.java:258)
	at org.springframework.web.method.support.InvocableHandlerMethod.invokeForRequest(InvocableHandlerMethod.java:191)
	at org.springframework.web.servlet.mvc.method.annotation.ServletInvocableHandlerMethod.invokeAndHandle(ServletInvocableHandlerMethod.java:118)
	at org.springframework.web.servlet.mvc.method.annotation.RequestMappingHandlerAdapter.invokeHandlerMethod(RequestMappingHandlerAdapter.java:986)
	at org.springframework.web.servlet.mvc.method.annotation.RequestMappingHandlerAdapter.handleInternal(RequestMappingHandlerAdapter.java:891)
	at org.springframework.web.servlet.mvc.method.AbstractHandlerMethodAdapter.handle(AbstractHandlerMethodAdapter.java:87)
	at org.springframework.web.servlet.DispatcherServlet.doDispatch(DispatcherServlet.java:1089)
	at org.springframework.web.servlet.DispatcherServlet.doService(DispatcherServlet.java:979)
	at org.springframework.web.servlet.FrameworkServlet.processRequest(FrameworkServlet.java:1014)
	at org.springframework.web.servlet.FrameworkServlet.doPost(FrameworkServlet.java:914)
	at jakarta.servlet.http.HttpServlet.service(HttpServlet.java:590)
	at org.springframework.web.servlet.FrameworkServlet.service(FrameworkServlet.java:885)
	at jakarta.servlet.http.HttpServlet.service(HttpServlet.java:658)
	at org.apache.catalina.core.ApplicationFilterChain.internalDoFilter(ApplicationFilterChain.java:195)
	at org.apache.catalina.core.ApplicationFilterChain.doFilter(ApplicationFilterChain.java:140)
	at org.apache.tomcat.websocket.server.WsFilter.doFilter(WsFilter.java:51)
	at org.apache.catalina.core.ApplicationFilterChain.internalDoFilter(ApplicationFilterChain.java:164)
	at org.apache.catalina.core.ApplicationFilterChain.doFilter(ApplicationFilterChain.java:140)
	at org.springframework.web.filter.CompositeFilter$VirtualFilterChain.doFilter(CompositeFilter.java:108)
	at org.springframework.security.web.FilterChainProxy.lambda$doFilterInternal$3(FilterChainProxy.java:231)
	at org.springframework.security.web.ObservationFilterChainDecorator$FilterObservation$SimpleFilterObservation.lambda$wrap$1(ObservationFilterChainDecorator.java:479)
	at org.springframework.security.web.ObservationFilterChainDecorator$AroundFilterObservation$SimpleAroundFilterObservation.lambda$wrap$1(ObservationFilterChainDecorator.java:340)
	at org.springframework.security.web.ObservationFilterChainDecorator.lambda$wrapSecured$0(ObservationFilterChainDecorator.java:82)
	at org.springframework.security.web.ObservationFilterChainDecorator$VirtualFilterChain.doFilter(ObservationFilterChainDecorator.java:128)
	at org.springframework.security.web.access.intercept.AuthorizationFilter.doFilter(AuthorizationFilter.java:101)
	at org.springframework.security.web.ObservationFilterChainDecorator$ObservationFilter.wrapFilter(ObservationFilterChainDecorator.java:240)
	at org.springframework.security.web.ObservationFilterChainDecorator$ObservationFilter.doFilter(ObservationFilterChainDecorator.java:227)
	at org.springframework.security.web.ObservationFilterChainDecorator$VirtualFilterChain.doFilter(ObservationFilterChainDecorator.java:137)
	at org.springframework.security.web.access.ExceptionTranslationFilter.doFilter(ExceptionTranslationFilter.java:126)
	at org.springframework.security.web.access.ExceptionTranslationFilter.doFilter(ExceptionTranslationFilter.java:120)
	at org.springframework.security.web.ObservationFilterChainDecorator$ObservationFilter.wrapFilter(ObservationFilterChainDecorator.java:240)
	at org.springframework.security.web.ObservationFilterChainDecorator$ObservationFilter.doFilter(ObservationFilterChainDecorator.java:227)
	at org.springframework.security.web.ObservationFilterChainDecorator$VirtualFilterChain.doFilter(ObservationFilterChainDecorator.java:137)
	at org.springframework.security.web.authentication.AnonymousAuthenticationFilter.doFilter(AnonymousAuthenticationFilter.java:100)
	at org.springframework.security.web.ObservationFilterChainDecorator$ObservationFilter.wrapFilter(ObservationFilterChainDecorator.java:240)
	at org.springframework.security.web.ObservationFilterChainDecorator$ObservationFilter.doFilter(ObservationFilterChainDecorator.java:227)
	at org.springframework.security.web.ObservationFilterChainDecorator$VirtualFilterChain.doFilter(ObservationFilterChainDecorator.java:137)
	at org.springframework.security.web.servletapi.SecurityContextHolderAwareRequestFilter.doFilter(SecurityContextHolderAwareRequestFilter.java:179)
	at org.springframework.security.web.ObservationFilterChainDecorator$ObservationFilter.wrapFilter(ObservationFilterChainDecorator.java:240)
	at org.springframework.security.web.ObservationFilterChainDecorator$ObservationFilter.doFilter(ObservationFilterChainDecorator.java:227)
	at org.springframework.security.web.ObservationFilterChainDecorator$VirtualFilterChain.doFilter(ObservationFilterChainDecorator.java:137)
	at org.springframework.security.web.savedrequest.RequestCacheAwareFilter.doFilter(RequestCacheAwareFilter.java:63)
	at org.springframework.security.web.ObservationFilterChainDecorator$ObservationFilter.wrapFilter(ObservationFilterChainDecorator.java:240)
	at org.springframework.security.web.ObservationFilterChainDecorator$ObservationFilter.doFilter(ObservationFilterChainDecorator.java:227)
	at org.springframework.security.web.ObservationFilterChainDecorator$VirtualFilterChain.doFilter(ObservationFilterChainDecorator.java:137)
	at org.springframework.security.web.authentication.logout.LogoutFilter.doFilter(LogoutFilter.java:107)
	at org.springframework.security.web.authentication.logout.LogoutFilter.doFilter(LogoutFilter.java:93)
	at org.springframework.security.web.ObservationFilterChainDecorator$ObservationFilter.wrapFilter(ObservationFilterChainDecorator.java:240)
	at org.springframework.security.web.ObservationFilterChainDecorator$ObservationFilter.doFilter(ObservationFilterChainDecorator.java:227)
	at org.springframework.security.web.ObservationFilterChainDecorator$VirtualFilterChain.doFilter(ObservationFilterChainDecorator.java:137)
	at org.springframework.security.web.header.HeaderWriterFilter.doHeadersAfter(HeaderWriterFilter.java:90)
	at org.springframework.security.web.header.HeaderWriterFilter.doFilterInternal(HeaderWriterFilter.java:75)
	at org.springframework.web.filter.OncePerRequestFilter.doFilter(OncePerRequestFilter.java:116)
	at org.springframework.security.web.ObservationFilterChainDecorator$ObservationFilter.wrapFilter(ObservationFilterChainDecorator.java:240)
	at org.springframework.security.web.ObservationFilterChainDecorator$ObservationFilter.doFilter(ObservationFilterChainDecorator.java:227)
	at org.springframework.security.web.ObservationFilterChainDecorator$VirtualFilterChain.doFilter(ObservationFilterChainDecorator.java:137)
	at org.springframework.security.web.context.SecurityContextHolderFilter.doFilter(SecurityContextHolderFilter.java:82)
	at org.springframework.security.web.context.SecurityContextHolderFilter.doFilter(SecurityContextHolderFilter.java:69)
	at org.springframework.security.web.ObservationFilterChainDecorator$ObservationFilter.wrapFilter(ObservationFilterChainDecorator.java:240)
	at org.springframework.security.web.ObservationFilterChainDecorator$ObservationFilter.doFilter(ObservationFilterChainDecorator.java:227)
	at org.springframework.security.web.ObservationFilterChainDecorator$VirtualFilterChain.doFilter(ObservationFilterChainDecorator.java:137)
	at org.springframework.security.web.context.request.async.WebAsyncManagerIntegrationFilter.doFilterInternal(WebAsyncManagerIntegrationFilter.java:62)
	at org.springframework.web.filter.OncePerRequestFilter.doFilter(OncePerRequestFilter.java:116)
	at org.springframework.security.web.ObservationFilterChainDecorator$ObservationFilter.wrapFilter(ObservationFilterChainDecorator.java:240)
	at org.springframework.security.web.ObservationFilterChainDecorator$ObservationFilter.doFilter(ObservationFilterChainDecorator.java:227)
	at org.springframework.security.web.ObservationFilterChainDecorator$VirtualFilterChain.doFilter(ObservationFilterChainDecorator.java:137)
	at org.springframework.security.web.session.DisableEncodeUrlFilter.doFilterInternal(DisableEncodeUrlFilter.java:42)
	at org.springframework.web.filter.OncePerRequestFilter.doFilter(OncePerRequestFilter.java:116)
	at org.springframework.security.web.ObservationFilterChainDecorator$ObservationFilter.wrapFilter(ObservationFilterChainDecorator.java:240)
	at org.springframework.security.web.ObservationFilterChainDecorator$AroundFilterObservation$SimpleAroundFilterObservation.lambda$wrap$0(ObservationFilterChainDecorator.java:323)
	at org.springframework.security.web.ObservationFilterChainDecorator$ObservationFilter.doFilter(ObservationFilterChainDecorator.java:224)
	at org.springframework.security.web.ObservationFilterChainDecorator$VirtualFilterChain.doFilter(ObservationFilterChainDecorator.java:137)
	at org.springframework.security.web.FilterChainProxy.doFilterInternal(FilterChainProxy.java:233)
	at org.springframework.security.web.FilterChainProxy.doFilter(FilterChainProxy.java:191)
	at org.springframework.web.filter.CompositeFilter$VirtualFilterChain.doFilter(CompositeFilter.java:113)
	at org.springframework.web.servlet.handler.HandlerMappingIntrospector.lambda$createCacheFilter$3(HandlerMappingIntrospector.java:243)
	at org.springframework.web.filter.CompositeFilter$VirtualFilterChain.doFilter(CompositeFilter.java:113)
	at org.springframework.web.filter.CompositeFilter.doFilter(CompositeFilter.java:74)
	at org.springframework.security.config.annotation.web.configuration.WebMvcSecurityConfiguration$CompositeFilterChainProxy.doFilter(WebMvcSecurityConfiguration.java:238)
	at org.springframework.web.filter.DelegatingFilterProxy.invokeDelegate(DelegatingFilterProxy.java:362)
	at org.springframework.web.filter.DelegatingFilterProxy.doFilter(DelegatingFilterProxy.java:278)
	at org.apache.catalina.core.ApplicationFilterChain.internalDoFilter(ApplicationFilterChain.java:164)
	at org.apache.catalina.core.ApplicationFilterChain.doFilter(ApplicationFilterChain.java:140)
	at org.springframework.web.filter.RequestContextFilter.doFilterInternal(RequestContextFilter.java:100)
	at org.springframework.web.filter.OncePerRequestFilter.doFilter(OncePerRequestFilter.java:116)
	at org.apache.catalina.core.ApplicationFilterChain.internalDoFilter(ApplicationFilterChain.java:164)
	at org.apache.catalina.core.ApplicationFilterChain.doFilter(ApplicationFilterChain.java:140)
	at org.springframework.web.filter.FormContentFilter.doFilterInternal(FormContentFilter.java:93)
	at org.springframework.web.filter.OncePerRequestFilter.doFilter(OncePerRequestFilter.java:116)
	at org.apache.catalina.core.ApplicationFilterChain.internalDoFilter(ApplicationFilterChain.java:164)
	at org.apache.catalina.core.ApplicationFilterChain.doFilter(ApplicationFilterChain.java:140)
	at org.springframework.web.filter.ServerHttpObservationFilter.doFilterInternal(ServerHttpObservationFilter.java:114)
	at org.springframework.web.filter.OncePerRequestFilter.doFilter(OncePerRequestFilter.java:116)
	at org.apache.catalina.core.ApplicationFilterChain.internalDoFilter(ApplicationFilterChain.java:164)
	at org.apache.catalina.core.ApplicationFilterChain.doFilter(ApplicationFilterChain.java:140)
	at org.springframework.web.filter.CharacterEncodingFilter.doFilterInternal(CharacterEncodingFilter.java:201)
	at org.springframework.web.filter.OncePerRequestFilter.doFilter(OncePerRequestFilter.java:116)
	at org.apache.catalina.core.ApplicationFilterChain.internalDoFilter(ApplicationFilterChain.java:164)
	at org.apache.catalina.core.ApplicationFilterChain.doFilter(ApplicationFilterChain.java:140)
	at org.apache.catalina.core.StandardWrapperValve.invoke(StandardWrapperValve.java:167)
	at org.apache.catalina.core.StandardContextValve.invoke(StandardContextValve.java:90)
	at org.apache.catalina.authenticator.AuthenticatorBase.invoke(AuthenticatorBase.java:483)
	at org.apache.catalina.core.StandardHostValve.invoke(StandardHostValve.java:116)
	at org.apache.catalina.valves.ErrorReportValve.invoke(ErrorReportValve.java:93)
	at org.apache.catalina.core.StandardEngineValve.invoke(StandardEngineValve.java:74)
	at org.apache.catalina.connector.CoyoteAdapter.service(CoyoteAdapter.java:344)
	at org.apache.coyote.http11.Http11Processor.service(Http11Processor.java:398)
	at org.apache.coyote.AbstractProcessorLight.process(AbstractProcessorLight.java:63)
	at org.apache.coyote.AbstractProtocol$ConnectionHandler.process(AbstractProtocol.java:903)
	at org.apache.tomcat.util.net.NioEndpoint$SocketProcessor.doRun(NioEndpoint.java:1740)
	at org.apache.tomcat.util.net.SocketProcessorBase.run(SocketProcessorBase.java:52)
	at org.apache.tomcat.util.threads.ThreadPoolExecutor.runWorker(ThreadPoolExecutor.java:1189)
	at org.apache.tomcat.util.threads.ThreadPoolExecutor$Worker.run(ThreadPoolExecutor.java:658)
	at org.apache.tomcat.util.threads.TaskThread$WrappingRunnable.run(TaskThread.java:63)
	at java.base/java.lang.Thread.run(Thread.java:1583)
Caused by: org.hibernate.exception.ConstraintViolationException: could not execute statement [Violación de indice de Unicidad ó Clave primaria: "PUBLIC.UK_NOTIFICATIONS_UUID_INDEX_C ON PUBLIC.NOTIFICATIONS(UUID NULLS FIRST) VALUES ( /* 1 */ UUID '2c7bba94-f236-4f9e-b8b6-fa08e2fdac72' )"
Unique index or primary key violation: "PUBLIC.UK_NOTIFICATIONS_UUID_INDEX_C ON PUBLIC.NOTIFICATIONS(UUID NULLS FIRST) VALUES ( /* 1 */ UUID '2c7bba94-f236-4f9e-b8b6-fa08e2fdac72' )"; SQL statement:
insert into notifications (content_attributes,content_body,created_at,error_message,priority,recipient_attributes,recipient_device_token,recipient_email,recipient_phone,recipient_user_id,requester_id,retry_count,scheduled_for,sent_at,source_service,status,subject,template_id,uuid,id) values (?,?,?,?,?,?,?,?,?,?,?,?,?,?,?,?,?,?,?,default) [23505-232]] [insert into notifications (content_attributes,content_body,created_at,error_message,priority,recipient_attributes,recipient_device_token,recipient_email,recipient_phone,recipient_user_id,requester_id,retry_count,scheduled_for,sent_at,source_service,status,subject,template_id,uuid,id) values (?,?,?,?,?,?,?,?,?,?,?,?,?,?,?,?,?,?,?,default)]
	at org.hibernate.dialect.H2Dialect.lambda$buildSQLExceptionConversionDelegate$3(H2Dialect.java:759)
	at org.hibernate.exception.internal.StandardSQLExceptionConverter.convert(StandardSQLExceptionConverter.java:58)
	at org.hibernate.engine.jdbc.spi.SqlExceptionHelper.convert(SqlExceptionHelper.java:108)
	at org.hibernate.engine.jdbc.internal.ResultSetReturnImpl.executeUpdate(ResultSetReturnImpl.java:197)
	at org.hibernate.id.insert.GetGeneratedKeysDelegate.performMutation(GetGeneratedKeysDelegate.java:116)
	at org.hibernate.engine.jdbc.mutation.internal.MutationExecutorSingleNonBatched.performNonBatchedOperations(MutationExecutorSingleNonBatched.java:47)
	at org.hibernate.engine.jdbc.mutation.internal.AbstractMutationExecutor.execute(AbstractMutationExecutor.java:55)
	at org.hibernate.persister.entity.mutation.InsertCoordinatorStandard.doStaticInserts(InsertCoordinatorStandard.java:194)
	at org.hibernate.persister.entity.mutation.InsertCoordinatorStandard.coordinateInsert(InsertCoordinatorStandard.java:132)
	at org.hibernate.persister.entity.mutation.InsertCoordinatorStandard.insert(InsertCoordinatorStandard.java:95)
	at org.hibernate.action.internal.EntityIdentityInsertAction.execute(EntityIdentityInsertAction.java:85)
	at org.hibernate.engine.spi.ActionQueue.execute(ActionQueue.java:682)
	at org.hibernate.engine.spi.ActionQueue.addResolvedEntityInsertAction(ActionQueue.java:293)
	at org.hibernate.engine.spi.ActionQueue.addInsertAction(ActionQueue.java:274)
	at org.hibernate.engine.spi.ActionQueue.addAction(ActionQueue.java:324)
	at org.hibernate.event.internal.AbstractSaveEventListener.addInsertAction(AbstractSaveEventListener.java:393)
	at org.hibernate.event.internal.AbstractSaveEventListener.performSaveOrReplicate(AbstractSaveEventListener.java:307)
	at org.hibernate.event.internal.AbstractSaveEventListener.performSave(AbstractSaveEventListener.java:223)
	at org.hibernate.event.internal.AbstractSaveEventListener.saveWithGeneratedId(AbstractSaveEventListener.java:136)
	at org.hibernate.event.internal.DefaultPersistEventListener.entityIsTransient(DefaultPersistEventListener.java:177)
	at org.hibernate.event.internal.DefaultPersistEventListener.persist(DefaultPersistEventListener.java:95)
	at org.hibernate.event.internal.DefaultPersistEventListener.onPersist(DefaultPersistEventListener.java:79)
	at org.hibernate.event.internal.DefaultPersistEventListener.onPersist(DefaultPersistEventListener.java:55)
	at org.hibernate.event.service.internal.EventListenerGroupImpl.fireEventOnEachListener(EventListenerGroupImpl.java:127)
	at org.hibernate.internal.SessionImpl.firePersist(SessionImpl.java:761)
	at org.hibernate.internal.SessionImpl.persist(SessionImpl.java:745)
	at java.base/jdk.internal.reflect.DirectMethodHandleAccessor.invoke(DirectMethodHandleAccessor.java:103)
	at java.base/java.lang.reflect.Method.invoke(Method.java:580)
	at org.springframework.orm.jpa.ExtendedEntityManagerCreator$ExtendedEntityManagerInvocationHandler.invoke(ExtendedEntityManagerCreator.java:364)
	at jdk.proxy2/jdk.proxy2.$Proxy175.persist(Unknown Source)
	at java.base/jdk.internal.reflect.DirectMethodHandleAccessor.invoke(DirectMethodHandleAccessor.java:103)
	at java.base/java.lang.reflect.Method.invoke(Method.java:580)
	at org.springframework.orm.jpa.SharedEntityManagerCreator$SharedEntityManagerInvocationHandler.invoke(SharedEntityManagerCreator.java:320)
	at jdk.proxy2/jdk.proxy2.$Proxy175.persist(Unknown Source)
	at org.springframework.data.jpa.repository.support.SimpleJpaRepository.save(SimpleJpaRepository.java:636)
	at java.base/jdk.internal.reflect.DirectMethodHandleAccessor.invoke(DirectMethodHandleAccessor.java:103)
	at java.base/java.lang.reflect.Method.invoke(Method.java:580)
	at org.springframework.aop.support.AopUtils.invokeJoinpointUsingReflection(AopUtils.java:359)
	at org.springframework.data.repository.core.support.RepositoryMethodInvoker$RepositoryFragmentMethodInvoker.lambda$new$0(RepositoryMethodInvoker.java:277)
	at org.springframework.data.repository.core.support.RepositoryMethodInvoker.doInvoke(RepositoryMethodInvoker.java:170)
	at org.springframework.data.repository.core.support.RepositoryMethodInvoker.invoke(RepositoryMethodInvoker.java:158)
	at org.springframework.data.repository.core.support.RepositoryComposition$RepositoryFragments.invoke(RepositoryComposition.java:515)
	at org.springframework.data.repository.core.support.RepositoryComposition.invoke(RepositoryComposition.java:284)
	at org.springframework.data.repository.core.support.RepositoryFactorySupport$ImplementationMethodExecutionInterceptor.invoke(RepositoryFactorySupport.java:731)
	at org.springframework.aop.framework.ReflectiveMethodInvocation.proceed(ReflectiveMethodInvocation.java:184)
	at org.springframework.data.repository.core.support.QueryExecutorMethodInterceptor.doInvoke(QueryExecutorMethodInterceptor.java:174)
	at org.springframework.data.repository.core.support.QueryExecutorMethodInterceptor.invoke(QueryExecutorMethodInterceptor.java:149)
	at org.springframework.aop.framework.ReflectiveMethodInvocation.proceed(ReflectiveMethodInvocation.java:184)
	at org.springframework.data.projection.DefaultMethodInvokingMethodInterceptor.invoke(DefaultMethodInvokingMethodInterceptor.java:69)
	at org.springframework.aop.framework.ReflectiveMethodInvocation.proceed(ReflectiveMethodInvocation.java:184)
	at org.springframework.transaction.interceptor.TransactionAspectSupport.invokeWithinTransaction(TransactionAspectSupport.java:380)
	at org.springframework.transaction.interceptor.TransactionInterceptor.invoke(TransactionInterceptor.java:119)
	at org.springframework.aop.framework.ReflectiveMethodInvocation.proceed(ReflectiveMethodInvocation.java:184)
	at org.springframework.dao.support.PersistenceExceptionTranslationInterceptor.invoke(PersistenceExceptionTranslationInterceptor.java:138)
	... 135 common frames omitted
Caused by: org.h2.jdbc.JdbcSQLIntegrityConstraintViolationException: Violación de indice de Unicidad ó Clave primaria: "PUBLIC.UK_NOTIFICATIONS_UUID_INDEX_C ON PUBLIC.NOTIFICATIONS(UUID NULLS FIRST) VALUES ( /* 1 */ UUID '2c7bba94-f236-4f9e-b8b6-fa08e2fdac72' )"
Unique index or primary key violation: "PUBLIC.UK_NOTIFICATIONS_UUID_INDEX_C ON PUBLIC.NOTIFICATIONS(UUID NULLS FIRST) VALUES ( /* 1 */ UUID '2c7bba94-f236-4f9e-b8b6-fa08e2fdac72' )"; SQL statement:
insert into notifications (content_attributes,content_body,created_at,error_message,priority,recipient_attributes,recipient_device_token,recipient_email,recipient_phone,recipient_user_id,requester_id,retry_count,scheduled_for,sent_at,source_service,status,subject,template_id,uuid,id) values (?,?,?,?,?,?,?,?,?,?,?,?,?,?,?,?,?,?,?,default) [23505-232]
	at org.h2.message.DbException.getJdbcSQLException(DbException.java:520)
	at org.h2.message.DbException.getJdbcSQLException(DbException.java:489)
	at org.h2.message.DbException.get(DbException.java:223)
	at org.h2.message.DbException.get(DbException.java:199)
	at org.h2.index.Index.getDuplicateKeyException(Index.java:523)
	at org.h2.mvstore.db.MVSecondaryIndex.checkUnique(MVSecondaryIndex.java:223)
	at org.h2.mvstore.db.MVSecondaryIndex.add(MVSecondaryIndex.java:184)
	at org.h2.mvstore.db.MVTable.addRow(MVTable.java:517)
	at org.h2.command.dml.Insert.insertRows(Insert.java:174)
	at org.h2.command.dml.Insert.update(Insert.java:135)
	at org.h2.command.CommandContainer.executeUpdateWithGeneratedKeys(CommandContainer.java:212)
	at org.h2.command.CommandContainer.update(CommandContainer.java:133)
	at org.h2.command.Command.executeUpdate(Command.java:304)
	at org.h2.command.Command.executeUpdate(Command.java:248)
	at org.h2.jdbc.JdbcPreparedStatement.executeUpdateInternal(JdbcPreparedStatement.java:213)
	at org.h2.jdbc.JdbcPreparedStatement.executeUpdate(JdbcPreparedStatement.java:172)
	at com.zaxxer.hikari.pool.ProxyPreparedStatement.executeUpdate(ProxyPreparedStatement.java:61)
	at com.zaxxer.hikari.pool.HikariProxyPreparedStatement.executeUpdate(HikariProxyPreparedStatement.java)
	at org.hibernate.engine.jdbc.internal.ResultSetReturnImpl.executeUpdate(ResultSetReturnImpl.java:194)
	... 185 common frames omitted
2025-07-31 16:28:33,404 [tomcat-shutdown] INFO  o.s.b.w.embedded.tomcat.GracefulShutdown           - Graceful shutdown complete
2025-07-31 16:30:02,262 [background-preinit] INFO  o.h.validator.internal.util.Version                - HV000001: Hibernate Validator 8.0.2.Final
2025-07-31 16:30:02,303 [main] INFO  edu.market.notification.App                        - Starting App v1.0.0 using Java 21 with PID 11408 (C:\Users\ja2c\Desktop\Cursos\micro-servicio-archt\k8s\microservices\services\notification-service\target\classes started by ja2c in C:\Users\ja2c\Desktop\Cursos\micro-servicio-archt\k8s\microservices\services\notification-service)
2025-07-31 16:30:02,304 [main] DEBUG edu.market.notification.App                        - Running with Spring Boot v3.4.5, Spring v6.2.6
2025-07-31 16:30:02,304 [main] INFO  edu.market.notification.App                        - The following 1 profile is active: "dev"
2025-07-31 16:30:02,331 [main] INFO  o.s.c.c.c.ConfigServerConfigDataLoader             - Fetching config from server at : http://localhost:8890
2025-07-31 16:30:02,332 [main] INFO  o.s.c.c.c.ConfigServerConfigDataLoader             - Exception on Url - http://localhost:8890:org.springframework.web.client.ResourceAccessException: I/O error on GET request for "http://localhost:8890/notification-service/default": Connection refused: no further information. Will be trying the next url if available
2025-07-31 16:30:02,332 [main] WARN  o.s.c.c.c.ConfigServerConfigDataLoader             - Could not locate PropertySource ([ConfigServerConfigDataResource@2516fc68 uris = array<String>['http://localhost:8890'], optional = true, profiles = 'default']): I/O error on GET request for "http://localhost:8890/notification-service/default": Connection refused: no further information
2025-07-31 16:30:02,332 [main] INFO  o.s.c.c.c.ConfigServerConfigDataLoader             - Fetching config from server at : http://localhost:8890
2025-07-31 16:30:02,332 [main] INFO  o.s.c.c.c.ConfigServerConfigDataLoader             - Exception on Url - http://localhost:8890:org.springframework.web.client.ResourceAccessException: I/O error on GET request for "http://localhost:8890/notification-service/dev": Connection refused: no further information. Will be trying the next url if available
2025-07-31 16:30:02,332 [main] WARN  o.s.c.c.c.ConfigServerConfigDataLoader             - Could not locate PropertySource ([ConfigServerConfigDataResource@57f64f5e uris = array<String>['http://localhost:8890'], optional = true, profiles = 'dev']): I/O error on GET request for "http://localhost:8890/notification-service/dev": Connection refused: no further information
2025-07-31 16:30:02,332 [main] INFO  o.s.c.c.c.ConfigServerConfigDataLoader             - Fetching config from server at : http://localhost:8890
2025-07-31 16:30:02,333 [main] INFO  o.s.c.c.c.ConfigServerConfigDataLoader             - Exception on Url - http://localhost:8890:org.springframework.web.client.ResourceAccessException: I/O error on GET request for "http://localhost:8890/notification-service/default": Connection refused: no further information. Will be trying the next url if available
2025-07-31 16:30:02,333 [main] WARN  o.s.c.c.c.ConfigServerConfigDataLoader             - Could not locate PropertySource ([ConfigServerConfigDataResource@415e0bcb uris = array<String>['http://localhost:8890'], optional = true, profiles = 'default']): I/O error on GET request for "http://localhost:8890/notification-service/default": Connection refused: no further information
2025-07-31 16:30:03,269 [main] INFO  o.s.d.r.c.RepositoryConfigurationDelegate          - Bootstrapping Spring Data JPA repositories in DEFAULT mode.
2025-07-31 16:30:03,423 [main] INFO  o.s.d.r.c.RepositoryConfigurationDelegate          - Finished Spring Data repository scanning in 143 ms. Found 6 JPA repository interfaces.
2025-07-31 16:30:03,733 [main] INFO  o.s.cloud.context.scope.GenericScope               - BeanFactory id=3900db60-8d40-363c-9c55-ffe39cb1c59c
2025-07-31 16:30:04,510 [main] INFO  o.s.b.w.embedded.tomcat.TomcatWebServer            - Tomcat initialized with port 8080 (http)
2025-07-31 16:30:04,531 [main] INFO  o.apache.coyote.http11.Http11NioProtocol           - Initializing ProtocolHandler ["http-nio-8080"]
2025-07-31 16:30:04,531 [main] INFO  o.apache.catalina.core.StandardService             - Starting service [Tomcat]
2025-07-31 16:30:04,537 [main] INFO  org.apache.catalina.core.StandardEngine            - Starting Servlet engine: [Apache Tomcat/10.1.40]
2025-07-31 16:30:04,615 [main] INFO  o.a.c.c.C.[.[.[/notification-service]              - Initializing Spring embedded WebApplicationContext
2025-07-31 16:30:04,615 [main] INFO  o.s.b.w.s.c.ServletWebServerApplicationContext     - Root WebApplicationContext: initialization completed in 2281 ms
2025-07-31 16:30:05,031 [main] INFO  com.zaxxer.hikari.HikariDataSource                 - HikariPool-1 - Starting...
2025-07-31 16:30:05,180 [main] INFO  com.zaxxer.hikari.pool.HikariPool                  - HikariPool-1 - Added connection conn0: url=jdbc:h2:mem:notificationdb user=SA
2025-07-31 16:30:05,186 [main] INFO  com.zaxxer.hikari.HikariDataSource                 - HikariPool-1 - Start completed.
2025-07-31 16:30:05,424 [main] INFO  o.hibernate.jpa.internal.util.LogHelper            - HHH000204: Processing PersistenceUnitInfo [name: default]
2025-07-31 16:30:05,554 [main] INFO  org.hibernate.Version                              - HHH000412: Hibernate ORM core version 6.6.13.Final
2025-07-31 16:30:05,639 [main] INFO  o.h.c.internal.RegionFactoryInitiator              - HHH000026: Second-level cache disabled
2025-07-31 16:30:05,919 [main] INFO  o.s.o.j.p.SpringPersistenceUnitInfo                - No LoadTimeWeaver setup: ignoring JPA class transformer
2025-07-31 16:30:05,976 [main] INFO  org.hibernate.orm.connections.pooling              - HHH10001005: Database info:
	Database JDBC URL [Connecting through datasource 'HikariDataSource (HikariPool-1)']
	Database driver: undefined/unknown
	Database version: 2.3.232
	Autocommit mode: undefined/unknown
	Isolation level: undefined/unknown
	Minimum pool size: undefined/unknown
	Maximum pool size: undefined/unknown
2025-07-31 16:30:06,774 [main] INFO  o.h.e.t.j.p.i.JtaPlatformInitiator                 - HHH000489: No JTA platform available (set 'hibernate.transaction.jta.platform' to enable JTA platform integration)
2025-07-31 16:30:06,874 [main] INFO  o.s.o.j.LocalContainerEntityManagerFactoryBean     - Initialized JPA EntityManagerFactory for persistence unit 'default'
2025-07-31 16:30:07,281 [main] INFO  o.s.d.j.r.query.QueryEnhancerFactory               - Hibernate is in classpath; If applicable, HQL parser will be used.
2025-07-31 16:30:08,448 [main] WARN  o.s.b.a.o.j.JpaBaseConfiguration$JpaWebConfiguration - spring.jpa.open-in-view is enabled by default. Therefore, database queries may be performed during view rendering. Explicitly configure spring.jpa.open-in-view to disable this warning
2025-07-31 16:30:08,825 [main] INFO  o.s.b.a.e.web.EndpointLinksResolver                - Exposing 1 endpoint beneath base path '/actuator'
2025-07-31 16:30:09,237 [main] INFO  o.s.b.a.h2.H2ConsoleAutoConfiguration              - H2 console available at '/h2-console'. Database available at 'jdbc:h2:mem:notificationdb'
2025-07-31 16:30:09,275 [main] INFO  o.s.c.n.e.c.DiscoveryClientOptionalArgsConfiguration - Eureka HTTP Client uses RestTemplate.
2025-07-31 16:30:09,316 [main] WARN  o.s.c.l.c.LoadBalancerCacheAutoConfiguration$LoadBalancerCaffeineWarnLogger - Spring Cloud LoadBalancer is currently working with the default cache. While this cache implementation is useful for development and tests, it's recommended to use Caffeine cache in production.You can switch to using Caffeine cache, by adding it and org.springframework.cache.caffeine.CaffeineCacheManager to the classpath.
2025-07-31 16:30:09,366 [main] INFO  o.s.c.netflix.eureka.InstanceInfoFactory           - Setting initial instance status as: STARTING
2025-07-31 16:30:09,380 [main] INFO  com.netflix.discovery.DiscoveryClient              - Initializing Eureka in region us-east-1
2025-07-31 16:30:09,380 [main] INFO  com.netflix.discovery.DiscoveryClient              - Client configured to neither register nor query for data.
2025-07-31 16:30:09,380 [main] INFO  com.netflix.discovery.DiscoveryClient              - Discovery Client initialized at timestamp 1753993809380 with initial instances count: 0
2025-07-31 16:30:09,386 [main] INFO  o.s.c.n.e.s.EurekaServiceRegistry                  - Registering application NOTIFICATION-SERVICE with eureka with status UP
2025-07-31 16:30:09,386 [main] INFO  o.apache.coyote.http11.Http11NioProtocol           - Starting ProtocolHandler ["http-nio-8080"]
2025-07-31 16:30:09,398 [main] INFO  o.s.b.w.embedded.tomcat.TomcatWebServer            - Tomcat started on port 8080 (http) with context path '/notification-service'
2025-07-31 16:30:09,402 [main] INFO  o.s.c.n.e.s.EurekaAutoServiceRegistration          - Updating port to 8080
2025-07-31 16:30:09,415 [main] INFO  edu.market.notification.App                        - Started App in 7.982 seconds (process running for 8.434)
2025-07-31 16:30:14,681 [http-nio-8080-exec-1] INFO  o.a.c.c.C.[.[.[/notification-service]              - Initializing Spring DispatcherServlet 'dispatcherServlet'
2025-07-31 16:30:14,681 [http-nio-8080-exec-1] INFO  o.s.web.servlet.DispatcherServlet                  - Initializing Servlet 'dispatcherServlet'
2025-07-31 16:30:14,682 [http-nio-8080-exec-1] INFO  o.s.web.servlet.DispatcherServlet                  - Completed initialization in 1 ms
2025-07-31 16:30:14,746 [http-nio-8080-exec-1] INFO  e.m.n.i.a.i.w.c.NotificationController             - sendNotification - init
2025-07-31 16:30:14,746 [http-nio-8080-exec-1] DEBUG e.m.n.i.a.i.w.c.NotificationController             - sendNotification - Call notificationMapper.toNotificationCommand
2025-07-31 16:30:14,746 [http-nio-8080-exec-1] INFO  e.m.n.i.a.i.w.m.NotificationInputMapper            - toNotificationCommand - init
2025-07-31 16:30:14,749 [http-nio-8080-exec-1] INFO  e.m.n.i.a.i.w.m.NotificationInputMapper            - toNotificationCommand - end
2025-07-31 16:30:14,749 [http-nio-8080-exec-1] DEBUG e.m.n.i.a.i.w.c.NotificationController             - sendNotification - Create ClientContextCommand
2025-07-31 16:30:14,749 [http-nio-8080-exec-1] DEBUG e.m.n.i.a.i.web.util.RequestContextUtil            - Obteniendo IP del cliente
2025-07-31 16:30:14,749 [http-nio-8080-exec-1] DEBUG e.m.n.i.a.i.web.util.RequestContextUtil            - Obteniendo User-Agent del cliente
2025-07-31 16:30:14,749 [http-nio-8080-exec-1] DEBUG e.m.n.i.a.i.web.util.RequestContextUtil            - Obteniendo ruta de la petición
2025-07-31 16:30:14,749 [http-nio-8080-exec-1] DEBUG e.m.n.i.a.i.w.c.NotificationController             - sendNotification - Call sendNotificationUseCase.send
2025-07-31 16:30:14,749 [http-nio-8080-exec-1] INFO  e.m.n.i.a.o.monitoring.LoggingAdapter              - send - Init
2025-07-31 16:30:14,755 [http-nio-8080-exec-1] INFO  e.m.n.i.a.o.p.m.NotificationOutputMapper           - toEntity - Init
2025-07-31 16:30:14,755 [http-nio-8080-exec-1] INFO  e.m.n.i.a.o.p.m.NotificationOutputMapper           - toEntity - End
2025-07-31 16:30:14,810 [http-nio-8080-exec-1] DEBUG e.m.n.i.a.o.monitoring.LoggingAdapter              - send - Notification saved with ID: 100407ae-9d45-4ccf-ac86-a71d5144066a, channels: [SMS, EMAIL]
2025-07-31 16:30:14,810 [http-nio-8080-exec-1] DEBUG e.m.n.i.a.o.s.NotificationChannelServiceAdapter    - NotificationChannelServiceAdapter.isAvailable - Verificando disponibilidad del canal DEFAULT
2025-07-31 16:30:14,814 [http-nio-8080-exec-1] DEBUG e.m.n.i.a.o.monitoring.LoggingAdapter              - send - Call notificationChannel.send
2025-07-31 16:30:14,814 [http-nio-8080-exec-1] INFO  e.m.n.i.a.o.s.NotificationChannelServiceAdapter    - NotificationChannelServiceAdapter.send - Enviando notificación 100407ae-9d45-4ccf-ac86-a71d5144066a por canal DEFAULT
2025-07-31 16:30:14,816 [http-nio-8080-exec-1] INFO  e.m.n.i.a.o.s.NotificationChannelServiceAdapter    - NotificationChannelServiceAdapter.send - Notificación 100407ae-9d45-4ccf-ac86-a71d5144066a enviada exitosamente
2025-07-31 16:30:14,816 [metricsCollectorExecutor-0] DEBUG e.m.n.i.a.o.m.MicrometerMetricsAdapter             - Incrementando contador de notificaciones para estado PROCESSING
2025-07-31 16:30:14,816 [metricsCollectorExecutor-1] DEBUG e.m.n.i.a.o.m.MicrometerMetricsAdapter             - Registrando métrica de notificación enviada para canal SMS
2025-07-31 16:30:14,816 [http-nio-8080-exec-1] DEBUG e.m.n.i.a.o.monitoring.LoggingAdapter              - send - Mark notification as sent
2025-07-31 16:30:14,816 [http-nio-8080-exec-1] DEBUG e.m.n.i.a.o.monitoring.LoggingAdapter              - send - Call notificationRepository.save for updated notification
2025-07-31 16:30:14,816 [http-nio-8080-exec-1] INFO  e.m.n.i.a.o.p.m.NotificationOutputMapper           - toEntity - Init
2025-07-31 16:30:14,816 [http-nio-8080-exec-1] INFO  e.m.n.i.a.o.p.m.NotificationOutputMapper           - toEntity - End
2025-07-31 16:30:14,819 [metricsCollectorExecutor-0] DEBUG e.m.n.i.a.o.m.MicrometerMetricsAdapter             - Contador de notificaciones incrementado exitosamente
2025-07-31 16:30:14,819 [metricsCollectorExecutor-1] DEBUG e.m.n.i.a.o.m.MicrometerMetricsAdapter             - Métrica de notificación enviada registrada exitosamente
2025-07-31 16:30:14,822 [http-nio-8080-exec-1] WARN  o.h.engine.jdbc.spi.SqlExceptionHelper             - SQL Error: 23505, SQLState: 23505
2025-07-31 16:30:14,822 [http-nio-8080-exec-1] ERROR o.h.engine.jdbc.spi.SqlExceptionHelper             - Violación de indice de Unicidad ó Clave primaria: "PUBLIC.UK_NOTIFICATIONS_UUID_INDEX_C ON PUBLIC.NOTIFICATIONS(UUID NULLS FIRST) VALUES ( /* 1 */ UUID '100407ae-9d45-4ccf-ac86-a71d5144066a' )"
Unique index or primary key violation: "PUBLIC.UK_NOTIFICATIONS_UUID_INDEX_C ON PUBLIC.NOTIFICATIONS(UUID NULLS FIRST) VALUES ( /* 1 */ UUID '100407ae-9d45-4ccf-ac86-a71d5144066a' )"; SQL statement:
insert into notifications (content_attributes,content_body,created_at,error_message,priority,recipient_attributes,recipient_device_token,recipient_email,recipient_phone,recipient_user_id,requester_id,retry_count,scheduled_for,sent_at,source_service,status,subject,template_id,uuid,id) values (?,?,?,?,?,?,?,?,?,?,?,?,?,?,?,?,?,?,?,default) [23505-232]
2025-07-31 16:30:14,827 [http-nio-8080-exec-1] ERROR e.m.n.i.a.o.monitoring.LoggingAdapter              - send - Exception occurred
org.springframework.dao.DataIntegrityViolationException: could not execute statement [Violación de indice de Unicidad ó Clave primaria: "PUBLIC.UK_NOTIFICATIONS_UUID_INDEX_C ON PUBLIC.NOTIFICATIONS(UUID NULLS FIRST) VALUES ( /* 1 */ UUID '100407ae-9d45-4ccf-ac86-a71d5144066a' )"
Unique index or primary key violation: "PUBLIC.UK_NOTIFICATIONS_UUID_INDEX_C ON PUBLIC.NOTIFICATIONS(UUID NULLS FIRST) VALUES ( /* 1 */ UUID '100407ae-9d45-4ccf-ac86-a71d5144066a' )"; SQL statement:
insert into notifications (content_attributes,content_body,created_at,error_message,priority,recipient_attributes,recipient_device_token,recipient_email,recipient_phone,recipient_user_id,requester_id,retry_count,scheduled_for,sent_at,source_service,status,subject,template_id,uuid,id) values (?,?,?,?,?,?,?,?,?,?,?,?,?,?,?,?,?,?,?,default) [23505-232]] [insert into notifications (content_attributes,content_body,created_at,error_message,priority,recipient_attributes,recipient_device_token,recipient_email,recipient_phone,recipient_user_id,requester_id,retry_count,scheduled_for,sent_at,source_service,status,subject,template_id,uuid,id) values (?,?,?,?,?,?,?,?,?,?,?,?,?,?,?,?,?,?,?,default)]; SQL [insert into notifications (content_attributes,content_body,created_at,error_message,priority,recipient_attributes,recipient_device_token,recipient_email,recipient_phone,recipient_user_id,requester_id,retry_count,scheduled_for,sent_at,source_service,status,subject,template_id,uuid,id) values (?,?,?,?,?,?,?,?,?,?,?,?,?,?,?,?,?,?,?,default)]; constraint [PUBLIC.UK_NOTIFICATIONS_UUID_INDEX_C]
	at org.springframework.orm.jpa.vendor.HibernateJpaDialect.convertHibernateAccessException(HibernateJpaDialect.java:294)
	at org.springframework.orm.jpa.vendor.HibernateJpaDialect.convertHibernateAccessException(HibernateJpaDialect.java:256)
	at org.springframework.orm.jpa.vendor.HibernateJpaDialect.translateExceptionIfPossible(HibernateJpaDialect.java:241)
	at org.springframework.orm.jpa.AbstractEntityManagerFactoryBean.translateExceptionIfPossible(AbstractEntityManagerFactoryBean.java:560)
	at org.springframework.dao.support.ChainedPersistenceExceptionTranslator.translateExceptionIfPossible(ChainedPersistenceExceptionTranslator.java:61)
	at org.springframework.dao.support.DataAccessUtils.translateIfNecessary(DataAccessUtils.java:343)
	at org.springframework.dao.support.PersistenceExceptionTranslationInterceptor.invoke(PersistenceExceptionTranslationInterceptor.java:160)
	at org.springframework.aop.framework.ReflectiveMethodInvocation.proceed(ReflectiveMethodInvocation.java:184)
	at org.springframework.data.jpa.repository.support.CrudMethodMetadataPostProcessor$CrudMethodMetadataPopulatingMethodInterceptor.invoke(CrudMethodMetadataPostProcessor.java:165)
	at org.springframework.aop.framework.ReflectiveMethodInvocation.proceed(ReflectiveMethodInvocation.java:184)
	at org.springframework.aop.framework.JdkDynamicAopProxy.invoke(JdkDynamicAopProxy.java:223)
	at jdk.proxy2/jdk.proxy2.$Proxy186.save(Unknown Source)
	at edu.market.notification.infrastructure.adapter.output.persistence.NotificationRepositoryAdapter.save(NotificationRepositoryAdapter.java:36)
	at java.base/jdk.internal.reflect.DirectMethodHandleAccessor.invoke(DirectMethodHandleAccessor.java:103)
	at java.base/java.lang.reflect.Method.invoke(Method.java:580)
	at org.springframework.aop.support.AopUtils.invokeJoinpointUsingReflection(AopUtils.java:359)
	at org.springframework.aop.framework.ReflectiveMethodInvocation.invokeJoinpoint(ReflectiveMethodInvocation.java:196)
	at org.springframework.aop.framework.ReflectiveMethodInvocation.proceed(ReflectiveMethodInvocation.java:163)
	at org.springframework.transaction.interceptor.TransactionAspectSupport.invokeWithinTransaction(TransactionAspectSupport.java:380)
	at org.springframework.transaction.interceptor.TransactionInterceptor.invoke(TransactionInterceptor.java:119)
	at org.springframework.aop.framework.ReflectiveMethodInvocation.proceed(ReflectiveMethodInvocation.java:184)
	at org.springframework.aop.framework.CglibAopProxy$DynamicAdvisedInterceptor.intercept(CglibAopProxy.java:728)
	at edu.market.notification.infrastructure.adapter.output.persistence.NotificationRepositoryAdapter$$SpringCGLIB$$0.save(<generated>)
	at edu.market.notification.application.usecase.notification.SendNotificationUseCase.send(SendNotificationUseCase.java:106)
	at edu.market.notification.infrastructure.adapter.input.web.controller.NotificationController.sendNotification(NotificationController.java:156)
	at java.base/jdk.internal.reflect.DirectMethodHandleAccessor.invoke(DirectMethodHandleAccessor.java:103)
	at java.base/java.lang.reflect.Method.invoke(Method.java:580)
	at org.springframework.web.method.support.InvocableHandlerMethod.doInvoke(InvocableHandlerMethod.java:258)
	at org.springframework.web.method.support.InvocableHandlerMethod.invokeForRequest(InvocableHandlerMethod.java:191)
	at org.springframework.web.servlet.mvc.method.annotation.ServletInvocableHandlerMethod.invokeAndHandle(ServletInvocableHandlerMethod.java:118)
	at org.springframework.web.servlet.mvc.method.annotation.RequestMappingHandlerAdapter.invokeHandlerMethod(RequestMappingHandlerAdapter.java:986)
	at org.springframework.web.servlet.mvc.method.annotation.RequestMappingHandlerAdapter.handleInternal(RequestMappingHandlerAdapter.java:891)
	at org.springframework.web.servlet.mvc.method.AbstractHandlerMethodAdapter.handle(AbstractHandlerMethodAdapter.java:87)
	at org.springframework.web.servlet.DispatcherServlet.doDispatch(DispatcherServlet.java:1089)
	at org.springframework.web.servlet.DispatcherServlet.doService(DispatcherServlet.java:979)
	at org.springframework.web.servlet.FrameworkServlet.processRequest(FrameworkServlet.java:1014)
	at org.springframework.web.servlet.FrameworkServlet.doPost(FrameworkServlet.java:914)
	at jakarta.servlet.http.HttpServlet.service(HttpServlet.java:590)
	at org.springframework.web.servlet.FrameworkServlet.service(FrameworkServlet.java:885)
	at jakarta.servlet.http.HttpServlet.service(HttpServlet.java:658)
	at org.apache.catalina.core.ApplicationFilterChain.internalDoFilter(ApplicationFilterChain.java:195)
	at org.apache.catalina.core.ApplicationFilterChain.doFilter(ApplicationFilterChain.java:140)
	at org.apache.tomcat.websocket.server.WsFilter.doFilter(WsFilter.java:51)
	at org.apache.catalina.core.ApplicationFilterChain.internalDoFilter(ApplicationFilterChain.java:164)
	at org.apache.catalina.core.ApplicationFilterChain.doFilter(ApplicationFilterChain.java:140)
	at org.springframework.web.filter.CompositeFilter$VirtualFilterChain.doFilter(CompositeFilter.java:108)
	at org.springframework.security.web.FilterChainProxy.lambda$doFilterInternal$3(FilterChainProxy.java:231)
	at org.springframework.security.web.ObservationFilterChainDecorator$FilterObservation$SimpleFilterObservation.lambda$wrap$1(ObservationFilterChainDecorator.java:479)
	at org.springframework.security.web.ObservationFilterChainDecorator$AroundFilterObservation$SimpleAroundFilterObservation.lambda$wrap$1(ObservationFilterChainDecorator.java:340)
	at org.springframework.security.web.ObservationFilterChainDecorator.lambda$wrapSecured$0(ObservationFilterChainDecorator.java:82)
	at org.springframework.security.web.ObservationFilterChainDecorator$VirtualFilterChain.doFilter(ObservationFilterChainDecorator.java:128)
	at org.springframework.security.web.access.intercept.AuthorizationFilter.doFilter(AuthorizationFilter.java:101)
	at org.springframework.security.web.ObservationFilterChainDecorator$ObservationFilter.wrapFilter(ObservationFilterChainDecorator.java:240)
	at org.springframework.security.web.ObservationFilterChainDecorator$ObservationFilter.doFilter(ObservationFilterChainDecorator.java:227)
	at org.springframework.security.web.ObservationFilterChainDecorator$VirtualFilterChain.doFilter(ObservationFilterChainDecorator.java:137)
	at org.springframework.security.web.access.ExceptionTranslationFilter.doFilter(ExceptionTranslationFilter.java:126)
	at org.springframework.security.web.access.ExceptionTranslationFilter.doFilter(ExceptionTranslationFilter.java:120)
	at org.springframework.security.web.ObservationFilterChainDecorator$ObservationFilter.wrapFilter(ObservationFilterChainDecorator.java:240)
	at org.springframework.security.web.ObservationFilterChainDecorator$ObservationFilter.doFilter(ObservationFilterChainDecorator.java:227)
	at org.springframework.security.web.ObservationFilterChainDecorator$VirtualFilterChain.doFilter(ObservationFilterChainDecorator.java:137)
	at org.springframework.security.web.authentication.AnonymousAuthenticationFilter.doFilter(AnonymousAuthenticationFilter.java:100)
	at org.springframework.security.web.ObservationFilterChainDecorator$ObservationFilter.wrapFilter(ObservationFilterChainDecorator.java:240)
	at org.springframework.security.web.ObservationFilterChainDecorator$ObservationFilter.doFilter(ObservationFilterChainDecorator.java:227)
	at org.springframework.security.web.ObservationFilterChainDecorator$VirtualFilterChain.doFilter(ObservationFilterChainDecorator.java:137)
	at org.springframework.security.web.servletapi.SecurityContextHolderAwareRequestFilter.doFilter(SecurityContextHolderAwareRequestFilter.java:179)
	at org.springframework.security.web.ObservationFilterChainDecorator$ObservationFilter.wrapFilter(ObservationFilterChainDecorator.java:240)
	at org.springframework.security.web.ObservationFilterChainDecorator$ObservationFilter.doFilter(ObservationFilterChainDecorator.java:227)
	at org.springframework.security.web.ObservationFilterChainDecorator$VirtualFilterChain.doFilter(ObservationFilterChainDecorator.java:137)
	at org.springframework.security.web.savedrequest.RequestCacheAwareFilter.doFilter(RequestCacheAwareFilter.java:63)
	at org.springframework.security.web.ObservationFilterChainDecorator$ObservationFilter.wrapFilter(ObservationFilterChainDecorator.java:240)
	at org.springframework.security.web.ObservationFilterChainDecorator$ObservationFilter.doFilter(ObservationFilterChainDecorator.java:227)
	at org.springframework.security.web.ObservationFilterChainDecorator$VirtualFilterChain.doFilter(ObservationFilterChainDecorator.java:137)
	at org.springframework.security.web.authentication.logout.LogoutFilter.doFilter(LogoutFilter.java:107)
	at org.springframework.security.web.authentication.logout.LogoutFilter.doFilter(LogoutFilter.java:93)
	at org.springframework.security.web.ObservationFilterChainDecorator$ObservationFilter.wrapFilter(ObservationFilterChainDecorator.java:240)
	at org.springframework.security.web.ObservationFilterChainDecorator$ObservationFilter.doFilter(ObservationFilterChainDecorator.java:227)
	at org.springframework.security.web.ObservationFilterChainDecorator$VirtualFilterChain.doFilter(ObservationFilterChainDecorator.java:137)
	at org.springframework.security.web.header.HeaderWriterFilter.doHeadersAfter(HeaderWriterFilter.java:90)
	at org.springframework.security.web.header.HeaderWriterFilter.doFilterInternal(HeaderWriterFilter.java:75)
	at org.springframework.web.filter.OncePerRequestFilter.doFilter(OncePerRequestFilter.java:116)
	at org.springframework.security.web.ObservationFilterChainDecorator$ObservationFilter.wrapFilter(ObservationFilterChainDecorator.java:240)
	at org.springframework.security.web.ObservationFilterChainDecorator$ObservationFilter.doFilter(ObservationFilterChainDecorator.java:227)
	at org.springframework.security.web.ObservationFilterChainDecorator$VirtualFilterChain.doFilter(ObservationFilterChainDecorator.java:137)
	at org.springframework.security.web.context.SecurityContextHolderFilter.doFilter(SecurityContextHolderFilter.java:82)
	at org.springframework.security.web.context.SecurityContextHolderFilter.doFilter(SecurityContextHolderFilter.java:69)
	at org.springframework.security.web.ObservationFilterChainDecorator$ObservationFilter.wrapFilter(ObservationFilterChainDecorator.java:240)
	at org.springframework.security.web.ObservationFilterChainDecorator$ObservationFilter.doFilter(ObservationFilterChainDecorator.java:227)
	at org.springframework.security.web.ObservationFilterChainDecorator$VirtualFilterChain.doFilter(ObservationFilterChainDecorator.java:137)
	at org.springframework.security.web.context.request.async.WebAsyncManagerIntegrationFilter.doFilterInternal(WebAsyncManagerIntegrationFilter.java:62)
	at org.springframework.web.filter.OncePerRequestFilter.doFilter(OncePerRequestFilter.java:116)
	at org.springframework.security.web.ObservationFilterChainDecorator$ObservationFilter.wrapFilter(ObservationFilterChainDecorator.java:240)
	at org.springframework.security.web.ObservationFilterChainDecorator$ObservationFilter.doFilter(ObservationFilterChainDecorator.java:227)
	at org.springframework.security.web.ObservationFilterChainDecorator$VirtualFilterChain.doFilter(ObservationFilterChainDecorator.java:137)
	at org.springframework.security.web.session.DisableEncodeUrlFilter.doFilterInternal(DisableEncodeUrlFilter.java:42)
	at org.springframework.web.filter.OncePerRequestFilter.doFilter(OncePerRequestFilter.java:116)
	at org.springframework.security.web.ObservationFilterChainDecorator$ObservationFilter.wrapFilter(ObservationFilterChainDecorator.java:240)
	at org.springframework.security.web.ObservationFilterChainDecorator$AroundFilterObservation$SimpleAroundFilterObservation.lambda$wrap$0(ObservationFilterChainDecorator.java:323)
	at org.springframework.security.web.ObservationFilterChainDecorator$ObservationFilter.doFilter(ObservationFilterChainDecorator.java:224)
	at org.springframework.security.web.ObservationFilterChainDecorator$VirtualFilterChain.doFilter(ObservationFilterChainDecorator.java:137)
	at org.springframework.security.web.FilterChainProxy.doFilterInternal(FilterChainProxy.java:233)
	at org.springframework.security.web.FilterChainProxy.doFilter(FilterChainProxy.java:191)
	at org.springframework.web.filter.CompositeFilter$VirtualFilterChain.doFilter(CompositeFilter.java:113)
	at org.springframework.web.servlet.handler.HandlerMappingIntrospector.lambda$createCacheFilter$3(HandlerMappingIntrospector.java:243)
	at org.springframework.web.filter.CompositeFilter$VirtualFilterChain.doFilter(CompositeFilter.java:113)
	at org.springframework.web.filter.CompositeFilter.doFilter(CompositeFilter.java:74)
	at org.springframework.security.config.annotation.web.configuration.WebMvcSecurityConfiguration$CompositeFilterChainProxy.doFilter(WebMvcSecurityConfiguration.java:238)
	at org.springframework.web.filter.DelegatingFilterProxy.invokeDelegate(DelegatingFilterProxy.java:362)
	at org.springframework.web.filter.DelegatingFilterProxy.doFilter(DelegatingFilterProxy.java:278)
	at org.apache.catalina.core.ApplicationFilterChain.internalDoFilter(ApplicationFilterChain.java:164)
	at org.apache.catalina.core.ApplicationFilterChain.doFilter(ApplicationFilterChain.java:140)
	at org.springframework.web.filter.RequestContextFilter.doFilterInternal(RequestContextFilter.java:100)
	at org.springframework.web.filter.OncePerRequestFilter.doFilter(OncePerRequestFilter.java:116)
	at org.apache.catalina.core.ApplicationFilterChain.internalDoFilter(ApplicationFilterChain.java:164)
	at org.apache.catalina.core.ApplicationFilterChain.doFilter(ApplicationFilterChain.java:140)
	at org.springframework.web.filter.FormContentFilter.doFilterInternal(FormContentFilter.java:93)
	at org.springframework.web.filter.OncePerRequestFilter.doFilter(OncePerRequestFilter.java:116)
	at org.apache.catalina.core.ApplicationFilterChain.internalDoFilter(ApplicationFilterChain.java:164)
	at org.apache.catalina.core.ApplicationFilterChain.doFilter(ApplicationFilterChain.java:140)
	at org.springframework.web.filter.ServerHttpObservationFilter.doFilterInternal(ServerHttpObservationFilter.java:114)
	at org.springframework.web.filter.OncePerRequestFilter.doFilter(OncePerRequestFilter.java:116)
	at org.apache.catalina.core.ApplicationFilterChain.internalDoFilter(ApplicationFilterChain.java:164)
	at org.apache.catalina.core.ApplicationFilterChain.doFilter(ApplicationFilterChain.java:140)
	at org.springframework.web.filter.CharacterEncodingFilter.doFilterInternal(CharacterEncodingFilter.java:201)
	at org.springframework.web.filter.OncePerRequestFilter.doFilter(OncePerRequestFilter.java:116)
	at org.apache.catalina.core.ApplicationFilterChain.internalDoFilter(ApplicationFilterChain.java:164)
	at org.apache.catalina.core.ApplicationFilterChain.doFilter(ApplicationFilterChain.java:140)
	at org.apache.catalina.core.StandardWrapperValve.invoke(StandardWrapperValve.java:167)
	at org.apache.catalina.core.StandardContextValve.invoke(StandardContextValve.java:90)
	at org.apache.catalina.authenticator.AuthenticatorBase.invoke(AuthenticatorBase.java:483)
	at org.apache.catalina.core.StandardHostValve.invoke(StandardHostValve.java:116)
	at org.apache.catalina.valves.ErrorReportValve.invoke(ErrorReportValve.java:93)
	at org.apache.catalina.core.StandardEngineValve.invoke(StandardEngineValve.java:74)
	at org.apache.catalina.connector.CoyoteAdapter.service(CoyoteAdapter.java:344)
	at org.apache.coyote.http11.Http11Processor.service(Http11Processor.java:398)
	at org.apache.coyote.AbstractProcessorLight.process(AbstractProcessorLight.java:63)
	at org.apache.coyote.AbstractProtocol$ConnectionHandler.process(AbstractProtocol.java:903)
	at org.apache.tomcat.util.net.NioEndpoint$SocketProcessor.doRun(NioEndpoint.java:1740)
	at org.apache.tomcat.util.net.SocketProcessorBase.run(SocketProcessorBase.java:52)
	at org.apache.tomcat.util.threads.ThreadPoolExecutor.runWorker(ThreadPoolExecutor.java:1189)
	at org.apache.tomcat.util.threads.ThreadPoolExecutor$Worker.run(ThreadPoolExecutor.java:658)
	at org.apache.tomcat.util.threads.TaskThread$WrappingRunnable.run(TaskThread.java:63)
	at java.base/java.lang.Thread.run(Thread.java:1583)
Caused by: org.hibernate.exception.ConstraintViolationException: could not execute statement [Violación de indice de Unicidad ó Clave primaria: "PUBLIC.UK_NOTIFICATIONS_UUID_INDEX_C ON PUBLIC.NOTIFICATIONS(UUID NULLS FIRST) VALUES ( /* 1 */ UUID '100407ae-9d45-4ccf-ac86-a71d5144066a' )"
Unique index or primary key violation: "PUBLIC.UK_NOTIFICATIONS_UUID_INDEX_C ON PUBLIC.NOTIFICATIONS(UUID NULLS FIRST) VALUES ( /* 1 */ UUID '100407ae-9d45-4ccf-ac86-a71d5144066a' )"; SQL statement:
insert into notifications (content_attributes,content_body,created_at,error_message,priority,recipient_attributes,recipient_device_token,recipient_email,recipient_phone,recipient_user_id,requester_id,retry_count,scheduled_for,sent_at,source_service,status,subject,template_id,uuid,id) values (?,?,?,?,?,?,?,?,?,?,?,?,?,?,?,?,?,?,?,default) [23505-232]] [insert into notifications (content_attributes,content_body,created_at,error_message,priority,recipient_attributes,recipient_device_token,recipient_email,recipient_phone,recipient_user_id,requester_id,retry_count,scheduled_for,sent_at,source_service,status,subject,template_id,uuid,id) values (?,?,?,?,?,?,?,?,?,?,?,?,?,?,?,?,?,?,?,default)]
	at org.hibernate.dialect.H2Dialect.lambda$buildSQLExceptionConversionDelegate$3(H2Dialect.java:759)
	at org.hibernate.exception.internal.StandardSQLExceptionConverter.convert(StandardSQLExceptionConverter.java:58)
	at org.hibernate.engine.jdbc.spi.SqlExceptionHelper.convert(SqlExceptionHelper.java:108)
	at org.hibernate.engine.jdbc.internal.ResultSetReturnImpl.executeUpdate(ResultSetReturnImpl.java:197)
	at org.hibernate.id.insert.GetGeneratedKeysDelegate.performMutation(GetGeneratedKeysDelegate.java:116)
	at org.hibernate.engine.jdbc.mutation.internal.MutationExecutorSingleNonBatched.performNonBatchedOperations(MutationExecutorSingleNonBatched.java:47)
	at org.hibernate.engine.jdbc.mutation.internal.AbstractMutationExecutor.execute(AbstractMutationExecutor.java:55)
	at org.hibernate.persister.entity.mutation.InsertCoordinatorStandard.doStaticInserts(InsertCoordinatorStandard.java:194)
	at org.hibernate.persister.entity.mutation.InsertCoordinatorStandard.coordinateInsert(InsertCoordinatorStandard.java:132)
	at org.hibernate.persister.entity.mutation.InsertCoordinatorStandard.insert(InsertCoordinatorStandard.java:95)
	at org.hibernate.action.internal.EntityIdentityInsertAction.execute(EntityIdentityInsertAction.java:85)
	at org.hibernate.engine.spi.ActionQueue.execute(ActionQueue.java:682)
	at org.hibernate.engine.spi.ActionQueue.addResolvedEntityInsertAction(ActionQueue.java:293)
	at org.hibernate.engine.spi.ActionQueue.addInsertAction(ActionQueue.java:274)
	at org.hibernate.engine.spi.ActionQueue.addAction(ActionQueue.java:324)
	at org.hibernate.event.internal.AbstractSaveEventListener.addInsertAction(AbstractSaveEventListener.java:393)
	at org.hibernate.event.internal.AbstractSaveEventListener.performSaveOrReplicate(AbstractSaveEventListener.java:307)
	at org.hibernate.event.internal.AbstractSaveEventListener.performSave(AbstractSaveEventListener.java:223)
	at org.hibernate.event.internal.AbstractSaveEventListener.saveWithGeneratedId(AbstractSaveEventListener.java:136)
	at org.hibernate.event.internal.DefaultPersistEventListener.entityIsTransient(DefaultPersistEventListener.java:177)
	at org.hibernate.event.internal.DefaultPersistEventListener.persist(DefaultPersistEventListener.java:95)
	at org.hibernate.event.internal.DefaultPersistEventListener.onPersist(DefaultPersistEventListener.java:79)
	at org.hibernate.event.internal.DefaultPersistEventListener.onPersist(DefaultPersistEventListener.java:55)
	at org.hibernate.event.service.internal.EventListenerGroupImpl.fireEventOnEachListener(EventListenerGroupImpl.java:127)
	at org.hibernate.internal.SessionImpl.firePersist(SessionImpl.java:761)
	at org.hibernate.internal.SessionImpl.persist(SessionImpl.java:745)
	at java.base/jdk.internal.reflect.DirectMethodHandleAccessor.invoke(DirectMethodHandleAccessor.java:103)
	at java.base/java.lang.reflect.Method.invoke(Method.java:580)
	at org.springframework.orm.jpa.ExtendedEntityManagerCreator$ExtendedEntityManagerInvocationHandler.invoke(ExtendedEntityManagerCreator.java:364)
	at jdk.proxy2/jdk.proxy2.$Proxy175.persist(Unknown Source)
	at java.base/jdk.internal.reflect.DirectMethodHandleAccessor.invoke(DirectMethodHandleAccessor.java:103)
	at java.base/java.lang.reflect.Method.invoke(Method.java:580)
	at org.springframework.orm.jpa.SharedEntityManagerCreator$SharedEntityManagerInvocationHandler.invoke(SharedEntityManagerCreator.java:320)
	at jdk.proxy2/jdk.proxy2.$Proxy175.persist(Unknown Source)
	at org.springframework.data.jpa.repository.support.SimpleJpaRepository.save(SimpleJpaRepository.java:636)
	at java.base/jdk.internal.reflect.DirectMethodHandleAccessor.invoke(DirectMethodHandleAccessor.java:103)
	at java.base/java.lang.reflect.Method.invoke(Method.java:580)
	at org.springframework.aop.support.AopUtils.invokeJoinpointUsingReflection(AopUtils.java:359)
	at org.springframework.data.repository.core.support.RepositoryMethodInvoker$RepositoryFragmentMethodInvoker.lambda$new$0(RepositoryMethodInvoker.java:277)
	at org.springframework.data.repository.core.support.RepositoryMethodInvoker.doInvoke(RepositoryMethodInvoker.java:170)
	at org.springframework.data.repository.core.support.RepositoryMethodInvoker.invoke(RepositoryMethodInvoker.java:158)
	at org.springframework.data.repository.core.support.RepositoryComposition$RepositoryFragments.invoke(RepositoryComposition.java:515)
	at org.springframework.data.repository.core.support.RepositoryComposition.invoke(RepositoryComposition.java:284)
	at org.springframework.data.repository.core.support.RepositoryFactorySupport$ImplementationMethodExecutionInterceptor.invoke(RepositoryFactorySupport.java:731)
	at org.springframework.aop.framework.ReflectiveMethodInvocation.proceed(ReflectiveMethodInvocation.java:184)
	at org.springframework.data.repository.core.support.QueryExecutorMethodInterceptor.doInvoke(QueryExecutorMethodInterceptor.java:174)
	at org.springframework.data.repository.core.support.QueryExecutorMethodInterceptor.invoke(QueryExecutorMethodInterceptor.java:149)
	at org.springframework.aop.framework.ReflectiveMethodInvocation.proceed(ReflectiveMethodInvocation.java:184)
	at org.springframework.data.projection.DefaultMethodInvokingMethodInterceptor.invoke(DefaultMethodInvokingMethodInterceptor.java:69)
	at org.springframework.aop.framework.ReflectiveMethodInvocation.proceed(ReflectiveMethodInvocation.java:184)
	at org.springframework.transaction.interceptor.TransactionAspectSupport.invokeWithinTransaction(TransactionAspectSupport.java:380)
	at org.springframework.transaction.interceptor.TransactionInterceptor.invoke(TransactionInterceptor.java:119)
	at org.springframework.aop.framework.ReflectiveMethodInvocation.proceed(ReflectiveMethodInvocation.java:184)
	at org.springframework.dao.support.PersistenceExceptionTranslationInterceptor.invoke(PersistenceExceptionTranslationInterceptor.java:138)
	... 135 common frames omitted
Caused by: org.h2.jdbc.JdbcSQLIntegrityConstraintViolationException: Violación de indice de Unicidad ó Clave primaria: "PUBLIC.UK_NOTIFICATIONS_UUID_INDEX_C ON PUBLIC.NOTIFICATIONS(UUID NULLS FIRST) VALUES ( /* 1 */ UUID '100407ae-9d45-4ccf-ac86-a71d5144066a' )"
Unique index or primary key violation: "PUBLIC.UK_NOTIFICATIONS_UUID_INDEX_C ON PUBLIC.NOTIFICATIONS(UUID NULLS FIRST) VALUES ( /* 1 */ UUID '100407ae-9d45-4ccf-ac86-a71d5144066a' )"; SQL statement:
insert into notifications (content_attributes,content_body,created_at,error_message,priority,recipient_attributes,recipient_device_token,recipient_email,recipient_phone,recipient_user_id,requester_id,retry_count,scheduled_for,sent_at,source_service,status,subject,template_id,uuid,id) values (?,?,?,?,?,?,?,?,?,?,?,?,?,?,?,?,?,?,?,default) [23505-232]
	at org.h2.message.DbException.getJdbcSQLException(DbException.java:520)
	at org.h2.message.DbException.getJdbcSQLException(DbException.java:489)
	at org.h2.message.DbException.get(DbException.java:223)
	at org.h2.message.DbException.get(DbException.java:199)
	at org.h2.index.Index.getDuplicateKeyException(Index.java:523)
	at org.h2.mvstore.db.MVSecondaryIndex.checkUnique(MVSecondaryIndex.java:223)
	at org.h2.mvstore.db.MVSecondaryIndex.add(MVSecondaryIndex.java:184)
	at org.h2.mvstore.db.MVTable.addRow(MVTable.java:517)
	at org.h2.command.dml.Insert.insertRows(Insert.java:174)
	at org.h2.command.dml.Insert.update(Insert.java:135)
	at org.h2.command.CommandContainer.executeUpdateWithGeneratedKeys(CommandContainer.java:212)
	at org.h2.command.CommandContainer.update(CommandContainer.java:133)
	at org.h2.command.Command.executeUpdate(Command.java:304)
	at org.h2.command.Command.executeUpdate(Command.java:248)
	at org.h2.jdbc.JdbcPreparedStatement.executeUpdateInternal(JdbcPreparedStatement.java:213)
	at org.h2.jdbc.JdbcPreparedStatement.executeUpdate(JdbcPreparedStatement.java:172)
	at com.zaxxer.hikari.pool.ProxyPreparedStatement.executeUpdate(ProxyPreparedStatement.java:61)
	at com.zaxxer.hikari.pool.HikariProxyPreparedStatement.executeUpdate(HikariProxyPreparedStatement.java)
	at org.hibernate.engine.jdbc.internal.ResultSetReturnImpl.executeUpdate(ResultSetReturnImpl.java:194)
	... 185 common frames omitted
2025-07-31 16:30:14,830 [http-nio-8080-exec-1] DEBUG e.m.n.i.a.o.monitoring.LoggingAdapter              - send - Call saveFailedEventToOutbox
2025-07-31 16:30:14,830 [http-nio-8080-exec-1] DEBUG e.m.n.i.a.o.monitoring.LoggingAdapter              - saveFailedEventToOutbox - Saving failed event to outbox for notification: 100407ae-9d45-4ccf-ac86-a71d5144066a, error: Error sending notification: could not execute statement [Violación de indice de Unicidad ó Clave primaria: "PUBLIC.UK_NOTIFICATIONS_UUID_INDEX_C ON PUBLIC.NOTIFICATIONS(UUID NULLS FIRST) VALUES ( /* 1 */ UUID '100407ae-9d45-4ccf-ac86-a71d5144066a' )"
Unique index or primary key violation: "PUBLIC.UK_NOTIFICATIONS_UUID_INDEX_C ON PUBLIC.NOTIFICATIONS(UUID NULLS FIRST) VALUES ( /* 1 */ UUID '100407ae-9d45-4ccf-ac86-a71d5144066a' )"; SQL statement:
insert into notifications (content_attributes,content_body,created_at,error_message,priority,recipient_attributes,recipient_device_token,recipient_email,recipient_phone,recipient_user_id,requester_id,retry_count,scheduled_for,sent_at,source_service,status,subject,template_id,uuid,id) values (?,?,?,?,?,?,?,?,?,?,?,?,?,?,?,?,?,?,?,default) [23505-232]] [insert into notifications (content_attributes,content_body,created_at,error_message,priority,recipient_attributes,recipient_device_token,recipient_email,recipient_phone,recipient_user_id,requester_id,retry_count,scheduled_for,sent_at,source_service,status,subject,template_id,uuid,id) values (?,?,?,?,?,?,?,?,?,?,?,?,?,?,?,?,?,?,?,default)]; SQL [insert into notifications (content_attributes,content_body,created_at,error_message,priority,recipient_attributes,recipient_device_token,recipient_email,recipient_phone,recipient_user_id,requester_id,retry_count,scheduled_for,sent_at,source_service,status,subject,template_id,uuid,id) values (?,?,?,?,?,?,?,?,?,?,?,?,?,?,?,?,?,?,?,default)]; constraint [PUBLIC.UK_NOTIFICATIONS_UUID_INDEX_C]
2025-07-31 16:30:14,830 [http-nio-8080-exec-1] DEBUG e.m.n.i.a.o.monitoring.LoggingAdapter              - SerializationServiceAdapter.serialize - Serializando objeto: {}
2025-07-31 16:30:14,842 [http-nio-8080-exec-1] DEBUG e.m.n.i.a.o.monitoring.LoggingAdapter              - saveFailedEventToOutbox - Call outboxRepository.save
2025-07-31 16:30:14,845 [http-nio-8080-exec-1] DEBUG e.m.n.i.a.o.monitoring.LoggingAdapter              - saveFailedEventToOutbox - Event saved successfully
2025-07-31 16:30:14,845 [http-nio-8080-exec-1] INFO  e.m.n.i.a.o.p.m.NotificationOutputMapper           - toEntity - Init
2025-07-31 16:30:14,845 [http-nio-8080-exec-1] INFO  e.m.n.i.a.o.p.m.NotificationOutputMapper           - toEntity - End
2025-07-31 16:30:14,845 [http-nio-8080-exec-1] WARN  o.h.engine.jdbc.spi.SqlExceptionHelper             - SQL Error: 23505, SQLState: 23505
2025-07-31 16:30:14,845 [http-nio-8080-exec-1] ERROR o.h.engine.jdbc.spi.SqlExceptionHelper             - Violación de indice de Unicidad ó Clave primaria: "PUBLIC.UK_NOTIFICATIONS_UUID_INDEX_C ON PUBLIC.NOTIFICATIONS(UUID NULLS FIRST) VALUES ( /* 1 */ UUID '100407ae-9d45-4ccf-ac86-a71d5144066a' )"
Unique index or primary key violation: "PUBLIC.UK_NOTIFICATIONS_UUID_INDEX_C ON PUBLIC.NOTIFICATIONS(UUID NULLS FIRST) VALUES ( /* 1 */ UUID '100407ae-9d45-4ccf-ac86-a71d5144066a' )"; SQL statement:
insert into notifications (content_attributes,content_body,created_at,error_message,priority,recipient_attributes,recipient_device_token,recipient_email,recipient_phone,recipient_user_id,requester_id,retry_count,scheduled_for,sent_at,source_service,status,subject,template_id,uuid,id) values (?,?,?,?,?,?,?,?,?,?,?,?,?,?,?,?,?,?,?,default) [23505-232]
2025-07-31 16:30:14,848 [http-nio-8080-exec-1] ERROR e.m.n.i.a.i.w.e.RestExceptionHandler               - handleAllUncaughtException - Unexpected error occurred: could not execute statement [Violación de indice de Unicidad ó Clave primaria: "PUBLIC.UK_NOTIFICATIONS_UUID_INDEX_C ON PUBLIC.NOTIFICATIONS(UUID NULLS FIRST) VALUES ( /* 1 */ UUID '100407ae-9d45-4ccf-ac86-a71d5144066a' )"
Unique index or primary key violation: "PUBLIC.UK_NOTIFICATIONS_UUID_INDEX_C ON PUBLIC.NOTIFICATIONS(UUID NULLS FIRST) VALUES ( /* 1 */ UUID '100407ae-9d45-4ccf-ac86-a71d5144066a' )"; SQL statement:
insert into notifications (content_attributes,content_body,created_at,error_message,priority,recipient_attributes,recipient_device_token,recipient_email,recipient_phone,recipient_user_id,requester_id,retry_count,scheduled_for,sent_at,source_service,status,subject,template_id,uuid,id) values (?,?,?,?,?,?,?,?,?,?,?,?,?,?,?,?,?,?,?,default) [23505-232]] [insert into notifications (content_attributes,content_body,created_at,error_message,priority,recipient_attributes,recipient_device_token,recipient_email,recipient_phone,recipient_user_id,requester_id,retry_count,scheduled_for,sent_at,source_service,status,subject,template_id,uuid,id) values (?,?,?,?,?,?,?,?,?,?,?,?,?,?,?,?,?,?,?,default)]; SQL [insert into notifications (content_attributes,content_body,created_at,error_message,priority,recipient_attributes,recipient_device_token,recipient_email,recipient_phone,recipient_user_id,requester_id,retry_count,scheduled_for,sent_at,source_service,status,subject,template_id,uuid,id) values (?,?,?,?,?,?,?,?,?,?,?,?,?,?,?,?,?,?,?,default)]; constraint [PUBLIC.UK_NOTIFICATIONS_UUID_INDEX_C]
org.springframework.dao.DataIntegrityViolationException: could not execute statement [Violación de indice de Unicidad ó Clave primaria: "PUBLIC.UK_NOTIFICATIONS_UUID_INDEX_C ON PUBLIC.NOTIFICATIONS(UUID NULLS FIRST) VALUES ( /* 1 */ UUID '100407ae-9d45-4ccf-ac86-a71d5144066a' )"
Unique index or primary key violation: "PUBLIC.UK_NOTIFICATIONS_UUID_INDEX_C ON PUBLIC.NOTIFICATIONS(UUID NULLS FIRST) VALUES ( /* 1 */ UUID '100407ae-9d45-4ccf-ac86-a71d5144066a' )"; SQL statement:
insert into notifications (content_attributes,content_body,created_at,error_message,priority,recipient_attributes,recipient_device_token,recipient_email,recipient_phone,recipient_user_id,requester_id,retry_count,scheduled_for,sent_at,source_service,status,subject,template_id,uuid,id) values (?,?,?,?,?,?,?,?,?,?,?,?,?,?,?,?,?,?,?,default) [23505-232]] [insert into notifications (content_attributes,content_body,created_at,error_message,priority,recipient_attributes,recipient_device_token,recipient_email,recipient_phone,recipient_user_id,requester_id,retry_count,scheduled_for,sent_at,source_service,status,subject,template_id,uuid,id) values (?,?,?,?,?,?,?,?,?,?,?,?,?,?,?,?,?,?,?,default)]; SQL [insert into notifications (content_attributes,content_body,created_at,error_message,priority,recipient_attributes,recipient_device_token,recipient_email,recipient_phone,recipient_user_id,requester_id,retry_count,scheduled_for,sent_at,source_service,status,subject,template_id,uuid,id) values (?,?,?,?,?,?,?,?,?,?,?,?,?,?,?,?,?,?,?,default)]; constraint [PUBLIC.UK_NOTIFICATIONS_UUID_INDEX_C]
	at org.springframework.orm.jpa.vendor.HibernateJpaDialect.convertHibernateAccessException(HibernateJpaDialect.java:294)
	at org.springframework.orm.jpa.vendor.HibernateJpaDialect.convertHibernateAccessException(HibernateJpaDialect.java:256)
	at org.springframework.orm.jpa.vendor.HibernateJpaDialect.translateExceptionIfPossible(HibernateJpaDialect.java:241)
	at org.springframework.orm.jpa.AbstractEntityManagerFactoryBean.translateExceptionIfPossible(AbstractEntityManagerFactoryBean.java:560)
	at org.springframework.dao.support.ChainedPersistenceExceptionTranslator.translateExceptionIfPossible(ChainedPersistenceExceptionTranslator.java:61)
	at org.springframework.dao.support.DataAccessUtils.translateIfNecessary(DataAccessUtils.java:343)
	at org.springframework.dao.support.PersistenceExceptionTranslationInterceptor.invoke(PersistenceExceptionTranslationInterceptor.java:160)
	at org.springframework.aop.framework.ReflectiveMethodInvocation.proceed(ReflectiveMethodInvocation.java:184)
	at org.springframework.data.jpa.repository.support.CrudMethodMetadataPostProcessor$CrudMethodMetadataPopulatingMethodInterceptor.invoke(CrudMethodMetadataPostProcessor.java:165)
	at org.springframework.aop.framework.ReflectiveMethodInvocation.proceed(ReflectiveMethodInvocation.java:184)
	at org.springframework.aop.framework.JdkDynamicAopProxy.invoke(JdkDynamicAopProxy.java:223)
	at jdk.proxy2/jdk.proxy2.$Proxy186.save(Unknown Source)
	at edu.market.notification.infrastructure.adapter.output.persistence.NotificationRepositoryAdapter.save(NotificationRepositoryAdapter.java:36)
	at java.base/jdk.internal.reflect.DirectMethodHandleAccessor.invoke(DirectMethodHandleAccessor.java:103)
	at java.base/java.lang.reflect.Method.invoke(Method.java:580)
	at org.springframework.aop.support.AopUtils.invokeJoinpointUsingReflection(AopUtils.java:359)
	at org.springframework.aop.framework.ReflectiveMethodInvocation.invokeJoinpoint(ReflectiveMethodInvocation.java:196)
	at org.springframework.aop.framework.ReflectiveMethodInvocation.proceed(ReflectiveMethodInvocation.java:163)
	at org.springframework.transaction.interceptor.TransactionAspectSupport.invokeWithinTransaction(TransactionAspectSupport.java:380)
	at org.springframework.transaction.interceptor.TransactionInterceptor.invoke(TransactionInterceptor.java:119)
	at org.springframework.aop.framework.ReflectiveMethodInvocation.proceed(ReflectiveMethodInvocation.java:184)
	at org.springframework.aop.framework.CglibAopProxy$DynamicAdvisedInterceptor.intercept(CglibAopProxy.java:728)
	at edu.market.notification.infrastructure.adapter.output.persistence.NotificationRepositoryAdapter$$SpringCGLIB$$0.save(<generated>)
	at edu.market.notification.application.usecase.notification.SendNotificationUseCase.send(SendNotificationUseCase.java:125)
	at edu.market.notification.infrastructure.adapter.input.web.controller.NotificationController.sendNotification(NotificationController.java:156)
	at java.base/jdk.internal.reflect.DirectMethodHandleAccessor.invoke(DirectMethodHandleAccessor.java:103)
	at java.base/java.lang.reflect.Method.invoke(Method.java:580)
	at org.springframework.web.method.support.InvocableHandlerMethod.doInvoke(InvocableHandlerMethod.java:258)
	at org.springframework.web.method.support.InvocableHandlerMethod.invokeForRequest(InvocableHandlerMethod.java:191)
	at org.springframework.web.servlet.mvc.method.annotation.ServletInvocableHandlerMethod.invokeAndHandle(ServletInvocableHandlerMethod.java:118)
	at org.springframework.web.servlet.mvc.method.annotation.RequestMappingHandlerAdapter.invokeHandlerMethod(RequestMappingHandlerAdapter.java:986)
	at org.springframework.web.servlet.mvc.method.annotation.RequestMappingHandlerAdapter.handleInternal(RequestMappingHandlerAdapter.java:891)
	at org.springframework.web.servlet.mvc.method.AbstractHandlerMethodAdapter.handle(AbstractHandlerMethodAdapter.java:87)
	at org.springframework.web.servlet.DispatcherServlet.doDispatch(DispatcherServlet.java:1089)
	at org.springframework.web.servlet.DispatcherServlet.doService(DispatcherServlet.java:979)
	at org.springframework.web.servlet.FrameworkServlet.processRequest(FrameworkServlet.java:1014)
	at org.springframework.web.servlet.FrameworkServlet.doPost(FrameworkServlet.java:914)
	at jakarta.servlet.http.HttpServlet.service(HttpServlet.java:590)
	at org.springframework.web.servlet.FrameworkServlet.service(FrameworkServlet.java:885)
	at jakarta.servlet.http.HttpServlet.service(HttpServlet.java:658)
	at org.apache.catalina.core.ApplicationFilterChain.internalDoFilter(ApplicationFilterChain.java:195)
	at org.apache.catalina.core.ApplicationFilterChain.doFilter(ApplicationFilterChain.java:140)
	at org.apache.tomcat.websocket.server.WsFilter.doFilter(WsFilter.java:51)
	at org.apache.catalina.core.ApplicationFilterChain.internalDoFilter(ApplicationFilterChain.java:164)
	at org.apache.catalina.core.ApplicationFilterChain.doFilter(ApplicationFilterChain.java:140)
	at org.springframework.web.filter.CompositeFilter$VirtualFilterChain.doFilter(CompositeFilter.java:108)
	at org.springframework.security.web.FilterChainProxy.lambda$doFilterInternal$3(FilterChainProxy.java:231)
	at org.springframework.security.web.ObservationFilterChainDecorator$FilterObservation$SimpleFilterObservation.lambda$wrap$1(ObservationFilterChainDecorator.java:479)
	at org.springframework.security.web.ObservationFilterChainDecorator$AroundFilterObservation$SimpleAroundFilterObservation.lambda$wrap$1(ObservationFilterChainDecorator.java:340)
	at org.springframework.security.web.ObservationFilterChainDecorator.lambda$wrapSecured$0(ObservationFilterChainDecorator.java:82)
	at org.springframework.security.web.ObservationFilterChainDecorator$VirtualFilterChain.doFilter(ObservationFilterChainDecorator.java:128)
	at org.springframework.security.web.access.intercept.AuthorizationFilter.doFilter(AuthorizationFilter.java:101)
	at org.springframework.security.web.ObservationFilterChainDecorator$ObservationFilter.wrapFilter(ObservationFilterChainDecorator.java:240)
	at org.springframework.security.web.ObservationFilterChainDecorator$ObservationFilter.doFilter(ObservationFilterChainDecorator.java:227)
	at org.springframework.security.web.ObservationFilterChainDecorator$VirtualFilterChain.doFilter(ObservationFilterChainDecorator.java:137)
	at org.springframework.security.web.access.ExceptionTranslationFilter.doFilter(ExceptionTranslationFilter.java:126)
	at org.springframework.security.web.access.ExceptionTranslationFilter.doFilter(ExceptionTranslationFilter.java:120)
	at org.springframework.security.web.ObservationFilterChainDecorator$ObservationFilter.wrapFilter(ObservationFilterChainDecorator.java:240)
	at org.springframework.security.web.ObservationFilterChainDecorator$ObservationFilter.doFilter(ObservationFilterChainDecorator.java:227)
	at org.springframework.security.web.ObservationFilterChainDecorator$VirtualFilterChain.doFilter(ObservationFilterChainDecorator.java:137)
	at org.springframework.security.web.authentication.AnonymousAuthenticationFilter.doFilter(AnonymousAuthenticationFilter.java:100)
	at org.springframework.security.web.ObservationFilterChainDecorator$ObservationFilter.wrapFilter(ObservationFilterChainDecorator.java:240)
	at org.springframework.security.web.ObservationFilterChainDecorator$ObservationFilter.doFilter(ObservationFilterChainDecorator.java:227)
	at org.springframework.security.web.ObservationFilterChainDecorator$VirtualFilterChain.doFilter(ObservationFilterChainDecorator.java:137)
	at org.springframework.security.web.servletapi.SecurityContextHolderAwareRequestFilter.doFilter(SecurityContextHolderAwareRequestFilter.java:179)
	at org.springframework.security.web.ObservationFilterChainDecorator$ObservationFilter.wrapFilter(ObservationFilterChainDecorator.java:240)
	at org.springframework.security.web.ObservationFilterChainDecorator$ObservationFilter.doFilter(ObservationFilterChainDecorator.java:227)
	at org.springframework.security.web.ObservationFilterChainDecorator$VirtualFilterChain.doFilter(ObservationFilterChainDecorator.java:137)
	at org.springframework.security.web.savedrequest.RequestCacheAwareFilter.doFilter(RequestCacheAwareFilter.java:63)
	at org.springframework.security.web.ObservationFilterChainDecorator$ObservationFilter.wrapFilter(ObservationFilterChainDecorator.java:240)
	at org.springframework.security.web.ObservationFilterChainDecorator$ObservationFilter.doFilter(ObservationFilterChainDecorator.java:227)
	at org.springframework.security.web.ObservationFilterChainDecorator$VirtualFilterChain.doFilter(ObservationFilterChainDecorator.java:137)
	at org.springframework.security.web.authentication.logout.LogoutFilter.doFilter(LogoutFilter.java:107)
	at org.springframework.security.web.authentication.logout.LogoutFilter.doFilter(LogoutFilter.java:93)
	at org.springframework.security.web.ObservationFilterChainDecorator$ObservationFilter.wrapFilter(ObservationFilterChainDecorator.java:240)
	at org.springframework.security.web.ObservationFilterChainDecorator$ObservationFilter.doFilter(ObservationFilterChainDecorator.java:227)
	at org.springframework.security.web.ObservationFilterChainDecorator$VirtualFilterChain.doFilter(ObservationFilterChainDecorator.java:137)
	at org.springframework.security.web.header.HeaderWriterFilter.doHeadersAfter(HeaderWriterFilter.java:90)
	at org.springframework.security.web.header.HeaderWriterFilter.doFilterInternal(HeaderWriterFilter.java:75)
	at org.springframework.web.filter.OncePerRequestFilter.doFilter(OncePerRequestFilter.java:116)
	at org.springframework.security.web.ObservationFilterChainDecorator$ObservationFilter.wrapFilter(ObservationFilterChainDecorator.java:240)
	at org.springframework.security.web.ObservationFilterChainDecorator$ObservationFilter.doFilter(ObservationFilterChainDecorator.java:227)
	at org.springframework.security.web.ObservationFilterChainDecorator$VirtualFilterChain.doFilter(ObservationFilterChainDecorator.java:137)
	at org.springframework.security.web.context.SecurityContextHolderFilter.doFilter(SecurityContextHolderFilter.java:82)
	at org.springframework.security.web.context.SecurityContextHolderFilter.doFilter(SecurityContextHolderFilter.java:69)
	at org.springframework.security.web.ObservationFilterChainDecorator$ObservationFilter.wrapFilter(ObservationFilterChainDecorator.java:240)
	at org.springframework.security.web.ObservationFilterChainDecorator$ObservationFilter.doFilter(ObservationFilterChainDecorator.java:227)
	at org.springframework.security.web.ObservationFilterChainDecorator$VirtualFilterChain.doFilter(ObservationFilterChainDecorator.java:137)
	at org.springframework.security.web.context.request.async.WebAsyncManagerIntegrationFilter.doFilterInternal(WebAsyncManagerIntegrationFilter.java:62)
	at org.springframework.web.filter.OncePerRequestFilter.doFilter(OncePerRequestFilter.java:116)
	at org.springframework.security.web.ObservationFilterChainDecorator$ObservationFilter.wrapFilter(ObservationFilterChainDecorator.java:240)
	at org.springframework.security.web.ObservationFilterChainDecorator$ObservationFilter.doFilter(ObservationFilterChainDecorator.java:227)
	at org.springframework.security.web.ObservationFilterChainDecorator$VirtualFilterChain.doFilter(ObservationFilterChainDecorator.java:137)
	at org.springframework.security.web.session.DisableEncodeUrlFilter.doFilterInternal(DisableEncodeUrlFilter.java:42)
	at org.springframework.web.filter.OncePerRequestFilter.doFilter(OncePerRequestFilter.java:116)
	at org.springframework.security.web.ObservationFilterChainDecorator$ObservationFilter.wrapFilter(ObservationFilterChainDecorator.java:240)
	at org.springframework.security.web.ObservationFilterChainDecorator$AroundFilterObservation$SimpleAroundFilterObservation.lambda$wrap$0(ObservationFilterChainDecorator.java:323)
	at org.springframework.security.web.ObservationFilterChainDecorator$ObservationFilter.doFilter(ObservationFilterChainDecorator.java:224)
	at org.springframework.security.web.ObservationFilterChainDecorator$VirtualFilterChain.doFilter(ObservationFilterChainDecorator.java:137)
	at org.springframework.security.web.FilterChainProxy.doFilterInternal(FilterChainProxy.java:233)
	at org.springframework.security.web.FilterChainProxy.doFilter(FilterChainProxy.java:191)
	at org.springframework.web.filter.CompositeFilter$VirtualFilterChain.doFilter(CompositeFilter.java:113)
	at org.springframework.web.servlet.handler.HandlerMappingIntrospector.lambda$createCacheFilter$3(HandlerMappingIntrospector.java:243)
	at org.springframework.web.filter.CompositeFilter$VirtualFilterChain.doFilter(CompositeFilter.java:113)
	at org.springframework.web.filter.CompositeFilter.doFilter(CompositeFilter.java:74)
	at org.springframework.security.config.annotation.web.configuration.WebMvcSecurityConfiguration$CompositeFilterChainProxy.doFilter(WebMvcSecurityConfiguration.java:238)
	at org.springframework.web.filter.DelegatingFilterProxy.invokeDelegate(DelegatingFilterProxy.java:362)
	at org.springframework.web.filter.DelegatingFilterProxy.doFilter(DelegatingFilterProxy.java:278)
	at org.apache.catalina.core.ApplicationFilterChain.internalDoFilter(ApplicationFilterChain.java:164)
	at org.apache.catalina.core.ApplicationFilterChain.doFilter(ApplicationFilterChain.java:140)
	at org.springframework.web.filter.RequestContextFilter.doFilterInternal(RequestContextFilter.java:100)
	at org.springframework.web.filter.OncePerRequestFilter.doFilter(OncePerRequestFilter.java:116)
	at org.apache.catalina.core.ApplicationFilterChain.internalDoFilter(ApplicationFilterChain.java:164)
	at org.apache.catalina.core.ApplicationFilterChain.doFilter(ApplicationFilterChain.java:140)
	at org.springframework.web.filter.FormContentFilter.doFilterInternal(FormContentFilter.java:93)
	at org.springframework.web.filter.OncePerRequestFilter.doFilter(OncePerRequestFilter.java:116)
	at org.apache.catalina.core.ApplicationFilterChain.internalDoFilter(ApplicationFilterChain.java:164)
	at org.apache.catalina.core.ApplicationFilterChain.doFilter(ApplicationFilterChain.java:140)
	at org.springframework.web.filter.ServerHttpObservationFilter.doFilterInternal(ServerHttpObservationFilter.java:114)
	at org.springframework.web.filter.OncePerRequestFilter.doFilter(OncePerRequestFilter.java:116)
	at org.apache.catalina.core.ApplicationFilterChain.internalDoFilter(ApplicationFilterChain.java:164)
	at org.apache.catalina.core.ApplicationFilterChain.doFilter(ApplicationFilterChain.java:140)
	at org.springframework.web.filter.CharacterEncodingFilter.doFilterInternal(CharacterEncodingFilter.java:201)
	at org.springframework.web.filter.OncePerRequestFilter.doFilter(OncePerRequestFilter.java:116)
	at org.apache.catalina.core.ApplicationFilterChain.internalDoFilter(ApplicationFilterChain.java:164)
	at org.apache.catalina.core.ApplicationFilterChain.doFilter(ApplicationFilterChain.java:140)
	at org.apache.catalina.core.StandardWrapperValve.invoke(StandardWrapperValve.java:167)
	at org.apache.catalina.core.StandardContextValve.invoke(StandardContextValve.java:90)
	at org.apache.catalina.authenticator.AuthenticatorBase.invoke(AuthenticatorBase.java:483)
	at org.apache.catalina.core.StandardHostValve.invoke(StandardHostValve.java:116)
	at org.apache.catalina.valves.ErrorReportValve.invoke(ErrorReportValve.java:93)
	at org.apache.catalina.core.StandardEngineValve.invoke(StandardEngineValve.java:74)
	at org.apache.catalina.connector.CoyoteAdapter.service(CoyoteAdapter.java:344)
	at org.apache.coyote.http11.Http11Processor.service(Http11Processor.java:398)
	at org.apache.coyote.AbstractProcessorLight.process(AbstractProcessorLight.java:63)
	at org.apache.coyote.AbstractProtocol$ConnectionHandler.process(AbstractProtocol.java:903)
	at org.apache.tomcat.util.net.NioEndpoint$SocketProcessor.doRun(NioEndpoint.java:1740)
	at org.apache.tomcat.util.net.SocketProcessorBase.run(SocketProcessorBase.java:52)
	at org.apache.tomcat.util.threads.ThreadPoolExecutor.runWorker(ThreadPoolExecutor.java:1189)
	at org.apache.tomcat.util.threads.ThreadPoolExecutor$Worker.run(ThreadPoolExecutor.java:658)
	at org.apache.tomcat.util.threads.TaskThread$WrappingRunnable.run(TaskThread.java:63)
	at java.base/java.lang.Thread.run(Thread.java:1583)
Caused by: org.hibernate.exception.ConstraintViolationException: could not execute statement [Violación de indice de Unicidad ó Clave primaria: "PUBLIC.UK_NOTIFICATIONS_UUID_INDEX_C ON PUBLIC.NOTIFICATIONS(UUID NULLS FIRST) VALUES ( /* 1 */ UUID '100407ae-9d45-4ccf-ac86-a71d5144066a' )"
Unique index or primary key violation: "PUBLIC.UK_NOTIFICATIONS_UUID_INDEX_C ON PUBLIC.NOTIFICATIONS(UUID NULLS FIRST) VALUES ( /* 1 */ UUID '100407ae-9d45-4ccf-ac86-a71d5144066a' )"; SQL statement:
insert into notifications (content_attributes,content_body,created_at,error_message,priority,recipient_attributes,recipient_device_token,recipient_email,recipient_phone,recipient_user_id,requester_id,retry_count,scheduled_for,sent_at,source_service,status,subject,template_id,uuid,id) values (?,?,?,?,?,?,?,?,?,?,?,?,?,?,?,?,?,?,?,default) [23505-232]] [insert into notifications (content_attributes,content_body,created_at,error_message,priority,recipient_attributes,recipient_device_token,recipient_email,recipient_phone,recipient_user_id,requester_id,retry_count,scheduled_for,sent_at,source_service,status,subject,template_id,uuid,id) values (?,?,?,?,?,?,?,?,?,?,?,?,?,?,?,?,?,?,?,default)]
	at org.hibernate.dialect.H2Dialect.lambda$buildSQLExceptionConversionDelegate$3(H2Dialect.java:759)
	at org.hibernate.exception.internal.StandardSQLExceptionConverter.convert(StandardSQLExceptionConverter.java:58)
	at org.hibernate.engine.jdbc.spi.SqlExceptionHelper.convert(SqlExceptionHelper.java:108)
	at org.hibernate.engine.jdbc.internal.ResultSetReturnImpl.executeUpdate(ResultSetReturnImpl.java:197)
	at org.hibernate.id.insert.GetGeneratedKeysDelegate.performMutation(GetGeneratedKeysDelegate.java:116)
	at org.hibernate.engine.jdbc.mutation.internal.MutationExecutorSingleNonBatched.performNonBatchedOperations(MutationExecutorSingleNonBatched.java:47)
	at org.hibernate.engine.jdbc.mutation.internal.AbstractMutationExecutor.execute(AbstractMutationExecutor.java:55)
	at org.hibernate.persister.entity.mutation.InsertCoordinatorStandard.doStaticInserts(InsertCoordinatorStandard.java:194)
	at org.hibernate.persister.entity.mutation.InsertCoordinatorStandard.coordinateInsert(InsertCoordinatorStandard.java:132)
	at org.hibernate.persister.entity.mutation.InsertCoordinatorStandard.insert(InsertCoordinatorStandard.java:95)
	at org.hibernate.action.internal.EntityIdentityInsertAction.execute(EntityIdentityInsertAction.java:85)
	at org.hibernate.engine.spi.ActionQueue.execute(ActionQueue.java:682)
	at org.hibernate.engine.spi.ActionQueue.addResolvedEntityInsertAction(ActionQueue.java:293)
	at org.hibernate.engine.spi.ActionQueue.addInsertAction(ActionQueue.java:274)
	at org.hibernate.engine.spi.ActionQueue.addAction(ActionQueue.java:324)
	at org.hibernate.event.internal.AbstractSaveEventListener.addInsertAction(AbstractSaveEventListener.java:393)
	at org.hibernate.event.internal.AbstractSaveEventListener.performSaveOrReplicate(AbstractSaveEventListener.java:307)
	at org.hibernate.event.internal.AbstractSaveEventListener.performSave(AbstractSaveEventListener.java:223)
	at org.hibernate.event.internal.AbstractSaveEventListener.saveWithGeneratedId(AbstractSaveEventListener.java:136)
	at org.hibernate.event.internal.DefaultPersistEventListener.entityIsTransient(DefaultPersistEventListener.java:177)
	at org.hibernate.event.internal.DefaultPersistEventListener.persist(DefaultPersistEventListener.java:95)
	at org.hibernate.event.internal.DefaultPersistEventListener.onPersist(DefaultPersistEventListener.java:79)
	at org.hibernate.event.internal.DefaultPersistEventListener.onPersist(DefaultPersistEventListener.java:55)
	at org.hibernate.event.service.internal.EventListenerGroupImpl.fireEventOnEachListener(EventListenerGroupImpl.java:127)
	at org.hibernate.internal.SessionImpl.firePersist(SessionImpl.java:761)
	at org.hibernate.internal.SessionImpl.persist(SessionImpl.java:745)
	at java.base/jdk.internal.reflect.DirectMethodHandleAccessor.invoke(DirectMethodHandleAccessor.java:103)
	at java.base/java.lang.reflect.Method.invoke(Method.java:580)
	at org.springframework.orm.jpa.ExtendedEntityManagerCreator$ExtendedEntityManagerInvocationHandler.invoke(ExtendedEntityManagerCreator.java:364)
	at jdk.proxy2/jdk.proxy2.$Proxy175.persist(Unknown Source)
	at java.base/jdk.internal.reflect.DirectMethodHandleAccessor.invoke(DirectMethodHandleAccessor.java:103)
	at java.base/java.lang.reflect.Method.invoke(Method.java:580)
	at org.springframework.orm.jpa.SharedEntityManagerCreator$SharedEntityManagerInvocationHandler.invoke(SharedEntityManagerCreator.java:320)
	at jdk.proxy2/jdk.proxy2.$Proxy175.persist(Unknown Source)
	at org.springframework.data.jpa.repository.support.SimpleJpaRepository.save(SimpleJpaRepository.java:636)
	at java.base/jdk.internal.reflect.DirectMethodHandleAccessor.invoke(DirectMethodHandleAccessor.java:103)
	at java.base/java.lang.reflect.Method.invoke(Method.java:580)
	at org.springframework.aop.support.AopUtils.invokeJoinpointUsingReflection(AopUtils.java:359)
	at org.springframework.data.repository.core.support.RepositoryMethodInvoker$RepositoryFragmentMethodInvoker.lambda$new$0(RepositoryMethodInvoker.java:277)
	at org.springframework.data.repository.core.support.RepositoryMethodInvoker.doInvoke(RepositoryMethodInvoker.java:170)
	at org.springframework.data.repository.core.support.RepositoryMethodInvoker.invoke(RepositoryMethodInvoker.java:158)
	at org.springframework.data.repository.core.support.RepositoryComposition$RepositoryFragments.invoke(RepositoryComposition.java:515)
	at org.springframework.data.repository.core.support.RepositoryComposition.invoke(RepositoryComposition.java:284)
	at org.springframework.data.repository.core.support.RepositoryFactorySupport$ImplementationMethodExecutionInterceptor.invoke(RepositoryFactorySupport.java:731)
	at org.springframework.aop.framework.ReflectiveMethodInvocation.proceed(ReflectiveMethodInvocation.java:184)
	at org.springframework.data.repository.core.support.QueryExecutorMethodInterceptor.doInvoke(QueryExecutorMethodInterceptor.java:174)
	at org.springframework.data.repository.core.support.QueryExecutorMethodInterceptor.invoke(QueryExecutorMethodInterceptor.java:149)
	at org.springframework.aop.framework.ReflectiveMethodInvocation.proceed(ReflectiveMethodInvocation.java:184)
	at org.springframework.data.projection.DefaultMethodInvokingMethodInterceptor.invoke(DefaultMethodInvokingMethodInterceptor.java:69)
	at org.springframework.aop.framework.ReflectiveMethodInvocation.proceed(ReflectiveMethodInvocation.java:184)
	at org.springframework.transaction.interceptor.TransactionAspectSupport.invokeWithinTransaction(TransactionAspectSupport.java:380)
	at org.springframework.transaction.interceptor.TransactionInterceptor.invoke(TransactionInterceptor.java:119)
	at org.springframework.aop.framework.ReflectiveMethodInvocation.proceed(ReflectiveMethodInvocation.java:184)
	at org.springframework.dao.support.PersistenceExceptionTranslationInterceptor.invoke(PersistenceExceptionTranslationInterceptor.java:138)
	... 135 common frames omitted
Caused by: org.h2.jdbc.JdbcSQLIntegrityConstraintViolationException: Violación de indice de Unicidad ó Clave primaria: "PUBLIC.UK_NOTIFICATIONS_UUID_INDEX_C ON PUBLIC.NOTIFICATIONS(UUID NULLS FIRST) VALUES ( /* 1 */ UUID '100407ae-9d45-4ccf-ac86-a71d5144066a' )"
Unique index or primary key violation: "PUBLIC.UK_NOTIFICATIONS_UUID_INDEX_C ON PUBLIC.NOTIFICATIONS(UUID NULLS FIRST) VALUES ( /* 1 */ UUID '100407ae-9d45-4ccf-ac86-a71d5144066a' )"; SQL statement:
insert into notifications (content_attributes,content_body,created_at,error_message,priority,recipient_attributes,recipient_device_token,recipient_email,recipient_phone,recipient_user_id,requester_id,retry_count,scheduled_for,sent_at,source_service,status,subject,template_id,uuid,id) values (?,?,?,?,?,?,?,?,?,?,?,?,?,?,?,?,?,?,?,default) [23505-232]
	at org.h2.message.DbException.getJdbcSQLException(DbException.java:520)
	at org.h2.message.DbException.getJdbcSQLException(DbException.java:489)
	at org.h2.message.DbException.get(DbException.java:223)
	at org.h2.message.DbException.get(DbException.java:199)
	at org.h2.index.Index.getDuplicateKeyException(Index.java:523)
	at org.h2.mvstore.db.MVSecondaryIndex.checkUnique(MVSecondaryIndex.java:223)
	at org.h2.mvstore.db.MVSecondaryIndex.add(MVSecondaryIndex.java:184)
	at org.h2.mvstore.db.MVTable.addRow(MVTable.java:517)
	at org.h2.command.dml.Insert.insertRows(Insert.java:174)
	at org.h2.command.dml.Insert.update(Insert.java:135)
	at org.h2.command.CommandContainer.executeUpdateWithGeneratedKeys(CommandContainer.java:212)
	at org.h2.command.CommandContainer.update(CommandContainer.java:133)
	at org.h2.command.Command.executeUpdate(Command.java:304)
	at org.h2.command.Command.executeUpdate(Command.java:248)
	at org.h2.jdbc.JdbcPreparedStatement.executeUpdateInternal(JdbcPreparedStatement.java:213)
	at org.h2.jdbc.JdbcPreparedStatement.executeUpdate(JdbcPreparedStatement.java:172)
	at com.zaxxer.hikari.pool.ProxyPreparedStatement.executeUpdate(ProxyPreparedStatement.java:61)
	at com.zaxxer.hikari.pool.HikariProxyPreparedStatement.executeUpdate(HikariProxyPreparedStatement.java)
	at org.hibernate.engine.jdbc.internal.ResultSetReturnImpl.executeUpdate(ResultSetReturnImpl.java:194)
	... 185 common frames omitted
2025-07-31 16:54:40,816 [SpringApplicationShutdownHook] INFO  o.s.c.n.e.s.EurekaServiceRegistry                  - Unregistering application NOTIFICATION-SERVICE with eureka with status DOWN
2025-07-31 16:54:40,816 [SpringApplicationShutdownHook] INFO  o.s.b.w.embedded.tomcat.GracefulShutdown           - Commencing graceful shutdown. Waiting for active requests to complete
2025-07-31 16:54:40,823 [tomcat-shutdown] INFO  o.s.b.w.embedded.tomcat.GracefulShutdown           - Graceful shutdown complete
2025-07-31 16:54:40,830 [SpringApplicationShutdownHook] INFO  o.s.o.j.LocalContainerEntityManagerFactoryBean     - Closing JPA EntityManagerFactory for persistence unit 'default'
2025-07-31 16:54:40,830 [SpringApplicationShutdownHook] INFO  com.zaxxer.hikari.HikariDataSource                 - HikariPool-1 - Shutdown initiated...
2025-07-31 16:54:40,830 [SpringApplicationShutdownHook] INFO  com.zaxxer.hikari.HikariDataSource                 - HikariPool-1 - Shutdown completed.
2025-07-31 16:54:40,830 [SpringApplicationShutdownHook] INFO  com.netflix.discovery.DiscoveryClient              - Shutting down DiscoveryClient ...
2025-07-31 16:54:40,830 [SpringApplicationShutdownHook] INFO  com.netflix.discovery.DiscoveryClient              - Completed shut down of DiscoveryClient
2025-07-31 16:54:44,957 [background-preinit] INFO  o.h.validator.internal.util.Version                - HV000001: Hibernate Validator 8.0.2.Final
2025-07-31 16:54:44,993 [main] INFO  edu.market.notification.App                        - Starting App v1.0.0 using Java 21 with PID 16428 (C:\Users\ja2c\Desktop\Cursos\micro-servicio-archt\k8s\microservices\services\notification-service\target\classes started by ja2c in C:\Users\ja2c\Desktop\Cursos\micro-servicio-archt\k8s\microservices\services\notification-service)
2025-07-31 16:54:44,994 [main] DEBUG edu.market.notification.App                        - Running with Spring Boot v3.4.5, Spring v6.2.6
2025-07-31 16:54:44,994 [main] INFO  edu.market.notification.App                        - The following 1 profile is active: "dev"
2025-07-31 16:54:45,018 [main] INFO  o.s.c.c.c.ConfigServerConfigDataLoader             - Fetching config from server at : http://localhost:8890
2025-07-31 16:54:45,018 [main] INFO  o.s.c.c.c.ConfigServerConfigDataLoader             - Exception on Url - http://localhost:8890:org.springframework.web.client.ResourceAccessException: I/O error on GET request for "http://localhost:8890/notification-service/default": Connection refused: no further information. Will be trying the next url if available
2025-07-31 16:54:45,018 [main] WARN  o.s.c.c.c.ConfigServerConfigDataLoader             - Could not locate PropertySource ([ConfigServerConfigDataResource@2516fc68 uris = array<String>['http://localhost:8890'], optional = true, profiles = 'default']): I/O error on GET request for "http://localhost:8890/notification-service/default": Connection refused: no further information
2025-07-31 16:54:45,018 [main] INFO  o.s.c.c.c.ConfigServerConfigDataLoader             - Fetching config from server at : http://localhost:8890
2025-07-31 16:54:45,018 [main] INFO  o.s.c.c.c.ConfigServerConfigDataLoader             - Exception on Url - http://localhost:8890:org.springframework.web.client.ResourceAccessException: I/O error on GET request for "http://localhost:8890/notification-service/dev": Connection refused: no further information. Will be trying the next url if available
2025-07-31 16:54:45,018 [main] WARN  o.s.c.c.c.ConfigServerConfigDataLoader             - Could not locate PropertySource ([ConfigServerConfigDataResource@57f64f5e uris = array<String>['http://localhost:8890'], optional = true, profiles = 'dev']): I/O error on GET request for "http://localhost:8890/notification-service/dev": Connection refused: no further information
2025-07-31 16:54:45,018 [main] INFO  o.s.c.c.c.ConfigServerConfigDataLoader             - Fetching config from server at : http://localhost:8890
2025-07-31 16:54:45,018 [main] INFO  o.s.c.c.c.ConfigServerConfigDataLoader             - Exception on Url - http://localhost:8890:org.springframework.web.client.ResourceAccessException: I/O error on GET request for "http://localhost:8890/notification-service/default": Connection refused: no further information. Will be trying the next url if available
2025-07-31 16:54:45,018 [main] WARN  o.s.c.c.c.ConfigServerConfigDataLoader             - Could not locate PropertySource ([ConfigServerConfigDataResource@415e0bcb uris = array<String>['http://localhost:8890'], optional = true, profiles = 'default']): I/O error on GET request for "http://localhost:8890/notification-service/default": Connection refused: no further information
2025-07-31 16:54:45,944 [main] INFO  o.s.d.r.c.RepositoryConfigurationDelegate          - Bootstrapping Spring Data JPA repositories in DEFAULT mode.
2025-07-31 16:54:46,098 [main] INFO  o.s.d.r.c.RepositoryConfigurationDelegate          - Finished Spring Data repository scanning in 140 ms. Found 6 JPA repository interfaces.
2025-07-31 16:54:46,414 [main] INFO  o.s.cloud.context.scope.GenericScope               - BeanFactory id=3900db60-8d40-363c-9c55-ffe39cb1c59c
2025-07-31 16:54:47,152 [main] INFO  o.s.b.w.embedded.tomcat.TomcatWebServer            - Tomcat initialized with port 8080 (http)
2025-07-31 16:54:47,166 [main] INFO  o.apache.coyote.http11.Http11NioProtocol           - Initializing ProtocolHandler ["http-nio-8080"]
2025-07-31 16:54:47,166 [main] INFO  o.apache.catalina.core.StandardService             - Starting service [Tomcat]
2025-07-31 16:54:47,166 [main] INFO  org.apache.catalina.core.StandardEngine            - Starting Servlet engine: [Apache Tomcat/10.1.40]
2025-07-31 16:54:47,251 [main] INFO  o.a.c.c.C.[.[.[/notification-service]              - Initializing Spring embedded WebApplicationContext
2025-07-31 16:54:47,251 [main] INFO  o.s.b.w.s.c.ServletWebServerApplicationContext     - Root WebApplicationContext: initialization completed in 2227 ms
2025-07-31 16:54:47,649 [main] INFO  com.zaxxer.hikari.HikariDataSource                 - HikariPool-1 - Starting...
2025-07-31 16:54:47,803 [main] INFO  com.zaxxer.hikari.pool.HikariPool                  - HikariPool-1 - Added connection conn0: url=jdbc:h2:mem:notificationdb user=SA
2025-07-31 16:54:47,804 [main] INFO  com.zaxxer.hikari.HikariDataSource                 - HikariPool-1 - Start completed.
2025-07-31 16:54:48,074 [main] INFO  o.hibernate.jpa.internal.util.LogHelper            - HHH000204: Processing PersistenceUnitInfo [name: default]
2025-07-31 16:54:48,203 [main] INFO  org.hibernate.Version                              - HHH000412: Hibernate ORM core version 6.6.13.Final
2025-07-31 16:54:48,265 [main] INFO  o.h.c.internal.RegionFactoryInitiator              - HHH000026: Second-level cache disabled
2025-07-31 16:54:48,539 [main] INFO  o.s.o.j.p.SpringPersistenceUnitInfo                - No LoadTimeWeaver setup: ignoring JPA class transformer
2025-07-31 16:54:48,594 [main] INFO  org.hibernate.orm.connections.pooling              - HHH10001005: Database info:
	Database JDBC URL [Connecting through datasource 'HikariDataSource (HikariPool-1)']
	Database driver: undefined/unknown
	Database version: 2.3.232
	Autocommit mode: undefined/unknown
	Isolation level: undefined/unknown
	Minimum pool size: undefined/unknown
	Maximum pool size: undefined/unknown
2025-07-31 16:54:49,380 [main] INFO  o.h.e.t.j.p.i.JtaPlatformInitiator                 - HHH000489: No JTA platform available (set 'hibernate.transaction.jta.platform' to enable JTA platform integration)
2025-07-31 16:54:49,481 [main] INFO  o.s.o.j.LocalContainerEntityManagerFactoryBean     - Initialized JPA EntityManagerFactory for persistence unit 'default'
2025-07-31 16:54:49,915 [main] INFO  o.s.d.j.r.query.QueryEnhancerFactory               - Hibernate is in classpath; If applicable, HQL parser will be used.
2025-07-31 16:54:51,026 [main] WARN  o.s.b.a.o.j.JpaBaseConfiguration$JpaWebConfiguration - spring.jpa.open-in-view is enabled by default. Therefore, database queries may be performed during view rendering. Explicitly configure spring.jpa.open-in-view to disable this warning
2025-07-31 16:54:51,359 [main] INFO  o.s.b.a.e.web.EndpointLinksResolver                - Exposing 1 endpoint beneath base path '/actuator'
2025-07-31 16:54:51,760 [main] INFO  o.s.b.a.h2.H2ConsoleAutoConfiguration              - H2 console available at '/h2-console'. Database available at 'jdbc:h2:mem:notificationdb'
2025-07-31 16:54:51,799 [main] INFO  o.s.c.n.e.c.DiscoveryClientOptionalArgsConfiguration - Eureka HTTP Client uses RestTemplate.
2025-07-31 16:54:51,839 [main] WARN  o.s.c.l.c.LoadBalancerCacheAutoConfiguration$LoadBalancerCaffeineWarnLogger - Spring Cloud LoadBalancer is currently working with the default cache. While this cache implementation is useful for development and tests, it's recommended to use Caffeine cache in production.You can switch to using Caffeine cache, by adding it and org.springframework.cache.caffeine.CaffeineCacheManager to the classpath.
2025-07-31 16:54:51,881 [main] INFO  o.s.c.netflix.eureka.InstanceInfoFactory           - Setting initial instance status as: STARTING
2025-07-31 16:54:51,899 [main] INFO  com.netflix.discovery.DiscoveryClient              - Initializing Eureka in region us-east-1
2025-07-31 16:54:51,899 [main] INFO  com.netflix.discovery.DiscoveryClient              - Client configured to neither register nor query for data.
2025-07-31 16:54:51,901 [main] INFO  com.netflix.discovery.DiscoveryClient              - Discovery Client initialized at timestamp 1753995291901 with initial instances count: 0
2025-07-31 16:54:51,904 [main] INFO  o.s.c.n.e.s.EurekaServiceRegistry                  - Registering application NOTIFICATION-SERVICE with eureka with status UP
2025-07-31 16:54:51,904 [main] INFO  o.apache.coyote.http11.Http11NioProtocol           - Starting ProtocolHandler ["http-nio-8080"]
2025-07-31 16:54:51,916 [main] INFO  o.s.b.w.embedded.tomcat.TomcatWebServer            - Tomcat started on port 8080 (http) with context path '/notification-service'
2025-07-31 16:54:51,916 [main] INFO  o.s.c.n.e.s.EurekaAutoServiceRegistration          - Updating port to 8080
2025-07-31 16:54:51,933 [main] INFO  edu.market.notification.App                        - Started App in 7.805 seconds (process running for 8.237)
2025-07-31 16:54:56,369 [http-nio-8080-exec-1] INFO  o.a.c.c.C.[.[.[/notification-service]              - Initializing Spring DispatcherServlet 'dispatcherServlet'
2025-07-31 16:54:56,369 [http-nio-8080-exec-1] INFO  o.s.web.servlet.DispatcherServlet                  - Initializing Servlet 'dispatcherServlet'
2025-07-31 16:54:56,373 [http-nio-8080-exec-1] INFO  o.s.web.servlet.DispatcherServlet                  - Completed initialization in 4 ms
2025-07-31 16:54:56,432 [http-nio-8080-exec-1] INFO  e.m.n.i.a.i.w.c.NotificationController             - sendNotification - init
2025-07-31 16:54:56,432 [http-nio-8080-exec-1] DEBUG e.m.n.i.a.i.w.c.NotificationController             - sendNotification - Call notificationMapper.toNotificationCommand
2025-07-31 16:54:56,432 [http-nio-8080-exec-1] INFO  e.m.n.i.a.i.w.m.NotificationInputMapper            - toNotificationCommand - init
2025-07-31 16:54:56,432 [http-nio-8080-exec-1] INFO  e.m.n.i.a.i.w.m.NotificationInputMapper            - toNotificationCommand - end
2025-07-31 16:54:56,432 [http-nio-8080-exec-1] DEBUG e.m.n.i.a.i.w.c.NotificationController             - sendNotification - Create ClientContextCommand
2025-07-31 16:54:56,432 [http-nio-8080-exec-1] DEBUG e.m.n.i.a.i.web.util.RequestContextUtil            - Obteniendo IP del cliente
2025-07-31 16:54:56,432 [http-nio-8080-exec-1] DEBUG e.m.n.i.a.i.web.util.RequestContextUtil            - Obteniendo User-Agent del cliente
2025-07-31 16:54:56,432 [http-nio-8080-exec-1] DEBUG e.m.n.i.a.i.web.util.RequestContextUtil            - Obteniendo ruta de la petición
2025-07-31 16:54:56,432 [http-nio-8080-exec-1] DEBUG e.m.n.i.a.i.w.c.NotificationController             - sendNotification - Call sendNotificationUseCase.send
2025-07-31 16:54:56,432 [http-nio-8080-exec-1] INFO  e.m.n.i.a.o.monitoring.LoggingAdapter              - send - Init
2025-07-31 16:54:56,439 [http-nio-8080-exec-1] INFO  e.m.n.i.a.o.p.m.NotificationOutputMapper           - toEntity - Init
2025-07-31 16:54:56,439 [http-nio-8080-exec-1] INFO  e.m.n.i.a.o.p.m.NotificationOutputMapper           - toEntity - End
2025-07-31 16:54:56,496 [http-nio-8080-exec-1] DEBUG e.m.n.i.a.o.monitoring.LoggingAdapter              - send - Notification saved with ID: 30a0b1b0-7b8a-4a42-951d-aab4c6440113, channels: [EMAIL, SMS]
2025-07-31 16:54:56,497 [http-nio-8080-exec-1] DEBUG e.m.n.i.a.o.s.NotificationChannelServiceAdapter    - NotificationChannelServiceAdapter.isAvailable - Verificando disponibilidad del canal DEFAULT
2025-07-31 16:54:56,497 [http-nio-8080-exec-1] DEBUG e.m.n.i.a.o.monitoring.LoggingAdapter              - send - Call notificationChannel.send
2025-07-31 16:54:56,497 [http-nio-8080-exec-1] INFO  e.m.n.i.a.o.s.NotificationChannelServiceAdapter    - NotificationChannelServiceAdapter.send - Enviando notificación 30a0b1b0-7b8a-4a42-951d-aab4c6440113 por canal DEFAULT
2025-07-31 16:54:56,497 [http-nio-8080-exec-1] INFO  e.m.n.i.a.o.s.NotificationChannelServiceAdapter    - NotificationChannelServiceAdapter.send - Notificación 30a0b1b0-7b8a-4a42-951d-aab4c6440113 enviada exitosamente
2025-07-31 16:54:56,498 [http-nio-8080-exec-1] DEBUG e.m.n.i.a.o.monitoring.LoggingAdapter              - send - Mark notification as sent
2025-07-31 16:54:56,498 [http-nio-8080-exec-1] DEBUG e.m.n.i.a.o.monitoring.LoggingAdapter              - send - Call notificationRepository.save for updated notification
2025-07-31 16:54:56,498 [http-nio-8080-exec-1] INFO  e.m.n.i.a.o.p.m.NotificationOutputMapper           - toEntity - Init
2025-07-31 16:54:56,498 [http-nio-8080-exec-1] INFO  e.m.n.i.a.o.p.m.NotificationOutputMapper           - toEntity - End
2025-07-31 16:54:56,502 [http-nio-8080-exec-1] WARN  o.h.engine.jdbc.spi.SqlExceptionHelper             - SQL Error: 23505, SQLState: 23505
2025-07-31 16:54:56,502 [http-nio-8080-exec-1] ERROR o.h.engine.jdbc.spi.SqlExceptionHelper             - Violación de indice de Unicidad ó Clave primaria: "PUBLIC.UK_NOTIFICATIONS_UUID_INDEX_C ON PUBLIC.NOTIFICATIONS(UUID NULLS FIRST) VALUES ( /* 1 */ UUID '30a0b1b0-7b8a-4a42-951d-aab4c6440113' )"
Unique index or primary key violation: "PUBLIC.UK_NOTIFICATIONS_UUID_INDEX_C ON PUBLIC.NOTIFICATIONS(UUID NULLS FIRST) VALUES ( /* 1 */ UUID '30a0b1b0-7b8a-4a42-951d-aab4c6440113' )"; SQL statement:
insert into notifications (content_attributes,content_body,created_at,error_message,priority,recipient_attributes,recipient_device_token,recipient_email,recipient_phone,recipient_user_id,requester_id,retry_count,scheduled_for,sent_at,source_service,status,subject,template_id,uuid,id) values (?,?,?,?,?,?,?,?,?,?,?,?,?,?,?,?,?,?,?,default) [23505-232]
2025-07-31 16:54:56,507 [http-nio-8080-exec-1] ERROR e.m.n.i.a.o.monitoring.LoggingAdapter              - send - Exception occurred
org.springframework.dao.DataIntegrityViolationException: could not execute statement [Violación de indice de Unicidad ó Clave primaria: "PUBLIC.UK_NOTIFICATIONS_UUID_INDEX_C ON PUBLIC.NOTIFICATIONS(UUID NULLS FIRST) VALUES ( /* 1 */ UUID '30a0b1b0-7b8a-4a42-951d-aab4c6440113' )"
Unique index or primary key violation: "PUBLIC.UK_NOTIFICATIONS_UUID_INDEX_C ON PUBLIC.NOTIFICATIONS(UUID NULLS FIRST) VALUES ( /* 1 */ UUID '30a0b1b0-7b8a-4a42-951d-aab4c6440113' )"; SQL statement:
insert into notifications (content_attributes,content_body,created_at,error_message,priority,recipient_attributes,recipient_device_token,recipient_email,recipient_phone,recipient_user_id,requester_id,retry_count,scheduled_for,sent_at,source_service,status,subject,template_id,uuid,id) values (?,?,?,?,?,?,?,?,?,?,?,?,?,?,?,?,?,?,?,default) [23505-232]] [insert into notifications (content_attributes,content_body,created_at,error_message,priority,recipient_attributes,recipient_device_token,recipient_email,recipient_phone,recipient_user_id,requester_id,retry_count,scheduled_for,sent_at,source_service,status,subject,template_id,uuid,id) values (?,?,?,?,?,?,?,?,?,?,?,?,?,?,?,?,?,?,?,default)]; SQL [insert into notifications (content_attributes,content_body,created_at,error_message,priority,recipient_attributes,recipient_device_token,recipient_email,recipient_phone,recipient_user_id,requester_id,retry_count,scheduled_for,sent_at,source_service,status,subject,template_id,uuid,id) values (?,?,?,?,?,?,?,?,?,?,?,?,?,?,?,?,?,?,?,default)]; constraint [PUBLIC.UK_NOTIFICATIONS_UUID_INDEX_C]
	at org.springframework.orm.jpa.vendor.HibernateJpaDialect.convertHibernateAccessException(HibernateJpaDialect.java:294)
	at org.springframework.orm.jpa.vendor.HibernateJpaDialect.convertHibernateAccessException(HibernateJpaDialect.java:256)
	at org.springframework.orm.jpa.vendor.HibernateJpaDialect.translateExceptionIfPossible(HibernateJpaDialect.java:241)
	at org.springframework.orm.jpa.AbstractEntityManagerFactoryBean.translateExceptionIfPossible(AbstractEntityManagerFactoryBean.java:560)
	at org.springframework.dao.support.ChainedPersistenceExceptionTranslator.translateExceptionIfPossible(ChainedPersistenceExceptionTranslator.java:61)
	at org.springframework.dao.support.DataAccessUtils.translateIfNecessary(DataAccessUtils.java:343)
	at org.springframework.dao.support.PersistenceExceptionTranslationInterceptor.invoke(PersistenceExceptionTranslationInterceptor.java:160)
	at org.springframework.aop.framework.ReflectiveMethodInvocation.proceed(ReflectiveMethodInvocation.java:184)
	at org.springframework.data.jpa.repository.support.CrudMethodMetadataPostProcessor$CrudMethodMetadataPopulatingMethodInterceptor.invoke(CrudMethodMetadataPostProcessor.java:165)
	at org.springframework.aop.framework.ReflectiveMethodInvocation.proceed(ReflectiveMethodInvocation.java:184)
	at org.springframework.aop.framework.JdkDynamicAopProxy.invoke(JdkDynamicAopProxy.java:223)
	at jdk.proxy2/jdk.proxy2.$Proxy186.save(Unknown Source)
	at edu.market.notification.infrastructure.adapter.output.persistence.NotificationRepositoryAdapter.save(NotificationRepositoryAdapter.java:36)
	at java.base/jdk.internal.reflect.DirectMethodHandleAccessor.invoke(DirectMethodHandleAccessor.java:103)
	at java.base/java.lang.reflect.Method.invoke(Method.java:580)
	at org.springframework.aop.support.AopUtils.invokeJoinpointUsingReflection(AopUtils.java:359)
	at org.springframework.aop.framework.ReflectiveMethodInvocation.invokeJoinpoint(ReflectiveMethodInvocation.java:196)
	at org.springframework.aop.framework.ReflectiveMethodInvocation.proceed(ReflectiveMethodInvocation.java:163)
	at org.springframework.transaction.interceptor.TransactionAspectSupport.invokeWithinTransaction(TransactionAspectSupport.java:380)
	at org.springframework.transaction.interceptor.TransactionInterceptor.invoke(TransactionInterceptor.java:119)
	at org.springframework.aop.framework.ReflectiveMethodInvocation.proceed(ReflectiveMethodInvocation.java:184)
	at org.springframework.aop.framework.CglibAopProxy$DynamicAdvisedInterceptor.intercept(CglibAopProxy.java:728)
	at edu.market.notification.infrastructure.adapter.output.persistence.NotificationRepositoryAdapter$$SpringCGLIB$$0.save(<generated>)
	at edu.market.notification.application.usecase.notification.SendNotificationUseCase.send(SendNotificationUseCase.java:106)
	at edu.market.notification.infrastructure.adapter.input.web.controller.NotificationController.sendNotification(NotificationController.java:156)
	at java.base/jdk.internal.reflect.DirectMethodHandleAccessor.invoke(DirectMethodHandleAccessor.java:103)
	at java.base/java.lang.reflect.Method.invoke(Method.java:580)
	at org.springframework.web.method.support.InvocableHandlerMethod.doInvoke(InvocableHandlerMethod.java:258)
	at org.springframework.web.method.support.InvocableHandlerMethod.invokeForRequest(InvocableHandlerMethod.java:191)
	at org.springframework.web.servlet.mvc.method.annotation.ServletInvocableHandlerMethod.invokeAndHandle(ServletInvocableHandlerMethod.java:118)
	at org.springframework.web.servlet.mvc.method.annotation.RequestMappingHandlerAdapter.invokeHandlerMethod(RequestMappingHandlerAdapter.java:986)
	at org.springframework.web.servlet.mvc.method.annotation.RequestMappingHandlerAdapter.handleInternal(RequestMappingHandlerAdapter.java:891)
	at org.springframework.web.servlet.mvc.method.AbstractHandlerMethodAdapter.handle(AbstractHandlerMethodAdapter.java:87)
	at org.springframework.web.servlet.DispatcherServlet.doDispatch(DispatcherServlet.java:1089)
	at org.springframework.web.servlet.DispatcherServlet.doService(DispatcherServlet.java:979)
	at org.springframework.web.servlet.FrameworkServlet.processRequest(FrameworkServlet.java:1014)
	at org.springframework.web.servlet.FrameworkServlet.doPost(FrameworkServlet.java:914)
	at jakarta.servlet.http.HttpServlet.service(HttpServlet.java:590)
	at org.springframework.web.servlet.FrameworkServlet.service(FrameworkServlet.java:885)
	at jakarta.servlet.http.HttpServlet.service(HttpServlet.java:658)
	at org.apache.catalina.core.ApplicationFilterChain.internalDoFilter(ApplicationFilterChain.java:195)
	at org.apache.catalina.core.ApplicationFilterChain.doFilter(ApplicationFilterChain.java:140)
	at org.apache.tomcat.websocket.server.WsFilter.doFilter(WsFilter.java:51)
	at org.apache.catalina.core.ApplicationFilterChain.internalDoFilter(ApplicationFilterChain.java:164)
	at org.apache.catalina.core.ApplicationFilterChain.doFilter(ApplicationFilterChain.java:140)
	at org.springframework.web.filter.CompositeFilter$VirtualFilterChain.doFilter(CompositeFilter.java:108)
	at org.springframework.security.web.FilterChainProxy.lambda$doFilterInternal$3(FilterChainProxy.java:231)
	at org.springframework.security.web.ObservationFilterChainDecorator$FilterObservation$SimpleFilterObservation.lambda$wrap$1(ObservationFilterChainDecorator.java:479)
	at org.springframework.security.web.ObservationFilterChainDecorator$AroundFilterObservation$SimpleAroundFilterObservation.lambda$wrap$1(ObservationFilterChainDecorator.java:340)
	at org.springframework.security.web.ObservationFilterChainDecorator.lambda$wrapSecured$0(ObservationFilterChainDecorator.java:82)
	at org.springframework.security.web.ObservationFilterChainDecorator$VirtualFilterChain.doFilter(ObservationFilterChainDecorator.java:128)
	at org.springframework.security.web.access.intercept.AuthorizationFilter.doFilter(AuthorizationFilter.java:101)
	at org.springframework.security.web.ObservationFilterChainDecorator$ObservationFilter.wrapFilter(ObservationFilterChainDecorator.java:240)
	at org.springframework.security.web.ObservationFilterChainDecorator$ObservationFilter.doFilter(ObservationFilterChainDecorator.java:227)
	at org.springframework.security.web.ObservationFilterChainDecorator$VirtualFilterChain.doFilter(ObservationFilterChainDecorator.java:137)
	at org.springframework.security.web.access.ExceptionTranslationFilter.doFilter(ExceptionTranslationFilter.java:126)
	at org.springframework.security.web.access.ExceptionTranslationFilter.doFilter(ExceptionTranslationFilter.java:120)
	at org.springframework.security.web.ObservationFilterChainDecorator$ObservationFilter.wrapFilter(ObservationFilterChainDecorator.java:240)
	at org.springframework.security.web.ObservationFilterChainDecorator$ObservationFilter.doFilter(ObservationFilterChainDecorator.java:227)
	at org.springframework.security.web.ObservationFilterChainDecorator$VirtualFilterChain.doFilter(ObservationFilterChainDecorator.java:137)
	at org.springframework.security.web.authentication.AnonymousAuthenticationFilter.doFilter(AnonymousAuthenticationFilter.java:100)
	at org.springframework.security.web.ObservationFilterChainDecorator$ObservationFilter.wrapFilter(ObservationFilterChainDecorator.java:240)
	at org.springframework.security.web.ObservationFilterChainDecorator$ObservationFilter.doFilter(ObservationFilterChainDecorator.java:227)
	at org.springframework.security.web.ObservationFilterChainDecorator$VirtualFilterChain.doFilter(ObservationFilterChainDecorator.java:137)
	at org.springframework.security.web.servletapi.SecurityContextHolderAwareRequestFilter.doFilter(SecurityContextHolderAwareRequestFilter.java:179)
	at org.springframework.security.web.ObservationFilterChainDecorator$ObservationFilter.wrapFilter(ObservationFilterChainDecorator.java:240)
	at org.springframework.security.web.ObservationFilterChainDecorator$ObservationFilter.doFilter(ObservationFilterChainDecorator.java:227)
	at org.springframework.security.web.ObservationFilterChainDecorator$VirtualFilterChain.doFilter(ObservationFilterChainDecorator.java:137)
	at org.springframework.security.web.savedrequest.RequestCacheAwareFilter.doFilter(RequestCacheAwareFilter.java:63)
	at org.springframework.security.web.ObservationFilterChainDecorator$ObservationFilter.wrapFilter(ObservationFilterChainDecorator.java:240)
	at org.springframework.security.web.ObservationFilterChainDecorator$ObservationFilter.doFilter(ObservationFilterChainDecorator.java:227)
	at org.springframework.security.web.ObservationFilterChainDecorator$VirtualFilterChain.doFilter(ObservationFilterChainDecorator.java:137)
	at org.springframework.security.web.authentication.logout.LogoutFilter.doFilter(LogoutFilter.java:107)
	at org.springframework.security.web.authentication.logout.LogoutFilter.doFilter(LogoutFilter.java:93)
	at org.springframework.security.web.ObservationFilterChainDecorator$ObservationFilter.wrapFilter(ObservationFilterChainDecorator.java:240)
	at org.springframework.security.web.ObservationFilterChainDecorator$ObservationFilter.doFilter(ObservationFilterChainDecorator.java:227)
	at org.springframework.security.web.ObservationFilterChainDecorator$VirtualFilterChain.doFilter(ObservationFilterChainDecorator.java:137)
	at org.springframework.security.web.header.HeaderWriterFilter.doHeadersAfter(HeaderWriterFilter.java:90)
	at org.springframework.security.web.header.HeaderWriterFilter.doFilterInternal(HeaderWriterFilter.java:75)
	at org.springframework.web.filter.OncePerRequestFilter.doFilter(OncePerRequestFilter.java:116)
	at org.springframework.security.web.ObservationFilterChainDecorator$ObservationFilter.wrapFilter(ObservationFilterChainDecorator.java:240)
	at org.springframework.security.web.ObservationFilterChainDecorator$ObservationFilter.doFilter(ObservationFilterChainDecorator.java:227)
	at org.springframework.security.web.ObservationFilterChainDecorator$VirtualFilterChain.doFilter(ObservationFilterChainDecorator.java:137)
	at org.springframework.security.web.context.SecurityContextHolderFilter.doFilter(SecurityContextHolderFilter.java:82)
	at org.springframework.security.web.context.SecurityContextHolderFilter.doFilter(SecurityContextHolderFilter.java:69)
	at org.springframework.security.web.ObservationFilterChainDecorator$ObservationFilter.wrapFilter(ObservationFilterChainDecorator.java:240)
	at org.springframework.security.web.ObservationFilterChainDecorator$ObservationFilter.doFilter(ObservationFilterChainDecorator.java:227)
	at org.springframework.security.web.ObservationFilterChainDecorator$VirtualFilterChain.doFilter(ObservationFilterChainDecorator.java:137)
	at org.springframework.security.web.context.request.async.WebAsyncManagerIntegrationFilter.doFilterInternal(WebAsyncManagerIntegrationFilter.java:62)
	at org.springframework.web.filter.OncePerRequestFilter.doFilter(OncePerRequestFilter.java:116)
	at org.springframework.security.web.ObservationFilterChainDecorator$ObservationFilter.wrapFilter(ObservationFilterChainDecorator.java:240)
	at org.springframework.security.web.ObservationFilterChainDecorator$ObservationFilter.doFilter(ObservationFilterChainDecorator.java:227)
	at org.springframework.security.web.ObservationFilterChainDecorator$VirtualFilterChain.doFilter(ObservationFilterChainDecorator.java:137)
	at org.springframework.security.web.session.DisableEncodeUrlFilter.doFilterInternal(DisableEncodeUrlFilter.java:42)
	at org.springframework.web.filter.OncePerRequestFilter.doFilter(OncePerRequestFilter.java:116)
	at org.springframework.security.web.ObservationFilterChainDecorator$ObservationFilter.wrapFilter(ObservationFilterChainDecorator.java:240)
	at org.springframework.security.web.ObservationFilterChainDecorator$AroundFilterObservation$SimpleAroundFilterObservation.lambda$wrap$0(ObservationFilterChainDecorator.java:323)
	at org.springframework.security.web.ObservationFilterChainDecorator$ObservationFilter.doFilter(ObservationFilterChainDecorator.java:224)
	at org.springframework.security.web.ObservationFilterChainDecorator$VirtualFilterChain.doFilter(ObservationFilterChainDecorator.java:137)
	at org.springframework.security.web.FilterChainProxy.doFilterInternal(FilterChainProxy.java:233)
	at org.springframework.security.web.FilterChainProxy.doFilter(FilterChainProxy.java:191)
	at org.springframework.web.filter.CompositeFilter$VirtualFilterChain.doFilter(CompositeFilter.java:113)
	at org.springframework.web.servlet.handler.HandlerMappingIntrospector.lambda$createCacheFilter$3(HandlerMappingIntrospector.java:243)
	at org.springframework.web.filter.CompositeFilter$VirtualFilterChain.doFilter(CompositeFilter.java:113)
	at org.springframework.web.filter.CompositeFilter.doFilter(CompositeFilter.java:74)
	at org.springframework.security.config.annotation.web.configuration.WebMvcSecurityConfiguration$CompositeFilterChainProxy.doFilter(WebMvcSecurityConfiguration.java:238)
	at org.springframework.web.filter.DelegatingFilterProxy.invokeDelegate(DelegatingFilterProxy.java:362)
	at org.springframework.web.filter.DelegatingFilterProxy.doFilter(DelegatingFilterProxy.java:278)
	at org.apache.catalina.core.ApplicationFilterChain.internalDoFilter(ApplicationFilterChain.java:164)
	at org.apache.catalina.core.ApplicationFilterChain.doFilter(ApplicationFilterChain.java:140)
	at org.springframework.web.filter.RequestContextFilter.doFilterInternal(RequestContextFilter.java:100)
	at org.springframework.web.filter.OncePerRequestFilter.doFilter(OncePerRequestFilter.java:116)
	at org.apache.catalina.core.ApplicationFilterChain.internalDoFilter(ApplicationFilterChain.java:164)
	at org.apache.catalina.core.ApplicationFilterChain.doFilter(ApplicationFilterChain.java:140)
	at org.springframework.web.filter.FormContentFilter.doFilterInternal(FormContentFilter.java:93)
	at org.springframework.web.filter.OncePerRequestFilter.doFilter(OncePerRequestFilter.java:116)
	at org.apache.catalina.core.ApplicationFilterChain.internalDoFilter(ApplicationFilterChain.java:164)
	at org.apache.catalina.core.ApplicationFilterChain.doFilter(ApplicationFilterChain.java:140)
	at org.springframework.web.filter.ServerHttpObservationFilter.doFilterInternal(ServerHttpObservationFilter.java:114)
	at org.springframework.web.filter.OncePerRequestFilter.doFilter(OncePerRequestFilter.java:116)
	at org.apache.catalina.core.ApplicationFilterChain.internalDoFilter(ApplicationFilterChain.java:164)
	at org.apache.catalina.core.ApplicationFilterChain.doFilter(ApplicationFilterChain.java:140)
	at org.springframework.web.filter.CharacterEncodingFilter.doFilterInternal(CharacterEncodingFilter.java:201)
	at org.springframework.web.filter.OncePerRequestFilter.doFilter(OncePerRequestFilter.java:116)
	at org.apache.catalina.core.ApplicationFilterChain.internalDoFilter(ApplicationFilterChain.java:164)
	at org.apache.catalina.core.ApplicationFilterChain.doFilter(ApplicationFilterChain.java:140)
	at org.apache.catalina.core.StandardWrapperValve.invoke(StandardWrapperValve.java:167)
	at org.apache.catalina.core.StandardContextValve.invoke(StandardContextValve.java:90)
	at org.apache.catalina.authenticator.AuthenticatorBase.invoke(AuthenticatorBase.java:483)
	at org.apache.catalina.core.StandardHostValve.invoke(StandardHostValve.java:116)
	at org.apache.catalina.valves.ErrorReportValve.invoke(ErrorReportValve.java:93)
	at org.apache.catalina.core.StandardEngineValve.invoke(StandardEngineValve.java:74)
	at org.apache.catalina.connector.CoyoteAdapter.service(CoyoteAdapter.java:344)
	at org.apache.coyote.http11.Http11Processor.service(Http11Processor.java:398)
	at org.apache.coyote.AbstractProcessorLight.process(AbstractProcessorLight.java:63)
	at org.apache.coyote.AbstractProtocol$ConnectionHandler.process(AbstractProtocol.java:903)
	at org.apache.tomcat.util.net.NioEndpoint$SocketProcessor.doRun(NioEndpoint.java:1740)
	at org.apache.tomcat.util.net.SocketProcessorBase.run(SocketProcessorBase.java:52)
	at org.apache.tomcat.util.threads.ThreadPoolExecutor.runWorker(ThreadPoolExecutor.java:1189)
	at org.apache.tomcat.util.threads.ThreadPoolExecutor$Worker.run(ThreadPoolExecutor.java:658)
	at org.apache.tomcat.util.threads.TaskThread$WrappingRunnable.run(TaskThread.java:63)
	at java.base/java.lang.Thread.run(Thread.java:1583)
Caused by: org.hibernate.exception.ConstraintViolationException: could not execute statement [Violación de indice de Unicidad ó Clave primaria: "PUBLIC.UK_NOTIFICATIONS_UUID_INDEX_C ON PUBLIC.NOTIFICATIONS(UUID NULLS FIRST) VALUES ( /* 1 */ UUID '30a0b1b0-7b8a-4a42-951d-aab4c6440113' )"
Unique index or primary key violation: "PUBLIC.UK_NOTIFICATIONS_UUID_INDEX_C ON PUBLIC.NOTIFICATIONS(UUID NULLS FIRST) VALUES ( /* 1 */ UUID '30a0b1b0-7b8a-4a42-951d-aab4c6440113' )"; SQL statement:
insert into notifications (content_attributes,content_body,created_at,error_message,priority,recipient_attributes,recipient_device_token,recipient_email,recipient_phone,recipient_user_id,requester_id,retry_count,scheduled_for,sent_at,source_service,status,subject,template_id,uuid,id) values (?,?,?,?,?,?,?,?,?,?,?,?,?,?,?,?,?,?,?,default) [23505-232]] [insert into notifications (content_attributes,content_body,created_at,error_message,priority,recipient_attributes,recipient_device_token,recipient_email,recipient_phone,recipient_user_id,requester_id,retry_count,scheduled_for,sent_at,source_service,status,subject,template_id,uuid,id) values (?,?,?,?,?,?,?,?,?,?,?,?,?,?,?,?,?,?,?,default)]
	at org.hibernate.dialect.H2Dialect.lambda$buildSQLExceptionConversionDelegate$3(H2Dialect.java:759)
	at org.hibernate.exception.internal.StandardSQLExceptionConverter.convert(StandardSQLExceptionConverter.java:58)
	at org.hibernate.engine.jdbc.spi.SqlExceptionHelper.convert(SqlExceptionHelper.java:108)
	at org.hibernate.engine.jdbc.internal.ResultSetReturnImpl.executeUpdate(ResultSetReturnImpl.java:197)
	at org.hibernate.id.insert.GetGeneratedKeysDelegate.performMutation(GetGeneratedKeysDelegate.java:116)
	at org.hibernate.engine.jdbc.mutation.internal.MutationExecutorSingleNonBatched.performNonBatchedOperations(MutationExecutorSingleNonBatched.java:47)
	at org.hibernate.engine.jdbc.mutation.internal.AbstractMutationExecutor.execute(AbstractMutationExecutor.java:55)
	at org.hibernate.persister.entity.mutation.InsertCoordinatorStandard.doStaticInserts(InsertCoordinatorStandard.java:194)
	at org.hibernate.persister.entity.mutation.InsertCoordinatorStandard.coordinateInsert(InsertCoordinatorStandard.java:132)
	at org.hibernate.persister.entity.mutation.InsertCoordinatorStandard.insert(InsertCoordinatorStandard.java:95)
	at org.hibernate.action.internal.EntityIdentityInsertAction.execute(EntityIdentityInsertAction.java:85)
	at org.hibernate.engine.spi.ActionQueue.execute(ActionQueue.java:682)
	at org.hibernate.engine.spi.ActionQueue.addResolvedEntityInsertAction(ActionQueue.java:293)
	at org.hibernate.engine.spi.ActionQueue.addInsertAction(ActionQueue.java:274)
	at org.hibernate.engine.spi.ActionQueue.addAction(ActionQueue.java:324)
	at org.hibernate.event.internal.AbstractSaveEventListener.addInsertAction(AbstractSaveEventListener.java:393)
	at org.hibernate.event.internal.AbstractSaveEventListener.performSaveOrReplicate(AbstractSaveEventListener.java:307)
	at org.hibernate.event.internal.AbstractSaveEventListener.performSave(AbstractSaveEventListener.java:223)
	at org.hibernate.event.internal.AbstractSaveEventListener.saveWithGeneratedId(AbstractSaveEventListener.java:136)
	at org.hibernate.event.internal.DefaultPersistEventListener.entityIsTransient(DefaultPersistEventListener.java:177)
	at org.hibernate.event.internal.DefaultPersistEventListener.persist(DefaultPersistEventListener.java:95)
	at org.hibernate.event.internal.DefaultPersistEventListener.onPersist(DefaultPersistEventListener.java:79)
	at org.hibernate.event.internal.DefaultPersistEventListener.onPersist(DefaultPersistEventListener.java:55)
	at org.hibernate.event.service.internal.EventListenerGroupImpl.fireEventOnEachListener(EventListenerGroupImpl.java:127)
	at org.hibernate.internal.SessionImpl.firePersist(SessionImpl.java:761)
	at org.hibernate.internal.SessionImpl.persist(SessionImpl.java:745)
	at java.base/jdk.internal.reflect.DirectMethodHandleAccessor.invoke(DirectMethodHandleAccessor.java:103)
	at java.base/java.lang.reflect.Method.invoke(Method.java:580)
	at org.springframework.orm.jpa.ExtendedEntityManagerCreator$ExtendedEntityManagerInvocationHandler.invoke(ExtendedEntityManagerCreator.java:364)
	at jdk.proxy2/jdk.proxy2.$Proxy175.persist(Unknown Source)
	at java.base/jdk.internal.reflect.DirectMethodHandleAccessor.invoke(DirectMethodHandleAccessor.java:103)
	at java.base/java.lang.reflect.Method.invoke(Method.java:580)
	at org.springframework.orm.jpa.SharedEntityManagerCreator$SharedEntityManagerInvocationHandler.invoke(SharedEntityManagerCreator.java:320)
	at jdk.proxy2/jdk.proxy2.$Proxy175.persist(Unknown Source)
	at org.springframework.data.jpa.repository.support.SimpleJpaRepository.save(SimpleJpaRepository.java:636)
	at java.base/jdk.internal.reflect.DirectMethodHandleAccessor.invoke(DirectMethodHandleAccessor.java:103)
	at java.base/java.lang.reflect.Method.invoke(Method.java:580)
	at org.springframework.aop.support.AopUtils.invokeJoinpointUsingReflection(AopUtils.java:359)
	at org.springframework.data.repository.core.support.RepositoryMethodInvoker$RepositoryFragmentMethodInvoker.lambda$new$0(RepositoryMethodInvoker.java:277)
	at org.springframework.data.repository.core.support.RepositoryMethodInvoker.doInvoke(RepositoryMethodInvoker.java:170)
	at org.springframework.data.repository.core.support.RepositoryMethodInvoker.invoke(RepositoryMethodInvoker.java:158)
	at org.springframework.data.repository.core.support.RepositoryComposition$RepositoryFragments.invoke(RepositoryComposition.java:515)
	at org.springframework.data.repository.core.support.RepositoryComposition.invoke(RepositoryComposition.java:284)
	at org.springframework.data.repository.core.support.RepositoryFactorySupport$ImplementationMethodExecutionInterceptor.invoke(RepositoryFactorySupport.java:731)
	at org.springframework.aop.framework.ReflectiveMethodInvocation.proceed(ReflectiveMethodInvocation.java:184)
	at org.springframework.data.repository.core.support.QueryExecutorMethodInterceptor.doInvoke(QueryExecutorMethodInterceptor.java:174)
	at org.springframework.data.repository.core.support.QueryExecutorMethodInterceptor.invoke(QueryExecutorMethodInterceptor.java:149)
	at org.springframework.aop.framework.ReflectiveMethodInvocation.proceed(ReflectiveMethodInvocation.java:184)
	at org.springframework.data.projection.DefaultMethodInvokingMethodInterceptor.invoke(DefaultMethodInvokingMethodInterceptor.java:69)
	at org.springframework.aop.framework.ReflectiveMethodInvocation.proceed(ReflectiveMethodInvocation.java:184)
	at org.springframework.transaction.interceptor.TransactionAspectSupport.invokeWithinTransaction(TransactionAspectSupport.java:380)
	at org.springframework.transaction.interceptor.TransactionInterceptor.invoke(TransactionInterceptor.java:119)
	at org.springframework.aop.framework.ReflectiveMethodInvocation.proceed(ReflectiveMethodInvocation.java:184)
	at org.springframework.dao.support.PersistenceExceptionTranslationInterceptor.invoke(PersistenceExceptionTranslationInterceptor.java:138)
	... 135 common frames omitted
Caused by: org.h2.jdbc.JdbcSQLIntegrityConstraintViolationException: Violación de indice de Unicidad ó Clave primaria: "PUBLIC.UK_NOTIFICATIONS_UUID_INDEX_C ON PUBLIC.NOTIFICATIONS(UUID NULLS FIRST) VALUES ( /* 1 */ UUID '30a0b1b0-7b8a-4a42-951d-aab4c6440113' )"
Unique index or primary key violation: "PUBLIC.UK_NOTIFICATIONS_UUID_INDEX_C ON PUBLIC.NOTIFICATIONS(UUID NULLS FIRST) VALUES ( /* 1 */ UUID '30a0b1b0-7b8a-4a42-951d-aab4c6440113' )"; SQL statement:
insert into notifications (content_attributes,content_body,created_at,error_message,priority,recipient_attributes,recipient_device_token,recipient_email,recipient_phone,recipient_user_id,requester_id,retry_count,scheduled_for,sent_at,source_service,status,subject,template_id,uuid,id) values (?,?,?,?,?,?,?,?,?,?,?,?,?,?,?,?,?,?,?,default) [23505-232]
	at org.h2.message.DbException.getJdbcSQLException(DbException.java:520)
	at org.h2.message.DbException.getJdbcSQLException(DbException.java:489)
	at org.h2.message.DbException.get(DbException.java:223)
	at org.h2.message.DbException.get(DbException.java:199)
	at org.h2.index.Index.getDuplicateKeyException(Index.java:523)
	at org.h2.mvstore.db.MVSecondaryIndex.checkUnique(MVSecondaryIndex.java:223)
	at org.h2.mvstore.db.MVSecondaryIndex.add(MVSecondaryIndex.java:184)
	at org.h2.mvstore.db.MVTable.addRow(MVTable.java:517)
	at org.h2.command.dml.Insert.insertRows(Insert.java:174)
	at org.h2.command.dml.Insert.update(Insert.java:135)
	at org.h2.command.CommandContainer.executeUpdateWithGeneratedKeys(CommandContainer.java:212)
	at org.h2.command.CommandContainer.update(CommandContainer.java:133)
	at org.h2.command.Command.executeUpdate(Command.java:304)
	at org.h2.command.Command.executeUpdate(Command.java:248)
	at org.h2.jdbc.JdbcPreparedStatement.executeUpdateInternal(JdbcPreparedStatement.java:213)
	at org.h2.jdbc.JdbcPreparedStatement.executeUpdate(JdbcPreparedStatement.java:172)
	at com.zaxxer.hikari.pool.ProxyPreparedStatement.executeUpdate(ProxyPreparedStatement.java:61)
	at com.zaxxer.hikari.pool.HikariProxyPreparedStatement.executeUpdate(HikariProxyPreparedStatement.java)
	at org.hibernate.engine.jdbc.internal.ResultSetReturnImpl.executeUpdate(ResultSetReturnImpl.java:194)
	... 185 common frames omitted
2025-07-31 16:54:56,510 [http-nio-8080-exec-1] DEBUG e.m.n.i.a.o.monitoring.LoggingAdapter              - send - Call saveFailedEventToOutbox
2025-07-31 16:54:56,511 [http-nio-8080-exec-1] DEBUG e.m.n.i.a.o.monitoring.LoggingAdapter              - saveFailedEventToOutbox - Saving failed event to outbox for notification: 30a0b1b0-7b8a-4a42-951d-aab4c6440113, error: Error sending notification: could not execute statement [Violación de indice de Unicidad ó Clave primaria: "PUBLIC.UK_NOTIFICATIONS_UUID_INDEX_C ON PUBLIC.NOTIFICATIONS(UUID NULLS FIRST) VALUES ( /* 1 */ UUID '30a0b1b0-7b8a-4a42-951d-aab4c6440113' )"
Unique index or primary key violation: "PUBLIC.UK_NOTIFICATIONS_UUID_INDEX_C ON PUBLIC.NOTIFICATIONS(UUID NULLS FIRST) VALUES ( /* 1 */ UUID '30a0b1b0-7b8a-4a42-951d-aab4c6440113' )"; SQL statement:
insert into notifications (content_attributes,content_body,created_at,error_message,priority,recipient_attributes,recipient_device_token,recipient_email,recipient_phone,recipient_user_id,requester_id,retry_count,scheduled_for,sent_at,source_service,status,subject,template_id,uuid,id) values (?,?,?,?,?,?,?,?,?,?,?,?,?,?,?,?,?,?,?,default) [23505-232]] [insert into notifications (content_attributes,content_body,created_at,error_message,priority,recipient_attributes,recipient_device_token,recipient_email,recipient_phone,recipient_user_id,requester_id,retry_count,scheduled_for,sent_at,source_service,status,subject,template_id,uuid,id) values (?,?,?,?,?,?,?,?,?,?,?,?,?,?,?,?,?,?,?,default)]; SQL [insert into notifications (content_attributes,content_body,created_at,error_message,priority,recipient_attributes,recipient_device_token,recipient_email,recipient_phone,recipient_user_id,requester_id,retry_count,scheduled_for,sent_at,source_service,status,subject,template_id,uuid,id) values (?,?,?,?,?,?,?,?,?,?,?,?,?,?,?,?,?,?,?,default)]; constraint [PUBLIC.UK_NOTIFICATIONS_UUID_INDEX_C]
2025-07-31 16:54:56,511 [http-nio-8080-exec-1] DEBUG e.m.n.i.a.o.monitoring.LoggingAdapter              - SerializationServiceAdapter.serialize - Serializando objeto: {}
2025-07-31 16:54:56,515 [http-nio-8080-exec-1] DEBUG e.m.n.i.a.o.monitoring.LoggingAdapter              - saveFailedEventToOutbox - Call outboxRepository.save
2025-07-31 16:54:56,515 [http-nio-8080-exec-1] DEBUG e.m.n.i.a.o.monitoring.LoggingAdapter              - saveFailedEventToOutbox - Event saved successfully
2025-07-31 16:54:56,515 [http-nio-8080-exec-1] INFO  e.m.n.i.a.o.p.m.NotificationOutputMapper           - toEntity - Init
2025-07-31 16:54:56,524 [http-nio-8080-exec-1] INFO  e.m.n.i.a.o.p.m.NotificationOutputMapper           - toEntity - End
2025-07-31 16:54:56,525 [http-nio-8080-exec-1] WARN  o.h.engine.jdbc.spi.SqlExceptionHelper             - SQL Error: 23505, SQLState: 23505
2025-07-31 16:54:56,525 [http-nio-8080-exec-1] ERROR o.h.engine.jdbc.spi.SqlExceptionHelper             - Violación de indice de Unicidad ó Clave primaria: "PUBLIC.UK_NOTIFICATIONS_UUID_INDEX_C ON PUBLIC.NOTIFICATIONS(UUID NULLS FIRST) VALUES ( /* 1 */ UUID '30a0b1b0-7b8a-4a42-951d-aab4c6440113' )"
Unique index or primary key violation: "PUBLIC.UK_NOTIFICATIONS_UUID_INDEX_C ON PUBLIC.NOTIFICATIONS(UUID NULLS FIRST) VALUES ( /* 1 */ UUID '30a0b1b0-7b8a-4a42-951d-aab4c6440113' )"; SQL statement:
insert into notifications (content_attributes,content_body,created_at,error_message,priority,recipient_attributes,recipient_device_token,recipient_email,recipient_phone,recipient_user_id,requester_id,retry_count,scheduled_for,sent_at,source_service,status,subject,template_id,uuid,id) values (?,?,?,?,?,?,?,?,?,?,?,?,?,?,?,?,?,?,?,default) [23505-232]
2025-07-31 16:54:56,525 [http-nio-8080-exec-1] ERROR e.m.n.i.a.i.w.e.RestExceptionHandler               - handleAllUncaughtException - Unexpected error occurred: could not execute statement [Violación de indice de Unicidad ó Clave primaria: "PUBLIC.UK_NOTIFICATIONS_UUID_INDEX_C ON PUBLIC.NOTIFICATIONS(UUID NULLS FIRST) VALUES ( /* 1 */ UUID '30a0b1b0-7b8a-4a42-951d-aab4c6440113' )"
Unique index or primary key violation: "PUBLIC.UK_NOTIFICATIONS_UUID_INDEX_C ON PUBLIC.NOTIFICATIONS(UUID NULLS FIRST) VALUES ( /* 1 */ UUID '30a0b1b0-7b8a-4a42-951d-aab4c6440113' )"; SQL statement:
insert into notifications (content_attributes,content_body,created_at,error_message,priority,recipient_attributes,recipient_device_token,recipient_email,recipient_phone,recipient_user_id,requester_id,retry_count,scheduled_for,sent_at,source_service,status,subject,template_id,uuid,id) values (?,?,?,?,?,?,?,?,?,?,?,?,?,?,?,?,?,?,?,default) [23505-232]] [insert into notifications (content_attributes,content_body,created_at,error_message,priority,recipient_attributes,recipient_device_token,recipient_email,recipient_phone,recipient_user_id,requester_id,retry_count,scheduled_for,sent_at,source_service,status,subject,template_id,uuid,id) values (?,?,?,?,?,?,?,?,?,?,?,?,?,?,?,?,?,?,?,default)]; SQL [insert into notifications (content_attributes,content_body,created_at,error_message,priority,recipient_attributes,recipient_device_token,recipient_email,recipient_phone,recipient_user_id,requester_id,retry_count,scheduled_for,sent_at,source_service,status,subject,template_id,uuid,id) values (?,?,?,?,?,?,?,?,?,?,?,?,?,?,?,?,?,?,?,default)]; constraint [PUBLIC.UK_NOTIFICATIONS_UUID_INDEX_C]
org.springframework.dao.DataIntegrityViolationException: could not execute statement [Violación de indice de Unicidad ó Clave primaria: "PUBLIC.UK_NOTIFICATIONS_UUID_INDEX_C ON PUBLIC.NOTIFICATIONS(UUID NULLS FIRST) VALUES ( /* 1 */ UUID '30a0b1b0-7b8a-4a42-951d-aab4c6440113' )"
Unique index or primary key violation: "PUBLIC.UK_NOTIFICATIONS_UUID_INDEX_C ON PUBLIC.NOTIFICATIONS(UUID NULLS FIRST) VALUES ( /* 1 */ UUID '30a0b1b0-7b8a-4a42-951d-aab4c6440113' )"; SQL statement:
insert into notifications (content_attributes,content_body,created_at,error_message,priority,recipient_attributes,recipient_device_token,recipient_email,recipient_phone,recipient_user_id,requester_id,retry_count,scheduled_for,sent_at,source_service,status,subject,template_id,uuid,id) values (?,?,?,?,?,?,?,?,?,?,?,?,?,?,?,?,?,?,?,default) [23505-232]] [insert into notifications (content_attributes,content_body,created_at,error_message,priority,recipient_attributes,recipient_device_token,recipient_email,recipient_phone,recipient_user_id,requester_id,retry_count,scheduled_for,sent_at,source_service,status,subject,template_id,uuid,id) values (?,?,?,?,?,?,?,?,?,?,?,?,?,?,?,?,?,?,?,default)]; SQL [insert into notifications (content_attributes,content_body,created_at,error_message,priority,recipient_attributes,recipient_device_token,recipient_email,recipient_phone,recipient_user_id,requester_id,retry_count,scheduled_for,sent_at,source_service,status,subject,template_id,uuid,id) values (?,?,?,?,?,?,?,?,?,?,?,?,?,?,?,?,?,?,?,default)]; constraint [PUBLIC.UK_NOTIFICATIONS_UUID_INDEX_C]
	at org.springframework.orm.jpa.vendor.HibernateJpaDialect.convertHibernateAccessException(HibernateJpaDialect.java:294)
	at org.springframework.orm.jpa.vendor.HibernateJpaDialect.convertHibernateAccessException(HibernateJpaDialect.java:256)
	at org.springframework.orm.jpa.vendor.HibernateJpaDialect.translateExceptionIfPossible(HibernateJpaDialect.java:241)
	at org.springframework.orm.jpa.AbstractEntityManagerFactoryBean.translateExceptionIfPossible(AbstractEntityManagerFactoryBean.java:560)
	at org.springframework.dao.support.ChainedPersistenceExceptionTranslator.translateExceptionIfPossible(ChainedPersistenceExceptionTranslator.java:61)
	at org.springframework.dao.support.DataAccessUtils.translateIfNecessary(DataAccessUtils.java:343)
	at org.springframework.dao.support.PersistenceExceptionTranslationInterceptor.invoke(PersistenceExceptionTranslationInterceptor.java:160)
	at org.springframework.aop.framework.ReflectiveMethodInvocation.proceed(ReflectiveMethodInvocation.java:184)
	at org.springframework.data.jpa.repository.support.CrudMethodMetadataPostProcessor$CrudMethodMetadataPopulatingMethodInterceptor.invoke(CrudMethodMetadataPostProcessor.java:165)
	at org.springframework.aop.framework.ReflectiveMethodInvocation.proceed(ReflectiveMethodInvocation.java:184)
	at org.springframework.aop.framework.JdkDynamicAopProxy.invoke(JdkDynamicAopProxy.java:223)
	at jdk.proxy2/jdk.proxy2.$Proxy186.save(Unknown Source)
	at edu.market.notification.infrastructure.adapter.output.persistence.NotificationRepositoryAdapter.save(NotificationRepositoryAdapter.java:36)
	at java.base/jdk.internal.reflect.DirectMethodHandleAccessor.invoke(DirectMethodHandleAccessor.java:103)
	at java.base/java.lang.reflect.Method.invoke(Method.java:580)
	at org.springframework.aop.support.AopUtils.invokeJoinpointUsingReflection(AopUtils.java:359)
	at org.springframework.aop.framework.ReflectiveMethodInvocation.invokeJoinpoint(ReflectiveMethodInvocation.java:196)
	at org.springframework.aop.framework.ReflectiveMethodInvocation.proceed(ReflectiveMethodInvocation.java:163)
	at org.springframework.transaction.interceptor.TransactionAspectSupport.invokeWithinTransaction(TransactionAspectSupport.java:380)
	at org.springframework.transaction.interceptor.TransactionInterceptor.invoke(TransactionInterceptor.java:119)
	at org.springframework.aop.framework.ReflectiveMethodInvocation.proceed(ReflectiveMethodInvocation.java:184)
	at org.springframework.aop.framework.CglibAopProxy$DynamicAdvisedInterceptor.intercept(CglibAopProxy.java:728)
	at edu.market.notification.infrastructure.adapter.output.persistence.NotificationRepositoryAdapter$$SpringCGLIB$$0.save(<generated>)
	at edu.market.notification.application.usecase.notification.SendNotificationUseCase.send(SendNotificationUseCase.java:125)
	at edu.market.notification.infrastructure.adapter.input.web.controller.NotificationController.sendNotification(NotificationController.java:156)
	at java.base/jdk.internal.reflect.DirectMethodHandleAccessor.invoke(DirectMethodHandleAccessor.java:103)
	at java.base/java.lang.reflect.Method.invoke(Method.java:580)
	at org.springframework.web.method.support.InvocableHandlerMethod.doInvoke(InvocableHandlerMethod.java:258)
	at org.springframework.web.method.support.InvocableHandlerMethod.invokeForRequest(InvocableHandlerMethod.java:191)
	at org.springframework.web.servlet.mvc.method.annotation.ServletInvocableHandlerMethod.invokeAndHandle(ServletInvocableHandlerMethod.java:118)
	at org.springframework.web.servlet.mvc.method.annotation.RequestMappingHandlerAdapter.invokeHandlerMethod(RequestMappingHandlerAdapter.java:986)
	at org.springframework.web.servlet.mvc.method.annotation.RequestMappingHandlerAdapter.handleInternal(RequestMappingHandlerAdapter.java:891)
	at org.springframework.web.servlet.mvc.method.AbstractHandlerMethodAdapter.handle(AbstractHandlerMethodAdapter.java:87)
	at org.springframework.web.servlet.DispatcherServlet.doDispatch(DispatcherServlet.java:1089)
	at org.springframework.web.servlet.DispatcherServlet.doService(DispatcherServlet.java:979)
	at org.springframework.web.servlet.FrameworkServlet.processRequest(FrameworkServlet.java:1014)
	at org.springframework.web.servlet.FrameworkServlet.doPost(FrameworkServlet.java:914)
	at jakarta.servlet.http.HttpServlet.service(HttpServlet.java:590)
	at org.springframework.web.servlet.FrameworkServlet.service(FrameworkServlet.java:885)
	at jakarta.servlet.http.HttpServlet.service(HttpServlet.java:658)
	at org.apache.catalina.core.ApplicationFilterChain.internalDoFilter(ApplicationFilterChain.java:195)
	at org.apache.catalina.core.ApplicationFilterChain.doFilter(ApplicationFilterChain.java:140)
	at org.apache.tomcat.websocket.server.WsFilter.doFilter(WsFilter.java:51)
	at org.apache.catalina.core.ApplicationFilterChain.internalDoFilter(ApplicationFilterChain.java:164)
	at org.apache.catalina.core.ApplicationFilterChain.doFilter(ApplicationFilterChain.java:140)
	at org.springframework.web.filter.CompositeFilter$VirtualFilterChain.doFilter(CompositeFilter.java:108)
	at org.springframework.security.web.FilterChainProxy.lambda$doFilterInternal$3(FilterChainProxy.java:231)
	at org.springframework.security.web.ObservationFilterChainDecorator$FilterObservation$SimpleFilterObservation.lambda$wrap$1(ObservationFilterChainDecorator.java:479)
	at org.springframework.security.web.ObservationFilterChainDecorator$AroundFilterObservation$SimpleAroundFilterObservation.lambda$wrap$1(ObservationFilterChainDecorator.java:340)
	at org.springframework.security.web.ObservationFilterChainDecorator.lambda$wrapSecured$0(ObservationFilterChainDecorator.java:82)
	at org.springframework.security.web.ObservationFilterChainDecorator$VirtualFilterChain.doFilter(ObservationFilterChainDecorator.java:128)
	at org.springframework.security.web.access.intercept.AuthorizationFilter.doFilter(AuthorizationFilter.java:101)
	at org.springframework.security.web.ObservationFilterChainDecorator$ObservationFilter.wrapFilter(ObservationFilterChainDecorator.java:240)
	at org.springframework.security.web.ObservationFilterChainDecorator$ObservationFilter.doFilter(ObservationFilterChainDecorator.java:227)
	at org.springframework.security.web.ObservationFilterChainDecorator$VirtualFilterChain.doFilter(ObservationFilterChainDecorator.java:137)
	at org.springframework.security.web.access.ExceptionTranslationFilter.doFilter(ExceptionTranslationFilter.java:126)
	at org.springframework.security.web.access.ExceptionTranslationFilter.doFilter(ExceptionTranslationFilter.java:120)
	at org.springframework.security.web.ObservationFilterChainDecorator$ObservationFilter.wrapFilter(ObservationFilterChainDecorator.java:240)
	at org.springframework.security.web.ObservationFilterChainDecorator$ObservationFilter.doFilter(ObservationFilterChainDecorator.java:227)
	at org.springframework.security.web.ObservationFilterChainDecorator$VirtualFilterChain.doFilter(ObservationFilterChainDecorator.java:137)
	at org.springframework.security.web.authentication.AnonymousAuthenticationFilter.doFilter(AnonymousAuthenticationFilter.java:100)
	at org.springframework.security.web.ObservationFilterChainDecorator$ObservationFilter.wrapFilter(ObservationFilterChainDecorator.java:240)
	at org.springframework.security.web.ObservationFilterChainDecorator$ObservationFilter.doFilter(ObservationFilterChainDecorator.java:227)
	at org.springframework.security.web.ObservationFilterChainDecorator$VirtualFilterChain.doFilter(ObservationFilterChainDecorator.java:137)
	at org.springframework.security.web.servletapi.SecurityContextHolderAwareRequestFilter.doFilter(SecurityContextHolderAwareRequestFilter.java:179)
	at org.springframework.security.web.ObservationFilterChainDecorator$ObservationFilter.wrapFilter(ObservationFilterChainDecorator.java:240)
	at org.springframework.security.web.ObservationFilterChainDecorator$ObservationFilter.doFilter(ObservationFilterChainDecorator.java:227)
	at org.springframework.security.web.ObservationFilterChainDecorator$VirtualFilterChain.doFilter(ObservationFilterChainDecorator.java:137)
	at org.springframework.security.web.savedrequest.RequestCacheAwareFilter.doFilter(RequestCacheAwareFilter.java:63)
	at org.springframework.security.web.ObservationFilterChainDecorator$ObservationFilter.wrapFilter(ObservationFilterChainDecorator.java:240)
	at org.springframework.security.web.ObservationFilterChainDecorator$ObservationFilter.doFilter(ObservationFilterChainDecorator.java:227)
	at org.springframework.security.web.ObservationFilterChainDecorator$VirtualFilterChain.doFilter(ObservationFilterChainDecorator.java:137)
	at org.springframework.security.web.authentication.logout.LogoutFilter.doFilter(LogoutFilter.java:107)
	at org.springframework.security.web.authentication.logout.LogoutFilter.doFilter(LogoutFilter.java:93)
	at org.springframework.security.web.ObservationFilterChainDecorator$ObservationFilter.wrapFilter(ObservationFilterChainDecorator.java:240)
	at org.springframework.security.web.ObservationFilterChainDecorator$ObservationFilter.doFilter(ObservationFilterChainDecorator.java:227)
	at org.springframework.security.web.ObservationFilterChainDecorator$VirtualFilterChain.doFilter(ObservationFilterChainDecorator.java:137)
	at org.springframework.security.web.header.HeaderWriterFilter.doHeadersAfter(HeaderWriterFilter.java:90)
	at org.springframework.security.web.header.HeaderWriterFilter.doFilterInternal(HeaderWriterFilter.java:75)
	at org.springframework.web.filter.OncePerRequestFilter.doFilter(OncePerRequestFilter.java:116)
	at org.springframework.security.web.ObservationFilterChainDecorator$ObservationFilter.wrapFilter(ObservationFilterChainDecorator.java:240)
	at org.springframework.security.web.ObservationFilterChainDecorator$ObservationFilter.doFilter(ObservationFilterChainDecorator.java:227)
	at org.springframework.security.web.ObservationFilterChainDecorator$VirtualFilterChain.doFilter(ObservationFilterChainDecorator.java:137)
	at org.springframework.security.web.context.SecurityContextHolderFilter.doFilter(SecurityContextHolderFilter.java:82)
	at org.springframework.security.web.context.SecurityContextHolderFilter.doFilter(SecurityContextHolderFilter.java:69)
	at org.springframework.security.web.ObservationFilterChainDecorator$ObservationFilter.wrapFilter(ObservationFilterChainDecorator.java:240)
	at org.springframework.security.web.ObservationFilterChainDecorator$ObservationFilter.doFilter(ObservationFilterChainDecorator.java:227)
	at org.springframework.security.web.ObservationFilterChainDecorator$VirtualFilterChain.doFilter(ObservationFilterChainDecorator.java:137)
	at org.springframework.security.web.context.request.async.WebAsyncManagerIntegrationFilter.doFilterInternal(WebAsyncManagerIntegrationFilter.java:62)
	at org.springframework.web.filter.OncePerRequestFilter.doFilter(OncePerRequestFilter.java:116)
	at org.springframework.security.web.ObservationFilterChainDecorator$ObservationFilter.wrapFilter(ObservationFilterChainDecorator.java:240)
	at org.springframework.security.web.ObservationFilterChainDecorator$ObservationFilter.doFilter(ObservationFilterChainDecorator.java:227)
	at org.springframework.security.web.ObservationFilterChainDecorator$VirtualFilterChain.doFilter(ObservationFilterChainDecorator.java:137)
	at org.springframework.security.web.session.DisableEncodeUrlFilter.doFilterInternal(DisableEncodeUrlFilter.java:42)
	at org.springframework.web.filter.OncePerRequestFilter.doFilter(OncePerRequestFilter.java:116)
	at org.springframework.security.web.ObservationFilterChainDecorator$ObservationFilter.wrapFilter(ObservationFilterChainDecorator.java:240)
	at org.springframework.security.web.ObservationFilterChainDecorator$AroundFilterObservation$SimpleAroundFilterObservation.lambda$wrap$0(ObservationFilterChainDecorator.java:323)
	at org.springframework.security.web.ObservationFilterChainDecorator$ObservationFilter.doFilter(ObservationFilterChainDecorator.java:224)
	at org.springframework.security.web.ObservationFilterChainDecorator$VirtualFilterChain.doFilter(ObservationFilterChainDecorator.java:137)
	at org.springframework.security.web.FilterChainProxy.doFilterInternal(FilterChainProxy.java:233)
	at org.springframework.security.web.FilterChainProxy.doFilter(FilterChainProxy.java:191)
	at org.springframework.web.filter.CompositeFilter$VirtualFilterChain.doFilter(CompositeFilter.java:113)
	at org.springframework.web.servlet.handler.HandlerMappingIntrospector.lambda$createCacheFilter$3(HandlerMappingIntrospector.java:243)
	at org.springframework.web.filter.CompositeFilter$VirtualFilterChain.doFilter(CompositeFilter.java:113)
	at org.springframework.web.filter.CompositeFilter.doFilter(CompositeFilter.java:74)
	at org.springframework.security.config.annotation.web.configuration.WebMvcSecurityConfiguration$CompositeFilterChainProxy.doFilter(WebMvcSecurityConfiguration.java:238)
	at org.springframework.web.filter.DelegatingFilterProxy.invokeDelegate(DelegatingFilterProxy.java:362)
	at org.springframework.web.filter.DelegatingFilterProxy.doFilter(DelegatingFilterProxy.java:278)
	at org.apache.catalina.core.ApplicationFilterChain.internalDoFilter(ApplicationFilterChain.java:164)
	at org.apache.catalina.core.ApplicationFilterChain.doFilter(ApplicationFilterChain.java:140)
	at org.springframework.web.filter.RequestContextFilter.doFilterInternal(RequestContextFilter.java:100)
	at org.springframework.web.filter.OncePerRequestFilter.doFilter(OncePerRequestFilter.java:116)
	at org.apache.catalina.core.ApplicationFilterChain.internalDoFilter(ApplicationFilterChain.java:164)
	at org.apache.catalina.core.ApplicationFilterChain.doFilter(ApplicationFilterChain.java:140)
	at org.springframework.web.filter.FormContentFilter.doFilterInternal(FormContentFilter.java:93)
	at org.springframework.web.filter.OncePerRequestFilter.doFilter(OncePerRequestFilter.java:116)
	at org.apache.catalina.core.ApplicationFilterChain.internalDoFilter(ApplicationFilterChain.java:164)
	at org.apache.catalina.core.ApplicationFilterChain.doFilter(ApplicationFilterChain.java:140)
	at org.springframework.web.filter.ServerHttpObservationFilter.doFilterInternal(ServerHttpObservationFilter.java:114)
	at org.springframework.web.filter.OncePerRequestFilter.doFilter(OncePerRequestFilter.java:116)
	at org.apache.catalina.core.ApplicationFilterChain.internalDoFilter(ApplicationFilterChain.java:164)
	at org.apache.catalina.core.ApplicationFilterChain.doFilter(ApplicationFilterChain.java:140)
	at org.springframework.web.filter.CharacterEncodingFilter.doFilterInternal(CharacterEncodingFilter.java:201)
	at org.springframework.web.filter.OncePerRequestFilter.doFilter(OncePerRequestFilter.java:116)
	at org.apache.catalina.core.ApplicationFilterChain.internalDoFilter(ApplicationFilterChain.java:164)
	at org.apache.catalina.core.ApplicationFilterChain.doFilter(ApplicationFilterChain.java:140)
	at org.apache.catalina.core.StandardWrapperValve.invoke(StandardWrapperValve.java:167)
	at org.apache.catalina.core.StandardContextValve.invoke(StandardContextValve.java:90)
	at org.apache.catalina.authenticator.AuthenticatorBase.invoke(AuthenticatorBase.java:483)
	at org.apache.catalina.core.StandardHostValve.invoke(StandardHostValve.java:116)
	at org.apache.catalina.valves.ErrorReportValve.invoke(ErrorReportValve.java:93)
	at org.apache.catalina.core.StandardEngineValve.invoke(StandardEngineValve.java:74)
	at org.apache.catalina.connector.CoyoteAdapter.service(CoyoteAdapter.java:344)
	at org.apache.coyote.http11.Http11Processor.service(Http11Processor.java:398)
	at org.apache.coyote.AbstractProcessorLight.process(AbstractProcessorLight.java:63)
	at org.apache.coyote.AbstractProtocol$ConnectionHandler.process(AbstractProtocol.java:903)
	at org.apache.tomcat.util.net.NioEndpoint$SocketProcessor.doRun(NioEndpoint.java:1740)
	at org.apache.tomcat.util.net.SocketProcessorBase.run(SocketProcessorBase.java:52)
	at org.apache.tomcat.util.threads.ThreadPoolExecutor.runWorker(ThreadPoolExecutor.java:1189)
	at org.apache.tomcat.util.threads.ThreadPoolExecutor$Worker.run(ThreadPoolExecutor.java:658)
	at org.apache.tomcat.util.threads.TaskThread$WrappingRunnable.run(TaskThread.java:63)
	at java.base/java.lang.Thread.run(Thread.java:1583)
Caused by: org.hibernate.exception.ConstraintViolationException: could not execute statement [Violación de indice de Unicidad ó Clave primaria: "PUBLIC.UK_NOTIFICATIONS_UUID_INDEX_C ON PUBLIC.NOTIFICATIONS(UUID NULLS FIRST) VALUES ( /* 1 */ UUID '30a0b1b0-7b8a-4a42-951d-aab4c6440113' )"
Unique index or primary key violation: "PUBLIC.UK_NOTIFICATIONS_UUID_INDEX_C ON PUBLIC.NOTIFICATIONS(UUID NULLS FIRST) VALUES ( /* 1 */ UUID '30a0b1b0-7b8a-4a42-951d-aab4c6440113' )"; SQL statement:
insert into notifications (content_attributes,content_body,created_at,error_message,priority,recipient_attributes,recipient_device_token,recipient_email,recipient_phone,recipient_user_id,requester_id,retry_count,scheduled_for,sent_at,source_service,status,subject,template_id,uuid,id) values (?,?,?,?,?,?,?,?,?,?,?,?,?,?,?,?,?,?,?,default) [23505-232]] [insert into notifications (content_attributes,content_body,created_at,error_message,priority,recipient_attributes,recipient_device_token,recipient_email,recipient_phone,recipient_user_id,requester_id,retry_count,scheduled_for,sent_at,source_service,status,subject,template_id,uuid,id) values (?,?,?,?,?,?,?,?,?,?,?,?,?,?,?,?,?,?,?,default)]
	at org.hibernate.dialect.H2Dialect.lambda$buildSQLExceptionConversionDelegate$3(H2Dialect.java:759)
	at org.hibernate.exception.internal.StandardSQLExceptionConverter.convert(StandardSQLExceptionConverter.java:58)
	at org.hibernate.engine.jdbc.spi.SqlExceptionHelper.convert(SqlExceptionHelper.java:108)
	at org.hibernate.engine.jdbc.internal.ResultSetReturnImpl.executeUpdate(ResultSetReturnImpl.java:197)
	at org.hibernate.id.insert.GetGeneratedKeysDelegate.performMutation(GetGeneratedKeysDelegate.java:116)
	at org.hibernate.engine.jdbc.mutation.internal.MutationExecutorSingleNonBatched.performNonBatchedOperations(MutationExecutorSingleNonBatched.java:47)
	at org.hibernate.engine.jdbc.mutation.internal.AbstractMutationExecutor.execute(AbstractMutationExecutor.java:55)
	at org.hibernate.persister.entity.mutation.InsertCoordinatorStandard.doStaticInserts(InsertCoordinatorStandard.java:194)
	at org.hibernate.persister.entity.mutation.InsertCoordinatorStandard.coordinateInsert(InsertCoordinatorStandard.java:132)
	at org.hibernate.persister.entity.mutation.InsertCoordinatorStandard.insert(InsertCoordinatorStandard.java:95)
	at org.hibernate.action.internal.EntityIdentityInsertAction.execute(EntityIdentityInsertAction.java:85)
	at org.hibernate.engine.spi.ActionQueue.execute(ActionQueue.java:682)
	at org.hibernate.engine.spi.ActionQueue.addResolvedEntityInsertAction(ActionQueue.java:293)
	at org.hibernate.engine.spi.ActionQueue.addInsertAction(ActionQueue.java:274)
	at org.hibernate.engine.spi.ActionQueue.addAction(ActionQueue.java:324)
	at org.hibernate.event.internal.AbstractSaveEventListener.addInsertAction(AbstractSaveEventListener.java:393)
	at org.hibernate.event.internal.AbstractSaveEventListener.performSaveOrReplicate(AbstractSaveEventListener.java:307)
	at org.hibernate.event.internal.AbstractSaveEventListener.performSave(AbstractSaveEventListener.java:223)
	at org.hibernate.event.internal.AbstractSaveEventListener.saveWithGeneratedId(AbstractSaveEventListener.java:136)
	at org.hibernate.event.internal.DefaultPersistEventListener.entityIsTransient(DefaultPersistEventListener.java:177)
	at org.hibernate.event.internal.DefaultPersistEventListener.persist(DefaultPersistEventListener.java:95)
	at org.hibernate.event.internal.DefaultPersistEventListener.onPersist(DefaultPersistEventListener.java:79)
	at org.hibernate.event.internal.DefaultPersistEventListener.onPersist(DefaultPersistEventListener.java:55)
	at org.hibernate.event.service.internal.EventListenerGroupImpl.fireEventOnEachListener(EventListenerGroupImpl.java:127)
	at org.hibernate.internal.SessionImpl.firePersist(SessionImpl.java:761)
	at org.hibernate.internal.SessionImpl.persist(SessionImpl.java:745)
	at java.base/jdk.internal.reflect.DirectMethodHandleAccessor.invoke(DirectMethodHandleAccessor.java:103)
	at java.base/java.lang.reflect.Method.invoke(Method.java:580)
	at org.springframework.orm.jpa.ExtendedEntityManagerCreator$ExtendedEntityManagerInvocationHandler.invoke(ExtendedEntityManagerCreator.java:364)
	at jdk.proxy2/jdk.proxy2.$Proxy175.persist(Unknown Source)
	at java.base/jdk.internal.reflect.DirectMethodHandleAccessor.invoke(DirectMethodHandleAccessor.java:103)
	at java.base/java.lang.reflect.Method.invoke(Method.java:580)
	at org.springframework.orm.jpa.SharedEntityManagerCreator$SharedEntityManagerInvocationHandler.invoke(SharedEntityManagerCreator.java:320)
	at jdk.proxy2/jdk.proxy2.$Proxy175.persist(Unknown Source)
	at org.springframework.data.jpa.repository.support.SimpleJpaRepository.save(SimpleJpaRepository.java:636)
	at java.base/jdk.internal.reflect.DirectMethodHandleAccessor.invoke(DirectMethodHandleAccessor.java:103)
	at java.base/java.lang.reflect.Method.invoke(Method.java:580)
	at org.springframework.aop.support.AopUtils.invokeJoinpointUsingReflection(AopUtils.java:359)
	at org.springframework.data.repository.core.support.RepositoryMethodInvoker$RepositoryFragmentMethodInvoker.lambda$new$0(RepositoryMethodInvoker.java:277)
	at org.springframework.data.repository.core.support.RepositoryMethodInvoker.doInvoke(RepositoryMethodInvoker.java:170)
	at org.springframework.data.repository.core.support.RepositoryMethodInvoker.invoke(RepositoryMethodInvoker.java:158)
	at org.springframework.data.repository.core.support.RepositoryComposition$RepositoryFragments.invoke(RepositoryComposition.java:515)
	at org.springframework.data.repository.core.support.RepositoryComposition.invoke(RepositoryComposition.java:284)
	at org.springframework.data.repository.core.support.RepositoryFactorySupport$ImplementationMethodExecutionInterceptor.invoke(RepositoryFactorySupport.java:731)
	at org.springframework.aop.framework.ReflectiveMethodInvocation.proceed(ReflectiveMethodInvocation.java:184)
	at org.springframework.data.repository.core.support.QueryExecutorMethodInterceptor.doInvoke(QueryExecutorMethodInterceptor.java:174)
	at org.springframework.data.repository.core.support.QueryExecutorMethodInterceptor.invoke(QueryExecutorMethodInterceptor.java:149)
	at org.springframework.aop.framework.ReflectiveMethodInvocation.proceed(ReflectiveMethodInvocation.java:184)
	at org.springframework.data.projection.DefaultMethodInvokingMethodInterceptor.invoke(DefaultMethodInvokingMethodInterceptor.java:69)
	at org.springframework.aop.framework.ReflectiveMethodInvocation.proceed(ReflectiveMethodInvocation.java:184)
	at org.springframework.transaction.interceptor.TransactionAspectSupport.invokeWithinTransaction(TransactionAspectSupport.java:380)
	at org.springframework.transaction.interceptor.TransactionInterceptor.invoke(TransactionInterceptor.java:119)
	at org.springframework.aop.framework.ReflectiveMethodInvocation.proceed(ReflectiveMethodInvocation.java:184)
	at org.springframework.dao.support.PersistenceExceptionTranslationInterceptor.invoke(PersistenceExceptionTranslationInterceptor.java:138)
	... 135 common frames omitted
Caused by: org.h2.jdbc.JdbcSQLIntegrityConstraintViolationException: Violación de indice de Unicidad ó Clave primaria: "PUBLIC.UK_NOTIFICATIONS_UUID_INDEX_C ON PUBLIC.NOTIFICATIONS(UUID NULLS FIRST) VALUES ( /* 1 */ UUID '30a0b1b0-7b8a-4a42-951d-aab4c6440113' )"
Unique index or primary key violation: "PUBLIC.UK_NOTIFICATIONS_UUID_INDEX_C ON PUBLIC.NOTIFICATIONS(UUID NULLS FIRST) VALUES ( /* 1 */ UUID '30a0b1b0-7b8a-4a42-951d-aab4c6440113' )"; SQL statement:
insert into notifications (content_attributes,content_body,created_at,error_message,priority,recipient_attributes,recipient_device_token,recipient_email,recipient_phone,recipient_user_id,requester_id,retry_count,scheduled_for,sent_at,source_service,status,subject,template_id,uuid,id) values (?,?,?,?,?,?,?,?,?,?,?,?,?,?,?,?,?,?,?,default) [23505-232]
	at org.h2.message.DbException.getJdbcSQLException(DbException.java:520)
	at org.h2.message.DbException.getJdbcSQLException(DbException.java:489)
	at org.h2.message.DbException.get(DbException.java:223)
	at org.h2.message.DbException.get(DbException.java:199)
	at org.h2.index.Index.getDuplicateKeyException(Index.java:523)
	at org.h2.mvstore.db.MVSecondaryIndex.checkUnique(MVSecondaryIndex.java:223)
	at org.h2.mvstore.db.MVSecondaryIndex.add(MVSecondaryIndex.java:184)
	at org.h2.mvstore.db.MVTable.addRow(MVTable.java:517)
	at org.h2.command.dml.Insert.insertRows(Insert.java:174)
	at org.h2.command.dml.Insert.update(Insert.java:135)
	at org.h2.command.CommandContainer.executeUpdateWithGeneratedKeys(CommandContainer.java:212)
	at org.h2.command.CommandContainer.update(CommandContainer.java:133)
	at org.h2.command.Command.executeUpdate(Command.java:304)
	at org.h2.command.Command.executeUpdate(Command.java:248)
	at org.h2.jdbc.JdbcPreparedStatement.executeUpdateInternal(JdbcPreparedStatement.java:213)
	at org.h2.jdbc.JdbcPreparedStatement.executeUpdate(JdbcPreparedStatement.java:172)
	at com.zaxxer.hikari.pool.ProxyPreparedStatement.executeUpdate(ProxyPreparedStatement.java:61)
	at com.zaxxer.hikari.pool.HikariProxyPreparedStatement.executeUpdate(HikariProxyPreparedStatement.java)
	at org.hibernate.engine.jdbc.internal.ResultSetReturnImpl.executeUpdate(ResultSetReturnImpl.java:194)
	... 185 common frames omitted
2025-07-31 17:09:12,895 [SpringApplicationShutdownHook] INFO  o.s.c.n.e.s.EurekaServiceRegistry                  - Unregistering application NOTIFICATION-SERVICE with eureka with status DOWN
2025-07-31 17:09:12,897 [SpringApplicationShutdownHook] INFO  o.s.b.w.embedded.tomcat.GracefulShutdown           - Commencing graceful shutdown. Waiting for active requests to complete
2025-07-31 17:09:12,902 [tomcat-shutdown] INFO  o.s.b.w.embedded.tomcat.GracefulShutdown           - Graceful shutdown complete
2025-07-31 17:09:12,911 [SpringApplicationShutdownHook] INFO  o.s.o.j.LocalContainerEntityManagerFactoryBean     - Closing JPA EntityManagerFactory for persistence unit 'default'
2025-07-31 17:09:12,912 [SpringApplicationShutdownHook] INFO  com.zaxxer.hikari.HikariDataSource                 - HikariPool-1 - Shutdown initiated...
2025-07-31 17:09:12,913 [SpringApplicationShutdownHook] INFO  com.zaxxer.hikari.HikariDataSource                 - HikariPool-1 - Shutdown completed.
2025-07-31 17:09:12,914 [SpringApplicationShutdownHook] INFO  com.netflix.discovery.DiscoveryClient              - Shutting down DiscoveryClient ...
2025-07-31 17:09:12,914 [SpringApplicationShutdownHook] INFO  com.netflix.discovery.DiscoveryClient              - Completed shut down of DiscoveryClient
2025-07-31 17:09:15,554 [background-preinit] INFO  o.h.validator.internal.util.Version                - HV000001: Hibernate Validator 8.0.2.Final
2025-07-31 17:09:15,604 [main] INFO  edu.market.notification.App                        - Starting App v1.0.0 using Java 21 with PID 28492 (C:\Users\ja2c\Desktop\Cursos\micro-servicio-archt\k8s\microservices\services\notification-service\target\classes started by ja2c in C:\Users\ja2c\Desktop\Cursos\micro-servicio-archt\k8s\microservices\services\notification-service)
2025-07-31 17:09:15,605 [main] DEBUG edu.market.notification.App                        - Running with Spring Boot v3.4.5, Spring v6.2.6
2025-07-31 17:09:15,605 [main] INFO  edu.market.notification.App                        - The following 1 profile is active: "dev"
2025-07-31 17:09:15,637 [main] INFO  o.s.c.c.c.ConfigServerConfigDataLoader             - Fetching config from server at : http://localhost:8890
2025-07-31 17:09:15,637 [main] INFO  o.s.c.c.c.ConfigServerConfigDataLoader             - Exception on Url - http://localhost:8890:org.springframework.web.client.ResourceAccessException: I/O error on GET request for "http://localhost:8890/notification-service/default": Connection refused: no further information. Will be trying the next url if available
2025-07-31 17:09:15,637 [main] WARN  o.s.c.c.c.ConfigServerConfigDataLoader             - Could not locate PropertySource ([ConfigServerConfigDataResource@25a73de1 uris = array<String>['http://localhost:8890'], optional = true, profiles = 'default']): I/O error on GET request for "http://localhost:8890/notification-service/default": Connection refused: no further information
2025-07-31 17:09:15,638 [main] INFO  o.s.c.c.c.ConfigServerConfigDataLoader             - Fetching config from server at : http://localhost:8890
2025-07-31 17:09:15,638 [main] INFO  o.s.c.c.c.ConfigServerConfigDataLoader             - Exception on Url - http://localhost:8890:org.springframework.web.client.ResourceAccessException: I/O error on GET request for "http://localhost:8890/notification-service/dev": Connection refused: no further information. Will be trying the next url if available
2025-07-31 17:09:15,638 [main] WARN  o.s.c.c.c.ConfigServerConfigDataLoader             - Could not locate PropertySource ([ConfigServerConfigDataResource@652ce654 uris = array<String>['http://localhost:8890'], optional = true, profiles = 'dev']): I/O error on GET request for "http://localhost:8890/notification-service/dev": Connection refused: no further information
2025-07-31 17:09:15,638 [main] INFO  o.s.c.c.c.ConfigServerConfigDataLoader             - Fetching config from server at : http://localhost:8890
2025-07-31 17:09:15,638 [main] INFO  o.s.c.c.c.ConfigServerConfigDataLoader             - Exception on Url - http://localhost:8890:org.springframework.web.client.ResourceAccessException: I/O error on GET request for "http://localhost:8890/notification-service/default": Connection refused: no further information. Will be trying the next url if available
2025-07-31 17:09:15,638 [main] WARN  o.s.c.c.c.ConfigServerConfigDataLoader             - Could not locate PropertySource ([ConfigServerConfigDataResource@522ba524 uris = array<String>['http://localhost:8890'], optional = true, profiles = 'default']): I/O error on GET request for "http://localhost:8890/notification-service/default": Connection refused: no further information
2025-07-31 17:09:16,663 [main] INFO  o.s.d.r.c.RepositoryConfigurationDelegate          - Bootstrapping Spring Data JPA repositories in DEFAULT mode.
2025-07-31 17:09:16,826 [main] INFO  o.s.d.r.c.RepositoryConfigurationDelegate          - Finished Spring Data repository scanning in 153 ms. Found 6 JPA repository interfaces.
2025-07-31 17:09:17,176 [main] INFO  o.s.cloud.context.scope.GenericScope               - BeanFactory id=3900db60-8d40-363c-9c55-ffe39cb1c59c
2025-07-31 17:09:17,965 [main] INFO  o.s.b.w.embedded.tomcat.TomcatWebServer            - Tomcat initialized with port 8080 (http)
2025-07-31 17:09:17,987 [main] INFO  o.apache.coyote.http11.Http11NioProtocol           - Initializing ProtocolHandler ["http-nio-8080"]
2025-07-31 17:09:17,989 [main] INFO  o.apache.catalina.core.StandardService             - Starting service [Tomcat]
2025-07-31 17:09:17,989 [main] INFO  org.apache.catalina.core.StandardEngine            - Starting Servlet engine: [Apache Tomcat/10.1.40]
2025-07-31 17:09:18,054 [main] INFO  o.a.c.c.C.[.[.[/notification-service]              - Initializing Spring embedded WebApplicationContext
2025-07-31 17:09:18,059 [main] INFO  o.s.b.w.s.c.ServletWebServerApplicationContext     - Root WebApplicationContext: initialization completed in 2419 ms
2025-07-31 17:09:18,421 [main] INFO  com.zaxxer.hikari.HikariDataSource                 - HikariPool-1 - Starting...
2025-07-31 17:09:18,599 [main] INFO  com.zaxxer.hikari.pool.HikariPool                  - HikariPool-1 - Added connection conn0: url=jdbc:h2:mem:notificationdb user=SA
2025-07-31 17:09:18,601 [main] INFO  com.zaxxer.hikari.HikariDataSource                 - HikariPool-1 - Start completed.
2025-07-31 17:09:18,774 [main] INFO  o.hibernate.jpa.internal.util.LogHelper            - HHH000204: Processing PersistenceUnitInfo [name: default]
2025-07-31 17:09:18,839 [main] INFO  org.hibernate.Version                              - HHH000412: Hibernate ORM core version 6.6.13.Final
2025-07-31 17:09:18,890 [main] INFO  o.h.c.internal.RegionFactoryInitiator              - HHH000026: Second-level cache disabled
2025-07-31 17:09:19,196 [main] INFO  o.s.o.j.p.SpringPersistenceUnitInfo                - No LoadTimeWeaver setup: ignoring JPA class transformer
2025-07-31 17:09:19,305 [main] INFO  org.hibernate.orm.connections.pooling              - HHH10001005: Database info:
	Database JDBC URL [Connecting through datasource 'HikariDataSource (HikariPool-1)']
	Database driver: undefined/unknown
	Database version: 2.3.232
	Autocommit mode: undefined/unknown
	Isolation level: undefined/unknown
	Minimum pool size: undefined/unknown
	Maximum pool size: undefined/unknown
2025-07-31 17:09:20,280 [main] INFO  o.h.e.t.j.p.i.JtaPlatformInitiator                 - HHH000489: No JTA platform available (set 'hibernate.transaction.jta.platform' to enable JTA platform integration)
2025-07-31 17:09:20,394 [main] INFO  o.s.o.j.LocalContainerEntityManagerFactoryBean     - Initialized JPA EntityManagerFactory for persistence unit 'default'
2025-07-31 17:09:20,880 [main] INFO  o.s.d.j.r.query.QueryEnhancerFactory               - Hibernate is in classpath; If applicable, HQL parser will be used.
2025-07-31 17:09:22,198 [main] WARN  o.s.b.a.o.j.JpaBaseConfiguration$JpaWebConfiguration - spring.jpa.open-in-view is enabled by default. Therefore, database queries may be performed during view rendering. Explicitly configure spring.jpa.open-in-view to disable this warning
2025-07-31 17:09:22,739 [main] INFO  o.s.b.a.e.web.EndpointLinksResolver                - Exposing 1 endpoint beneath base path '/actuator'
2025-07-31 17:09:23,380 [main] INFO  o.s.b.a.h2.H2ConsoleAutoConfiguration              - H2 console available at '/h2-console'. Database available at 'jdbc:h2:mem:notificationdb'
2025-07-31 17:09:23,424 [main] INFO  o.s.c.n.e.c.DiscoveryClientOptionalArgsConfiguration - Eureka HTTP Client uses RestTemplate.
2025-07-31 17:09:23,475 [main] WARN  o.s.c.l.c.LoadBalancerCacheAutoConfiguration$LoadBalancerCaffeineWarnLogger - Spring Cloud LoadBalancer is currently working with the default cache. While this cache implementation is useful for development and tests, it's recommended to use Caffeine cache in production.You can switch to using Caffeine cache, by adding it and org.springframework.cache.caffeine.CaffeineCacheManager to the classpath.
2025-07-31 17:09:23,515 [main] INFO  o.s.c.netflix.eureka.InstanceInfoFactory           - Setting initial instance status as: STARTING
2025-07-31 17:09:23,542 [main] INFO  com.netflix.discovery.DiscoveryClient              - Initializing Eureka in region us-east-1
2025-07-31 17:09:23,542 [main] INFO  com.netflix.discovery.DiscoveryClient              - Client configured to neither register nor query for data.
2025-07-31 17:09:23,543 [main] INFO  com.netflix.discovery.DiscoveryClient              - Discovery Client initialized at timestamp 1753996163543 with initial instances count: 0
2025-07-31 17:09:23,548 [main] INFO  o.s.c.n.e.s.EurekaServiceRegistry                  - Registering application NOTIFICATION-SERVICE with eureka with status UP
2025-07-31 17:09:23,549 [main] INFO  o.apache.coyote.http11.Http11NioProtocol           - Starting ProtocolHandler ["http-nio-8080"]
2025-07-31 17:09:23,564 [main] INFO  o.s.b.w.embedded.tomcat.TomcatWebServer            - Tomcat started on port 8080 (http) with context path '/notification-service'
2025-07-31 17:09:23,564 [main] INFO  o.s.c.n.e.s.EurekaAutoServiceRegistration          - Updating port to 8080
2025-07-31 17:09:23,581 [main] INFO  edu.market.notification.App                        - Started App in 8.96 seconds (process running for 9.557)
2025-07-31 17:09:26,995 [http-nio-8080-exec-1] INFO  o.a.c.c.C.[.[.[/notification-service]              - Initializing Spring DispatcherServlet 'dispatcherServlet'
2025-07-31 17:09:26,995 [http-nio-8080-exec-1] INFO  o.s.web.servlet.DispatcherServlet                  - Initializing Servlet 'dispatcherServlet'
2025-07-31 17:09:26,995 [http-nio-8080-exec-1] INFO  o.s.web.servlet.DispatcherServlet                  - Completed initialization in 0 ms
2025-07-31 17:09:27,064 [http-nio-8080-exec-1] INFO  e.m.n.i.a.i.w.c.NotificationController             - sendNotification - init
2025-07-31 17:09:27,064 [http-nio-8080-exec-1] DEBUG e.m.n.i.a.i.w.c.NotificationController             - sendNotification - Call notificationMapper.toNotificationCommand
2025-07-31 17:09:27,064 [http-nio-8080-exec-1] INFO  e.m.n.i.a.i.w.m.NotificationInputMapper            - toNotificationCommand - init
2025-07-31 17:09:27,065 [http-nio-8080-exec-1] INFO  e.m.n.i.a.i.w.m.NotificationInputMapper            - toNotificationCommand - end
2025-07-31 17:09:27,065 [http-nio-8080-exec-1] DEBUG e.m.n.i.a.i.w.c.NotificationController             - sendNotification - Create ClientContextCommand
2025-07-31 17:09:27,065 [http-nio-8080-exec-1] DEBUG e.m.n.i.a.i.web.util.RequestContextUtil            - Obteniendo IP del cliente
2025-07-31 17:09:27,066 [http-nio-8080-exec-1] DEBUG e.m.n.i.a.i.web.util.RequestContextUtil            - Obteniendo User-Agent del cliente
2025-07-31 17:09:27,066 [http-nio-8080-exec-1] DEBUG e.m.n.i.a.i.web.util.RequestContextUtil            - Obteniendo ruta de la petición
2025-07-31 17:09:27,066 [http-nio-8080-exec-1] DEBUG e.m.n.i.a.i.w.c.NotificationController             - sendNotification - Call sendNotificationUseCase.send
2025-07-31 17:09:27,066 [http-nio-8080-exec-1] INFO  e.m.n.i.a.o.monitoring.LoggingAdapter              - send - Init
2025-07-31 17:09:34,449 [http-nio-8080-exec-1] INFO  e.m.n.i.a.o.p.m.NotificationOutputMapper           - toEntity - Init
2025-07-31 17:09:41,549 [http-nio-8080-exec-1] INFO  e.m.n.i.a.o.p.m.NotificationOutputMapper           - toEntity - End
2025-07-31 17:10:10,460 [http-nio-8080-exec-1] DEBUG e.m.n.i.a.o.monitoring.LoggingAdapter              - send - Notification saved with ID: 7675ac64-2eb1-4f1d-8cbe-f9bd84ee2423, channels: [SMS, EMAIL]
2025-07-31 17:10:10,460 [http-nio-8080-exec-1] DEBUG e.m.n.i.a.o.s.NotificationChannelServiceAdapter    - NotificationChannelServiceAdapter.isAvailable - Verificando disponibilidad del canal DEFAULT
2025-07-31 17:10:10,460 [http-nio-8080-exec-1] DEBUG e.m.n.i.a.o.monitoring.LoggingAdapter              - send - Call notificationChannel.send
2025-07-31 17:10:10,460 [http-nio-8080-exec-1] INFO  e.m.n.i.a.o.s.NotificationChannelServiceAdapter    - NotificationChannelServiceAdapter.send - Enviando notificación 7675ac64-2eb1-4f1d-8cbe-f9bd84ee2423 por canal DEFAULT
2025-07-31 17:10:10,463 [http-nio-8080-exec-1] INFO  e.m.n.i.a.o.s.NotificationChannelServiceAdapter    - NotificationChannelServiceAdapter.send - Notificación 7675ac64-2eb1-4f1d-8cbe-f9bd84ee2423 enviada exitosamente
2025-07-31 17:10:10,465 [http-nio-8080-exec-1] DEBUG e.m.n.i.a.o.monitoring.LoggingAdapter              - send - Mark notification as sent
2025-07-31 17:10:10,466 [http-nio-8080-exec-1] DEBUG e.m.n.i.a.o.monitoring.LoggingAdapter              - send - Call notificationRepository.save for updated notification
2025-07-31 17:10:20,042 [http-nio-8080-exec-1] INFO  e.m.n.i.a.o.p.m.NotificationOutputMapper           - toEntity - Init
2025-07-31 17:10:20,044 [http-nio-8080-exec-1] INFO  e.m.n.i.a.o.p.m.NotificationOutputMapper           - toEntity - End
2025-07-31 17:10:20,064 [http-nio-8080-exec-1] WARN  o.h.engine.jdbc.spi.SqlExceptionHelper             - SQL Error: 23505, SQLState: 23505
2025-07-31 17:10:20,065 [http-nio-8080-exec-1] ERROR o.h.engine.jdbc.spi.SqlExceptionHelper             - Violación de indice de Unicidad ó Clave primaria: "PUBLIC.UK_NOTIFICATIONS_UUID_INDEX_C ON PUBLIC.NOTIFICATIONS(UUID NULLS FIRST) VALUES ( /* 1 */ UUID '7675ac64-2eb1-4f1d-8cbe-f9bd84ee2423' )"
Unique index or primary key violation: "PUBLIC.UK_NOTIFICATIONS_UUID_INDEX_C ON PUBLIC.NOTIFICATIONS(UUID NULLS FIRST) VALUES ( /* 1 */ UUID '7675ac64-2eb1-4f1d-8cbe-f9bd84ee2423' )"; SQL statement:
insert into notifications (content_attributes,content_body,created_at,error_message,priority,recipient_attributes,recipient_device_token,recipient_email,recipient_phone,recipient_user_id,requester_id,retry_count,scheduled_for,sent_at,source_service,status,subject,template_id,uuid,id) values (?,?,?,?,?,?,?,?,?,?,?,?,?,?,?,?,?,?,?,default) [23505-232]
2025-07-31 17:10:20,103 [http-nio-8080-exec-1] ERROR e.m.n.i.a.o.monitoring.LoggingAdapter              - send - Exception occurred
org.springframework.dao.DataIntegrityViolationException: could not execute statement [Violación de indice de Unicidad ó Clave primaria: "PUBLIC.UK_NOTIFICATIONS_UUID_INDEX_C ON PUBLIC.NOTIFICATIONS(UUID NULLS FIRST) VALUES ( /* 1 */ UUID '7675ac64-2eb1-4f1d-8cbe-f9bd84ee2423' )"
Unique index or primary key violation: "PUBLIC.UK_NOTIFICATIONS_UUID_INDEX_C ON PUBLIC.NOTIFICATIONS(UUID NULLS FIRST) VALUES ( /* 1 */ UUID '7675ac64-2eb1-4f1d-8cbe-f9bd84ee2423' )"; SQL statement:
insert into notifications (content_attributes,content_body,created_at,error_message,priority,recipient_attributes,recipient_device_token,recipient_email,recipient_phone,recipient_user_id,requester_id,retry_count,scheduled_for,sent_at,source_service,status,subject,template_id,uuid,id) values (?,?,?,?,?,?,?,?,?,?,?,?,?,?,?,?,?,?,?,default) [23505-232]] [insert into notifications (content_attributes,content_body,created_at,error_message,priority,recipient_attributes,recipient_device_token,recipient_email,recipient_phone,recipient_user_id,requester_id,retry_count,scheduled_for,sent_at,source_service,status,subject,template_id,uuid,id) values (?,?,?,?,?,?,?,?,?,?,?,?,?,?,?,?,?,?,?,default)]; SQL [insert into notifications (content_attributes,content_body,created_at,error_message,priority,recipient_attributes,recipient_device_token,recipient_email,recipient_phone,recipient_user_id,requester_id,retry_count,scheduled_for,sent_at,source_service,status,subject,template_id,uuid,id) values (?,?,?,?,?,?,?,?,?,?,?,?,?,?,?,?,?,?,?,default)]; constraint [PUBLIC.UK_NOTIFICATIONS_UUID_INDEX_C]
	at org.springframework.orm.jpa.vendor.HibernateJpaDialect.convertHibernateAccessException(HibernateJpaDialect.java:294)
	at org.springframework.orm.jpa.vendor.HibernateJpaDialect.convertHibernateAccessException(HibernateJpaDialect.java:256)
	at org.springframework.orm.jpa.vendor.HibernateJpaDialect.translateExceptionIfPossible(HibernateJpaDialect.java:241)
	at org.springframework.orm.jpa.AbstractEntityManagerFactoryBean.translateExceptionIfPossible(AbstractEntityManagerFactoryBean.java:560)
	at org.springframework.dao.support.ChainedPersistenceExceptionTranslator.translateExceptionIfPossible(ChainedPersistenceExceptionTranslator.java:61)
	at org.springframework.dao.support.DataAccessUtils.translateIfNecessary(DataAccessUtils.java:343)
	at org.springframework.dao.support.PersistenceExceptionTranslationInterceptor.invoke(PersistenceExceptionTranslationInterceptor.java:160)
	at org.springframework.aop.framework.ReflectiveMethodInvocation.proceed(ReflectiveMethodInvocation.java:184)
	at org.springframework.data.jpa.repository.support.CrudMethodMetadataPostProcessor$CrudMethodMetadataPopulatingMethodInterceptor.invoke(CrudMethodMetadataPostProcessor.java:165)
	at org.springframework.aop.framework.ReflectiveMethodInvocation.proceed(ReflectiveMethodInvocation.java:184)
	at org.springframework.aop.framework.JdkDynamicAopProxy.invoke(JdkDynamicAopProxy.java:223)
	at jdk.proxy2/jdk.proxy2.$Proxy186.save(Unknown Source)
	at edu.market.notification.infrastructure.adapter.output.persistence.NotificationRepositoryAdapter.save(NotificationRepositoryAdapter.java:36)
	at java.base/jdk.internal.reflect.DirectMethodHandleAccessor.invoke(DirectMethodHandleAccessor.java:103)
	at java.base/java.lang.reflect.Method.invoke(Method.java:580)
	at org.springframework.aop.support.AopUtils.invokeJoinpointUsingReflection(AopUtils.java:359)
	at org.springframework.aop.framework.ReflectiveMethodInvocation.invokeJoinpoint(ReflectiveMethodInvocation.java:196)
	at org.springframework.aop.framework.ReflectiveMethodInvocation.proceed(ReflectiveMethodInvocation.java:163)
	at org.springframework.transaction.interceptor.TransactionAspectSupport.invokeWithinTransaction(TransactionAspectSupport.java:380)
	at org.springframework.transaction.interceptor.TransactionInterceptor.invoke(TransactionInterceptor.java:119)
	at org.springframework.aop.framework.ReflectiveMethodInvocation.proceed(ReflectiveMethodInvocation.java:184)
	at org.springframework.aop.framework.CglibAopProxy$DynamicAdvisedInterceptor.intercept(CglibAopProxy.java:728)
	at edu.market.notification.infrastructure.adapter.output.persistence.NotificationRepositoryAdapter$$SpringCGLIB$$0.save(<generated>)
	at edu.market.notification.application.usecase.notification.SendNotificationUseCase.send(SendNotificationUseCase.java:106)
	at edu.market.notification.infrastructure.adapter.input.web.controller.NotificationController.sendNotification(NotificationController.java:156)
	at java.base/jdk.internal.reflect.DirectMethodHandleAccessor.invoke(DirectMethodHandleAccessor.java:103)
	at java.base/java.lang.reflect.Method.invoke(Method.java:580)
	at org.springframework.web.method.support.InvocableHandlerMethod.doInvoke(InvocableHandlerMethod.java:258)
	at org.springframework.web.method.support.InvocableHandlerMethod.invokeForRequest(InvocableHandlerMethod.java:191)
	at org.springframework.web.servlet.mvc.method.annotation.ServletInvocableHandlerMethod.invokeAndHandle(ServletInvocableHandlerMethod.java:118)
	at org.springframework.web.servlet.mvc.method.annotation.RequestMappingHandlerAdapter.invokeHandlerMethod(RequestMappingHandlerAdapter.java:986)
	at org.springframework.web.servlet.mvc.method.annotation.RequestMappingHandlerAdapter.handleInternal(RequestMappingHandlerAdapter.java:891)
	at org.springframework.web.servlet.mvc.method.AbstractHandlerMethodAdapter.handle(AbstractHandlerMethodAdapter.java:87)
	at org.springframework.web.servlet.DispatcherServlet.doDispatch(DispatcherServlet.java:1089)
	at org.springframework.web.servlet.DispatcherServlet.doService(DispatcherServlet.java:979)
	at org.springframework.web.servlet.FrameworkServlet.processRequest(FrameworkServlet.java:1014)
	at org.springframework.web.servlet.FrameworkServlet.doPost(FrameworkServlet.java:914)
	at jakarta.servlet.http.HttpServlet.service(HttpServlet.java:590)
	at org.springframework.web.servlet.FrameworkServlet.service(FrameworkServlet.java:885)
	at jakarta.servlet.http.HttpServlet.service(HttpServlet.java:658)
	at org.apache.catalina.core.ApplicationFilterChain.internalDoFilter(ApplicationFilterChain.java:195)
	at org.apache.catalina.core.ApplicationFilterChain.doFilter(ApplicationFilterChain.java:140)
	at org.apache.tomcat.websocket.server.WsFilter.doFilter(WsFilter.java:51)
	at org.apache.catalina.core.ApplicationFilterChain.internalDoFilter(ApplicationFilterChain.java:164)
	at org.apache.catalina.core.ApplicationFilterChain.doFilter(ApplicationFilterChain.java:140)
	at org.springframework.web.filter.CompositeFilter$VirtualFilterChain.doFilter(CompositeFilter.java:108)
	at org.springframework.security.web.FilterChainProxy.lambda$doFilterInternal$3(FilterChainProxy.java:231)
	at org.springframework.security.web.ObservationFilterChainDecorator$FilterObservation$SimpleFilterObservation.lambda$wrap$1(ObservationFilterChainDecorator.java:479)
	at org.springframework.security.web.ObservationFilterChainDecorator$AroundFilterObservation$SimpleAroundFilterObservation.lambda$wrap$1(ObservationFilterChainDecorator.java:340)
	at org.springframework.security.web.ObservationFilterChainDecorator.lambda$wrapSecured$0(ObservationFilterChainDecorator.java:82)
	at org.springframework.security.web.ObservationFilterChainDecorator$VirtualFilterChain.doFilter(ObservationFilterChainDecorator.java:128)
	at org.springframework.security.web.access.intercept.AuthorizationFilter.doFilter(AuthorizationFilter.java:101)
	at org.springframework.security.web.ObservationFilterChainDecorator$ObservationFilter.wrapFilter(ObservationFilterChainDecorator.java:240)
	at org.springframework.security.web.ObservationFilterChainDecorator$ObservationFilter.doFilter(ObservationFilterChainDecorator.java:227)
	at org.springframework.security.web.ObservationFilterChainDecorator$VirtualFilterChain.doFilter(ObservationFilterChainDecorator.java:137)
	at org.springframework.security.web.access.ExceptionTranslationFilter.doFilter(ExceptionTranslationFilter.java:126)
	at org.springframework.security.web.access.ExceptionTranslationFilter.doFilter(ExceptionTranslationFilter.java:120)
	at org.springframework.security.web.ObservationFilterChainDecorator$ObservationFilter.wrapFilter(ObservationFilterChainDecorator.java:240)
	at org.springframework.security.web.ObservationFilterChainDecorator$ObservationFilter.doFilter(ObservationFilterChainDecorator.java:227)
	at org.springframework.security.web.ObservationFilterChainDecorator$VirtualFilterChain.doFilter(ObservationFilterChainDecorator.java:137)
	at org.springframework.security.web.authentication.AnonymousAuthenticationFilter.doFilter(AnonymousAuthenticationFilter.java:100)
	at org.springframework.security.web.ObservationFilterChainDecorator$ObservationFilter.wrapFilter(ObservationFilterChainDecorator.java:240)
	at org.springframework.security.web.ObservationFilterChainDecorator$ObservationFilter.doFilter(ObservationFilterChainDecorator.java:227)
	at org.springframework.security.web.ObservationFilterChainDecorator$VirtualFilterChain.doFilter(ObservationFilterChainDecorator.java:137)
	at org.springframework.security.web.servletapi.SecurityContextHolderAwareRequestFilter.doFilter(SecurityContextHolderAwareRequestFilter.java:179)
	at org.springframework.security.web.ObservationFilterChainDecorator$ObservationFilter.wrapFilter(ObservationFilterChainDecorator.java:240)
	at org.springframework.security.web.ObservationFilterChainDecorator$ObservationFilter.doFilter(ObservationFilterChainDecorator.java:227)
	at org.springframework.security.web.ObservationFilterChainDecorator$VirtualFilterChain.doFilter(ObservationFilterChainDecorator.java:137)
	at org.springframework.security.web.savedrequest.RequestCacheAwareFilter.doFilter(RequestCacheAwareFilter.java:63)
	at org.springframework.security.web.ObservationFilterChainDecorator$ObservationFilter.wrapFilter(ObservationFilterChainDecorator.java:240)
	at org.springframework.security.web.ObservationFilterChainDecorator$ObservationFilter.doFilter(ObservationFilterChainDecorator.java:227)
	at org.springframework.security.web.ObservationFilterChainDecorator$VirtualFilterChain.doFilter(ObservationFilterChainDecorator.java:137)
	at org.springframework.security.web.authentication.logout.LogoutFilter.doFilter(LogoutFilter.java:107)
	at org.springframework.security.web.authentication.logout.LogoutFilter.doFilter(LogoutFilter.java:93)
	at org.springframework.security.web.ObservationFilterChainDecorator$ObservationFilter.wrapFilter(ObservationFilterChainDecorator.java:240)
	at org.springframework.security.web.ObservationFilterChainDecorator$ObservationFilter.doFilter(ObservationFilterChainDecorator.java:227)
	at org.springframework.security.web.ObservationFilterChainDecorator$VirtualFilterChain.doFilter(ObservationFilterChainDecorator.java:137)
	at org.springframework.security.web.header.HeaderWriterFilter.doHeadersAfter(HeaderWriterFilter.java:90)
	at org.springframework.security.web.header.HeaderWriterFilter.doFilterInternal(HeaderWriterFilter.java:75)
	at org.springframework.web.filter.OncePerRequestFilter.doFilter(OncePerRequestFilter.java:116)
	at org.springframework.security.web.ObservationFilterChainDecorator$ObservationFilter.wrapFilter(ObservationFilterChainDecorator.java:240)
	at org.springframework.security.web.ObservationFilterChainDecorator$ObservationFilter.doFilter(ObservationFilterChainDecorator.java:227)
	at org.springframework.security.web.ObservationFilterChainDecorator$VirtualFilterChain.doFilter(ObservationFilterChainDecorator.java:137)
	at org.springframework.security.web.context.SecurityContextHolderFilter.doFilter(SecurityContextHolderFilter.java:82)
	at org.springframework.security.web.context.SecurityContextHolderFilter.doFilter(SecurityContextHolderFilter.java:69)
	at org.springframework.security.web.ObservationFilterChainDecorator$ObservationFilter.wrapFilter(ObservationFilterChainDecorator.java:240)
	at org.springframework.security.web.ObservationFilterChainDecorator$ObservationFilter.doFilter(ObservationFilterChainDecorator.java:227)
	at org.springframework.security.web.ObservationFilterChainDecorator$VirtualFilterChain.doFilter(ObservationFilterChainDecorator.java:137)
	at org.springframework.security.web.context.request.async.WebAsyncManagerIntegrationFilter.doFilterInternal(WebAsyncManagerIntegrationFilter.java:62)
	at org.springframework.web.filter.OncePerRequestFilter.doFilter(OncePerRequestFilter.java:116)
	at org.springframework.security.web.ObservationFilterChainDecorator$ObservationFilter.wrapFilter(ObservationFilterChainDecorator.java:240)
	at org.springframework.security.web.ObservationFilterChainDecorator$ObservationFilter.doFilter(ObservationFilterChainDecorator.java:227)
	at org.springframework.security.web.ObservationFilterChainDecorator$VirtualFilterChain.doFilter(ObservationFilterChainDecorator.java:137)
	at org.springframework.security.web.session.DisableEncodeUrlFilter.doFilterInternal(DisableEncodeUrlFilter.java:42)
	at org.springframework.web.filter.OncePerRequestFilter.doFilter(OncePerRequestFilter.java:116)
	at org.springframework.security.web.ObservationFilterChainDecorator$ObservationFilter.wrapFilter(ObservationFilterChainDecorator.java:240)
	at org.springframework.security.web.ObservationFilterChainDecorator$AroundFilterObservation$SimpleAroundFilterObservation.lambda$wrap$0(ObservationFilterChainDecorator.java:323)
	at org.springframework.security.web.ObservationFilterChainDecorator$ObservationFilter.doFilter(ObservationFilterChainDecorator.java:224)
	at org.springframework.security.web.ObservationFilterChainDecorator$VirtualFilterChain.doFilter(ObservationFilterChainDecorator.java:137)
	at org.springframework.security.web.FilterChainProxy.doFilterInternal(FilterChainProxy.java:233)
	at org.springframework.security.web.FilterChainProxy.doFilter(FilterChainProxy.java:191)
	at org.springframework.web.filter.CompositeFilter$VirtualFilterChain.doFilter(CompositeFilter.java:113)
	at org.springframework.web.servlet.handler.HandlerMappingIntrospector.lambda$createCacheFilter$3(HandlerMappingIntrospector.java:243)
	at org.springframework.web.filter.CompositeFilter$VirtualFilterChain.doFilter(CompositeFilter.java:113)
	at org.springframework.web.filter.CompositeFilter.doFilter(CompositeFilter.java:74)
	at org.springframework.security.config.annotation.web.configuration.WebMvcSecurityConfiguration$CompositeFilterChainProxy.doFilter(WebMvcSecurityConfiguration.java:238)
	at org.springframework.web.filter.DelegatingFilterProxy.invokeDelegate(DelegatingFilterProxy.java:362)
	at org.springframework.web.filter.DelegatingFilterProxy.doFilter(DelegatingFilterProxy.java:278)
	at org.apache.catalina.core.ApplicationFilterChain.internalDoFilter(ApplicationFilterChain.java:164)
	at org.apache.catalina.core.ApplicationFilterChain.doFilter(ApplicationFilterChain.java:140)
	at org.springframework.web.filter.RequestContextFilter.doFilterInternal(RequestContextFilter.java:100)
	at org.springframework.web.filter.OncePerRequestFilter.doFilter(OncePerRequestFilter.java:116)
	at org.apache.catalina.core.ApplicationFilterChain.internalDoFilter(ApplicationFilterChain.java:164)
	at org.apache.catalina.core.ApplicationFilterChain.doFilter(ApplicationFilterChain.java:140)
	at org.springframework.web.filter.FormContentFilter.doFilterInternal(FormContentFilter.java:93)
	at org.springframework.web.filter.OncePerRequestFilter.doFilter(OncePerRequestFilter.java:116)
	at org.apache.catalina.core.ApplicationFilterChain.internalDoFilter(ApplicationFilterChain.java:164)
	at org.apache.catalina.core.ApplicationFilterChain.doFilter(ApplicationFilterChain.java:140)
	at org.springframework.web.filter.ServerHttpObservationFilter.doFilterInternal(ServerHttpObservationFilter.java:114)
	at org.springframework.web.filter.OncePerRequestFilter.doFilter(OncePerRequestFilter.java:116)
	at org.apache.catalina.core.ApplicationFilterChain.internalDoFilter(ApplicationFilterChain.java:164)
	at org.apache.catalina.core.ApplicationFilterChain.doFilter(ApplicationFilterChain.java:140)
	at org.springframework.web.filter.CharacterEncodingFilter.doFilterInternal(CharacterEncodingFilter.java:201)
	at org.springframework.web.filter.OncePerRequestFilter.doFilter(OncePerRequestFilter.java:116)
	at org.apache.catalina.core.ApplicationFilterChain.internalDoFilter(ApplicationFilterChain.java:164)
	at org.apache.catalina.core.ApplicationFilterChain.doFilter(ApplicationFilterChain.java:140)
	at org.apache.catalina.core.StandardWrapperValve.invoke(StandardWrapperValve.java:167)
	at org.apache.catalina.core.StandardContextValve.invoke(StandardContextValve.java:90)
	at org.apache.catalina.authenticator.AuthenticatorBase.invoke(AuthenticatorBase.java:483)
	at org.apache.catalina.core.StandardHostValve.invoke(StandardHostValve.java:116)
	at org.apache.catalina.valves.ErrorReportValve.invoke(ErrorReportValve.java:93)
	at org.apache.catalina.core.StandardEngineValve.invoke(StandardEngineValve.java:74)
	at org.apache.catalina.connector.CoyoteAdapter.service(CoyoteAdapter.java:344)
	at org.apache.coyote.http11.Http11Processor.service(Http11Processor.java:398)
	at org.apache.coyote.AbstractProcessorLight.process(AbstractProcessorLight.java:63)
	at org.apache.coyote.AbstractProtocol$ConnectionHandler.process(AbstractProtocol.java:903)
	at org.apache.tomcat.util.net.NioEndpoint$SocketProcessor.doRun(NioEndpoint.java:1740)
	at org.apache.tomcat.util.net.SocketProcessorBase.run(SocketProcessorBase.java:52)
	at org.apache.tomcat.util.threads.ThreadPoolExecutor.runWorker(ThreadPoolExecutor.java:1189)
	at org.apache.tomcat.util.threads.ThreadPoolExecutor$Worker.run(ThreadPoolExecutor.java:658)
	at org.apache.tomcat.util.threads.TaskThread$WrappingRunnable.run(TaskThread.java:63)
	at java.base/java.lang.Thread.run(Thread.java:1583)
Caused by: org.hibernate.exception.ConstraintViolationException: could not execute statement [Violación de indice de Unicidad ó Clave primaria: "PUBLIC.UK_NOTIFICATIONS_UUID_INDEX_C ON PUBLIC.NOTIFICATIONS(UUID NULLS FIRST) VALUES ( /* 1 */ UUID '7675ac64-2eb1-4f1d-8cbe-f9bd84ee2423' )"
Unique index or primary key violation: "PUBLIC.UK_NOTIFICATIONS_UUID_INDEX_C ON PUBLIC.NOTIFICATIONS(UUID NULLS FIRST) VALUES ( /* 1 */ UUID '7675ac64-2eb1-4f1d-8cbe-f9bd84ee2423' )"; SQL statement:
insert into notifications (content_attributes,content_body,created_at,error_message,priority,recipient_attributes,recipient_device_token,recipient_email,recipient_phone,recipient_user_id,requester_id,retry_count,scheduled_for,sent_at,source_service,status,subject,template_id,uuid,id) values (?,?,?,?,?,?,?,?,?,?,?,?,?,?,?,?,?,?,?,default) [23505-232]] [insert into notifications (content_attributes,content_body,created_at,error_message,priority,recipient_attributes,recipient_device_token,recipient_email,recipient_phone,recipient_user_id,requester_id,retry_count,scheduled_for,sent_at,source_service,status,subject,template_id,uuid,id) values (?,?,?,?,?,?,?,?,?,?,?,?,?,?,?,?,?,?,?,default)]
	at org.hibernate.dialect.H2Dialect.lambda$buildSQLExceptionConversionDelegate$3(H2Dialect.java:759)
	at org.hibernate.exception.internal.StandardSQLExceptionConverter.convert(StandardSQLExceptionConverter.java:58)
	at org.hibernate.engine.jdbc.spi.SqlExceptionHelper.convert(SqlExceptionHelper.java:108)
	at org.hibernate.engine.jdbc.internal.ResultSetReturnImpl.executeUpdate(ResultSetReturnImpl.java:197)
	at org.hibernate.id.insert.GetGeneratedKeysDelegate.performMutation(GetGeneratedKeysDelegate.java:116)
	at org.hibernate.engine.jdbc.mutation.internal.MutationExecutorSingleNonBatched.performNonBatchedOperations(MutationExecutorSingleNonBatched.java:47)
	at org.hibernate.engine.jdbc.mutation.internal.AbstractMutationExecutor.execute(AbstractMutationExecutor.java:55)
	at org.hibernate.persister.entity.mutation.InsertCoordinatorStandard.doStaticInserts(InsertCoordinatorStandard.java:194)
	at org.hibernate.persister.entity.mutation.InsertCoordinatorStandard.coordinateInsert(InsertCoordinatorStandard.java:132)
	at org.hibernate.persister.entity.mutation.InsertCoordinatorStandard.insert(InsertCoordinatorStandard.java:95)
	at org.hibernate.action.internal.EntityIdentityInsertAction.execute(EntityIdentityInsertAction.java:85)
	at org.hibernate.engine.spi.ActionQueue.execute(ActionQueue.java:682)
	at org.hibernate.engine.spi.ActionQueue.addResolvedEntityInsertAction(ActionQueue.java:293)
	at org.hibernate.engine.spi.ActionQueue.addInsertAction(ActionQueue.java:274)
	at org.hibernate.engine.spi.ActionQueue.addAction(ActionQueue.java:324)
	at org.hibernate.event.internal.AbstractSaveEventListener.addInsertAction(AbstractSaveEventListener.java:393)
	at org.hibernate.event.internal.AbstractSaveEventListener.performSaveOrReplicate(AbstractSaveEventListener.java:307)
	at org.hibernate.event.internal.AbstractSaveEventListener.performSave(AbstractSaveEventListener.java:223)
	at org.hibernate.event.internal.AbstractSaveEventListener.saveWithGeneratedId(AbstractSaveEventListener.java:136)
	at org.hibernate.event.internal.DefaultPersistEventListener.entityIsTransient(DefaultPersistEventListener.java:177)
	at org.hibernate.event.internal.DefaultPersistEventListener.persist(DefaultPersistEventListener.java:95)
	at org.hibernate.event.internal.DefaultPersistEventListener.onPersist(DefaultPersistEventListener.java:79)
	at org.hibernate.event.internal.DefaultPersistEventListener.onPersist(DefaultPersistEventListener.java:55)
	at org.hibernate.event.service.internal.EventListenerGroupImpl.fireEventOnEachListener(EventListenerGroupImpl.java:127)
	at org.hibernate.internal.SessionImpl.firePersist(SessionImpl.java:761)
	at org.hibernate.internal.SessionImpl.persist(SessionImpl.java:745)
	at java.base/jdk.internal.reflect.DirectMethodHandleAccessor.invoke(DirectMethodHandleAccessor.java:103)
	at java.base/java.lang.reflect.Method.invoke(Method.java:580)
	at org.springframework.orm.jpa.ExtendedEntityManagerCreator$ExtendedEntityManagerInvocationHandler.invoke(ExtendedEntityManagerCreator.java:364)
	at jdk.proxy2/jdk.proxy2.$Proxy175.persist(Unknown Source)
	at java.base/jdk.internal.reflect.DirectMethodHandleAccessor.invoke(DirectMethodHandleAccessor.java:103)
	at java.base/java.lang.reflect.Method.invoke(Method.java:580)
	at org.springframework.orm.jpa.SharedEntityManagerCreator$SharedEntityManagerInvocationHandler.invoke(SharedEntityManagerCreator.java:320)
	at jdk.proxy2/jdk.proxy2.$Proxy175.persist(Unknown Source)
	at org.springframework.data.jpa.repository.support.SimpleJpaRepository.save(SimpleJpaRepository.java:636)
	at java.base/jdk.internal.reflect.DirectMethodHandleAccessor.invoke(DirectMethodHandleAccessor.java:103)
	at java.base/java.lang.reflect.Method.invoke(Method.java:580)
	at org.springframework.aop.support.AopUtils.invokeJoinpointUsingReflection(AopUtils.java:359)
	at org.springframework.data.repository.core.support.RepositoryMethodInvoker$RepositoryFragmentMethodInvoker.lambda$new$0(RepositoryMethodInvoker.java:277)
	at org.springframework.data.repository.core.support.RepositoryMethodInvoker.doInvoke(RepositoryMethodInvoker.java:170)
	at org.springframework.data.repository.core.support.RepositoryMethodInvoker.invoke(RepositoryMethodInvoker.java:158)
	at org.springframework.data.repository.core.support.RepositoryComposition$RepositoryFragments.invoke(RepositoryComposition.java:515)
	at org.springframework.data.repository.core.support.RepositoryComposition.invoke(RepositoryComposition.java:284)
	at org.springframework.data.repository.core.support.RepositoryFactorySupport$ImplementationMethodExecutionInterceptor.invoke(RepositoryFactorySupport.java:731)
	at org.springframework.aop.framework.ReflectiveMethodInvocation.proceed(ReflectiveMethodInvocation.java:184)
	at org.springframework.data.repository.core.support.QueryExecutorMethodInterceptor.doInvoke(QueryExecutorMethodInterceptor.java:174)
	at org.springframework.data.repository.core.support.QueryExecutorMethodInterceptor.invoke(QueryExecutorMethodInterceptor.java:149)
	at org.springframework.aop.framework.ReflectiveMethodInvocation.proceed(ReflectiveMethodInvocation.java:184)
	at org.springframework.data.projection.DefaultMethodInvokingMethodInterceptor.invoke(DefaultMethodInvokingMethodInterceptor.java:69)
	at org.springframework.aop.framework.ReflectiveMethodInvocation.proceed(ReflectiveMethodInvocation.java:184)
	at org.springframework.transaction.interceptor.TransactionAspectSupport.invokeWithinTransaction(TransactionAspectSupport.java:380)
	at org.springframework.transaction.interceptor.TransactionInterceptor.invoke(TransactionInterceptor.java:119)
	at org.springframework.aop.framework.ReflectiveMethodInvocation.proceed(ReflectiveMethodInvocation.java:184)
	at org.springframework.dao.support.PersistenceExceptionTranslationInterceptor.invoke(PersistenceExceptionTranslationInterceptor.java:138)
	... 135 common frames omitted
Caused by: org.h2.jdbc.JdbcSQLIntegrityConstraintViolationException: Violación de indice de Unicidad ó Clave primaria: "PUBLIC.UK_NOTIFICATIONS_UUID_INDEX_C ON PUBLIC.NOTIFICATIONS(UUID NULLS FIRST) VALUES ( /* 1 */ UUID '7675ac64-2eb1-4f1d-8cbe-f9bd84ee2423' )"
Unique index or primary key violation: "PUBLIC.UK_NOTIFICATIONS_UUID_INDEX_C ON PUBLIC.NOTIFICATIONS(UUID NULLS FIRST) VALUES ( /* 1 */ UUID '7675ac64-2eb1-4f1d-8cbe-f9bd84ee2423' )"; SQL statement:
insert into notifications (content_attributes,content_body,created_at,error_message,priority,recipient_attributes,recipient_device_token,recipient_email,recipient_phone,recipient_user_id,requester_id,retry_count,scheduled_for,sent_at,source_service,status,subject,template_id,uuid,id) values (?,?,?,?,?,?,?,?,?,?,?,?,?,?,?,?,?,?,?,default) [23505-232]
	at org.h2.message.DbException.getJdbcSQLException(DbException.java:520)
	at org.h2.message.DbException.getJdbcSQLException(DbException.java:489)
	at org.h2.message.DbException.get(DbException.java:223)
	at org.h2.message.DbException.get(DbException.java:199)
	at org.h2.index.Index.getDuplicateKeyException(Index.java:523)
	at org.h2.mvstore.db.MVSecondaryIndex.checkUnique(MVSecondaryIndex.java:223)
	at org.h2.mvstore.db.MVSecondaryIndex.add(MVSecondaryIndex.java:184)
	at org.h2.mvstore.db.MVTable.addRow(MVTable.java:517)
	at org.h2.command.dml.Insert.insertRows(Insert.java:174)
	at org.h2.command.dml.Insert.update(Insert.java:135)
	at org.h2.command.CommandContainer.executeUpdateWithGeneratedKeys(CommandContainer.java:212)
	at org.h2.command.CommandContainer.update(CommandContainer.java:133)
	at org.h2.command.Command.executeUpdate(Command.java:304)
	at org.h2.command.Command.executeUpdate(Command.java:248)
	at org.h2.jdbc.JdbcPreparedStatement.executeUpdateInternal(JdbcPreparedStatement.java:213)
	at org.h2.jdbc.JdbcPreparedStatement.executeUpdate(JdbcPreparedStatement.java:172)
	at com.zaxxer.hikari.pool.ProxyPreparedStatement.executeUpdate(ProxyPreparedStatement.java:61)
	at com.zaxxer.hikari.pool.HikariProxyPreparedStatement.executeUpdate(HikariProxyPreparedStatement.java)
	at org.hibernate.engine.jdbc.internal.ResultSetReturnImpl.executeUpdate(ResultSetReturnImpl.java:194)
	... 185 common frames omitted
2025-07-31 17:10:20,126 [http-nio-8080-exec-1] DEBUG e.m.n.i.a.o.monitoring.LoggingAdapter              - send - Call saveFailedEventToOutbox
2025-07-31 17:10:20,126 [http-nio-8080-exec-1] DEBUG e.m.n.i.a.o.monitoring.LoggingAdapter              - saveFailedEventToOutbox - Saving failed event to outbox for notification: 7675ac64-2eb1-4f1d-8cbe-f9bd84ee2423, error: Error sending notification: could not execute statement [Violación de indice de Unicidad ó Clave primaria: "PUBLIC.UK_NOTIFICATIONS_UUID_INDEX_C ON PUBLIC.NOTIFICATIONS(UUID NULLS FIRST) VALUES ( /* 1 */ UUID '7675ac64-2eb1-4f1d-8cbe-f9bd84ee2423' )"
Unique index or primary key violation: "PUBLIC.UK_NOTIFICATIONS_UUID_INDEX_C ON PUBLIC.NOTIFICATIONS(UUID NULLS FIRST) VALUES ( /* 1 */ UUID '7675ac64-2eb1-4f1d-8cbe-f9bd84ee2423' )"; SQL statement:
insert into notifications (content_attributes,content_body,created_at,error_message,priority,recipient_attributes,recipient_device_token,recipient_email,recipient_phone,recipient_user_id,requester_id,retry_count,scheduled_for,sent_at,source_service,status,subject,template_id,uuid,id) values (?,?,?,?,?,?,?,?,?,?,?,?,?,?,?,?,?,?,?,default) [23505-232]] [insert into notifications (content_attributes,content_body,created_at,error_message,priority,recipient_attributes,recipient_device_token,recipient_email,recipient_phone,recipient_user_id,requester_id,retry_count,scheduled_for,sent_at,source_service,status,subject,template_id,uuid,id) values (?,?,?,?,?,?,?,?,?,?,?,?,?,?,?,?,?,?,?,default)]; SQL [insert into notifications (content_attributes,content_body,created_at,error_message,priority,recipient_attributes,recipient_device_token,recipient_email,recipient_phone,recipient_user_id,requester_id,retry_count,scheduled_for,sent_at,source_service,status,subject,template_id,uuid,id) values (?,?,?,?,?,?,?,?,?,?,?,?,?,?,?,?,?,?,?,default)]; constraint [PUBLIC.UK_NOTIFICATIONS_UUID_INDEX_C]
2025-07-31 17:10:20,131 [http-nio-8080-exec-1] DEBUG e.m.n.i.a.o.monitoring.LoggingAdapter              - SerializationServiceAdapter.serialize - Serializando objeto: {}
2025-07-31 17:10:20,169 [http-nio-8080-exec-1] DEBUG e.m.n.i.a.o.monitoring.LoggingAdapter              - saveFailedEventToOutbox - Call outboxRepository.save
2025-07-31 17:10:23,998 [http-nio-8080-exec-1] DEBUG e.m.n.i.a.o.monitoring.LoggingAdapter              - saveFailedEventToOutbox - Event saved successfully
2025-07-31 17:10:24,652 [http-nio-8080-exec-1] INFO  e.m.n.i.a.o.p.m.NotificationOutputMapper           - toEntity - Init
2025-07-31 17:10:24,653 [http-nio-8080-exec-1] INFO  e.m.n.i.a.o.p.m.NotificationOutputMapper           - toEntity - End
2025-07-31 17:10:24,661 [http-nio-8080-exec-1] WARN  o.h.engine.jdbc.spi.SqlExceptionHelper             - SQL Error: 23505, SQLState: 23505
2025-07-31 17:10:24,661 [http-nio-8080-exec-1] ERROR o.h.engine.jdbc.spi.SqlExceptionHelper             - Violación de indice de Unicidad ó Clave primaria: "PUBLIC.UK_NOTIFICATIONS_UUID_INDEX_C ON PUBLIC.NOTIFICATIONS(UUID NULLS FIRST) VALUES ( /* 1 */ UUID '7675ac64-2eb1-4f1d-8cbe-f9bd84ee2423' )"
Unique index or primary key violation: "PUBLIC.UK_NOTIFICATIONS_UUID_INDEX_C ON PUBLIC.NOTIFICATIONS(UUID NULLS FIRST) VALUES ( /* 1 */ UUID '7675ac64-2eb1-4f1d-8cbe-f9bd84ee2423' )"; SQL statement:
insert into notifications (content_attributes,content_body,created_at,error_message,priority,recipient_attributes,recipient_device_token,recipient_email,recipient_phone,recipient_user_id,requester_id,retry_count,scheduled_for,sent_at,source_service,status,subject,template_id,uuid,id) values (?,?,?,?,?,?,?,?,?,?,?,?,?,?,?,?,?,?,?,default) [23505-232]
2025-07-31 17:10:24,670 [http-nio-8080-exec-1] ERROR e.m.n.i.a.i.w.e.RestExceptionHandler               - handleAllUncaughtException - Unexpected error occurred: could not execute statement [Violación de indice de Unicidad ó Clave primaria: "PUBLIC.UK_NOTIFICATIONS_UUID_INDEX_C ON PUBLIC.NOTIFICATIONS(UUID NULLS FIRST) VALUES ( /* 1 */ UUID '7675ac64-2eb1-4f1d-8cbe-f9bd84ee2423' )"
Unique index or primary key violation: "PUBLIC.UK_NOTIFICATIONS_UUID_INDEX_C ON PUBLIC.NOTIFICATIONS(UUID NULLS FIRST) VALUES ( /* 1 */ UUID '7675ac64-2eb1-4f1d-8cbe-f9bd84ee2423' )"; SQL statement:
insert into notifications (content_attributes,content_body,created_at,error_message,priority,recipient_attributes,recipient_device_token,recipient_email,recipient_phone,recipient_user_id,requester_id,retry_count,scheduled_for,sent_at,source_service,status,subject,template_id,uuid,id) values (?,?,?,?,?,?,?,?,?,?,?,?,?,?,?,?,?,?,?,default) [23505-232]] [insert into notifications (content_attributes,content_body,created_at,error_message,priority,recipient_attributes,recipient_device_token,recipient_email,recipient_phone,recipient_user_id,requester_id,retry_count,scheduled_for,sent_at,source_service,status,subject,template_id,uuid,id) values (?,?,?,?,?,?,?,?,?,?,?,?,?,?,?,?,?,?,?,default)]; SQL [insert into notifications (content_attributes,content_body,created_at,error_message,priority,recipient_attributes,recipient_device_token,recipient_email,recipient_phone,recipient_user_id,requester_id,retry_count,scheduled_for,sent_at,source_service,status,subject,template_id,uuid,id) values (?,?,?,?,?,?,?,?,?,?,?,?,?,?,?,?,?,?,?,default)]; constraint [PUBLIC.UK_NOTIFICATIONS_UUID_INDEX_C]
org.springframework.dao.DataIntegrityViolationException: could not execute statement [Violación de indice de Unicidad ó Clave primaria: "PUBLIC.UK_NOTIFICATIONS_UUID_INDEX_C ON PUBLIC.NOTIFICATIONS(UUID NULLS FIRST) VALUES ( /* 1 */ UUID '7675ac64-2eb1-4f1d-8cbe-f9bd84ee2423' )"
Unique index or primary key violation: "PUBLIC.UK_NOTIFICATIONS_UUID_INDEX_C ON PUBLIC.NOTIFICATIONS(UUID NULLS FIRST) VALUES ( /* 1 */ UUID '7675ac64-2eb1-4f1d-8cbe-f9bd84ee2423' )"; SQL statement:
insert into notifications (content_attributes,content_body,created_at,error_message,priority,recipient_attributes,recipient_device_token,recipient_email,recipient_phone,recipient_user_id,requester_id,retry_count,scheduled_for,sent_at,source_service,status,subject,template_id,uuid,id) values (?,?,?,?,?,?,?,?,?,?,?,?,?,?,?,?,?,?,?,default) [23505-232]] [insert into notifications (content_attributes,content_body,created_at,error_message,priority,recipient_attributes,recipient_device_token,recipient_email,recipient_phone,recipient_user_id,requester_id,retry_count,scheduled_for,sent_at,source_service,status,subject,template_id,uuid,id) values (?,?,?,?,?,?,?,?,?,?,?,?,?,?,?,?,?,?,?,default)]; SQL [insert into notifications (content_attributes,content_body,created_at,error_message,priority,recipient_attributes,recipient_device_token,recipient_email,recipient_phone,recipient_user_id,requester_id,retry_count,scheduled_for,sent_at,source_service,status,subject,template_id,uuid,id) values (?,?,?,?,?,?,?,?,?,?,?,?,?,?,?,?,?,?,?,default)]; constraint [PUBLIC.UK_NOTIFICATIONS_UUID_INDEX_C]
	at org.springframework.orm.jpa.vendor.HibernateJpaDialect.convertHibernateAccessException(HibernateJpaDialect.java:294)
	at org.springframework.orm.jpa.vendor.HibernateJpaDialect.convertHibernateAccessException(HibernateJpaDialect.java:256)
	at org.springframework.orm.jpa.vendor.HibernateJpaDialect.translateExceptionIfPossible(HibernateJpaDialect.java:241)
	at org.springframework.orm.jpa.AbstractEntityManagerFactoryBean.translateExceptionIfPossible(AbstractEntityManagerFactoryBean.java:560)
	at org.springframework.dao.support.ChainedPersistenceExceptionTranslator.translateExceptionIfPossible(ChainedPersistenceExceptionTranslator.java:61)
	at org.springframework.dao.support.DataAccessUtils.translateIfNecessary(DataAccessUtils.java:343)
	at org.springframework.dao.support.PersistenceExceptionTranslationInterceptor.invoke(PersistenceExceptionTranslationInterceptor.java:160)
	at org.springframework.aop.framework.ReflectiveMethodInvocation.proceed(ReflectiveMethodInvocation.java:184)
	at org.springframework.data.jpa.repository.support.CrudMethodMetadataPostProcessor$CrudMethodMetadataPopulatingMethodInterceptor.invoke(CrudMethodMetadataPostProcessor.java:165)
	at org.springframework.aop.framework.ReflectiveMethodInvocation.proceed(ReflectiveMethodInvocation.java:184)
	at org.springframework.aop.framework.JdkDynamicAopProxy.invoke(JdkDynamicAopProxy.java:223)
	at jdk.proxy2/jdk.proxy2.$Proxy186.save(Unknown Source)
	at edu.market.notification.infrastructure.adapter.output.persistence.NotificationRepositoryAdapter.save(NotificationRepositoryAdapter.java:36)
	at java.base/jdk.internal.reflect.DirectMethodHandleAccessor.invoke(DirectMethodHandleAccessor.java:103)
	at java.base/java.lang.reflect.Method.invoke(Method.java:580)
	at org.springframework.aop.support.AopUtils.invokeJoinpointUsingReflection(AopUtils.java:359)
	at org.springframework.aop.framework.ReflectiveMethodInvocation.invokeJoinpoint(ReflectiveMethodInvocation.java:196)
	at org.springframework.aop.framework.ReflectiveMethodInvocation.proceed(ReflectiveMethodInvocation.java:163)
	at org.springframework.transaction.interceptor.TransactionAspectSupport.invokeWithinTransaction(TransactionAspectSupport.java:380)
	at org.springframework.transaction.interceptor.TransactionInterceptor.invoke(TransactionInterceptor.java:119)
	at org.springframework.aop.framework.ReflectiveMethodInvocation.proceed(ReflectiveMethodInvocation.java:184)
	at org.springframework.aop.framework.CglibAopProxy$DynamicAdvisedInterceptor.intercept(CglibAopProxy.java:728)
	at edu.market.notification.infrastructure.adapter.output.persistence.NotificationRepositoryAdapter$$SpringCGLIB$$0.save(<generated>)
	at edu.market.notification.application.usecase.notification.SendNotificationUseCase.send(SendNotificationUseCase.java:125)
	at edu.market.notification.infrastructure.adapter.input.web.controller.NotificationController.sendNotification(NotificationController.java:156)
	at java.base/jdk.internal.reflect.DirectMethodHandleAccessor.invoke(DirectMethodHandleAccessor.java:103)
	at java.base/java.lang.reflect.Method.invoke(Method.java:580)
	at org.springframework.web.method.support.InvocableHandlerMethod.doInvoke(InvocableHandlerMethod.java:258)
	at org.springframework.web.method.support.InvocableHandlerMethod.invokeForRequest(InvocableHandlerMethod.java:191)
	at org.springframework.web.servlet.mvc.method.annotation.ServletInvocableHandlerMethod.invokeAndHandle(ServletInvocableHandlerMethod.java:118)
	at org.springframework.web.servlet.mvc.method.annotation.RequestMappingHandlerAdapter.invokeHandlerMethod(RequestMappingHandlerAdapter.java:986)
	at org.springframework.web.servlet.mvc.method.annotation.RequestMappingHandlerAdapter.handleInternal(RequestMappingHandlerAdapter.java:891)
	at org.springframework.web.servlet.mvc.method.AbstractHandlerMethodAdapter.handle(AbstractHandlerMethodAdapter.java:87)
	at org.springframework.web.servlet.DispatcherServlet.doDispatch(DispatcherServlet.java:1089)
	at org.springframework.web.servlet.DispatcherServlet.doService(DispatcherServlet.java:979)
	at org.springframework.web.servlet.FrameworkServlet.processRequest(FrameworkServlet.java:1014)
	at org.springframework.web.servlet.FrameworkServlet.doPost(FrameworkServlet.java:914)
	at jakarta.servlet.http.HttpServlet.service(HttpServlet.java:590)
	at org.springframework.web.servlet.FrameworkServlet.service(FrameworkServlet.java:885)
	at jakarta.servlet.http.HttpServlet.service(HttpServlet.java:658)
	at org.apache.catalina.core.ApplicationFilterChain.internalDoFilter(ApplicationFilterChain.java:195)
	at org.apache.catalina.core.ApplicationFilterChain.doFilter(ApplicationFilterChain.java:140)
	at org.apache.tomcat.websocket.server.WsFilter.doFilter(WsFilter.java:51)
	at org.apache.catalina.core.ApplicationFilterChain.internalDoFilter(ApplicationFilterChain.java:164)
	at org.apache.catalina.core.ApplicationFilterChain.doFilter(ApplicationFilterChain.java:140)
	at org.springframework.web.filter.CompositeFilter$VirtualFilterChain.doFilter(CompositeFilter.java:108)
	at org.springframework.security.web.FilterChainProxy.lambda$doFilterInternal$3(FilterChainProxy.java:231)
	at org.springframework.security.web.ObservationFilterChainDecorator$FilterObservation$SimpleFilterObservation.lambda$wrap$1(ObservationFilterChainDecorator.java:479)
	at org.springframework.security.web.ObservationFilterChainDecorator$AroundFilterObservation$SimpleAroundFilterObservation.lambda$wrap$1(ObservationFilterChainDecorator.java:340)
	at org.springframework.security.web.ObservationFilterChainDecorator.lambda$wrapSecured$0(ObservationFilterChainDecorator.java:82)
	at org.springframework.security.web.ObservationFilterChainDecorator$VirtualFilterChain.doFilter(ObservationFilterChainDecorator.java:128)
	at org.springframework.security.web.access.intercept.AuthorizationFilter.doFilter(AuthorizationFilter.java:101)
	at org.springframework.security.web.ObservationFilterChainDecorator$ObservationFilter.wrapFilter(ObservationFilterChainDecorator.java:240)
	at org.springframework.security.web.ObservationFilterChainDecorator$ObservationFilter.doFilter(ObservationFilterChainDecorator.java:227)
	at org.springframework.security.web.ObservationFilterChainDecorator$VirtualFilterChain.doFilter(ObservationFilterChainDecorator.java:137)
	at org.springframework.security.web.access.ExceptionTranslationFilter.doFilter(ExceptionTranslationFilter.java:126)
	at org.springframework.security.web.access.ExceptionTranslationFilter.doFilter(ExceptionTranslationFilter.java:120)
	at org.springframework.security.web.ObservationFilterChainDecorator$ObservationFilter.wrapFilter(ObservationFilterChainDecorator.java:240)
	at org.springframework.security.web.ObservationFilterChainDecorator$ObservationFilter.doFilter(ObservationFilterChainDecorator.java:227)
	at org.springframework.security.web.ObservationFilterChainDecorator$VirtualFilterChain.doFilter(ObservationFilterChainDecorator.java:137)
	at org.springframework.security.web.authentication.AnonymousAuthenticationFilter.doFilter(AnonymousAuthenticationFilter.java:100)
	at org.springframework.security.web.ObservationFilterChainDecorator$ObservationFilter.wrapFilter(ObservationFilterChainDecorator.java:240)
	at org.springframework.security.web.ObservationFilterChainDecorator$ObservationFilter.doFilter(ObservationFilterChainDecorator.java:227)
	at org.springframework.security.web.ObservationFilterChainDecorator$VirtualFilterChain.doFilter(ObservationFilterChainDecorator.java:137)
	at org.springframework.security.web.servletapi.SecurityContextHolderAwareRequestFilter.doFilter(SecurityContextHolderAwareRequestFilter.java:179)
	at org.springframework.security.web.ObservationFilterChainDecorator$ObservationFilter.wrapFilter(ObservationFilterChainDecorator.java:240)
	at org.springframework.security.web.ObservationFilterChainDecorator$ObservationFilter.doFilter(ObservationFilterChainDecorator.java:227)
	at org.springframework.security.web.ObservationFilterChainDecorator$VirtualFilterChain.doFilter(ObservationFilterChainDecorator.java:137)
	at org.springframework.security.web.savedrequest.RequestCacheAwareFilter.doFilter(RequestCacheAwareFilter.java:63)
	at org.springframework.security.web.ObservationFilterChainDecorator$ObservationFilter.wrapFilter(ObservationFilterChainDecorator.java:240)
	at org.springframework.security.web.ObservationFilterChainDecorator$ObservationFilter.doFilter(ObservationFilterChainDecorator.java:227)
	at org.springframework.security.web.ObservationFilterChainDecorator$VirtualFilterChain.doFilter(ObservationFilterChainDecorator.java:137)
	at org.springframework.security.web.authentication.logout.LogoutFilter.doFilter(LogoutFilter.java:107)
	at org.springframework.security.web.authentication.logout.LogoutFilter.doFilter(LogoutFilter.java:93)
	at org.springframework.security.web.ObservationFilterChainDecorator$ObservationFilter.wrapFilter(ObservationFilterChainDecorator.java:240)
	at org.springframework.security.web.ObservationFilterChainDecorator$ObservationFilter.doFilter(ObservationFilterChainDecorator.java:227)
	at org.springframework.security.web.ObservationFilterChainDecorator$VirtualFilterChain.doFilter(ObservationFilterChainDecorator.java:137)
	at org.springframework.security.web.header.HeaderWriterFilter.doHeadersAfter(HeaderWriterFilter.java:90)
	at org.springframework.security.web.header.HeaderWriterFilter.doFilterInternal(HeaderWriterFilter.java:75)
	at org.springframework.web.filter.OncePerRequestFilter.doFilter(OncePerRequestFilter.java:116)
	at org.springframework.security.web.ObservationFilterChainDecorator$ObservationFilter.wrapFilter(ObservationFilterChainDecorator.java:240)
	at org.springframework.security.web.ObservationFilterChainDecorator$ObservationFilter.doFilter(ObservationFilterChainDecorator.java:227)
	at org.springframework.security.web.ObservationFilterChainDecorator$VirtualFilterChain.doFilter(ObservationFilterChainDecorator.java:137)
	at org.springframework.security.web.context.SecurityContextHolderFilter.doFilter(SecurityContextHolderFilter.java:82)
	at org.springframework.security.web.context.SecurityContextHolderFilter.doFilter(SecurityContextHolderFilter.java:69)
	at org.springframework.security.web.ObservationFilterChainDecorator$ObservationFilter.wrapFilter(ObservationFilterChainDecorator.java:240)
	at org.springframework.security.web.ObservationFilterChainDecorator$ObservationFilter.doFilter(ObservationFilterChainDecorator.java:227)
	at org.springframework.security.web.ObservationFilterChainDecorator$VirtualFilterChain.doFilter(ObservationFilterChainDecorator.java:137)
	at org.springframework.security.web.context.request.async.WebAsyncManagerIntegrationFilter.doFilterInternal(WebAsyncManagerIntegrationFilter.java:62)
	at org.springframework.web.filter.OncePerRequestFilter.doFilter(OncePerRequestFilter.java:116)
	at org.springframework.security.web.ObservationFilterChainDecorator$ObservationFilter.wrapFilter(ObservationFilterChainDecorator.java:240)
	at org.springframework.security.web.ObservationFilterChainDecorator$ObservationFilter.doFilter(ObservationFilterChainDecorator.java:227)
	at org.springframework.security.web.ObservationFilterChainDecorator$VirtualFilterChain.doFilter(ObservationFilterChainDecorator.java:137)
	at org.springframework.security.web.session.DisableEncodeUrlFilter.doFilterInternal(DisableEncodeUrlFilter.java:42)
	at org.springframework.web.filter.OncePerRequestFilter.doFilter(OncePerRequestFilter.java:116)
	at org.springframework.security.web.ObservationFilterChainDecorator$ObservationFilter.wrapFilter(ObservationFilterChainDecorator.java:240)
	at org.springframework.security.web.ObservationFilterChainDecorator$AroundFilterObservation$SimpleAroundFilterObservation.lambda$wrap$0(ObservationFilterChainDecorator.java:323)
	at org.springframework.security.web.ObservationFilterChainDecorator$ObservationFilter.doFilter(ObservationFilterChainDecorator.java:224)
	at org.springframework.security.web.ObservationFilterChainDecorator$VirtualFilterChain.doFilter(ObservationFilterChainDecorator.java:137)
	at org.springframework.security.web.FilterChainProxy.doFilterInternal(FilterChainProxy.java:233)
	at org.springframework.security.web.FilterChainProxy.doFilter(FilterChainProxy.java:191)
	at org.springframework.web.filter.CompositeFilter$VirtualFilterChain.doFilter(CompositeFilter.java:113)
	at org.springframework.web.servlet.handler.HandlerMappingIntrospector.lambda$createCacheFilter$3(HandlerMappingIntrospector.java:243)
	at org.springframework.web.filter.CompositeFilter$VirtualFilterChain.doFilter(CompositeFilter.java:113)
	at org.springframework.web.filter.CompositeFilter.doFilter(CompositeFilter.java:74)
	at org.springframework.security.config.annotation.web.configuration.WebMvcSecurityConfiguration$CompositeFilterChainProxy.doFilter(WebMvcSecurityConfiguration.java:238)
	at org.springframework.web.filter.DelegatingFilterProxy.invokeDelegate(DelegatingFilterProxy.java:362)
	at org.springframework.web.filter.DelegatingFilterProxy.doFilter(DelegatingFilterProxy.java:278)
	at org.apache.catalina.core.ApplicationFilterChain.internalDoFilter(ApplicationFilterChain.java:164)
	at org.apache.catalina.core.ApplicationFilterChain.doFilter(ApplicationFilterChain.java:140)
	at org.springframework.web.filter.RequestContextFilter.doFilterInternal(RequestContextFilter.java:100)
	at org.springframework.web.filter.OncePerRequestFilter.doFilter(OncePerRequestFilter.java:116)
	at org.apache.catalina.core.ApplicationFilterChain.internalDoFilter(ApplicationFilterChain.java:164)
	at org.apache.catalina.core.ApplicationFilterChain.doFilter(ApplicationFilterChain.java:140)
	at org.springframework.web.filter.FormContentFilter.doFilterInternal(FormContentFilter.java:93)
	at org.springframework.web.filter.OncePerRequestFilter.doFilter(OncePerRequestFilter.java:116)
	at org.apache.catalina.core.ApplicationFilterChain.internalDoFilter(ApplicationFilterChain.java:164)
	at org.apache.catalina.core.ApplicationFilterChain.doFilter(ApplicationFilterChain.java:140)
	at org.springframework.web.filter.ServerHttpObservationFilter.doFilterInternal(ServerHttpObservationFilter.java:114)
	at org.springframework.web.filter.OncePerRequestFilter.doFilter(OncePerRequestFilter.java:116)
	at org.apache.catalina.core.ApplicationFilterChain.internalDoFilter(ApplicationFilterChain.java:164)
	at org.apache.catalina.core.ApplicationFilterChain.doFilter(ApplicationFilterChain.java:140)
	at org.springframework.web.filter.CharacterEncodingFilter.doFilterInternal(CharacterEncodingFilter.java:201)
	at org.springframework.web.filter.OncePerRequestFilter.doFilter(OncePerRequestFilter.java:116)
	at org.apache.catalina.core.ApplicationFilterChain.internalDoFilter(ApplicationFilterChain.java:164)
	at org.apache.catalina.core.ApplicationFilterChain.doFilter(ApplicationFilterChain.java:140)
	at org.apache.catalina.core.StandardWrapperValve.invoke(StandardWrapperValve.java:167)
	at org.apache.catalina.core.StandardContextValve.invoke(StandardContextValve.java:90)
	at org.apache.catalina.authenticator.AuthenticatorBase.invoke(AuthenticatorBase.java:483)
	at org.apache.catalina.core.StandardHostValve.invoke(StandardHostValve.java:116)
	at org.apache.catalina.valves.ErrorReportValve.invoke(ErrorReportValve.java:93)
	at org.apache.catalina.core.StandardEngineValve.invoke(StandardEngineValve.java:74)
	at org.apache.catalina.connector.CoyoteAdapter.service(CoyoteAdapter.java:344)
	at org.apache.coyote.http11.Http11Processor.service(Http11Processor.java:398)
	at org.apache.coyote.AbstractProcessorLight.process(AbstractProcessorLight.java:63)
	at org.apache.coyote.AbstractProtocol$ConnectionHandler.process(AbstractProtocol.java:903)
	at org.apache.tomcat.util.net.NioEndpoint$SocketProcessor.doRun(NioEndpoint.java:1740)
	at org.apache.tomcat.util.net.SocketProcessorBase.run(SocketProcessorBase.java:52)
	at org.apache.tomcat.util.threads.ThreadPoolExecutor.runWorker(ThreadPoolExecutor.java:1189)
	at org.apache.tomcat.util.threads.ThreadPoolExecutor$Worker.run(ThreadPoolExecutor.java:658)
	at org.apache.tomcat.util.threads.TaskThread$WrappingRunnable.run(TaskThread.java:63)
	at java.base/java.lang.Thread.run(Thread.java:1583)
Caused by: org.hibernate.exception.ConstraintViolationException: could not execute statement [Violación de indice de Unicidad ó Clave primaria: "PUBLIC.UK_NOTIFICATIONS_UUID_INDEX_C ON PUBLIC.NOTIFICATIONS(UUID NULLS FIRST) VALUES ( /* 1 */ UUID '7675ac64-2eb1-4f1d-8cbe-f9bd84ee2423' )"
Unique index or primary key violation: "PUBLIC.UK_NOTIFICATIONS_UUID_INDEX_C ON PUBLIC.NOTIFICATIONS(UUID NULLS FIRST) VALUES ( /* 1 */ UUID '7675ac64-2eb1-4f1d-8cbe-f9bd84ee2423' )"; SQL statement:
insert into notifications (content_attributes,content_body,created_at,error_message,priority,recipient_attributes,recipient_device_token,recipient_email,recipient_phone,recipient_user_id,requester_id,retry_count,scheduled_for,sent_at,source_service,status,subject,template_id,uuid,id) values (?,?,?,?,?,?,?,?,?,?,?,?,?,?,?,?,?,?,?,default) [23505-232]] [insert into notifications (content_attributes,content_body,created_at,error_message,priority,recipient_attributes,recipient_device_token,recipient_email,recipient_phone,recipient_user_id,requester_id,retry_count,scheduled_for,sent_at,source_service,status,subject,template_id,uuid,id) values (?,?,?,?,?,?,?,?,?,?,?,?,?,?,?,?,?,?,?,default)]
	at org.hibernate.dialect.H2Dialect.lambda$buildSQLExceptionConversionDelegate$3(H2Dialect.java:759)
	at org.hibernate.exception.internal.StandardSQLExceptionConverter.convert(StandardSQLExceptionConverter.java:58)
	at org.hibernate.engine.jdbc.spi.SqlExceptionHelper.convert(SqlExceptionHelper.java:108)
	at org.hibernate.engine.jdbc.internal.ResultSetReturnImpl.executeUpdate(ResultSetReturnImpl.java:197)
	at org.hibernate.id.insert.GetGeneratedKeysDelegate.performMutation(GetGeneratedKeysDelegate.java:116)
	at org.hibernate.engine.jdbc.mutation.internal.MutationExecutorSingleNonBatched.performNonBatchedOperations(MutationExecutorSingleNonBatched.java:47)
	at org.hibernate.engine.jdbc.mutation.internal.AbstractMutationExecutor.execute(AbstractMutationExecutor.java:55)
	at org.hibernate.persister.entity.mutation.InsertCoordinatorStandard.doStaticInserts(InsertCoordinatorStandard.java:194)
	at org.hibernate.persister.entity.mutation.InsertCoordinatorStandard.coordinateInsert(InsertCoordinatorStandard.java:132)
	at org.hibernate.persister.entity.mutation.InsertCoordinatorStandard.insert(InsertCoordinatorStandard.java:95)
	at org.hibernate.action.internal.EntityIdentityInsertAction.execute(EntityIdentityInsertAction.java:85)
	at org.hibernate.engine.spi.ActionQueue.execute(ActionQueue.java:682)
	at org.hibernate.engine.spi.ActionQueue.addResolvedEntityInsertAction(ActionQueue.java:293)
	at org.hibernate.engine.spi.ActionQueue.addInsertAction(ActionQueue.java:274)
	at org.hibernate.engine.spi.ActionQueue.addAction(ActionQueue.java:324)
	at org.hibernate.event.internal.AbstractSaveEventListener.addInsertAction(AbstractSaveEventListener.java:393)
	at org.hibernate.event.internal.AbstractSaveEventListener.performSaveOrReplicate(AbstractSaveEventListener.java:307)
	at org.hibernate.event.internal.AbstractSaveEventListener.performSave(AbstractSaveEventListener.java:223)
	at org.hibernate.event.internal.AbstractSaveEventListener.saveWithGeneratedId(AbstractSaveEventListener.java:136)
	at org.hibernate.event.internal.DefaultPersistEventListener.entityIsTransient(DefaultPersistEventListener.java:177)
	at org.hibernate.event.internal.DefaultPersistEventListener.persist(DefaultPersistEventListener.java:95)
	at org.hibernate.event.internal.DefaultPersistEventListener.onPersist(DefaultPersistEventListener.java:79)
	at org.hibernate.event.internal.DefaultPersistEventListener.onPersist(DefaultPersistEventListener.java:55)
	at org.hibernate.event.service.internal.EventListenerGroupImpl.fireEventOnEachListener(EventListenerGroupImpl.java:127)
	at org.hibernate.internal.SessionImpl.firePersist(SessionImpl.java:761)
	at org.hibernate.internal.SessionImpl.persist(SessionImpl.java:745)
	at java.base/jdk.internal.reflect.DirectMethodHandleAccessor.invoke(DirectMethodHandleAccessor.java:103)
	at java.base/java.lang.reflect.Method.invoke(Method.java:580)
	at org.springframework.orm.jpa.ExtendedEntityManagerCreator$ExtendedEntityManagerInvocationHandler.invoke(ExtendedEntityManagerCreator.java:364)
	at jdk.proxy2/jdk.proxy2.$Proxy175.persist(Unknown Source)
	at java.base/jdk.internal.reflect.DirectMethodHandleAccessor.invoke(DirectMethodHandleAccessor.java:103)
	at java.base/java.lang.reflect.Method.invoke(Method.java:580)
	at org.springframework.orm.jpa.SharedEntityManagerCreator$SharedEntityManagerInvocationHandler.invoke(SharedEntityManagerCreator.java:320)
	at jdk.proxy2/jdk.proxy2.$Proxy175.persist(Unknown Source)
	at org.springframework.data.jpa.repository.support.SimpleJpaRepository.save(SimpleJpaRepository.java:636)
	at java.base/jdk.internal.reflect.DirectMethodHandleAccessor.invoke(DirectMethodHandleAccessor.java:103)
	at java.base/java.lang.reflect.Method.invoke(Method.java:580)
	at org.springframework.aop.support.AopUtils.invokeJoinpointUsingReflection(AopUtils.java:359)
	at org.springframework.data.repository.core.support.RepositoryMethodInvoker$RepositoryFragmentMethodInvoker.lambda$new$0(RepositoryMethodInvoker.java:277)
	at org.springframework.data.repository.core.support.RepositoryMethodInvoker.doInvoke(RepositoryMethodInvoker.java:170)
	at org.springframework.data.repository.core.support.RepositoryMethodInvoker.invoke(RepositoryMethodInvoker.java:158)
	at org.springframework.data.repository.core.support.RepositoryComposition$RepositoryFragments.invoke(RepositoryComposition.java:515)
	at org.springframework.data.repository.core.support.RepositoryComposition.invoke(RepositoryComposition.java:284)
	at org.springframework.data.repository.core.support.RepositoryFactorySupport$ImplementationMethodExecutionInterceptor.invoke(RepositoryFactorySupport.java:731)
	at org.springframework.aop.framework.ReflectiveMethodInvocation.proceed(ReflectiveMethodInvocation.java:184)
	at org.springframework.data.repository.core.support.QueryExecutorMethodInterceptor.doInvoke(QueryExecutorMethodInterceptor.java:174)
	at org.springframework.data.repository.core.support.QueryExecutorMethodInterceptor.invoke(QueryExecutorMethodInterceptor.java:149)
	at org.springframework.aop.framework.ReflectiveMethodInvocation.proceed(ReflectiveMethodInvocation.java:184)
	at org.springframework.data.projection.DefaultMethodInvokingMethodInterceptor.invoke(DefaultMethodInvokingMethodInterceptor.java:69)
	at org.springframework.aop.framework.ReflectiveMethodInvocation.proceed(ReflectiveMethodInvocation.java:184)
	at org.springframework.transaction.interceptor.TransactionAspectSupport.invokeWithinTransaction(TransactionAspectSupport.java:380)
	at org.springframework.transaction.interceptor.TransactionInterceptor.invoke(TransactionInterceptor.java:119)
	at org.springframework.aop.framework.ReflectiveMethodInvocation.proceed(ReflectiveMethodInvocation.java:184)
	at org.springframework.dao.support.PersistenceExceptionTranslationInterceptor.invoke(PersistenceExceptionTranslationInterceptor.java:138)
	... 135 common frames omitted
Caused by: org.h2.jdbc.JdbcSQLIntegrityConstraintViolationException: Violación de indice de Unicidad ó Clave primaria: "PUBLIC.UK_NOTIFICATIONS_UUID_INDEX_C ON PUBLIC.NOTIFICATIONS(UUID NULLS FIRST) VALUES ( /* 1 */ UUID '7675ac64-2eb1-4f1d-8cbe-f9bd84ee2423' )"
Unique index or primary key violation: "PUBLIC.UK_NOTIFICATIONS_UUID_INDEX_C ON PUBLIC.NOTIFICATIONS(UUID NULLS FIRST) VALUES ( /* 1 */ UUID '7675ac64-2eb1-4f1d-8cbe-f9bd84ee2423' )"; SQL statement:
insert into notifications (content_attributes,content_body,created_at,error_message,priority,recipient_attributes,recipient_device_token,recipient_email,recipient_phone,recipient_user_id,requester_id,retry_count,scheduled_for,sent_at,source_service,status,subject,template_id,uuid,id) values (?,?,?,?,?,?,?,?,?,?,?,?,?,?,?,?,?,?,?,default) [23505-232]
	at org.h2.message.DbException.getJdbcSQLException(DbException.java:520)
	at org.h2.message.DbException.getJdbcSQLException(DbException.java:489)
	at org.h2.message.DbException.get(DbException.java:223)
	at org.h2.message.DbException.get(DbException.java:199)
	at org.h2.index.Index.getDuplicateKeyException(Index.java:523)
	at org.h2.mvstore.db.MVSecondaryIndex.checkUnique(MVSecondaryIndex.java:223)
	at org.h2.mvstore.db.MVSecondaryIndex.add(MVSecondaryIndex.java:184)
	at org.h2.mvstore.db.MVTable.addRow(MVTable.java:517)
	at org.h2.command.dml.Insert.insertRows(Insert.java:174)
	at org.h2.command.dml.Insert.update(Insert.java:135)
	at org.h2.command.CommandContainer.executeUpdateWithGeneratedKeys(CommandContainer.java:212)
	at org.h2.command.CommandContainer.update(CommandContainer.java:133)
	at org.h2.command.Command.executeUpdate(Command.java:304)
	at org.h2.command.Command.executeUpdate(Command.java:248)
	at org.h2.jdbc.JdbcPreparedStatement.executeUpdateInternal(JdbcPreparedStatement.java:213)
	at org.h2.jdbc.JdbcPreparedStatement.executeUpdate(JdbcPreparedStatement.java:172)
	at com.zaxxer.hikari.pool.ProxyPreparedStatement.executeUpdate(ProxyPreparedStatement.java:61)
	at com.zaxxer.hikari.pool.HikariProxyPreparedStatement.executeUpdate(HikariProxyPreparedStatement.java)
	at org.hibernate.engine.jdbc.internal.ResultSetReturnImpl.executeUpdate(ResultSetReturnImpl.java:194)
	... 185 common frames omitted
2025-07-31 17:14:21,133 [http-nio-8080-exec-2] INFO  e.m.n.i.a.i.w.c.NotificationController             - sendNotification - init
2025-07-31 17:14:21,133 [http-nio-8080-exec-2] DEBUG e.m.n.i.a.i.w.c.NotificationController             - sendNotification - Call notificationMapper.toNotificationCommand
2025-07-31 17:14:21,133 [http-nio-8080-exec-2] INFO  e.m.n.i.a.i.w.m.NotificationInputMapper            - toNotificationCommand - init
2025-07-31 17:14:21,133 [http-nio-8080-exec-2] INFO  e.m.n.i.a.i.w.m.NotificationInputMapper            - toNotificationCommand - end
2025-07-31 17:14:21,134 [http-nio-8080-exec-2] DEBUG e.m.n.i.a.i.w.c.NotificationController             - sendNotification - Create ClientContextCommand
2025-07-31 17:14:21,134 [http-nio-8080-exec-2] DEBUG e.m.n.i.a.i.web.util.RequestContextUtil            - Obteniendo IP del cliente
2025-07-31 17:14:21,134 [http-nio-8080-exec-2] DEBUG e.m.n.i.a.i.web.util.RequestContextUtil            - Obteniendo User-Agent del cliente
2025-07-31 17:14:21,134 [http-nio-8080-exec-2] DEBUG e.m.n.i.a.i.web.util.RequestContextUtil            - Obteniendo ruta de la petición
2025-07-31 17:14:21,134 [http-nio-8080-exec-2] DEBUG e.m.n.i.a.i.w.c.NotificationController             - sendNotification - Call sendNotificationUseCase.send
2025-07-31 17:14:21,135 [http-nio-8080-exec-2] INFO  e.m.n.i.a.o.monitoring.LoggingAdapter              - send - Init
2025-07-31 17:14:29,823 [http-nio-8080-exec-2] INFO  e.m.n.i.a.o.p.m.NotificationOutputMapper           - toEntity - Init
2025-07-31 17:14:29,827 [http-nio-8080-exec-2] INFO  e.m.n.i.a.o.p.m.NotificationOutputMapper           - toEntity - End
2025-07-31 17:14:31,060 [http-nio-8080-exec-2] DEBUG e.m.n.i.a.o.monitoring.LoggingAdapter              - send - Notification saved with ID: f47f78bf-a5de-4c37-a9c9-caeb18b35a3e, channels: [SMS, EMAIL]
2025-07-31 17:14:34,563 [http-nio-8080-exec-2] DEBUG e.m.n.i.a.o.s.NotificationChannelServiceAdapter    - NotificationChannelServiceAdapter.isAvailable - Verificando disponibilidad del canal DEFAULT
2025-07-31 17:14:47,544 [http-nio-8080-exec-2] DEBUG e.m.n.i.a.o.monitoring.LoggingAdapter              - send - Call notificationChannel.send
2025-07-31 17:17:00,003 [HikariPool-1 housekeeper] WARN  com.zaxxer.hikari.pool.HikariPool                  - HikariPool-1 - Thread starvation or clock leap detected (housekeeper delta=2m39s886ms192µs999ns).
2025-07-31 17:17:00,004 [http-nio-8080-exec-2] INFO  e.m.n.i.a.o.s.NotificationChannelServiceAdapter    - NotificationChannelServiceAdapter.send - Enviando notificación f47f78bf-a5de-4c37-a9c9-caeb18b35a3e por canal DEFAULT
2025-07-31 17:17:00,005 [http-nio-8080-exec-2] INFO  e.m.n.i.a.o.s.NotificationChannelServiceAdapter    - NotificationChannelServiceAdapter.send - Notificación f47f78bf-a5de-4c37-a9c9-caeb18b35a3e enviada exitosamente
2025-07-31 17:17:00,007 [http-nio-8080-exec-2] DEBUG e.m.n.i.a.o.monitoring.LoggingAdapter              - send - Mark notification as sent
2025-07-31 17:17:00,008 [http-nio-8080-exec-2] DEBUG e.m.n.i.a.o.monitoring.LoggingAdapter              - send - Call notificationRepository.save for updated notification
2025-07-31 17:17:00,009 [http-nio-8080-exec-2] INFO  e.m.n.i.a.o.p.m.NotificationOutputMapper           - toEntity - Init
2025-07-31 17:17:00,010 [http-nio-8080-exec-2] INFO  e.m.n.i.a.o.p.m.NotificationOutputMapper           - toEntity - End
2025-07-31 17:17:00,017 [http-nio-8080-exec-2] WARN  o.h.engine.jdbc.spi.SqlExceptionHelper             - SQL Error: 23505, SQLState: 23505
2025-07-31 17:17:00,018 [http-nio-8080-exec-2] ERROR o.h.engine.jdbc.spi.SqlExceptionHelper             - Violación de indice de Unicidad ó Clave primaria: "PUBLIC.UK_NOTIFICATIONS_UUID_INDEX_C ON PUBLIC.NOTIFICATIONS(UUID NULLS FIRST) VALUES ( /* 4 */ UUID 'f47f78bf-a5de-4c37-a9c9-caeb18b35a3e' )"
Unique index or primary key violation: "PUBLIC.UK_NOTIFICATIONS_UUID_INDEX_C ON PUBLIC.NOTIFICATIONS(UUID NULLS FIRST) VALUES ( /* 4 */ UUID 'f47f78bf-a5de-4c37-a9c9-caeb18b35a3e' )"; SQL statement:
insert into notifications (content_attributes,content_body,created_at,error_message,priority,recipient_attributes,recipient_device_token,recipient_email,recipient_phone,recipient_user_id,requester_id,retry_count,scheduled_for,sent_at,source_service,status,subject,template_id,uuid,id) values (?,?,?,?,?,?,?,?,?,?,?,?,?,?,?,?,?,?,?,default) [23505-232]
2025-07-31 17:17:00,024 [SpringApplicationShutdownHook] INFO  o.s.c.n.e.s.EurekaServiceRegistry                  - Unregistering application NOTIFICATION-SERVICE with eureka with status DOWN
2025-07-31 17:17:00,027 [SpringApplicationShutdownHook] INFO  o.s.b.w.embedded.tomcat.GracefulShutdown           - Commencing graceful shutdown. Waiting for active requests to complete
2025-07-31 17:17:00,024 [http-nio-8080-exec-2] ERROR e.m.n.i.a.o.monitoring.LoggingAdapter              - send - Exception occurred
org.springframework.dao.DataIntegrityViolationException: could not execute statement [Violación de indice de Unicidad ó Clave primaria: "PUBLIC.UK_NOTIFICATIONS_UUID_INDEX_C ON PUBLIC.NOTIFICATIONS(UUID NULLS FIRST) VALUES ( /* 4 */ UUID 'f47f78bf-a5de-4c37-a9c9-caeb18b35a3e' )"
Unique index or primary key violation: "PUBLIC.UK_NOTIFICATIONS_UUID_INDEX_C ON PUBLIC.NOTIFICATIONS(UUID NULLS FIRST) VALUES ( /* 4 */ UUID 'f47f78bf-a5de-4c37-a9c9-caeb18b35a3e' )"; SQL statement:
insert into notifications (content_attributes,content_body,created_at,error_message,priority,recipient_attributes,recipient_device_token,recipient_email,recipient_phone,recipient_user_id,requester_id,retry_count,scheduled_for,sent_at,source_service,status,subject,template_id,uuid,id) values (?,?,?,?,?,?,?,?,?,?,?,?,?,?,?,?,?,?,?,default) [23505-232]] [insert into notifications (content_attributes,content_body,created_at,error_message,priority,recipient_attributes,recipient_device_token,recipient_email,recipient_phone,recipient_user_id,requester_id,retry_count,scheduled_for,sent_at,source_service,status,subject,template_id,uuid,id) values (?,?,?,?,?,?,?,?,?,?,?,?,?,?,?,?,?,?,?,default)]; SQL [insert into notifications (content_attributes,content_body,created_at,error_message,priority,recipient_attributes,recipient_device_token,recipient_email,recipient_phone,recipient_user_id,requester_id,retry_count,scheduled_for,sent_at,source_service,status,subject,template_id,uuid,id) values (?,?,?,?,?,?,?,?,?,?,?,?,?,?,?,?,?,?,?,default)]; constraint [PUBLIC.UK_NOTIFICATIONS_UUID_INDEX_C]
	at org.springframework.orm.jpa.vendor.HibernateJpaDialect.convertHibernateAccessException(HibernateJpaDialect.java:294)
	at org.springframework.orm.jpa.vendor.HibernateJpaDialect.convertHibernateAccessException(HibernateJpaDialect.java:256)
	at org.springframework.orm.jpa.vendor.HibernateJpaDialect.translateExceptionIfPossible(HibernateJpaDialect.java:241)
	at org.springframework.orm.jpa.AbstractEntityManagerFactoryBean.translateExceptionIfPossible(AbstractEntityManagerFactoryBean.java:560)
	at org.springframework.dao.support.ChainedPersistenceExceptionTranslator.translateExceptionIfPossible(ChainedPersistenceExceptionTranslator.java:61)
	at org.springframework.dao.support.DataAccessUtils.translateIfNecessary(DataAccessUtils.java:343)
	at org.springframework.dao.support.PersistenceExceptionTranslationInterceptor.invoke(PersistenceExceptionTranslationInterceptor.java:160)
	at org.springframework.aop.framework.ReflectiveMethodInvocation.proceed(ReflectiveMethodInvocation.java:184)
	at org.springframework.data.jpa.repository.support.CrudMethodMetadataPostProcessor$CrudMethodMetadataPopulatingMethodInterceptor.invoke(CrudMethodMetadataPostProcessor.java:165)
	at org.springframework.aop.framework.ReflectiveMethodInvocation.proceed(ReflectiveMethodInvocation.java:184)
	at org.springframework.aop.framework.JdkDynamicAopProxy.invoke(JdkDynamicAopProxy.java:223)
	at jdk.proxy2/jdk.proxy2.$Proxy186.save(Unknown Source)
	at edu.market.notification.infrastructure.adapter.output.persistence.NotificationRepositoryAdapter.save(NotificationRepositoryAdapter.java:36)
	at java.base/jdk.internal.reflect.DirectMethodHandleAccessor.invoke(DirectMethodHandleAccessor.java:103)
	at java.base/java.lang.reflect.Method.invoke(Method.java:580)
	at org.springframework.aop.support.AopUtils.invokeJoinpointUsingReflection(AopUtils.java:359)
	at org.springframework.aop.framework.ReflectiveMethodInvocation.invokeJoinpoint(ReflectiveMethodInvocation.java:196)
	at org.springframework.aop.framework.ReflectiveMethodInvocation.proceed(ReflectiveMethodInvocation.java:163)
	at org.springframework.transaction.interceptor.TransactionAspectSupport.invokeWithinTransaction(TransactionAspectSupport.java:380)
	at org.springframework.transaction.interceptor.TransactionInterceptor.invoke(TransactionInterceptor.java:119)
	at org.springframework.aop.framework.ReflectiveMethodInvocation.proceed(ReflectiveMethodInvocation.java:184)
	at org.springframework.aop.framework.CglibAopProxy$DynamicAdvisedInterceptor.intercept(CglibAopProxy.java:728)
	at edu.market.notification.infrastructure.adapter.output.persistence.NotificationRepositoryAdapter$$SpringCGLIB$$0.save(<generated>)
	at edu.market.notification.application.usecase.notification.SendNotificationUseCase.send(SendNotificationUseCase.java:106)
	at edu.market.notification.infrastructure.adapter.input.web.controller.NotificationController.sendNotification(NotificationController.java:156)
	at java.base/jdk.internal.reflect.DirectMethodHandleAccessor.invoke(DirectMethodHandleAccessor.java:103)
	at java.base/java.lang.reflect.Method.invoke(Method.java:580)
	at org.springframework.web.method.support.InvocableHandlerMethod.doInvoke(InvocableHandlerMethod.java:258)
	at org.springframework.web.method.support.InvocableHandlerMethod.invokeForRequest(InvocableHandlerMethod.java:191)
	at org.springframework.web.servlet.mvc.method.annotation.ServletInvocableHandlerMethod.invokeAndHandle(ServletInvocableHandlerMethod.java:118)
	at org.springframework.web.servlet.mvc.method.annotation.RequestMappingHandlerAdapter.invokeHandlerMethod(RequestMappingHandlerAdapter.java:986)
	at org.springframework.web.servlet.mvc.method.annotation.RequestMappingHandlerAdapter.handleInternal(RequestMappingHandlerAdapter.java:891)
	at org.springframework.web.servlet.mvc.method.AbstractHandlerMethodAdapter.handle(AbstractHandlerMethodAdapter.java:87)
	at org.springframework.web.servlet.DispatcherServlet.doDispatch(DispatcherServlet.java:1089)
	at org.springframework.web.servlet.DispatcherServlet.doService(DispatcherServlet.java:979)
	at org.springframework.web.servlet.FrameworkServlet.processRequest(FrameworkServlet.java:1014)
	at org.springframework.web.servlet.FrameworkServlet.doPost(FrameworkServlet.java:914)
	at jakarta.servlet.http.HttpServlet.service(HttpServlet.java:590)
	at org.springframework.web.servlet.FrameworkServlet.service(FrameworkServlet.java:885)
	at jakarta.servlet.http.HttpServlet.service(HttpServlet.java:658)
	at org.apache.catalina.core.ApplicationFilterChain.internalDoFilter(ApplicationFilterChain.java:195)
	at org.apache.catalina.core.ApplicationFilterChain.doFilter(ApplicationFilterChain.java:140)
	at org.apache.tomcat.websocket.server.WsFilter.doFilter(WsFilter.java:51)
	at org.apache.catalina.core.ApplicationFilterChain.internalDoFilter(ApplicationFilterChain.java:164)
	at org.apache.catalina.core.ApplicationFilterChain.doFilter(ApplicationFilterChain.java:140)
	at org.springframework.web.filter.CompositeFilter$VirtualFilterChain.doFilter(CompositeFilter.java:108)
	at org.springframework.security.web.FilterChainProxy.lambda$doFilterInternal$3(FilterChainProxy.java:231)
	at org.springframework.security.web.ObservationFilterChainDecorator$FilterObservation$SimpleFilterObservation.lambda$wrap$1(ObservationFilterChainDecorator.java:479)
	at org.springframework.security.web.ObservationFilterChainDecorator$AroundFilterObservation$SimpleAroundFilterObservation.lambda$wrap$1(ObservationFilterChainDecorator.java:340)
	at org.springframework.security.web.ObservationFilterChainDecorator.lambda$wrapSecured$0(ObservationFilterChainDecorator.java:82)
	at org.springframework.security.web.ObservationFilterChainDecorator$VirtualFilterChain.doFilter(ObservationFilterChainDecorator.java:128)
	at org.springframework.security.web.access.intercept.AuthorizationFilter.doFilter(AuthorizationFilter.java:101)
	at org.springframework.security.web.ObservationFilterChainDecorator$ObservationFilter.wrapFilter(ObservationFilterChainDecorator.java:240)
	at org.springframework.security.web.ObservationFilterChainDecorator$ObservationFilter.doFilter(ObservationFilterChainDecorator.java:227)
	at org.springframework.security.web.ObservationFilterChainDecorator$VirtualFilterChain.doFilter(ObservationFilterChainDecorator.java:137)
	at org.springframework.security.web.access.ExceptionTranslationFilter.doFilter(ExceptionTranslationFilter.java:126)
	at org.springframework.security.web.access.ExceptionTranslationFilter.doFilter(ExceptionTranslationFilter.java:120)
	at org.springframework.security.web.ObservationFilterChainDecorator$ObservationFilter.wrapFilter(ObservationFilterChainDecorator.java:240)
	at org.springframework.security.web.ObservationFilterChainDecorator$ObservationFilter.doFilter(ObservationFilterChainDecorator.java:227)
	at org.springframework.security.web.ObservationFilterChainDecorator$VirtualFilterChain.doFilter(ObservationFilterChainDecorator.java:137)
	at org.springframework.security.web.authentication.AnonymousAuthenticationFilter.doFilter(AnonymousAuthenticationFilter.java:100)
	at org.springframework.security.web.ObservationFilterChainDecorator$ObservationFilter.wrapFilter(ObservationFilterChainDecorator.java:240)
	at org.springframework.security.web.ObservationFilterChainDecorator$ObservationFilter.doFilter(ObservationFilterChainDecorator.java:227)
	at org.springframework.security.web.ObservationFilterChainDecorator$VirtualFilterChain.doFilter(ObservationFilterChainDecorator.java:137)
	at org.springframework.security.web.servletapi.SecurityContextHolderAwareRequestFilter.doFilter(SecurityContextHolderAwareRequestFilter.java:179)
	at org.springframework.security.web.ObservationFilterChainDecorator$ObservationFilter.wrapFilter(ObservationFilterChainDecorator.java:240)
	at org.springframework.security.web.ObservationFilterChainDecorator$ObservationFilter.doFilter(ObservationFilterChainDecorator.java:227)
	at org.springframework.security.web.ObservationFilterChainDecorator$VirtualFilterChain.doFilter(ObservationFilterChainDecorator.java:137)
	at org.springframework.security.web.savedrequest.RequestCacheAwareFilter.doFilter(RequestCacheAwareFilter.java:63)
	at org.springframework.security.web.ObservationFilterChainDecorator$ObservationFilter.wrapFilter(ObservationFilterChainDecorator.java:240)
	at org.springframework.security.web.ObservationFilterChainDecorator$ObservationFilter.doFilter(ObservationFilterChainDecorator.java:227)
	at org.springframework.security.web.ObservationFilterChainDecorator$VirtualFilterChain.doFilter(ObservationFilterChainDecorator.java:137)
	at org.springframework.security.web.authentication.logout.LogoutFilter.doFilter(LogoutFilter.java:107)
	at org.springframework.security.web.authentication.logout.LogoutFilter.doFilter(LogoutFilter.java:93)
	at org.springframework.security.web.ObservationFilterChainDecorator$ObservationFilter.wrapFilter(ObservationFilterChainDecorator.java:240)
	at org.springframework.security.web.ObservationFilterChainDecorator$ObservationFilter.doFilter(ObservationFilterChainDecorator.java:227)
	at org.springframework.security.web.ObservationFilterChainDecorator$VirtualFilterChain.doFilter(ObservationFilterChainDecorator.java:137)
	at org.springframework.security.web.header.HeaderWriterFilter.doHeadersAfter(HeaderWriterFilter.java:90)
	at org.springframework.security.web.header.HeaderWriterFilter.doFilterInternal(HeaderWriterFilter.java:75)
	at org.springframework.web.filter.OncePerRequestFilter.doFilter(OncePerRequestFilter.java:116)
	at org.springframework.security.web.ObservationFilterChainDecorator$ObservationFilter.wrapFilter(ObservationFilterChainDecorator.java:240)
	at org.springframework.security.web.ObservationFilterChainDecorator$ObservationFilter.doFilter(ObservationFilterChainDecorator.java:227)
	at org.springframework.security.web.ObservationFilterChainDecorator$VirtualFilterChain.doFilter(ObservationFilterChainDecorator.java:137)
	at org.springframework.security.web.context.SecurityContextHolderFilter.doFilter(SecurityContextHolderFilter.java:82)
	at org.springframework.security.web.context.SecurityContextHolderFilter.doFilter(SecurityContextHolderFilter.java:69)
	at org.springframework.security.web.ObservationFilterChainDecorator$ObservationFilter.wrapFilter(ObservationFilterChainDecorator.java:240)
	at org.springframework.security.web.ObservationFilterChainDecorator$ObservationFilter.doFilter(ObservationFilterChainDecorator.java:227)
	at org.springframework.security.web.ObservationFilterChainDecorator$VirtualFilterChain.doFilter(ObservationFilterChainDecorator.java:137)
	at org.springframework.security.web.context.request.async.WebAsyncManagerIntegrationFilter.doFilterInternal(WebAsyncManagerIntegrationFilter.java:62)
	at org.springframework.web.filter.OncePerRequestFilter.doFilter(OncePerRequestFilter.java:116)
	at org.springframework.security.web.ObservationFilterChainDecorator$ObservationFilter.wrapFilter(ObservationFilterChainDecorator.java:240)
	at org.springframework.security.web.ObservationFilterChainDecorator$ObservationFilter.doFilter(ObservationFilterChainDecorator.java:227)
	at org.springframework.security.web.ObservationFilterChainDecorator$VirtualFilterChain.doFilter(ObservationFilterChainDecorator.java:137)
	at org.springframework.security.web.session.DisableEncodeUrlFilter.doFilterInternal(DisableEncodeUrlFilter.java:42)
	at org.springframework.web.filter.OncePerRequestFilter.doFilter(OncePerRequestFilter.java:116)
	at org.springframework.security.web.ObservationFilterChainDecorator$ObservationFilter.wrapFilter(ObservationFilterChainDecorator.java:240)
	at org.springframework.security.web.ObservationFilterChainDecorator$AroundFilterObservation$SimpleAroundFilterObservation.lambda$wrap$0(ObservationFilterChainDecorator.java:323)
	at org.springframework.security.web.ObservationFilterChainDecorator$ObservationFilter.doFilter(ObservationFilterChainDecorator.java:224)
	at org.springframework.security.web.ObservationFilterChainDecorator$VirtualFilterChain.doFilter(ObservationFilterChainDecorator.java:137)
	at org.springframework.security.web.FilterChainProxy.doFilterInternal(FilterChainProxy.java:233)
	at org.springframework.security.web.FilterChainProxy.doFilter(FilterChainProxy.java:191)
	at org.springframework.web.filter.CompositeFilter$VirtualFilterChain.doFilter(CompositeFilter.java:113)
	at org.springframework.web.servlet.handler.HandlerMappingIntrospector.lambda$createCacheFilter$3(HandlerMappingIntrospector.java:243)
	at org.springframework.web.filter.CompositeFilter$VirtualFilterChain.doFilter(CompositeFilter.java:113)
	at org.springframework.web.filter.CompositeFilter.doFilter(CompositeFilter.java:74)
	at org.springframework.security.config.annotation.web.configuration.WebMvcSecurityConfiguration$CompositeFilterChainProxy.doFilter(WebMvcSecurityConfiguration.java:238)
	at org.springframework.web.filter.DelegatingFilterProxy.invokeDelegate(DelegatingFilterProxy.java:362)
	at org.springframework.web.filter.DelegatingFilterProxy.doFilter(DelegatingFilterProxy.java:278)
	at org.apache.catalina.core.ApplicationFilterChain.internalDoFilter(ApplicationFilterChain.java:164)
	at org.apache.catalina.core.ApplicationFilterChain.doFilter(ApplicationFilterChain.java:140)
	at org.springframework.web.filter.RequestContextFilter.doFilterInternal(RequestContextFilter.java:100)
	at org.springframework.web.filter.OncePerRequestFilter.doFilter(OncePerRequestFilter.java:116)
	at org.apache.catalina.core.ApplicationFilterChain.internalDoFilter(ApplicationFilterChain.java:164)
	at org.apache.catalina.core.ApplicationFilterChain.doFilter(ApplicationFilterChain.java:140)
	at org.springframework.web.filter.FormContentFilter.doFilterInternal(FormContentFilter.java:93)
	at org.springframework.web.filter.OncePerRequestFilter.doFilter(OncePerRequestFilter.java:116)
	at org.apache.catalina.core.ApplicationFilterChain.internalDoFilter(ApplicationFilterChain.java:164)
	at org.apache.catalina.core.ApplicationFilterChain.doFilter(ApplicationFilterChain.java:140)
	at org.springframework.web.filter.ServerHttpObservationFilter.doFilterInternal(ServerHttpObservationFilter.java:114)
	at org.springframework.web.filter.OncePerRequestFilter.doFilter(OncePerRequestFilter.java:116)
	at org.apache.catalina.core.ApplicationFilterChain.internalDoFilter(ApplicationFilterChain.java:164)
	at org.apache.catalina.core.ApplicationFilterChain.doFilter(ApplicationFilterChain.java:140)
	at org.springframework.web.filter.CharacterEncodingFilter.doFilterInternal(CharacterEncodingFilter.java:201)
	at org.springframework.web.filter.OncePerRequestFilter.doFilter(OncePerRequestFilter.java:116)
	at org.apache.catalina.core.ApplicationFilterChain.internalDoFilter(ApplicationFilterChain.java:164)
	at org.apache.catalina.core.ApplicationFilterChain.doFilter(ApplicationFilterChain.java:140)
	at org.apache.catalina.core.StandardWrapperValve.invoke(StandardWrapperValve.java:167)
	at org.apache.catalina.core.StandardContextValve.invoke(StandardContextValve.java:90)
	at org.apache.catalina.authenticator.AuthenticatorBase.invoke(AuthenticatorBase.java:483)
	at org.apache.catalina.core.StandardHostValve.invoke(StandardHostValve.java:116)
	at org.apache.catalina.valves.ErrorReportValve.invoke(ErrorReportValve.java:93)
	at org.apache.catalina.core.StandardEngineValve.invoke(StandardEngineValve.java:74)
	at org.apache.catalina.connector.CoyoteAdapter.service(CoyoteAdapter.java:344)
	at org.apache.coyote.http11.Http11Processor.service(Http11Processor.java:398)
	at org.apache.coyote.AbstractProcessorLight.process(AbstractProcessorLight.java:63)
	at org.apache.coyote.AbstractProtocol$ConnectionHandler.process(AbstractProtocol.java:903)
	at org.apache.tomcat.util.net.NioEndpoint$SocketProcessor.doRun(NioEndpoint.java:1740)
	at org.apache.tomcat.util.net.SocketProcessorBase.run(SocketProcessorBase.java:52)
	at org.apache.tomcat.util.threads.ThreadPoolExecutor.runWorker(ThreadPoolExecutor.java:1189)
	at org.apache.tomcat.util.threads.ThreadPoolExecutor$Worker.run(ThreadPoolExecutor.java:658)
	at org.apache.tomcat.util.threads.TaskThread$WrappingRunnable.run(TaskThread.java:63)
	at java.base/java.lang.Thread.run(Thread.java:1583)
Caused by: org.hibernate.exception.ConstraintViolationException: could not execute statement [Violación de indice de Unicidad ó Clave primaria: "PUBLIC.UK_NOTIFICATIONS_UUID_INDEX_C ON PUBLIC.NOTIFICATIONS(UUID NULLS FIRST) VALUES ( /* 4 */ UUID 'f47f78bf-a5de-4c37-a9c9-caeb18b35a3e' )"
Unique index or primary key violation: "PUBLIC.UK_NOTIFICATIONS_UUID_INDEX_C ON PUBLIC.NOTIFICATIONS(UUID NULLS FIRST) VALUES ( /* 4 */ UUID 'f47f78bf-a5de-4c37-a9c9-caeb18b35a3e' )"; SQL statement:
insert into notifications (content_attributes,content_body,created_at,error_message,priority,recipient_attributes,recipient_device_token,recipient_email,recipient_phone,recipient_user_id,requester_id,retry_count,scheduled_for,sent_at,source_service,status,subject,template_id,uuid,id) values (?,?,?,?,?,?,?,?,?,?,?,?,?,?,?,?,?,?,?,default) [23505-232]] [insert into notifications (content_attributes,content_body,created_at,error_message,priority,recipient_attributes,recipient_device_token,recipient_email,recipient_phone,recipient_user_id,requester_id,retry_count,scheduled_for,sent_at,source_service,status,subject,template_id,uuid,id) values (?,?,?,?,?,?,?,?,?,?,?,?,?,?,?,?,?,?,?,default)]
	at org.hibernate.dialect.H2Dialect.lambda$buildSQLExceptionConversionDelegate$3(H2Dialect.java:759)
	at org.hibernate.exception.internal.StandardSQLExceptionConverter.convert(StandardSQLExceptionConverter.java:58)
	at org.hibernate.engine.jdbc.spi.SqlExceptionHelper.convert(SqlExceptionHelper.java:108)
	at org.hibernate.engine.jdbc.internal.ResultSetReturnImpl.executeUpdate(ResultSetReturnImpl.java:197)
	at org.hibernate.id.insert.GetGeneratedKeysDelegate.performMutation(GetGeneratedKeysDelegate.java:116)
	at org.hibernate.engine.jdbc.mutation.internal.MutationExecutorSingleNonBatched.performNonBatchedOperations(MutationExecutorSingleNonBatched.java:47)
	at org.hibernate.engine.jdbc.mutation.internal.AbstractMutationExecutor.execute(AbstractMutationExecutor.java:55)
	at org.hibernate.persister.entity.mutation.InsertCoordinatorStandard.doStaticInserts(InsertCoordinatorStandard.java:194)
	at org.hibernate.persister.entity.mutation.InsertCoordinatorStandard.coordinateInsert(InsertCoordinatorStandard.java:132)
	at org.hibernate.persister.entity.mutation.InsertCoordinatorStandard.insert(InsertCoordinatorStandard.java:95)
	at org.hibernate.action.internal.EntityIdentityInsertAction.execute(EntityIdentityInsertAction.java:85)
	at org.hibernate.engine.spi.ActionQueue.execute(ActionQueue.java:682)
	at org.hibernate.engine.spi.ActionQueue.addResolvedEntityInsertAction(ActionQueue.java:293)
	at org.hibernate.engine.spi.ActionQueue.addInsertAction(ActionQueue.java:274)
	at org.hibernate.engine.spi.ActionQueue.addAction(ActionQueue.java:324)
	at org.hibernate.event.internal.AbstractSaveEventListener.addInsertAction(AbstractSaveEventListener.java:393)
	at org.hibernate.event.internal.AbstractSaveEventListener.performSaveOrReplicate(AbstractSaveEventListener.java:307)
	at org.hibernate.event.internal.AbstractSaveEventListener.performSave(AbstractSaveEventListener.java:223)
	at org.hibernate.event.internal.AbstractSaveEventListener.saveWithGeneratedId(AbstractSaveEventListener.java:136)
	at org.hibernate.event.internal.DefaultPersistEventListener.entityIsTransient(DefaultPersistEventListener.java:177)
	at org.hibernate.event.internal.DefaultPersistEventListener.persist(DefaultPersistEventListener.java:95)
	at org.hibernate.event.internal.DefaultPersistEventListener.onPersist(DefaultPersistEventListener.java:79)
	at org.hibernate.event.internal.DefaultPersistEventListener.onPersist(DefaultPersistEventListener.java:55)
	at org.hibernate.event.service.internal.EventListenerGroupImpl.fireEventOnEachListener(EventListenerGroupImpl.java:127)
	at org.hibernate.internal.SessionImpl.firePersist(SessionImpl.java:761)
	at org.hibernate.internal.SessionImpl.persist(SessionImpl.java:745)
	at java.base/jdk.internal.reflect.DirectMethodHandleAccessor.invoke(DirectMethodHandleAccessor.java:103)
	at java.base/java.lang.reflect.Method.invoke(Method.java:580)
	at org.springframework.orm.jpa.ExtendedEntityManagerCreator$ExtendedEntityManagerInvocationHandler.invoke(ExtendedEntityManagerCreator.java:364)
	at jdk.proxy2/jdk.proxy2.$Proxy175.persist(Unknown Source)
	at java.base/jdk.internal.reflect.DirectMethodHandleAccessor.invoke(DirectMethodHandleAccessor.java:103)
	at java.base/java.lang.reflect.Method.invoke(Method.java:580)
	at org.springframework.orm.jpa.SharedEntityManagerCreator$SharedEntityManagerInvocationHandler.invoke(SharedEntityManagerCreator.java:320)
	at jdk.proxy2/jdk.proxy2.$Proxy175.persist(Unknown Source)
	at org.springframework.data.jpa.repository.support.SimpleJpaRepository.save(SimpleJpaRepository.java:636)
	at java.base/jdk.internal.reflect.DirectMethodHandleAccessor.invoke(DirectMethodHandleAccessor.java:103)
	at java.base/java.lang.reflect.Method.invoke(Method.java:580)
	at org.springframework.aop.support.AopUtils.invokeJoinpointUsingReflection(AopUtils.java:359)
	at org.springframework.data.repository.core.support.RepositoryMethodInvoker$RepositoryFragmentMethodInvoker.lambda$new$0(RepositoryMethodInvoker.java:277)
	at org.springframework.data.repository.core.support.RepositoryMethodInvoker.doInvoke(RepositoryMethodInvoker.java:170)
	at org.springframework.data.repository.core.support.RepositoryMethodInvoker.invoke(RepositoryMethodInvoker.java:158)
	at org.springframework.data.repository.core.support.RepositoryComposition$RepositoryFragments.invoke(RepositoryComposition.java:515)
	at org.springframework.data.repository.core.support.RepositoryComposition.invoke(RepositoryComposition.java:284)
	at org.springframework.data.repository.core.support.RepositoryFactorySupport$ImplementationMethodExecutionInterceptor.invoke(RepositoryFactorySupport.java:731)
	at org.springframework.aop.framework.ReflectiveMethodInvocation.proceed(ReflectiveMethodInvocation.java:184)
	at org.springframework.data.repository.core.support.QueryExecutorMethodInterceptor.doInvoke(QueryExecutorMethodInterceptor.java:174)
	at org.springframework.data.repository.core.support.QueryExecutorMethodInterceptor.invoke(QueryExecutorMethodInterceptor.java:149)
	at org.springframework.aop.framework.ReflectiveMethodInvocation.proceed(ReflectiveMethodInvocation.java:184)
	at org.springframework.data.projection.DefaultMethodInvokingMethodInterceptor.invoke(DefaultMethodInvokingMethodInterceptor.java:69)
	at org.springframework.aop.framework.ReflectiveMethodInvocation.proceed(ReflectiveMethodInvocation.java:184)
	at org.springframework.transaction.interceptor.TransactionAspectSupport.invokeWithinTransaction(TransactionAspectSupport.java:380)
	at org.springframework.transaction.interceptor.TransactionInterceptor.invoke(TransactionInterceptor.java:119)
	at org.springframework.aop.framework.ReflectiveMethodInvocation.proceed(ReflectiveMethodInvocation.java:184)
	at org.springframework.dao.support.PersistenceExceptionTranslationInterceptor.invoke(PersistenceExceptionTranslationInterceptor.java:138)
	... 135 common frames omitted
Caused by: org.h2.jdbc.JdbcSQLIntegrityConstraintViolationException: Violación de indice de Unicidad ó Clave primaria: "PUBLIC.UK_NOTIFICATIONS_UUID_INDEX_C ON PUBLIC.NOTIFICATIONS(UUID NULLS FIRST) VALUES ( /* 4 */ UUID 'f47f78bf-a5de-4c37-a9c9-caeb18b35a3e' )"
Unique index or primary key violation: "PUBLIC.UK_NOTIFICATIONS_UUID_INDEX_C ON PUBLIC.NOTIFICATIONS(UUID NULLS FIRST) VALUES ( /* 4 */ UUID 'f47f78bf-a5de-4c37-a9c9-caeb18b35a3e' )"; SQL statement:
insert into notifications (content_attributes,content_body,created_at,error_message,priority,recipient_attributes,recipient_device_token,recipient_email,recipient_phone,recipient_user_id,requester_id,retry_count,scheduled_for,sent_at,source_service,status,subject,template_id,uuid,id) values (?,?,?,?,?,?,?,?,?,?,?,?,?,?,?,?,?,?,?,default) [23505-232]
	at org.h2.message.DbException.getJdbcSQLException(DbException.java:520)
	at org.h2.message.DbException.getJdbcSQLException(DbException.java:489)
	at org.h2.message.DbException.get(DbException.java:223)
	at org.h2.message.DbException.get(DbException.java:199)
	at org.h2.index.Index.getDuplicateKeyException(Index.java:523)
	at org.h2.mvstore.db.MVSecondaryIndex.checkUnique(MVSecondaryIndex.java:223)
	at org.h2.mvstore.db.MVSecondaryIndex.add(MVSecondaryIndex.java:184)
	at org.h2.mvstore.db.MVTable.addRow(MVTable.java:517)
	at org.h2.command.dml.Insert.insertRows(Insert.java:174)
	at org.h2.command.dml.Insert.update(Insert.java:135)
	at org.h2.command.CommandContainer.executeUpdateWithGeneratedKeys(CommandContainer.java:212)
	at org.h2.command.CommandContainer.update(CommandContainer.java:133)
	at org.h2.command.Command.executeUpdate(Command.java:304)
	at org.h2.command.Command.executeUpdate(Command.java:248)
	at org.h2.jdbc.JdbcPreparedStatement.executeUpdateInternal(JdbcPreparedStatement.java:213)
	at org.h2.jdbc.JdbcPreparedStatement.executeUpdate(JdbcPreparedStatement.java:172)
	at com.zaxxer.hikari.pool.ProxyPreparedStatement.executeUpdate(ProxyPreparedStatement.java:61)
	at com.zaxxer.hikari.pool.HikariProxyPreparedStatement.executeUpdate(HikariProxyPreparedStatement.java)
	at org.hibernate.engine.jdbc.internal.ResultSetReturnImpl.executeUpdate(ResultSetReturnImpl.java:194)
	... 185 common frames omitted
2025-07-31 17:17:00,048 [http-nio-8080-exec-2] DEBUG e.m.n.i.a.o.monitoring.LoggingAdapter              - send - Call saveFailedEventToOutbox
2025-07-31 17:17:00,049 [http-nio-8080-exec-2] DEBUG e.m.n.i.a.o.monitoring.LoggingAdapter              - saveFailedEventToOutbox - Saving failed event to outbox for notification: f47f78bf-a5de-4c37-a9c9-caeb18b35a3e, error: Error sending notification: could not execute statement [Violación de indice de Unicidad ó Clave primaria: "PUBLIC.UK_NOTIFICATIONS_UUID_INDEX_C ON PUBLIC.NOTIFICATIONS(UUID NULLS FIRST) VALUES ( /* 4 */ UUID 'f47f78bf-a5de-4c37-a9c9-caeb18b35a3e' )"
Unique index or primary key violation: "PUBLIC.UK_NOTIFICATIONS_UUID_INDEX_C ON PUBLIC.NOTIFICATIONS(UUID NULLS FIRST) VALUES ( /* 4 */ UUID 'f47f78bf-a5de-4c37-a9c9-caeb18b35a3e' )"; SQL statement:
insert into notifications (content_attributes,content_body,created_at,error_message,priority,recipient_attributes,recipient_device_token,recipient_email,recipient_phone,recipient_user_id,requester_id,retry_count,scheduled_for,sent_at,source_service,status,subject,template_id,uuid,id) values (?,?,?,?,?,?,?,?,?,?,?,?,?,?,?,?,?,?,?,default) [23505-232]] [insert into notifications (content_attributes,content_body,created_at,error_message,priority,recipient_attributes,recipient_device_token,recipient_email,recipient_phone,recipient_user_id,requester_id,retry_count,scheduled_for,sent_at,source_service,status,subject,template_id,uuid,id) values (?,?,?,?,?,?,?,?,?,?,?,?,?,?,?,?,?,?,?,default)]; SQL [insert into notifications (content_attributes,content_body,created_at,error_message,priority,recipient_attributes,recipient_device_token,recipient_email,recipient_phone,recipient_user_id,requester_id,retry_count,scheduled_for,sent_at,source_service,status,subject,template_id,uuid,id) values (?,?,?,?,?,?,?,?,?,?,?,?,?,?,?,?,?,?,?,default)]; constraint [PUBLIC.UK_NOTIFICATIONS_UUID_INDEX_C]
2025-07-31 17:17:00,051 [http-nio-8080-exec-2] DEBUG e.m.n.i.a.o.monitoring.LoggingAdapter              - SerializationServiceAdapter.serialize - Serializando objeto: {}
2025-07-31 17:17:00,052 [http-nio-8080-exec-2] DEBUG e.m.n.i.a.o.monitoring.LoggingAdapter              - saveFailedEventToOutbox - Call outboxRepository.save
2025-07-31 17:17:00,058 [http-nio-8080-exec-2] DEBUG e.m.n.i.a.o.monitoring.LoggingAdapter              - saveFailedEventToOutbox - Event saved successfully
2025-07-31 17:17:00,059 [http-nio-8080-exec-2] INFO  e.m.n.i.a.o.p.m.NotificationOutputMapper           - toEntity - Init
2025-07-31 17:17:00,059 [http-nio-8080-exec-2] INFO  e.m.n.i.a.o.p.m.NotificationOutputMapper           - toEntity - End
2025-07-31 17:17:00,067 [http-nio-8080-exec-2] WARN  o.h.engine.jdbc.spi.SqlExceptionHelper             - SQL Error: 23505, SQLState: 23505
2025-07-31 17:17:00,068 [http-nio-8080-exec-2] ERROR o.h.engine.jdbc.spi.SqlExceptionHelper             - Violación de indice de Unicidad ó Clave primaria: "PUBLIC.UK_NOTIFICATIONS_UUID_INDEX_C ON PUBLIC.NOTIFICATIONS(UUID NULLS FIRST) VALUES ( /* 4 */ UUID 'f47f78bf-a5de-4c37-a9c9-caeb18b35a3e' )"
Unique index or primary key violation: "PUBLIC.UK_NOTIFICATIONS_UUID_INDEX_C ON PUBLIC.NOTIFICATIONS(UUID NULLS FIRST) VALUES ( /* 4 */ UUID 'f47f78bf-a5de-4c37-a9c9-caeb18b35a3e' )"; SQL statement:
insert into notifications (content_attributes,content_body,created_at,error_message,priority,recipient_attributes,recipient_device_token,recipient_email,recipient_phone,recipient_user_id,requester_id,retry_count,scheduled_for,sent_at,source_service,status,subject,template_id,uuid,id) values (?,?,?,?,?,?,?,?,?,?,?,?,?,?,?,?,?,?,?,default) [23505-232]
2025-07-31 17:17:00,074 [http-nio-8080-exec-2] ERROR e.m.n.i.a.i.w.e.RestExceptionHandler               - handleAllUncaughtException - Unexpected error occurred: could not execute statement [Violación de indice de Unicidad ó Clave primaria: "PUBLIC.UK_NOTIFICATIONS_UUID_INDEX_C ON PUBLIC.NOTIFICATIONS(UUID NULLS FIRST) VALUES ( /* 4 */ UUID 'f47f78bf-a5de-4c37-a9c9-caeb18b35a3e' )"
Unique index or primary key violation: "PUBLIC.UK_NOTIFICATIONS_UUID_INDEX_C ON PUBLIC.NOTIFICATIONS(UUID NULLS FIRST) VALUES ( /* 4 */ UUID 'f47f78bf-a5de-4c37-a9c9-caeb18b35a3e' )"; SQL statement:
insert into notifications (content_attributes,content_body,created_at,error_message,priority,recipient_attributes,recipient_device_token,recipient_email,recipient_phone,recipient_user_id,requester_id,retry_count,scheduled_for,sent_at,source_service,status,subject,template_id,uuid,id) values (?,?,?,?,?,?,?,?,?,?,?,?,?,?,?,?,?,?,?,default) [23505-232]] [insert into notifications (content_attributes,content_body,created_at,error_message,priority,recipient_attributes,recipient_device_token,recipient_email,recipient_phone,recipient_user_id,requester_id,retry_count,scheduled_for,sent_at,source_service,status,subject,template_id,uuid,id) values (?,?,?,?,?,?,?,?,?,?,?,?,?,?,?,?,?,?,?,default)]; SQL [insert into notifications (content_attributes,content_body,created_at,error_message,priority,recipient_attributes,recipient_device_token,recipient_email,recipient_phone,recipient_user_id,requester_id,retry_count,scheduled_for,sent_at,source_service,status,subject,template_id,uuid,id) values (?,?,?,?,?,?,?,?,?,?,?,?,?,?,?,?,?,?,?,default)]; constraint [PUBLIC.UK_NOTIFICATIONS_UUID_INDEX_C]
org.springframework.dao.DataIntegrityViolationException: could not execute statement [Violación de indice de Unicidad ó Clave primaria: "PUBLIC.UK_NOTIFICATIONS_UUID_INDEX_C ON PUBLIC.NOTIFICATIONS(UUID NULLS FIRST) VALUES ( /* 4 */ UUID 'f47f78bf-a5de-4c37-a9c9-caeb18b35a3e' )"
Unique index or primary key violation: "PUBLIC.UK_NOTIFICATIONS_UUID_INDEX_C ON PUBLIC.NOTIFICATIONS(UUID NULLS FIRST) VALUES ( /* 4 */ UUID 'f47f78bf-a5de-4c37-a9c9-caeb18b35a3e' )"; SQL statement:
insert into notifications (content_attributes,content_body,created_at,error_message,priority,recipient_attributes,recipient_device_token,recipient_email,recipient_phone,recipient_user_id,requester_id,retry_count,scheduled_for,sent_at,source_service,status,subject,template_id,uuid,id) values (?,?,?,?,?,?,?,?,?,?,?,?,?,?,?,?,?,?,?,default) [23505-232]] [insert into notifications (content_attributes,content_body,created_at,error_message,priority,recipient_attributes,recipient_device_token,recipient_email,recipient_phone,recipient_user_id,requester_id,retry_count,scheduled_for,sent_at,source_service,status,subject,template_id,uuid,id) values (?,?,?,?,?,?,?,?,?,?,?,?,?,?,?,?,?,?,?,default)]; SQL [insert into notifications (content_attributes,content_body,created_at,error_message,priority,recipient_attributes,recipient_device_token,recipient_email,recipient_phone,recipient_user_id,requester_id,retry_count,scheduled_for,sent_at,source_service,status,subject,template_id,uuid,id) values (?,?,?,?,?,?,?,?,?,?,?,?,?,?,?,?,?,?,?,default)]; constraint [PUBLIC.UK_NOTIFICATIONS_UUID_INDEX_C]
	at org.springframework.orm.jpa.vendor.HibernateJpaDialect.convertHibernateAccessException(HibernateJpaDialect.java:294)
	at org.springframework.orm.jpa.vendor.HibernateJpaDialect.convertHibernateAccessException(HibernateJpaDialect.java:256)
	at org.springframework.orm.jpa.vendor.HibernateJpaDialect.translateExceptionIfPossible(HibernateJpaDialect.java:241)
	at org.springframework.orm.jpa.AbstractEntityManagerFactoryBean.translateExceptionIfPossible(AbstractEntityManagerFactoryBean.java:560)
	at org.springframework.dao.support.ChainedPersistenceExceptionTranslator.translateExceptionIfPossible(ChainedPersistenceExceptionTranslator.java:61)
	at org.springframework.dao.support.DataAccessUtils.translateIfNecessary(DataAccessUtils.java:343)
	at org.springframework.dao.support.PersistenceExceptionTranslationInterceptor.invoke(PersistenceExceptionTranslationInterceptor.java:160)
	at org.springframework.aop.framework.ReflectiveMethodInvocation.proceed(ReflectiveMethodInvocation.java:184)
	at org.springframework.data.jpa.repository.support.CrudMethodMetadataPostProcessor$CrudMethodMetadataPopulatingMethodInterceptor.invoke(CrudMethodMetadataPostProcessor.java:165)
	at org.springframework.aop.framework.ReflectiveMethodInvocation.proceed(ReflectiveMethodInvocation.java:184)
	at org.springframework.aop.framework.JdkDynamicAopProxy.invoke(JdkDynamicAopProxy.java:223)
	at jdk.proxy2/jdk.proxy2.$Proxy186.save(Unknown Source)
	at edu.market.notification.infrastructure.adapter.output.persistence.NotificationRepositoryAdapter.save(NotificationRepositoryAdapter.java:36)
	at java.base/jdk.internal.reflect.DirectMethodHandleAccessor.invoke(DirectMethodHandleAccessor.java:103)
	at java.base/java.lang.reflect.Method.invoke(Method.java:580)
	at org.springframework.aop.support.AopUtils.invokeJoinpointUsingReflection(AopUtils.java:359)
	at org.springframework.aop.framework.ReflectiveMethodInvocation.invokeJoinpoint(ReflectiveMethodInvocation.java:196)
	at org.springframework.aop.framework.ReflectiveMethodInvocation.proceed(ReflectiveMethodInvocation.java:163)
	at org.springframework.transaction.interceptor.TransactionAspectSupport.invokeWithinTransaction(TransactionAspectSupport.java:380)
	at org.springframework.transaction.interceptor.TransactionInterceptor.invoke(TransactionInterceptor.java:119)
	at org.springframework.aop.framework.ReflectiveMethodInvocation.proceed(ReflectiveMethodInvocation.java:184)
	at org.springframework.aop.framework.CglibAopProxy$DynamicAdvisedInterceptor.intercept(CglibAopProxy.java:728)
	at edu.market.notification.infrastructure.adapter.output.persistence.NotificationRepositoryAdapter$$SpringCGLIB$$0.save(<generated>)
	at edu.market.notification.application.usecase.notification.SendNotificationUseCase.send(SendNotificationUseCase.java:125)
	at edu.market.notification.infrastructure.adapter.input.web.controller.NotificationController.sendNotification(NotificationController.java:156)
	at java.base/jdk.internal.reflect.DirectMethodHandleAccessor.invoke(DirectMethodHandleAccessor.java:103)
	at java.base/java.lang.reflect.Method.invoke(Method.java:580)
	at org.springframework.web.method.support.InvocableHandlerMethod.doInvoke(InvocableHandlerMethod.java:258)
	at org.springframework.web.method.support.InvocableHandlerMethod.invokeForRequest(InvocableHandlerMethod.java:191)
	at org.springframework.web.servlet.mvc.method.annotation.ServletInvocableHandlerMethod.invokeAndHandle(ServletInvocableHandlerMethod.java:118)
	at org.springframework.web.servlet.mvc.method.annotation.RequestMappingHandlerAdapter.invokeHandlerMethod(RequestMappingHandlerAdapter.java:986)
	at org.springframework.web.servlet.mvc.method.annotation.RequestMappingHandlerAdapter.handleInternal(RequestMappingHandlerAdapter.java:891)
	at org.springframework.web.servlet.mvc.method.AbstractHandlerMethodAdapter.handle(AbstractHandlerMethodAdapter.java:87)
	at org.springframework.web.servlet.DispatcherServlet.doDispatch(DispatcherServlet.java:1089)
	at org.springframework.web.servlet.DispatcherServlet.doService(DispatcherServlet.java:979)
	at org.springframework.web.servlet.FrameworkServlet.processRequest(FrameworkServlet.java:1014)
	at org.springframework.web.servlet.FrameworkServlet.doPost(FrameworkServlet.java:914)
	at jakarta.servlet.http.HttpServlet.service(HttpServlet.java:590)
	at org.springframework.web.servlet.FrameworkServlet.service(FrameworkServlet.java:885)
	at jakarta.servlet.http.HttpServlet.service(HttpServlet.java:658)
	at org.apache.catalina.core.ApplicationFilterChain.internalDoFilter(ApplicationFilterChain.java:195)
	at org.apache.catalina.core.ApplicationFilterChain.doFilter(ApplicationFilterChain.java:140)
	at org.apache.tomcat.websocket.server.WsFilter.doFilter(WsFilter.java:51)
	at org.apache.catalina.core.ApplicationFilterChain.internalDoFilter(ApplicationFilterChain.java:164)
	at org.apache.catalina.core.ApplicationFilterChain.doFilter(ApplicationFilterChain.java:140)
	at org.springframework.web.filter.CompositeFilter$VirtualFilterChain.doFilter(CompositeFilter.java:108)
	at org.springframework.security.web.FilterChainProxy.lambda$doFilterInternal$3(FilterChainProxy.java:231)
	at org.springframework.security.web.ObservationFilterChainDecorator$FilterObservation$SimpleFilterObservation.lambda$wrap$1(ObservationFilterChainDecorator.java:479)
	at org.springframework.security.web.ObservationFilterChainDecorator$AroundFilterObservation$SimpleAroundFilterObservation.lambda$wrap$1(ObservationFilterChainDecorator.java:340)
	at org.springframework.security.web.ObservationFilterChainDecorator.lambda$wrapSecured$0(ObservationFilterChainDecorator.java:82)
	at org.springframework.security.web.ObservationFilterChainDecorator$VirtualFilterChain.doFilter(ObservationFilterChainDecorator.java:128)
	at org.springframework.security.web.access.intercept.AuthorizationFilter.doFilter(AuthorizationFilter.java:101)
	at org.springframework.security.web.ObservationFilterChainDecorator$ObservationFilter.wrapFilter(ObservationFilterChainDecorator.java:240)
	at org.springframework.security.web.ObservationFilterChainDecorator$ObservationFilter.doFilter(ObservationFilterChainDecorator.java:227)
	at org.springframework.security.web.ObservationFilterChainDecorator$VirtualFilterChain.doFilter(ObservationFilterChainDecorator.java:137)
	at org.springframework.security.web.access.ExceptionTranslationFilter.doFilter(ExceptionTranslationFilter.java:126)
	at org.springframework.security.web.access.ExceptionTranslationFilter.doFilter(ExceptionTranslationFilter.java:120)
	at org.springframework.security.web.ObservationFilterChainDecorator$ObservationFilter.wrapFilter(ObservationFilterChainDecorator.java:240)
	at org.springframework.security.web.ObservationFilterChainDecorator$ObservationFilter.doFilter(ObservationFilterChainDecorator.java:227)
	at org.springframework.security.web.ObservationFilterChainDecorator$VirtualFilterChain.doFilter(ObservationFilterChainDecorator.java:137)
	at org.springframework.security.web.authentication.AnonymousAuthenticationFilter.doFilter(AnonymousAuthenticationFilter.java:100)
	at org.springframework.security.web.ObservationFilterChainDecorator$ObservationFilter.wrapFilter(ObservationFilterChainDecorator.java:240)
	at org.springframework.security.web.ObservationFilterChainDecorator$ObservationFilter.doFilter(ObservationFilterChainDecorator.java:227)
	at org.springframework.security.web.ObservationFilterChainDecorator$VirtualFilterChain.doFilter(ObservationFilterChainDecorator.java:137)
	at org.springframework.security.web.servletapi.SecurityContextHolderAwareRequestFilter.doFilter(SecurityContextHolderAwareRequestFilter.java:179)
	at org.springframework.security.web.ObservationFilterChainDecorator$ObservationFilter.wrapFilter(ObservationFilterChainDecorator.java:240)
	at org.springframework.security.web.ObservationFilterChainDecorator$ObservationFilter.doFilter(ObservationFilterChainDecorator.java:227)
	at org.springframework.security.web.ObservationFilterChainDecorator$VirtualFilterChain.doFilter(ObservationFilterChainDecorator.java:137)
	at org.springframework.security.web.savedrequest.RequestCacheAwareFilter.doFilter(RequestCacheAwareFilter.java:63)
	at org.springframework.security.web.ObservationFilterChainDecorator$ObservationFilter.wrapFilter(ObservationFilterChainDecorator.java:240)
	at org.springframework.security.web.ObservationFilterChainDecorator$ObservationFilter.doFilter(ObservationFilterChainDecorator.java:227)
	at org.springframework.security.web.ObservationFilterChainDecorator$VirtualFilterChain.doFilter(ObservationFilterChainDecorator.java:137)
	at org.springframework.security.web.authentication.logout.LogoutFilter.doFilter(LogoutFilter.java:107)
	at org.springframework.security.web.authentication.logout.LogoutFilter.doFilter(LogoutFilter.java:93)
	at org.springframework.security.web.ObservationFilterChainDecorator$ObservationFilter.wrapFilter(ObservationFilterChainDecorator.java:240)
	at org.springframework.security.web.ObservationFilterChainDecorator$ObservationFilter.doFilter(ObservationFilterChainDecorator.java:227)
	at org.springframework.security.web.ObservationFilterChainDecorator$VirtualFilterChain.doFilter(ObservationFilterChainDecorator.java:137)
	at org.springframework.security.web.header.HeaderWriterFilter.doHeadersAfter(HeaderWriterFilter.java:90)
	at org.springframework.security.web.header.HeaderWriterFilter.doFilterInternal(HeaderWriterFilter.java:75)
	at org.springframework.web.filter.OncePerRequestFilter.doFilter(OncePerRequestFilter.java:116)
	at org.springframework.security.web.ObservationFilterChainDecorator$ObservationFilter.wrapFilter(ObservationFilterChainDecorator.java:240)
	at org.springframework.security.web.ObservationFilterChainDecorator$ObservationFilter.doFilter(ObservationFilterChainDecorator.java:227)
	at org.springframework.security.web.ObservationFilterChainDecorator$VirtualFilterChain.doFilter(ObservationFilterChainDecorator.java:137)
	at org.springframework.security.web.context.SecurityContextHolderFilter.doFilter(SecurityContextHolderFilter.java:82)
	at org.springframework.security.web.context.SecurityContextHolderFilter.doFilter(SecurityContextHolderFilter.java:69)
	at org.springframework.security.web.ObservationFilterChainDecorator$ObservationFilter.wrapFilter(ObservationFilterChainDecorator.java:240)
	at org.springframework.security.web.ObservationFilterChainDecorator$ObservationFilter.doFilter(ObservationFilterChainDecorator.java:227)
	at org.springframework.security.web.ObservationFilterChainDecorator$VirtualFilterChain.doFilter(ObservationFilterChainDecorator.java:137)
	at org.springframework.security.web.context.request.async.WebAsyncManagerIntegrationFilter.doFilterInternal(WebAsyncManagerIntegrationFilter.java:62)
	at org.springframework.web.filter.OncePerRequestFilter.doFilter(OncePerRequestFilter.java:116)
	at org.springframework.security.web.ObservationFilterChainDecorator$ObservationFilter.wrapFilter(ObservationFilterChainDecorator.java:240)
	at org.springframework.security.web.ObservationFilterChainDecorator$ObservationFilter.doFilter(ObservationFilterChainDecorator.java:227)
	at org.springframework.security.web.ObservationFilterChainDecorator$VirtualFilterChain.doFilter(ObservationFilterChainDecorator.java:137)
	at org.springframework.security.web.session.DisableEncodeUrlFilter.doFilterInternal(DisableEncodeUrlFilter.java:42)
	at org.springframework.web.filter.OncePerRequestFilter.doFilter(OncePerRequestFilter.java:116)
	at org.springframework.security.web.ObservationFilterChainDecorator$ObservationFilter.wrapFilter(ObservationFilterChainDecorator.java:240)
	at org.springframework.security.web.ObservationFilterChainDecorator$AroundFilterObservation$SimpleAroundFilterObservation.lambda$wrap$0(ObservationFilterChainDecorator.java:323)
	at org.springframework.security.web.ObservationFilterChainDecorator$ObservationFilter.doFilter(ObservationFilterChainDecorator.java:224)
	at org.springframework.security.web.ObservationFilterChainDecorator$VirtualFilterChain.doFilter(ObservationFilterChainDecorator.java:137)
	at org.springframework.security.web.FilterChainProxy.doFilterInternal(FilterChainProxy.java:233)
	at org.springframework.security.web.FilterChainProxy.doFilter(FilterChainProxy.java:191)
	at org.springframework.web.filter.CompositeFilter$VirtualFilterChain.doFilter(CompositeFilter.java:113)
	at org.springframework.web.servlet.handler.HandlerMappingIntrospector.lambda$createCacheFilter$3(HandlerMappingIntrospector.java:243)
	at org.springframework.web.filter.CompositeFilter$VirtualFilterChain.doFilter(CompositeFilter.java:113)
	at org.springframework.web.filter.CompositeFilter.doFilter(CompositeFilter.java:74)
	at org.springframework.security.config.annotation.web.configuration.WebMvcSecurityConfiguration$CompositeFilterChainProxy.doFilter(WebMvcSecurityConfiguration.java:238)
	at org.springframework.web.filter.DelegatingFilterProxy.invokeDelegate(DelegatingFilterProxy.java:362)
	at org.springframework.web.filter.DelegatingFilterProxy.doFilter(DelegatingFilterProxy.java:278)
	at org.apache.catalina.core.ApplicationFilterChain.internalDoFilter(ApplicationFilterChain.java:164)
	at org.apache.catalina.core.ApplicationFilterChain.doFilter(ApplicationFilterChain.java:140)
	at org.springframework.web.filter.RequestContextFilter.doFilterInternal(RequestContextFilter.java:100)
	at org.springframework.web.filter.OncePerRequestFilter.doFilter(OncePerRequestFilter.java:116)
	at org.apache.catalina.core.ApplicationFilterChain.internalDoFilter(ApplicationFilterChain.java:164)
	at org.apache.catalina.core.ApplicationFilterChain.doFilter(ApplicationFilterChain.java:140)
	at org.springframework.web.filter.FormContentFilter.doFilterInternal(FormContentFilter.java:93)
	at org.springframework.web.filter.OncePerRequestFilter.doFilter(OncePerRequestFilter.java:116)
	at org.apache.catalina.core.ApplicationFilterChain.internalDoFilter(ApplicationFilterChain.java:164)
	at org.apache.catalina.core.ApplicationFilterChain.doFilter(ApplicationFilterChain.java:140)
	at org.springframework.web.filter.ServerHttpObservationFilter.doFilterInternal(ServerHttpObservationFilter.java:114)
	at org.springframework.web.filter.OncePerRequestFilter.doFilter(OncePerRequestFilter.java:116)
	at org.apache.catalina.core.ApplicationFilterChain.internalDoFilter(ApplicationFilterChain.java:164)
	at org.apache.catalina.core.ApplicationFilterChain.doFilter(ApplicationFilterChain.java:140)
	at org.springframework.web.filter.CharacterEncodingFilter.doFilterInternal(CharacterEncodingFilter.java:201)
	at org.springframework.web.filter.OncePerRequestFilter.doFilter(OncePerRequestFilter.java:116)
	at org.apache.catalina.core.ApplicationFilterChain.internalDoFilter(ApplicationFilterChain.java:164)
	at org.apache.catalina.core.ApplicationFilterChain.doFilter(ApplicationFilterChain.java:140)
	at org.apache.catalina.core.StandardWrapperValve.invoke(StandardWrapperValve.java:167)
	at org.apache.catalina.core.StandardContextValve.invoke(StandardContextValve.java:90)
	at org.apache.catalina.authenticator.AuthenticatorBase.invoke(AuthenticatorBase.java:483)
	at org.apache.catalina.core.StandardHostValve.invoke(StandardHostValve.java:116)
	at org.apache.catalina.valves.ErrorReportValve.invoke(ErrorReportValve.java:93)
	at org.apache.catalina.core.StandardEngineValve.invoke(StandardEngineValve.java:74)
	at org.apache.catalina.connector.CoyoteAdapter.service(CoyoteAdapter.java:344)
	at org.apache.coyote.http11.Http11Processor.service(Http11Processor.java:398)
	at org.apache.coyote.AbstractProcessorLight.process(AbstractProcessorLight.java:63)
	at org.apache.coyote.AbstractProtocol$ConnectionHandler.process(AbstractProtocol.java:903)
	at org.apache.tomcat.util.net.NioEndpoint$SocketProcessor.doRun(NioEndpoint.java:1740)
	at org.apache.tomcat.util.net.SocketProcessorBase.run(SocketProcessorBase.java:52)
	at org.apache.tomcat.util.threads.ThreadPoolExecutor.runWorker(ThreadPoolExecutor.java:1189)
	at org.apache.tomcat.util.threads.ThreadPoolExecutor$Worker.run(ThreadPoolExecutor.java:658)
	at org.apache.tomcat.util.threads.TaskThread$WrappingRunnable.run(TaskThread.java:63)
	at java.base/java.lang.Thread.run(Thread.java:1583)
Caused by: org.hibernate.exception.ConstraintViolationException: could not execute statement [Violación de indice de Unicidad ó Clave primaria: "PUBLIC.UK_NOTIFICATIONS_UUID_INDEX_C ON PUBLIC.NOTIFICATIONS(UUID NULLS FIRST) VALUES ( /* 4 */ UUID 'f47f78bf-a5de-4c37-a9c9-caeb18b35a3e' )"
Unique index or primary key violation: "PUBLIC.UK_NOTIFICATIONS_UUID_INDEX_C ON PUBLIC.NOTIFICATIONS(UUID NULLS FIRST) VALUES ( /* 4 */ UUID 'f47f78bf-a5de-4c37-a9c9-caeb18b35a3e' )"; SQL statement:
insert into notifications (content_attributes,content_body,created_at,error_message,priority,recipient_attributes,recipient_device_token,recipient_email,recipient_phone,recipient_user_id,requester_id,retry_count,scheduled_for,sent_at,source_service,status,subject,template_id,uuid,id) values (?,?,?,?,?,?,?,?,?,?,?,?,?,?,?,?,?,?,?,default) [23505-232]] [insert into notifications (content_attributes,content_body,created_at,error_message,priority,recipient_attributes,recipient_device_token,recipient_email,recipient_phone,recipient_user_id,requester_id,retry_count,scheduled_for,sent_at,source_service,status,subject,template_id,uuid,id) values (?,?,?,?,?,?,?,?,?,?,?,?,?,?,?,?,?,?,?,default)]
	at org.hibernate.dialect.H2Dialect.lambda$buildSQLExceptionConversionDelegate$3(H2Dialect.java:759)
	at org.hibernate.exception.internal.StandardSQLExceptionConverter.convert(StandardSQLExceptionConverter.java:58)
	at org.hibernate.engine.jdbc.spi.SqlExceptionHelper.convert(SqlExceptionHelper.java:108)
	at org.hibernate.engine.jdbc.internal.ResultSetReturnImpl.executeUpdate(ResultSetReturnImpl.java:197)
	at org.hibernate.id.insert.GetGeneratedKeysDelegate.performMutation(GetGeneratedKeysDelegate.java:116)
	at org.hibernate.engine.jdbc.mutation.internal.MutationExecutorSingleNonBatched.performNonBatchedOperations(MutationExecutorSingleNonBatched.java:47)
	at org.hibernate.engine.jdbc.mutation.internal.AbstractMutationExecutor.execute(AbstractMutationExecutor.java:55)
	at org.hibernate.persister.entity.mutation.InsertCoordinatorStandard.doStaticInserts(InsertCoordinatorStandard.java:194)
	at org.hibernate.persister.entity.mutation.InsertCoordinatorStandard.coordinateInsert(InsertCoordinatorStandard.java:132)
	at org.hibernate.persister.entity.mutation.InsertCoordinatorStandard.insert(InsertCoordinatorStandard.java:95)
	at org.hibernate.action.internal.EntityIdentityInsertAction.execute(EntityIdentityInsertAction.java:85)
	at org.hibernate.engine.spi.ActionQueue.execute(ActionQueue.java:682)
	at org.hibernate.engine.spi.ActionQueue.addResolvedEntityInsertAction(ActionQueue.java:293)
	at org.hibernate.engine.spi.ActionQueue.addInsertAction(ActionQueue.java:274)
	at org.hibernate.engine.spi.ActionQueue.addAction(ActionQueue.java:324)
	at org.hibernate.event.internal.AbstractSaveEventListener.addInsertAction(AbstractSaveEventListener.java:393)
	at org.hibernate.event.internal.AbstractSaveEventListener.performSaveOrReplicate(AbstractSaveEventListener.java:307)
	at org.hibernate.event.internal.AbstractSaveEventListener.performSave(AbstractSaveEventListener.java:223)
	at org.hibernate.event.internal.AbstractSaveEventListener.saveWithGeneratedId(AbstractSaveEventListener.java:136)
	at org.hibernate.event.internal.DefaultPersistEventListener.entityIsTransient(DefaultPersistEventListener.java:177)
	at org.hibernate.event.internal.DefaultPersistEventListener.persist(DefaultPersistEventListener.java:95)
	at org.hibernate.event.internal.DefaultPersistEventListener.onPersist(DefaultPersistEventListener.java:79)
	at org.hibernate.event.internal.DefaultPersistEventListener.onPersist(DefaultPersistEventListener.java:55)
	at org.hibernate.event.service.internal.EventListenerGroupImpl.fireEventOnEachListener(EventListenerGroupImpl.java:127)
	at org.hibernate.internal.SessionImpl.firePersist(SessionImpl.java:761)
	at org.hibernate.internal.SessionImpl.persist(SessionImpl.java:745)
	at java.base/jdk.internal.reflect.DirectMethodHandleAccessor.invoke(DirectMethodHandleAccessor.java:103)
	at java.base/java.lang.reflect.Method.invoke(Method.java:580)
	at org.springframework.orm.jpa.ExtendedEntityManagerCreator$ExtendedEntityManagerInvocationHandler.invoke(ExtendedEntityManagerCreator.java:364)
	at jdk.proxy2/jdk.proxy2.$Proxy175.persist(Unknown Source)
	at java.base/jdk.internal.reflect.DirectMethodHandleAccessor.invoke(DirectMethodHandleAccessor.java:103)
	at java.base/java.lang.reflect.Method.invoke(Method.java:580)
	at org.springframework.orm.jpa.SharedEntityManagerCreator$SharedEntityManagerInvocationHandler.invoke(SharedEntityManagerCreator.java:320)
	at jdk.proxy2/jdk.proxy2.$Proxy175.persist(Unknown Source)
	at org.springframework.data.jpa.repository.support.SimpleJpaRepository.save(SimpleJpaRepository.java:636)
	at java.base/jdk.internal.reflect.DirectMethodHandleAccessor.invoke(DirectMethodHandleAccessor.java:103)
	at java.base/java.lang.reflect.Method.invoke(Method.java:580)
	at org.springframework.aop.support.AopUtils.invokeJoinpointUsingReflection(AopUtils.java:359)
	at org.springframework.data.repository.core.support.RepositoryMethodInvoker$RepositoryFragmentMethodInvoker.lambda$new$0(RepositoryMethodInvoker.java:277)
	at org.springframework.data.repository.core.support.RepositoryMethodInvoker.doInvoke(RepositoryMethodInvoker.java:170)
	at org.springframework.data.repository.core.support.RepositoryMethodInvoker.invoke(RepositoryMethodInvoker.java:158)
	at org.springframework.data.repository.core.support.RepositoryComposition$RepositoryFragments.invoke(RepositoryComposition.java:515)
	at org.springframework.data.repository.core.support.RepositoryComposition.invoke(RepositoryComposition.java:284)
	at org.springframework.data.repository.core.support.RepositoryFactorySupport$ImplementationMethodExecutionInterceptor.invoke(RepositoryFactorySupport.java:731)
	at org.springframework.aop.framework.ReflectiveMethodInvocation.proceed(ReflectiveMethodInvocation.java:184)
	at org.springframework.data.repository.core.support.QueryExecutorMethodInterceptor.doInvoke(QueryExecutorMethodInterceptor.java:174)
	at org.springframework.data.repository.core.support.QueryExecutorMethodInterceptor.invoke(QueryExecutorMethodInterceptor.java:149)
	at org.springframework.aop.framework.ReflectiveMethodInvocation.proceed(ReflectiveMethodInvocation.java:184)
	at org.springframework.data.projection.DefaultMethodInvokingMethodInterceptor.invoke(DefaultMethodInvokingMethodInterceptor.java:69)
	at org.springframework.aop.framework.ReflectiveMethodInvocation.proceed(ReflectiveMethodInvocation.java:184)
	at org.springframework.transaction.interceptor.TransactionAspectSupport.invokeWithinTransaction(TransactionAspectSupport.java:380)
	at org.springframework.transaction.interceptor.TransactionInterceptor.invoke(TransactionInterceptor.java:119)
	at org.springframework.aop.framework.ReflectiveMethodInvocation.proceed(ReflectiveMethodInvocation.java:184)
	at org.springframework.dao.support.PersistenceExceptionTranslationInterceptor.invoke(PersistenceExceptionTranslationInterceptor.java:138)
	... 135 common frames omitted
Caused by: org.h2.jdbc.JdbcSQLIntegrityConstraintViolationException: Violación de indice de Unicidad ó Clave primaria: "PUBLIC.UK_NOTIFICATIONS_UUID_INDEX_C ON PUBLIC.NOTIFICATIONS(UUID NULLS FIRST) VALUES ( /* 4 */ UUID 'f47f78bf-a5de-4c37-a9c9-caeb18b35a3e' )"
Unique index or primary key violation: "PUBLIC.UK_NOTIFICATIONS_UUID_INDEX_C ON PUBLIC.NOTIFICATIONS(UUID NULLS FIRST) VALUES ( /* 4 */ UUID 'f47f78bf-a5de-4c37-a9c9-caeb18b35a3e' )"; SQL statement:
insert into notifications (content_attributes,content_body,created_at,error_message,priority,recipient_attributes,recipient_device_token,recipient_email,recipient_phone,recipient_user_id,requester_id,retry_count,scheduled_for,sent_at,source_service,status,subject,template_id,uuid,id) values (?,?,?,?,?,?,?,?,?,?,?,?,?,?,?,?,?,?,?,default) [23505-232]
	at org.h2.message.DbException.getJdbcSQLException(DbException.java:520)
	at org.h2.message.DbException.getJdbcSQLException(DbException.java:489)
	at org.h2.message.DbException.get(DbException.java:223)
	at org.h2.message.DbException.get(DbException.java:199)
	at org.h2.index.Index.getDuplicateKeyException(Index.java:523)
	at org.h2.mvstore.db.MVSecondaryIndex.checkUnique(MVSecondaryIndex.java:223)
	at org.h2.mvstore.db.MVSecondaryIndex.add(MVSecondaryIndex.java:184)
	at org.h2.mvstore.db.MVTable.addRow(MVTable.java:517)
	at org.h2.command.dml.Insert.insertRows(Insert.java:174)
	at org.h2.command.dml.Insert.update(Insert.java:135)
	at org.h2.command.CommandContainer.executeUpdateWithGeneratedKeys(CommandContainer.java:212)
	at org.h2.command.CommandContainer.update(CommandContainer.java:133)
	at org.h2.command.Command.executeUpdate(Command.java:304)
	at org.h2.command.Command.executeUpdate(Command.java:248)
	at org.h2.jdbc.JdbcPreparedStatement.executeUpdateInternal(JdbcPreparedStatement.java:213)
	at org.h2.jdbc.JdbcPreparedStatement.executeUpdate(JdbcPreparedStatement.java:172)
	at com.zaxxer.hikari.pool.ProxyPreparedStatement.executeUpdate(ProxyPreparedStatement.java:61)
	at com.zaxxer.hikari.pool.HikariProxyPreparedStatement.executeUpdate(HikariProxyPreparedStatement.java)
	at org.hibernate.engine.jdbc.internal.ResultSetReturnImpl.executeUpdate(ResultSetReturnImpl.java:194)
	... 185 common frames omitted
2025-07-31 17:17:00,084 [tomcat-shutdown] INFO  o.s.b.w.embedded.tomcat.GracefulShutdown           - Graceful shutdown complete
2025-07-31 17:17:00,095 [SpringApplicationShutdownHook] INFO  o.s.o.j.LocalContainerEntityManagerFactoryBean     - Closing JPA EntityManagerFactory for persistence unit 'default'
2025-07-31 17:17:00,096 [SpringApplicationShutdownHook] INFO  com.zaxxer.hikari.HikariDataSource                 - HikariPool-1 - Shutdown initiated...
2025-07-31 17:17:00,098 [SpringApplicationShutdownHook] INFO  com.zaxxer.hikari.HikariDataSource                 - HikariPool-1 - Shutdown completed.
2025-07-31 17:17:00,099 [SpringApplicationShutdownHook] INFO  com.netflix.discovery.DiscoveryClient              - Shutting down DiscoveryClient ...
2025-07-31 17:17:00,099 [SpringApplicationShutdownHook] INFO  com.netflix.discovery.DiscoveryClient              - Completed shut down of DiscoveryClient
2025-07-31 18:30:50,730 [background-preinit] INFO  o.h.validator.internal.util.Version                - HV000001: Hibernate Validator 8.0.2.Final
2025-07-31 18:30:50,766 [main] INFO  edu.market.notification.App                        - Starting App v1.0.0 using Java 21 with PID 3140 (C:\Users\ja2c\Desktop\Cursos\micro-servicio-archt\k8s\microservices\services\notification-service\target\classes started by ja2c in C:\Users\ja2c\Desktop\Cursos\micro-servicio-archt\k8s\microservices\services\notification-service)
2025-07-31 18:30:50,766 [main] DEBUG edu.market.notification.App                        - Running with Spring Boot v3.4.5, Spring v6.2.6
2025-07-31 18:30:50,773 [main] INFO  edu.market.notification.App                        - The following 1 profile is active: "dev"
2025-07-31 18:30:50,803 [main] INFO  o.s.c.c.c.ConfigServerConfigDataLoader             - Fetching config from server at : http://localhost:8890
2025-07-31 18:30:50,804 [main] INFO  o.s.c.c.c.ConfigServerConfigDataLoader             - Exception on Url - http://localhost:8890:org.springframework.web.client.ResourceAccessException: I/O error on GET request for "http://localhost:8890/notification-service/default": Connection refused: no further information. Will be trying the next url if available
2025-07-31 18:30:50,804 [main] WARN  o.s.c.c.c.ConfigServerConfigDataLoader             - Could not locate PropertySource ([ConfigServerConfigDataResource@2516fc68 uris = array<String>['http://localhost:8890'], optional = true, profiles = 'default']): I/O error on GET request for "http://localhost:8890/notification-service/default": Connection refused: no further information
2025-07-31 18:30:50,804 [main] INFO  o.s.c.c.c.ConfigServerConfigDataLoader             - Fetching config from server at : http://localhost:8890
2025-07-31 18:30:50,804 [main] INFO  o.s.c.c.c.ConfigServerConfigDataLoader             - Exception on Url - http://localhost:8890:org.springframework.web.client.ResourceAccessException: I/O error on GET request for "http://localhost:8890/notification-service/dev": Connection refused: no further information. Will be trying the next url if available
2025-07-31 18:30:50,804 [main] WARN  o.s.c.c.c.ConfigServerConfigDataLoader             - Could not locate PropertySource ([ConfigServerConfigDataResource@57f64f5e uris = array<String>['http://localhost:8890'], optional = true, profiles = 'dev']): I/O error on GET request for "http://localhost:8890/notification-service/dev": Connection refused: no further information
2025-07-31 18:30:50,804 [main] INFO  o.s.c.c.c.ConfigServerConfigDataLoader             - Fetching config from server at : http://localhost:8890
2025-07-31 18:30:50,804 [main] INFO  o.s.c.c.c.ConfigServerConfigDataLoader             - Exception on Url - http://localhost:8890:org.springframework.web.client.ResourceAccessException: I/O error on GET request for "http://localhost:8890/notification-service/default": Connection refused: no further information. Will be trying the next url if available
2025-07-31 18:30:50,805 [main] WARN  o.s.c.c.c.ConfigServerConfigDataLoader             - Could not locate PropertySource ([ConfigServerConfigDataResource@415e0bcb uris = array<String>['http://localhost:8890'], optional = true, profiles = 'default']): I/O error on GET request for "http://localhost:8890/notification-service/default": Connection refused: no further information
2025-07-31 18:30:51,724 [main] INFO  o.s.d.r.c.RepositoryConfigurationDelegate          - Bootstrapping Spring Data JPA repositories in DEFAULT mode.
2025-07-31 18:30:51,887 [main] INFO  o.s.d.r.c.RepositoryConfigurationDelegate          - Finished Spring Data repository scanning in 139 ms. Found 6 JPA repository interfaces.
2025-07-31 18:30:52,181 [main] INFO  o.s.cloud.context.scope.GenericScope               - BeanFactory id=3900db60-8d40-363c-9c55-ffe39cb1c59c
2025-07-31 18:30:52,904 [main] INFO  o.s.b.w.embedded.tomcat.TomcatWebServer            - Tomcat initialized with port 8080 (http)
2025-07-31 18:30:52,915 [main] INFO  o.apache.coyote.http11.Http11NioProtocol           - Initializing ProtocolHandler ["http-nio-8080"]
2025-07-31 18:30:52,924 [main] INFO  o.apache.catalina.core.StandardService             - Starting service [Tomcat]
2025-07-31 18:30:52,924 [main] INFO  org.apache.catalina.core.StandardEngine            - Starting Servlet engine: [Apache Tomcat/10.1.40]
2025-07-31 18:30:52,994 [main] INFO  o.a.c.c.C.[.[.[/notification-service]              - Initializing Spring embedded WebApplicationContext
2025-07-31 18:30:52,994 [main] INFO  o.s.b.w.s.c.ServletWebServerApplicationContext     - Root WebApplicationContext: initialization completed in 2188 ms
2025-07-31 18:30:53,405 [main] INFO  com.zaxxer.hikari.HikariDataSource                 - HikariPool-1 - Starting...
2025-07-31 18:30:53,562 [main] INFO  com.zaxxer.hikari.pool.HikariPool                  - HikariPool-1 - Added connection conn0: url=jdbc:h2:mem:notificationdb user=SA
2025-07-31 18:30:53,563 [main] INFO  com.zaxxer.hikari.HikariDataSource                 - HikariPool-1 - Start completed.
2025-07-31 18:30:53,614 [main] WARN  o.s.b.w.s.c.AnnotationConfigServletWebServerApplicationContext - Exception encountered during context initialization - cancelling refresh attempt: org.springframework.beans.factory.BeanCreationException: Error creating bean with name 'entityManagerFactory' defined in class path resource [org/springframework/boot/autoconfigure/orm/jpa/HibernateJpaConfiguration.class]: Failed to initialize dependency 'dataSourceScriptDatabaseInitializer' of LoadTimeWeaverAware bean 'entityManagerFactory': Error creating bean with name 'dataSourceScriptDatabaseInitializer' defined in class path resource [org/springframework/boot/autoconfigure/sql/init/DataSourceInitializationConfiguration.class]: Failed to execute SQL script statement #54 of file [C:\Users\ja2c\Desktop\Cursos\micro-servicio-archt\k8s\microservices\services\notification-service\target\classes\schema.sql]: CREATE INDEX idx_notification_audits_notification_uuid ON notification_audits (notification_uuid)
2025-07-31 18:30:53,614 [main] INFO  com.zaxxer.hikari.HikariDataSource                 - HikariPool-1 - Shutdown initiated...
2025-07-31 18:30:53,615 [main] INFO  com.zaxxer.hikari.HikariDataSource                 - HikariPool-1 - Shutdown completed.
2025-07-31 18:30:53,618 [main] INFO  o.apache.catalina.core.StandardService             - Stopping service [Tomcat]
2025-07-31 18:30:53,633 [main] INFO  o.s.b.a.l.ConditionEvaluationReportLogger          - 

Error starting ApplicationContext. To display the condition evaluation report re-run your application with 'debug' enabled.
2025-07-31 18:30:53,648 [main] ERROR o.springframework.boot.SpringApplication           - Application run failed
org.springframework.beans.factory.BeanCreationException: Error creating bean with name 'entityManagerFactory' defined in class path resource [org/springframework/boot/autoconfigure/orm/jpa/HibernateJpaConfiguration.class]: Failed to initialize dependency 'dataSourceScriptDatabaseInitializer' of LoadTimeWeaverAware bean 'entityManagerFactory': Error creating bean with name 'dataSourceScriptDatabaseInitializer' defined in class path resource [org/springframework/boot/autoconfigure/sql/init/DataSourceInitializationConfiguration.class]: Failed to execute SQL script statement #54 of file [C:\Users\ja2c\Desktop\Cursos\micro-servicio-archt\k8s\microservices\services\notification-service\target\classes\schema.sql]: CREATE INDEX idx_notification_audits_notification_uuid ON notification_audits (notification_uuid)
	at org.springframework.beans.factory.support.AbstractBeanFactory.doGetBean(AbstractBeanFactory.java:328)
	at org.springframework.beans.factory.support.AbstractBeanFactory.getBean(AbstractBeanFactory.java:207)
	at org.springframework.context.support.AbstractApplicationContext.finishBeanFactoryInitialization(AbstractApplicationContext.java:970)
	at org.springframework.context.support.AbstractApplicationContext.refresh(AbstractApplicationContext.java:627)
	at org.springframework.boot.web.servlet.context.ServletWebServerApplicationContext.refresh(ServletWebServerApplicationContext.java:146)
	at org.springframework.boot.SpringApplication.refresh(SpringApplication.java:753)
	at org.springframework.boot.SpringApplication.refreshContext(SpringApplication.java:439)
	at org.springframework.boot.SpringApplication.run(SpringApplication.java:318)
	at org.springframework.boot.SpringApplication.run(SpringApplication.java:1362)
	at org.springframework.boot.SpringApplication.run(SpringApplication.java:1351)
	at edu.market.notification.App.main(App.java:10)
Caused by: org.springframework.beans.factory.BeanCreationException: Error creating bean with name 'dataSourceScriptDatabaseInitializer' defined in class path resource [org/springframework/boot/autoconfigure/sql/init/DataSourceInitializationConfiguration.class]: Failed to execute SQL script statement #54 of file [C:\Users\ja2c\Desktop\Cursos\micro-servicio-archt\k8s\microservices\services\notification-service\target\classes\schema.sql]: CREATE INDEX idx_notification_audits_notification_uuid ON notification_audits (notification_uuid)
	at org.springframework.beans.factory.support.AbstractAutowireCapableBeanFactory.initializeBean(AbstractAutowireCapableBeanFactory.java:1818)
	at org.springframework.beans.factory.support.AbstractAutowireCapableBeanFactory.doCreateBean(AbstractAutowireCapableBeanFactory.java:607)
	at org.springframework.beans.factory.support.AbstractAutowireCapableBeanFactory.createBean(AbstractAutowireCapableBeanFactory.java:529)
	at org.springframework.beans.factory.support.AbstractBeanFactory.lambda$doGetBean$0(AbstractBeanFactory.java:339)
	at org.springframework.beans.factory.support.DefaultSingletonBeanRegistry.getSingleton(DefaultSingletonBeanRegistry.java:371)
	at org.springframework.beans.factory.support.AbstractBeanFactory.doGetBean(AbstractBeanFactory.java:337)
	at org.springframework.beans.factory.support.AbstractBeanFactory.getBean(AbstractBeanFactory.java:202)
	at org.springframework.beans.factory.support.AbstractBeanFactory.doGetBean(AbstractBeanFactory.java:315)
	... 10 common frames omitted
Caused by: org.springframework.jdbc.datasource.init.ScriptStatementFailedException: Failed to execute SQL script statement #54 of file [C:\Users\ja2c\Desktop\Cursos\micro-servicio-archt\k8s\microservices\services\notification-service\target\classes\schema.sql]: CREATE INDEX idx_notification_audits_notification_uuid ON notification_audits (notification_uuid)
	at org.springframework.jdbc.datasource.init.ScriptUtils.executeSqlScript(ScriptUtils.java:282)
	at org.springframework.jdbc.datasource.init.ResourceDatabasePopulator.populate(ResourceDatabasePopulator.java:254)
	at org.springframework.jdbc.datasource.init.DatabasePopulatorUtils.execute(DatabasePopulatorUtils.java:54)
	at org.springframework.boot.jdbc.init.DataSourceScriptDatabaseInitializer.runScripts(DataSourceScriptDatabaseInitializer.java:87)
	at org.springframework.boot.sql.init.AbstractScriptDatabaseInitializer.runScripts(AbstractScriptDatabaseInitializer.java:146)
	at org.springframework.boot.sql.init.AbstractScriptDatabaseInitializer.applyScripts(AbstractScriptDatabaseInitializer.java:108)
	at org.springframework.boot.sql.init.AbstractScriptDatabaseInitializer.applySchemaScripts(AbstractScriptDatabaseInitializer.java:98)
	at org.springframework.boot.sql.init.AbstractScriptDatabaseInitializer.initializeDatabase(AbstractScriptDatabaseInitializer.java:76)
	at org.springframework.boot.sql.init.AbstractScriptDatabaseInitializer.afterPropertiesSet(AbstractScriptDatabaseInitializer.java:66)
	at org.springframework.beans.factory.support.AbstractAutowireCapableBeanFactory.invokeInitMethods(AbstractAutowireCapableBeanFactory.java:1865)
	at org.springframework.beans.factory.support.AbstractAutowireCapableBeanFactory.initializeBean(AbstractAutowireCapableBeanFactory.java:1814)
	... 17 common frames omitted
Caused by: org.h2.jdbc.JdbcSQLSyntaxErrorException: Indice "IDX_NOTIFICATION_AUDITS_NOTIFICATION_UUID" ya existe
Index "IDX_NOTIFICATION_AUDITS_NOTIFICATION_UUID" already exists; SQL statement:
CREATE INDEX idx_notification_audits_notification_uuid ON notification_audits (notification_uuid) [42111-232]
	at org.h2.message.DbException.getJdbcSQLException(DbException.java:514)
	at org.h2.message.DbException.getJdbcSQLException(DbException.java:489)
	at org.h2.message.DbException.get(DbException.java:223)
	at org.h2.message.DbException.get(DbException.java:199)
	at org.h2.command.ddl.CreateIndex.update(CreateIndex.java:76)
	at org.h2.command.CommandContainer.update(CommandContainer.java:139)
	at org.h2.command.Command.executeUpdate(Command.java:304)
	at org.h2.command.Command.executeUpdate(Command.java:248)
	at org.h2.jdbc.JdbcStatement.executeInternal(JdbcStatement.java:262)
	at org.h2.jdbc.JdbcStatement.execute(JdbcStatement.java:231)
	at com.zaxxer.hikari.pool.ProxyStatement.execute(ProxyStatement.java:94)
	at com.zaxxer.hikari.pool.HikariProxyStatement.execute(HikariProxyStatement.java)
	at org.springframework.jdbc.datasource.init.ScriptUtils.executeSqlScript(ScriptUtils.java:261)
	... 27 common frames omitted
2025-07-31 18:34:19,892 [background-preinit] INFO  o.h.validator.internal.util.Version                - HV000001: Hibernate Validator 8.0.2.Final
2025-07-31 18:34:19,929 [main] INFO  edu.market.notification.App                        - Starting App v1.0.0 using Java 21 with PID 10148 (C:\Users\ja2c\Desktop\Cursos\micro-servicio-archt\k8s\microservices\services\notification-service\target\classes started by ja2c in C:\Users\ja2c\Desktop\Cursos\micro-servicio-archt\k8s\microservices\services\notification-service)
2025-07-31 18:34:19,930 [main] DEBUG edu.market.notification.App                        - Running with Spring Boot v3.4.5, Spring v6.2.6
2025-07-31 18:34:19,930 [main] INFO  edu.market.notification.App                        - The following 1 profile is active: "dev"
2025-07-31 18:34:19,957 [main] INFO  o.s.c.c.c.ConfigServerConfigDataLoader             - Fetching config from server at : http://localhost:8890
2025-07-31 18:34:19,957 [main] INFO  o.s.c.c.c.ConfigServerConfigDataLoader             - Exception on Url - http://localhost:8890:org.springframework.web.client.ResourceAccessException: I/O error on GET request for "http://localhost:8890/notification-service/default": Connection refused: no further information. Will be trying the next url if available
2025-07-31 18:34:19,957 [main] WARN  o.s.c.c.c.ConfigServerConfigDataLoader             - Could not locate PropertySource ([ConfigServerConfigDataResource@2516fc68 uris = array<String>['http://localhost:8890'], optional = true, profiles = 'default']): I/O error on GET request for "http://localhost:8890/notification-service/default": Connection refused: no further information
2025-07-31 18:34:19,958 [main] INFO  o.s.c.c.c.ConfigServerConfigDataLoader             - Fetching config from server at : http://localhost:8890
2025-07-31 18:34:19,958 [main] INFO  o.s.c.c.c.ConfigServerConfigDataLoader             - Exception on Url - http://localhost:8890:org.springframework.web.client.ResourceAccessException: I/O error on GET request for "http://localhost:8890/notification-service/dev": Connection refused: no further information. Will be trying the next url if available
2025-07-31 18:34:19,958 [main] WARN  o.s.c.c.c.ConfigServerConfigDataLoader             - Could not locate PropertySource ([ConfigServerConfigDataResource@57f64f5e uris = array<String>['http://localhost:8890'], optional = true, profiles = 'dev']): I/O error on GET request for "http://localhost:8890/notification-service/dev": Connection refused: no further information
2025-07-31 18:34:19,958 [main] INFO  o.s.c.c.c.ConfigServerConfigDataLoader             - Fetching config from server at : http://localhost:8890
2025-07-31 18:34:19,958 [main] INFO  o.s.c.c.c.ConfigServerConfigDataLoader             - Exception on Url - http://localhost:8890:org.springframework.web.client.ResourceAccessException: I/O error on GET request for "http://localhost:8890/notification-service/default": Connection refused: no further information. Will be trying the next url if available
2025-07-31 18:34:19,958 [main] WARN  o.s.c.c.c.ConfigServerConfigDataLoader             - Could not locate PropertySource ([ConfigServerConfigDataResource@415e0bcb uris = array<String>['http://localhost:8890'], optional = true, profiles = 'default']): I/O error on GET request for "http://localhost:8890/notification-service/default": Connection refused: no further information
2025-07-31 18:34:20,897 [main] INFO  o.s.d.r.c.RepositoryConfigurationDelegate          - Bootstrapping Spring Data JPA repositories in DEFAULT mode.
2025-07-31 18:34:21,055 [main] INFO  o.s.d.r.c.RepositoryConfigurationDelegate          - Finished Spring Data repository scanning in 147 ms. Found 6 JPA repository interfaces.
2025-07-31 18:34:21,362 [main] INFO  o.s.cloud.context.scope.GenericScope               - BeanFactory id=3900db60-8d40-363c-9c55-ffe39cb1c59c
2025-07-31 18:34:22,075 [main] INFO  o.s.b.w.embedded.tomcat.TomcatWebServer            - Tomcat initialized with port 8080 (http)
2025-07-31 18:34:22,092 [main] INFO  o.apache.coyote.http11.Http11NioProtocol           - Initializing ProtocolHandler ["http-nio-8080"]
2025-07-31 18:34:22,095 [main] INFO  o.apache.catalina.core.StandardService             - Starting service [Tomcat]
2025-07-31 18:34:22,096 [main] INFO  org.apache.catalina.core.StandardEngine            - Starting Servlet engine: [Apache Tomcat/10.1.40]
2025-07-31 18:34:22,161 [main] INFO  o.a.c.c.C.[.[.[/notification-service]              - Initializing Spring embedded WebApplicationContext
2025-07-31 18:34:22,162 [main] INFO  o.s.b.w.s.c.ServletWebServerApplicationContext     - Root WebApplicationContext: initialization completed in 2202 ms
2025-07-31 18:34:22,577 [main] INFO  com.zaxxer.hikari.HikariDataSource                 - HikariPool-1 - Starting...
2025-07-31 18:34:22,731 [main] INFO  com.zaxxer.hikari.pool.HikariPool                  - HikariPool-1 - Added connection conn0: url=jdbc:h2:mem:notificationdb user=SA
2025-07-31 18:34:22,732 [main] INFO  com.zaxxer.hikari.HikariDataSource                 - HikariPool-1 - Start completed.
2025-07-31 18:34:22,782 [main] WARN  o.s.b.w.s.c.AnnotationConfigServletWebServerApplicationContext - Exception encountered during context initialization - cancelling refresh attempt: org.springframework.beans.factory.BeanCreationException: Error creating bean with name 'entityManagerFactory' defined in class path resource [org/springframework/boot/autoconfigure/orm/jpa/HibernateJpaConfiguration.class]: Failed to initialize dependency 'dataSourceScriptDatabaseInitializer' of LoadTimeWeaverAware bean 'entityManagerFactory': Error creating bean with name 'dataSourceScriptDatabaseInitializer' defined in class path resource [org/springframework/boot/autoconfigure/sql/init/DataSourceInitializationConfiguration.class]: Failed to execute SQL script statement #54 of file [C:\Users\ja2c\Desktop\Cursos\micro-servicio-archt\k8s\microservices\services\notification-service\target\classes\schema.sql]: CREATE INDEX idx_delivery_attempts_notification_id ON delivery_attempts (notification_id)
2025-07-31 18:34:22,783 [main] INFO  com.zaxxer.hikari.HikariDataSource                 - HikariPool-1 - Shutdown initiated...
2025-07-31 18:34:22,784 [main] INFO  com.zaxxer.hikari.HikariDataSource                 - HikariPool-1 - Shutdown completed.
2025-07-31 18:34:22,787 [main] INFO  o.apache.catalina.core.StandardService             - Stopping service [Tomcat]
2025-07-31 18:34:22,801 [main] INFO  o.s.b.a.l.ConditionEvaluationReportLogger          - 

Error starting ApplicationContext. To display the condition evaluation report re-run your application with 'debug' enabled.
2025-07-31 18:34:22,816 [main] ERROR o.springframework.boot.SpringApplication           - Application run failed
org.springframework.beans.factory.BeanCreationException: Error creating bean with name 'entityManagerFactory' defined in class path resource [org/springframework/boot/autoconfigure/orm/jpa/HibernateJpaConfiguration.class]: Failed to initialize dependency 'dataSourceScriptDatabaseInitializer' of LoadTimeWeaverAware bean 'entityManagerFactory': Error creating bean with name 'dataSourceScriptDatabaseInitializer' defined in class path resource [org/springframework/boot/autoconfigure/sql/init/DataSourceInitializationConfiguration.class]: Failed to execute SQL script statement #54 of file [C:\Users\ja2c\Desktop\Cursos\micro-servicio-archt\k8s\microservices\services\notification-service\target\classes\schema.sql]: CREATE INDEX idx_delivery_attempts_notification_id ON delivery_attempts (notification_id)
	at org.springframework.beans.factory.support.AbstractBeanFactory.doGetBean(AbstractBeanFactory.java:328)
	at org.springframework.beans.factory.support.AbstractBeanFactory.getBean(AbstractBeanFactory.java:207)
	at org.springframework.context.support.AbstractApplicationContext.finishBeanFactoryInitialization(AbstractApplicationContext.java:970)
	at org.springframework.context.support.AbstractApplicationContext.refresh(AbstractApplicationContext.java:627)
	at org.springframework.boot.web.servlet.context.ServletWebServerApplicationContext.refresh(ServletWebServerApplicationContext.java:146)
	at org.springframework.boot.SpringApplication.refresh(SpringApplication.java:753)
	at org.springframework.boot.SpringApplication.refreshContext(SpringApplication.java:439)
	at org.springframework.boot.SpringApplication.run(SpringApplication.java:318)
	at org.springframework.boot.SpringApplication.run(SpringApplication.java:1362)
	at org.springframework.boot.SpringApplication.run(SpringApplication.java:1351)
	at edu.market.notification.App.main(App.java:10)
Caused by: org.springframework.beans.factory.BeanCreationException: Error creating bean with name 'dataSourceScriptDatabaseInitializer' defined in class path resource [org/springframework/boot/autoconfigure/sql/init/DataSourceInitializationConfiguration.class]: Failed to execute SQL script statement #54 of file [C:\Users\ja2c\Desktop\Cursos\micro-servicio-archt\k8s\microservices\services\notification-service\target\classes\schema.sql]: CREATE INDEX idx_delivery_attempts_notification_id ON delivery_attempts (notification_id)
	at org.springframework.beans.factory.support.AbstractAutowireCapableBeanFactory.initializeBean(AbstractAutowireCapableBeanFactory.java:1818)
	at org.springframework.beans.factory.support.AbstractAutowireCapableBeanFactory.doCreateBean(AbstractAutowireCapableBeanFactory.java:607)
	at org.springframework.beans.factory.support.AbstractAutowireCapableBeanFactory.createBean(AbstractAutowireCapableBeanFactory.java:529)
	at org.springframework.beans.factory.support.AbstractBeanFactory.lambda$doGetBean$0(AbstractBeanFactory.java:339)
	at org.springframework.beans.factory.support.DefaultSingletonBeanRegistry.getSingleton(DefaultSingletonBeanRegistry.java:371)
	at org.springframework.beans.factory.support.AbstractBeanFactory.doGetBean(AbstractBeanFactory.java:337)
	at org.springframework.beans.factory.support.AbstractBeanFactory.getBean(AbstractBeanFactory.java:202)
	at org.springframework.beans.factory.support.AbstractBeanFactory.doGetBean(AbstractBeanFactory.java:315)
	... 10 common frames omitted
Caused by: org.springframework.jdbc.datasource.init.ScriptStatementFailedException: Failed to execute SQL script statement #54 of file [C:\Users\ja2c\Desktop\Cursos\micro-servicio-archt\k8s\microservices\services\notification-service\target\classes\schema.sql]: CREATE INDEX idx_delivery_attempts_notification_id ON delivery_attempts (notification_id)
	at org.springframework.jdbc.datasource.init.ScriptUtils.executeSqlScript(ScriptUtils.java:282)
	at org.springframework.jdbc.datasource.init.ResourceDatabasePopulator.populate(ResourceDatabasePopulator.java:254)
	at org.springframework.jdbc.datasource.init.DatabasePopulatorUtils.execute(DatabasePopulatorUtils.java:54)
	at org.springframework.boot.jdbc.init.DataSourceScriptDatabaseInitializer.runScripts(DataSourceScriptDatabaseInitializer.java:87)
	at org.springframework.boot.sql.init.AbstractScriptDatabaseInitializer.runScripts(AbstractScriptDatabaseInitializer.java:146)
	at org.springframework.boot.sql.init.AbstractScriptDatabaseInitializer.applyScripts(AbstractScriptDatabaseInitializer.java:108)
	at org.springframework.boot.sql.init.AbstractScriptDatabaseInitializer.applySchemaScripts(AbstractScriptDatabaseInitializer.java:98)
	at org.springframework.boot.sql.init.AbstractScriptDatabaseInitializer.initializeDatabase(AbstractScriptDatabaseInitializer.java:76)
	at org.springframework.boot.sql.init.AbstractScriptDatabaseInitializer.afterPropertiesSet(AbstractScriptDatabaseInitializer.java:66)
	at org.springframework.beans.factory.support.AbstractAutowireCapableBeanFactory.invokeInitMethods(AbstractAutowireCapableBeanFactory.java:1865)
	at org.springframework.beans.factory.support.AbstractAutowireCapableBeanFactory.initializeBean(AbstractAutowireCapableBeanFactory.java:1814)
	... 17 common frames omitted
Caused by: org.h2.jdbc.JdbcSQLSyntaxErrorException: Columna "NOTIFICATION_ID" no encontrada
Column "NOTIFICATION_ID" not found; SQL statement:
CREATE INDEX idx_delivery_attempts_notification_id ON delivery_attempts (notification_id) [42122-232]
	at org.h2.message.DbException.getJdbcSQLException(DbException.java:514)
	at org.h2.message.DbException.getJdbcSQLException(DbException.java:489)
	at org.h2.message.DbException.get(DbException.java:223)
	at org.h2.message.DbException.get(DbException.java:199)
	at org.h2.table.Table.getColumn(Table.java:786)
	at org.h2.table.IndexColumn.mapColumns(IndexColumn.java:184)
	at org.h2.command.ddl.CreateIndex.update(CreateIndex.java:104)
	at org.h2.command.CommandContainer.update(CommandContainer.java:139)
	at org.h2.command.Command.executeUpdate(Command.java:304)
	at org.h2.command.Command.executeUpdate(Command.java:248)
	at org.h2.jdbc.JdbcStatement.executeInternal(JdbcStatement.java:262)
	at org.h2.jdbc.JdbcStatement.execute(JdbcStatement.java:231)
	at com.zaxxer.hikari.pool.ProxyStatement.execute(ProxyStatement.java:94)
	at com.zaxxer.hikari.pool.HikariProxyStatement.execute(HikariProxyStatement.java)
	at org.springframework.jdbc.datasource.init.ScriptUtils.executeSqlScript(ScriptUtils.java:261)
	... 27 common frames omitted
2025-07-31 18:38:35,261 [background-preinit] INFO  o.h.validator.internal.util.Version                - HV000001: Hibernate Validator 8.0.2.Final
2025-07-31 18:38:35,298 [main] INFO  edu.market.notification.App                        - Starting App v1.0.0 using Java 21 with PID 15424 (C:\Users\ja2c\Desktop\Cursos\micro-servicio-archt\k8s\microservices\services\notification-service\target\classes started by ja2c in C:\Users\ja2c\Desktop\Cursos\micro-servicio-archt\k8s\microservices\services\notification-service)
2025-07-31 18:38:35,301 [main] DEBUG edu.market.notification.App                        - Running with Spring Boot v3.4.5, Spring v6.2.6
2025-07-31 18:38:35,302 [main] INFO  edu.market.notification.App                        - The following 1 profile is active: "dev"
2025-07-31 18:38:35,323 [main] INFO  o.s.c.c.c.ConfigServerConfigDataLoader             - Fetching config from server at : http://localhost:8890
2025-07-31 18:38:35,330 [main] INFO  o.s.c.c.c.ConfigServerConfigDataLoader             - Exception on Url - http://localhost:8890:org.springframework.web.client.ResourceAccessException: I/O error on GET request for "http://localhost:8890/notification-service/default": Connection refused: no further information. Will be trying the next url if available
2025-07-31 18:38:35,330 [main] WARN  o.s.c.c.c.ConfigServerConfigDataLoader             - Could not locate PropertySource ([ConfigServerConfigDataResource@2516fc68 uris = array<String>['http://localhost:8890'], optional = true, profiles = 'default']): I/O error on GET request for "http://localhost:8890/notification-service/default": Connection refused: no further information
2025-07-31 18:38:35,330 [main] INFO  o.s.c.c.c.ConfigServerConfigDataLoader             - Fetching config from server at : http://localhost:8890
2025-07-31 18:38:35,330 [main] INFO  o.s.c.c.c.ConfigServerConfigDataLoader             - Exception on Url - http://localhost:8890:org.springframework.web.client.ResourceAccessException: I/O error on GET request for "http://localhost:8890/notification-service/dev": Connection refused: no further information. Will be trying the next url if available
2025-07-31 18:38:35,330 [main] WARN  o.s.c.c.c.ConfigServerConfigDataLoader             - Could not locate PropertySource ([ConfigServerConfigDataResource@57f64f5e uris = array<String>['http://localhost:8890'], optional = true, profiles = 'dev']): I/O error on GET request for "http://localhost:8890/notification-service/dev": Connection refused: no further information
2025-07-31 18:38:35,330 [main] INFO  o.s.c.c.c.ConfigServerConfigDataLoader             - Fetching config from server at : http://localhost:8890
2025-07-31 18:38:35,330 [main] INFO  o.s.c.c.c.ConfigServerConfigDataLoader             - Exception on Url - http://localhost:8890:org.springframework.web.client.ResourceAccessException: I/O error on GET request for "http://localhost:8890/notification-service/default": Connection refused: no further information. Will be trying the next url if available
2025-07-31 18:38:35,330 [main] WARN  o.s.c.c.c.ConfigServerConfigDataLoader             - Could not locate PropertySource ([ConfigServerConfigDataResource@415e0bcb uris = array<String>['http://localhost:8890'], optional = true, profiles = 'default']): I/O error on GET request for "http://localhost:8890/notification-service/default": Connection refused: no further information
2025-07-31 18:38:36,244 [main] INFO  o.s.d.r.c.RepositoryConfigurationDelegate          - Bootstrapping Spring Data JPA repositories in DEFAULT mode.
2025-07-31 18:38:36,405 [main] INFO  o.s.d.r.c.RepositoryConfigurationDelegate          - Finished Spring Data repository scanning in 140 ms. Found 6 JPA repository interfaces.
2025-07-31 18:38:36,699 [main] INFO  o.s.cloud.context.scope.GenericScope               - BeanFactory id=3900db60-8d40-363c-9c55-ffe39cb1c59c
2025-07-31 18:38:37,392 [main] INFO  o.s.b.w.embedded.tomcat.TomcatWebServer            - Tomcat initialized with port 8080 (http)
2025-07-31 18:38:37,404 [main] INFO  o.apache.coyote.http11.Http11NioProtocol           - Initializing ProtocolHandler ["http-nio-8080"]
2025-07-31 18:38:37,409 [main] INFO  o.apache.catalina.core.StandardService             - Starting service [Tomcat]
2025-07-31 18:38:37,409 [main] INFO  org.apache.catalina.core.StandardEngine            - Starting Servlet engine: [Apache Tomcat/10.1.40]
2025-07-31 18:38:37,515 [main] INFO  o.a.c.c.C.[.[.[/notification-service]              - Initializing Spring embedded WebApplicationContext
2025-07-31 18:38:37,515 [main] INFO  o.s.b.w.s.c.ServletWebServerApplicationContext     - Root WebApplicationContext: initialization completed in 2185 ms
2025-07-31 18:38:37,910 [main] INFO  com.zaxxer.hikari.HikariDataSource                 - HikariPool-1 - Starting...
2025-07-31 18:38:38,081 [main] INFO  com.zaxxer.hikari.pool.HikariPool                  - HikariPool-1 - Added connection conn0: url=jdbc:h2:mem:notificationdb user=SA
2025-07-31 18:38:38,081 [main] INFO  com.zaxxer.hikari.HikariDataSource                 - HikariPool-1 - Start completed.
2025-07-31 18:38:38,344 [main] INFO  o.hibernate.jpa.internal.util.LogHelper            - HHH000204: Processing PersistenceUnitInfo [name: default]
2025-07-31 18:38:38,466 [main] INFO  org.hibernate.Version                              - HHH000412: Hibernate ORM core version 6.6.13.Final
2025-07-31 18:38:38,498 [main] INFO  o.h.c.internal.RegionFactoryInitiator              - HHH000026: Second-level cache disabled
2025-07-31 18:38:38,698 [main] INFO  o.s.o.j.p.SpringPersistenceUnitInfo                - No LoadTimeWeaver setup: ignoring JPA class transformer
2025-07-31 18:38:38,754 [main] INFO  org.hibernate.orm.connections.pooling              - HHH10001005: Database info:
	Database JDBC URL [Connecting through datasource 'HikariDataSource (HikariPool-1)']
	Database driver: undefined/unknown
	Database version: 2.3.232
	Autocommit mode: undefined/unknown
	Isolation level: undefined/unknown
	Minimum pool size: undefined/unknown
	Maximum pool size: undefined/unknown
2025-07-31 18:38:39,544 [main] INFO  o.h.e.t.j.p.i.JtaPlatformInitiator                 - HHH000489: No JTA platform available (set 'hibernate.transaction.jta.platform' to enable JTA platform integration)
2025-07-31 18:38:39,663 [main] INFO  o.s.o.j.LocalContainerEntityManagerFactoryBean     - Initialized JPA EntityManagerFactory for persistence unit 'default'
2025-07-31 18:38:40,115 [main] INFO  o.s.d.j.r.query.QueryEnhancerFactory               - Hibernate is in classpath; If applicable, HQL parser will be used.
2025-07-31 18:38:41,302 [main] WARN  o.s.b.a.o.j.JpaBaseConfiguration$JpaWebConfiguration - spring.jpa.open-in-view is enabled by default. Therefore, database queries may be performed during view rendering. Explicitly configure spring.jpa.open-in-view to disable this warning
2025-07-31 18:38:41,659 [main] INFO  o.s.b.a.e.web.EndpointLinksResolver                - Exposing 1 endpoint beneath base path '/actuator'
2025-07-31 18:38:42,030 [main] INFO  o.s.b.a.h2.H2ConsoleAutoConfiguration              - H2 console available at '/h2-console'. Database available at 'jdbc:h2:mem:notificationdb'
2025-07-31 18:38:42,065 [main] INFO  o.s.c.n.e.c.DiscoveryClientOptionalArgsConfiguration - Eureka HTTP Client uses RestTemplate.
2025-07-31 18:38:42,115 [main] WARN  o.s.c.l.c.LoadBalancerCacheAutoConfiguration$LoadBalancerCaffeineWarnLogger - Spring Cloud LoadBalancer is currently working with the default cache. While this cache implementation is useful for development and tests, it's recommended to use Caffeine cache in production.You can switch to using Caffeine cache, by adding it and org.springframework.cache.caffeine.CaffeineCacheManager to the classpath.
2025-07-31 18:38:42,166 [main] INFO  o.s.c.netflix.eureka.InstanceInfoFactory           - Setting initial instance status as: STARTING
2025-07-31 18:38:42,181 [main] INFO  com.netflix.discovery.DiscoveryClient              - Initializing Eureka in region us-east-1
2025-07-31 18:38:42,186 [main] INFO  com.netflix.discovery.DiscoveryClient              - Client configured to neither register nor query for data.
2025-07-31 18:38:42,186 [main] INFO  com.netflix.discovery.DiscoveryClient              - Discovery Client initialized at timestamp 1754001522186 with initial instances count: 0
2025-07-31 18:38:42,192 [main] INFO  o.s.c.n.e.s.EurekaServiceRegistry                  - Registering application NOTIFICATION-SERVICE with eureka with status UP
2025-07-31 18:38:42,194 [main] INFO  o.apache.coyote.http11.Http11NioProtocol           - Starting ProtocolHandler ["http-nio-8080"]
2025-07-31 18:38:42,204 [main] INFO  o.s.b.w.embedded.tomcat.TomcatWebServer            - Tomcat started on port 8080 (http) with context path '/notification-service'
2025-07-31 18:38:42,204 [main] INFO  o.s.c.n.e.s.EurekaAutoServiceRegistration          - Updating port to 8080
2025-07-31 18:38:42,215 [main] INFO  edu.market.notification.App                        - Started App in 7.761 seconds (process running for 8.195)
2025-07-31 18:38:48,081 [http-nio-8080-exec-1] INFO  o.a.c.c.C.[.[.[/notification-service]              - Initializing Spring DispatcherServlet 'dispatcherServlet'
2025-07-31 18:38:48,082 [http-nio-8080-exec-1] INFO  o.s.web.servlet.DispatcherServlet                  - Initializing Servlet 'dispatcherServlet'
2025-07-31 18:38:48,083 [http-nio-8080-exec-1] INFO  o.s.web.servlet.DispatcherServlet                  - Completed initialization in 1 ms
2025-07-31 18:38:48,141 [http-nio-8080-exec-1] INFO  e.m.n.i.a.i.w.c.NotificationController             - sendNotification - init
2025-07-31 18:38:48,141 [http-nio-8080-exec-1] DEBUG e.m.n.i.a.i.w.c.NotificationController             - sendNotification - Call notificationMapper.toNotificationCommand
2025-07-31 18:38:48,141 [http-nio-8080-exec-1] INFO  e.m.n.i.a.i.w.m.NotificationInputMapper            - toNotificationCommand - init
2025-07-31 18:38:48,141 [http-nio-8080-exec-1] INFO  e.m.n.i.a.i.w.m.NotificationInputMapper            - toNotificationCommand - end
2025-07-31 18:38:48,141 [http-nio-8080-exec-1] DEBUG e.m.n.i.a.i.w.c.NotificationController             - sendNotification - Create ClientContextCommand
2025-07-31 18:38:48,141 [http-nio-8080-exec-1] DEBUG e.m.n.i.a.i.web.util.RequestContextUtil            - Obteniendo IP del cliente
2025-07-31 18:38:48,143 [http-nio-8080-exec-1] DEBUG e.m.n.i.a.i.web.util.RequestContextUtil            - Obteniendo User-Agent del cliente
2025-07-31 18:38:48,143 [http-nio-8080-exec-1] DEBUG e.m.n.i.a.i.web.util.RequestContextUtil            - Obteniendo ruta de la petición
2025-07-31 18:38:48,143 [http-nio-8080-exec-1] DEBUG e.m.n.i.a.i.w.c.NotificationController             - sendNotification - Call sendNotificationUseCase.send
2025-07-31 18:38:48,143 [http-nio-8080-exec-1] INFO  e.m.n.i.a.o.monitoring.LoggingAdapter              - send - Init
2025-07-31 18:38:48,148 [http-nio-8080-exec-1] INFO  e.m.n.i.a.o.p.m.NotificationOutputMapper           - toEntity - Init
2025-07-31 18:38:48,148 [http-nio-8080-exec-1] INFO  e.m.n.i.a.o.p.m.NotificationOutputMapper           - toEntity - End
2025-07-31 18:38:48,215 [http-nio-8080-exec-1] WARN  o.h.engine.jdbc.spi.SqlExceptionHelper             - SQL Error: 23502, SQLState: 23502
2025-07-31 18:38:48,215 [http-nio-8080-exec-1] ERROR o.h.engine.jdbc.spi.SqlExceptionHelper             - La columna "NOTIFICATION_UUID" no permite valores nulos (NULL)
NULL not allowed for column "NOTIFICATION_UUID"; SQL statement:
insert into notification_channels (channel,notification_id,id) values (?,?,default) [23502-232]
2025-07-31 18:38:48,225 [http-nio-8080-exec-1] ERROR e.m.n.i.a.i.w.e.RestExceptionHandler               - handleAllUncaughtException - Unexpected error occurred: could not execute statement [La columna "NOTIFICATION_UUID" no permite valores nulos (NULL)
NULL not allowed for column "NOTIFICATION_UUID"; SQL statement:
insert into notification_channels (channel,notification_id,id) values (?,?,default) [23502-232]] [insert into notification_channels (channel,notification_id,id) values (?,?,default)]; SQL [insert into notification_channels (channel,notification_id,id) values (?,?,default)]; constraint [null]
org.springframework.dao.DataIntegrityViolationException: could not execute statement [La columna "NOTIFICATION_UUID" no permite valores nulos (NULL)
NULL not allowed for column "NOTIFICATION_UUID"; SQL statement:
insert into notification_channels (channel,notification_id,id) values (?,?,default) [23502-232]] [insert into notification_channels (channel,notification_id,id) values (?,?,default)]; SQL [insert into notification_channels (channel,notification_id,id) values (?,?,default)]; constraint [null]
	at org.springframework.orm.jpa.vendor.HibernateJpaDialect.convertHibernateAccessException(HibernateJpaDialect.java:294)
	at org.springframework.orm.jpa.vendor.HibernateJpaDialect.convertHibernateAccessException(HibernateJpaDialect.java:256)
	at org.springframework.orm.jpa.vendor.HibernateJpaDialect.translateExceptionIfPossible(HibernateJpaDialect.java:241)
	at org.springframework.orm.jpa.AbstractEntityManagerFactoryBean.translateExceptionIfPossible(AbstractEntityManagerFactoryBean.java:560)
	at org.springframework.dao.support.ChainedPersistenceExceptionTranslator.translateExceptionIfPossible(ChainedPersistenceExceptionTranslator.java:61)
	at org.springframework.dao.support.DataAccessUtils.translateIfNecessary(DataAccessUtils.java:343)
	at org.springframework.dao.support.PersistenceExceptionTranslationInterceptor.invoke(PersistenceExceptionTranslationInterceptor.java:160)
	at org.springframework.aop.framework.ReflectiveMethodInvocation.proceed(ReflectiveMethodInvocation.java:184)
	at org.springframework.data.jpa.repository.support.CrudMethodMetadataPostProcessor$CrudMethodMetadataPopulatingMethodInterceptor.invoke(CrudMethodMetadataPostProcessor.java:165)
	at org.springframework.aop.framework.ReflectiveMethodInvocation.proceed(ReflectiveMethodInvocation.java:184)
	at org.springframework.aop.framework.JdkDynamicAopProxy.invoke(JdkDynamicAopProxy.java:223)
	at jdk.proxy2/jdk.proxy2.$Proxy186.save(Unknown Source)
	at edu.market.notification.infrastructure.adapter.output.persistence.NotificationRepositoryAdapter.save(NotificationRepositoryAdapter.java:36)
	at java.base/jdk.internal.reflect.DirectMethodHandleAccessor.invoke(DirectMethodHandleAccessor.java:103)
	at java.base/java.lang.reflect.Method.invoke(Method.java:580)
	at org.springframework.aop.support.AopUtils.invokeJoinpointUsingReflection(AopUtils.java:359)
	at org.springframework.aop.framework.ReflectiveMethodInvocation.invokeJoinpoint(ReflectiveMethodInvocation.java:196)
	at org.springframework.aop.framework.ReflectiveMethodInvocation.proceed(ReflectiveMethodInvocation.java:163)
	at org.springframework.transaction.interceptor.TransactionAspectSupport.invokeWithinTransaction(TransactionAspectSupport.java:380)
	at org.springframework.transaction.interceptor.TransactionInterceptor.invoke(TransactionInterceptor.java:119)
	at org.springframework.aop.framework.ReflectiveMethodInvocation.proceed(ReflectiveMethodInvocation.java:184)
	at org.springframework.aop.framework.CglibAopProxy$DynamicAdvisedInterceptor.intercept(CglibAopProxy.java:728)
	at edu.market.notification.infrastructure.adapter.output.persistence.NotificationRepositoryAdapter$$SpringCGLIB$$0.save(<generated>)
	at edu.market.notification.application.usecase.notification.SendNotificationUseCase.send(SendNotificationUseCase.java:76)
	at edu.market.notification.infrastructure.adapter.input.web.controller.NotificationController.sendNotification(NotificationController.java:156)
	at java.base/jdk.internal.reflect.DirectMethodHandleAccessor.invoke(DirectMethodHandleAccessor.java:103)
	at java.base/java.lang.reflect.Method.invoke(Method.java:580)
	at org.springframework.web.method.support.InvocableHandlerMethod.doInvoke(InvocableHandlerMethod.java:258)
	at org.springframework.web.method.support.InvocableHandlerMethod.invokeForRequest(InvocableHandlerMethod.java:191)
	at org.springframework.web.servlet.mvc.method.annotation.ServletInvocableHandlerMethod.invokeAndHandle(ServletInvocableHandlerMethod.java:118)
	at org.springframework.web.servlet.mvc.method.annotation.RequestMappingHandlerAdapter.invokeHandlerMethod(RequestMappingHandlerAdapter.java:986)
	at org.springframework.web.servlet.mvc.method.annotation.RequestMappingHandlerAdapter.handleInternal(RequestMappingHandlerAdapter.java:891)
	at org.springframework.web.servlet.mvc.method.AbstractHandlerMethodAdapter.handle(AbstractHandlerMethodAdapter.java:87)
	at org.springframework.web.servlet.DispatcherServlet.doDispatch(DispatcherServlet.java:1089)
	at org.springframework.web.servlet.DispatcherServlet.doService(DispatcherServlet.java:979)
	at org.springframework.web.servlet.FrameworkServlet.processRequest(FrameworkServlet.java:1014)
	at org.springframework.web.servlet.FrameworkServlet.doPost(FrameworkServlet.java:914)
	at jakarta.servlet.http.HttpServlet.service(HttpServlet.java:590)
	at org.springframework.web.servlet.FrameworkServlet.service(FrameworkServlet.java:885)
	at jakarta.servlet.http.HttpServlet.service(HttpServlet.java:658)
	at org.apache.catalina.core.ApplicationFilterChain.internalDoFilter(ApplicationFilterChain.java:195)
	at org.apache.catalina.core.ApplicationFilterChain.doFilter(ApplicationFilterChain.java:140)
	at org.apache.tomcat.websocket.server.WsFilter.doFilter(WsFilter.java:51)
	at org.apache.catalina.core.ApplicationFilterChain.internalDoFilter(ApplicationFilterChain.java:164)
	at org.apache.catalina.core.ApplicationFilterChain.doFilter(ApplicationFilterChain.java:140)
	at org.springframework.web.filter.CompositeFilter$VirtualFilterChain.doFilter(CompositeFilter.java:108)
	at org.springframework.security.web.FilterChainProxy.lambda$doFilterInternal$3(FilterChainProxy.java:231)
	at org.springframework.security.web.ObservationFilterChainDecorator$FilterObservation$SimpleFilterObservation.lambda$wrap$1(ObservationFilterChainDecorator.java:479)
	at org.springframework.security.web.ObservationFilterChainDecorator$AroundFilterObservation$SimpleAroundFilterObservation.lambda$wrap$1(ObservationFilterChainDecorator.java:340)
	at org.springframework.security.web.ObservationFilterChainDecorator.lambda$wrapSecured$0(ObservationFilterChainDecorator.java:82)
	at org.springframework.security.web.ObservationFilterChainDecorator$VirtualFilterChain.doFilter(ObservationFilterChainDecorator.java:128)
	at org.springframework.security.web.access.intercept.AuthorizationFilter.doFilter(AuthorizationFilter.java:101)
	at org.springframework.security.web.ObservationFilterChainDecorator$ObservationFilter.wrapFilter(ObservationFilterChainDecorator.java:240)
	at org.springframework.security.web.ObservationFilterChainDecorator$ObservationFilter.doFilter(ObservationFilterChainDecorator.java:227)
	at org.springframework.security.web.ObservationFilterChainDecorator$VirtualFilterChain.doFilter(ObservationFilterChainDecorator.java:137)
	at org.springframework.security.web.access.ExceptionTranslationFilter.doFilter(ExceptionTranslationFilter.java:126)
	at org.springframework.security.web.access.ExceptionTranslationFilter.doFilter(ExceptionTranslationFilter.java:120)
	at org.springframework.security.web.ObservationFilterChainDecorator$ObservationFilter.wrapFilter(ObservationFilterChainDecorator.java:240)
	at org.springframework.security.web.ObservationFilterChainDecorator$ObservationFilter.doFilter(ObservationFilterChainDecorator.java:227)
	at org.springframework.security.web.ObservationFilterChainDecorator$VirtualFilterChain.doFilter(ObservationFilterChainDecorator.java:137)
	at org.springframework.security.web.authentication.AnonymousAuthenticationFilter.doFilter(AnonymousAuthenticationFilter.java:100)
	at org.springframework.security.web.ObservationFilterChainDecorator$ObservationFilter.wrapFilter(ObservationFilterChainDecorator.java:240)
	at org.springframework.security.web.ObservationFilterChainDecorator$ObservationFilter.doFilter(ObservationFilterChainDecorator.java:227)
	at org.springframework.security.web.ObservationFilterChainDecorator$VirtualFilterChain.doFilter(ObservationFilterChainDecorator.java:137)
	at org.springframework.security.web.servletapi.SecurityContextHolderAwareRequestFilter.doFilter(SecurityContextHolderAwareRequestFilter.java:179)
	at org.springframework.security.web.ObservationFilterChainDecorator$ObservationFilter.wrapFilter(ObservationFilterChainDecorator.java:240)
	at org.springframework.security.web.ObservationFilterChainDecorator$ObservationFilter.doFilter(ObservationFilterChainDecorator.java:227)
	at org.springframework.security.web.ObservationFilterChainDecorator$VirtualFilterChain.doFilter(ObservationFilterChainDecorator.java:137)
	at org.springframework.security.web.savedrequest.RequestCacheAwareFilter.doFilter(RequestCacheAwareFilter.java:63)
	at org.springframework.security.web.ObservationFilterChainDecorator$ObservationFilter.wrapFilter(ObservationFilterChainDecorator.java:240)
	at org.springframework.security.web.ObservationFilterChainDecorator$ObservationFilter.doFilter(ObservationFilterChainDecorator.java:227)
	at org.springframework.security.web.ObservationFilterChainDecorator$VirtualFilterChain.doFilter(ObservationFilterChainDecorator.java:137)
	at org.springframework.security.web.authentication.logout.LogoutFilter.doFilter(LogoutFilter.java:107)
	at org.springframework.security.web.authentication.logout.LogoutFilter.doFilter(LogoutFilter.java:93)
	at org.springframework.security.web.ObservationFilterChainDecorator$ObservationFilter.wrapFilter(ObservationFilterChainDecorator.java:240)
	at org.springframework.security.web.ObservationFilterChainDecorator$ObservationFilter.doFilter(ObservationFilterChainDecorator.java:227)
	at org.springframework.security.web.ObservationFilterChainDecorator$VirtualFilterChain.doFilter(ObservationFilterChainDecorator.java:137)
	at org.springframework.security.web.header.HeaderWriterFilter.doHeadersAfter(HeaderWriterFilter.java:90)
	at org.springframework.security.web.header.HeaderWriterFilter.doFilterInternal(HeaderWriterFilter.java:75)
	at org.springframework.web.filter.OncePerRequestFilter.doFilter(OncePerRequestFilter.java:116)
	at org.springframework.security.web.ObservationFilterChainDecorator$ObservationFilter.wrapFilter(ObservationFilterChainDecorator.java:240)
	at org.springframework.security.web.ObservationFilterChainDecorator$ObservationFilter.doFilter(ObservationFilterChainDecorator.java:227)
	at org.springframework.security.web.ObservationFilterChainDecorator$VirtualFilterChain.doFilter(ObservationFilterChainDecorator.java:137)
	at org.springframework.security.web.context.SecurityContextHolderFilter.doFilter(SecurityContextHolderFilter.java:82)
	at org.springframework.security.web.context.SecurityContextHolderFilter.doFilter(SecurityContextHolderFilter.java:69)
	at org.springframework.security.web.ObservationFilterChainDecorator$ObservationFilter.wrapFilter(ObservationFilterChainDecorator.java:240)
	at org.springframework.security.web.ObservationFilterChainDecorator$ObservationFilter.doFilter(ObservationFilterChainDecorator.java:227)
	at org.springframework.security.web.ObservationFilterChainDecorator$VirtualFilterChain.doFilter(ObservationFilterChainDecorator.java:137)
	at org.springframework.security.web.context.request.async.WebAsyncManagerIntegrationFilter.doFilterInternal(WebAsyncManagerIntegrationFilter.java:62)
	at org.springframework.web.filter.OncePerRequestFilter.doFilter(OncePerRequestFilter.java:116)
	at org.springframework.security.web.ObservationFilterChainDecorator$ObservationFilter.wrapFilter(ObservationFilterChainDecorator.java:240)
	at org.springframework.security.web.ObservationFilterChainDecorator$ObservationFilter.doFilter(ObservationFilterChainDecorator.java:227)
	at org.springframework.security.web.ObservationFilterChainDecorator$VirtualFilterChain.doFilter(ObservationFilterChainDecorator.java:137)
	at org.springframework.security.web.session.DisableEncodeUrlFilter.doFilterInternal(DisableEncodeUrlFilter.java:42)
	at org.springframework.web.filter.OncePerRequestFilter.doFilter(OncePerRequestFilter.java:116)
	at org.springframework.security.web.ObservationFilterChainDecorator$ObservationFilter.wrapFilter(ObservationFilterChainDecorator.java:240)
	at org.springframework.security.web.ObservationFilterChainDecorator$AroundFilterObservation$SimpleAroundFilterObservation.lambda$wrap$0(ObservationFilterChainDecorator.java:323)
	at org.springframework.security.web.ObservationFilterChainDecorator$ObservationFilter.doFilter(ObservationFilterChainDecorator.java:224)
	at org.springframework.security.web.ObservationFilterChainDecorator$VirtualFilterChain.doFilter(ObservationFilterChainDecorator.java:137)
	at org.springframework.security.web.FilterChainProxy.doFilterInternal(FilterChainProxy.java:233)
	at org.springframework.security.web.FilterChainProxy.doFilter(FilterChainProxy.java:191)
	at org.springframework.web.filter.CompositeFilter$VirtualFilterChain.doFilter(CompositeFilter.java:113)
	at org.springframework.web.servlet.handler.HandlerMappingIntrospector.lambda$createCacheFilter$3(HandlerMappingIntrospector.java:243)
	at org.springframework.web.filter.CompositeFilter$VirtualFilterChain.doFilter(CompositeFilter.java:113)
	at org.springframework.web.filter.CompositeFilter.doFilter(CompositeFilter.java:74)
	at org.springframework.security.config.annotation.web.configuration.WebMvcSecurityConfiguration$CompositeFilterChainProxy.doFilter(WebMvcSecurityConfiguration.java:238)
	at org.springframework.web.filter.DelegatingFilterProxy.invokeDelegate(DelegatingFilterProxy.java:362)
	at org.springframework.web.filter.DelegatingFilterProxy.doFilter(DelegatingFilterProxy.java:278)
	at org.apache.catalina.core.ApplicationFilterChain.internalDoFilter(ApplicationFilterChain.java:164)
	at org.apache.catalina.core.ApplicationFilterChain.doFilter(ApplicationFilterChain.java:140)
	at org.springframework.web.filter.RequestContextFilter.doFilterInternal(RequestContextFilter.java:100)
	at org.springframework.web.filter.OncePerRequestFilter.doFilter(OncePerRequestFilter.java:116)
	at org.apache.catalina.core.ApplicationFilterChain.internalDoFilter(ApplicationFilterChain.java:164)
	at org.apache.catalina.core.ApplicationFilterChain.doFilter(ApplicationFilterChain.java:140)
	at org.springframework.web.filter.FormContentFilter.doFilterInternal(FormContentFilter.java:93)
	at org.springframework.web.filter.OncePerRequestFilter.doFilter(OncePerRequestFilter.java:116)
	at org.apache.catalina.core.ApplicationFilterChain.internalDoFilter(ApplicationFilterChain.java:164)
	at org.apache.catalina.core.ApplicationFilterChain.doFilter(ApplicationFilterChain.java:140)
	at org.springframework.web.filter.ServerHttpObservationFilter.doFilterInternal(ServerHttpObservationFilter.java:114)
	at org.springframework.web.filter.OncePerRequestFilter.doFilter(OncePerRequestFilter.java:116)
	at org.apache.catalina.core.ApplicationFilterChain.internalDoFilter(ApplicationFilterChain.java:164)
	at org.apache.catalina.core.ApplicationFilterChain.doFilter(ApplicationFilterChain.java:140)
	at org.springframework.web.filter.CharacterEncodingFilter.doFilterInternal(CharacterEncodingFilter.java:201)
	at org.springframework.web.filter.OncePerRequestFilter.doFilter(OncePerRequestFilter.java:116)
	at org.apache.catalina.core.ApplicationFilterChain.internalDoFilter(ApplicationFilterChain.java:164)
	at org.apache.catalina.core.ApplicationFilterChain.doFilter(ApplicationFilterChain.java:140)
	at org.apache.catalina.core.StandardWrapperValve.invoke(StandardWrapperValve.java:167)
	at org.apache.catalina.core.StandardContextValve.invoke(StandardContextValve.java:90)
	at org.apache.catalina.authenticator.AuthenticatorBase.invoke(AuthenticatorBase.java:483)
	at org.apache.catalina.core.StandardHostValve.invoke(StandardHostValve.java:116)
	at org.apache.catalina.valves.ErrorReportValve.invoke(ErrorReportValve.java:93)
	at org.apache.catalina.core.StandardEngineValve.invoke(StandardEngineValve.java:74)
	at org.apache.catalina.connector.CoyoteAdapter.service(CoyoteAdapter.java:344)
	at org.apache.coyote.http11.Http11Processor.service(Http11Processor.java:398)
	at org.apache.coyote.AbstractProcessorLight.process(AbstractProcessorLight.java:63)
	at org.apache.coyote.AbstractProtocol$ConnectionHandler.process(AbstractProtocol.java:903)
	at org.apache.tomcat.util.net.NioEndpoint$SocketProcessor.doRun(NioEndpoint.java:1740)
	at org.apache.tomcat.util.net.SocketProcessorBase.run(SocketProcessorBase.java:52)
	at org.apache.tomcat.util.threads.ThreadPoolExecutor.runWorker(ThreadPoolExecutor.java:1189)
	at org.apache.tomcat.util.threads.ThreadPoolExecutor$Worker.run(ThreadPoolExecutor.java:658)
	at org.apache.tomcat.util.threads.TaskThread$WrappingRunnable.run(TaskThread.java:63)
	at java.base/java.lang.Thread.run(Thread.java:1583)
Caused by: org.hibernate.exception.ConstraintViolationException: could not execute statement [La columna "NOTIFICATION_UUID" no permite valores nulos (NULL)
NULL not allowed for column "NOTIFICATION_UUID"; SQL statement:
insert into notification_channels (channel,notification_id,id) values (?,?,default) [23502-232]] [insert into notification_channels (channel,notification_id,id) values (?,?,default)]
	at org.hibernate.exception.internal.SQLExceptionTypeDelegate.convert(SQLExceptionTypeDelegate.java:62)
	at org.hibernate.exception.internal.StandardSQLExceptionConverter.convert(StandardSQLExceptionConverter.java:58)
	at org.hibernate.engine.jdbc.spi.SqlExceptionHelper.convert(SqlExceptionHelper.java:108)
	at org.hibernate.engine.jdbc.internal.ResultSetReturnImpl.executeUpdate(ResultSetReturnImpl.java:197)
	at org.hibernate.id.insert.GetGeneratedKeysDelegate.performMutation(GetGeneratedKeysDelegate.java:116)
	at org.hibernate.engine.jdbc.mutation.internal.MutationExecutorSingleNonBatched.performNonBatchedOperations(MutationExecutorSingleNonBatched.java:47)
	at org.hibernate.engine.jdbc.mutation.internal.AbstractMutationExecutor.execute(AbstractMutationExecutor.java:55)
	at org.hibernate.persister.entity.mutation.InsertCoordinatorStandard.doStaticInserts(InsertCoordinatorStandard.java:194)
	at org.hibernate.persister.entity.mutation.InsertCoordinatorStandard.coordinateInsert(InsertCoordinatorStandard.java:132)
	at org.hibernate.persister.entity.mutation.InsertCoordinatorStandard.insert(InsertCoordinatorStandard.java:95)
	at org.hibernate.action.internal.EntityIdentityInsertAction.execute(EntityIdentityInsertAction.java:85)
	at org.hibernate.engine.spi.ActionQueue.execute(ActionQueue.java:682)
	at org.hibernate.engine.spi.ActionQueue.addResolvedEntityInsertAction(ActionQueue.java:293)
	at org.hibernate.engine.spi.ActionQueue.addInsertAction(ActionQueue.java:274)
	at org.hibernate.engine.spi.ActionQueue.addAction(ActionQueue.java:324)
	at org.hibernate.event.internal.AbstractSaveEventListener.addInsertAction(AbstractSaveEventListener.java:393)
	at org.hibernate.event.internal.AbstractSaveEventListener.performSaveOrReplicate(AbstractSaveEventListener.java:307)
	at org.hibernate.event.internal.AbstractSaveEventListener.performSave(AbstractSaveEventListener.java:223)
	at org.hibernate.event.internal.AbstractSaveEventListener.saveWithGeneratedId(AbstractSaveEventListener.java:136)
	at org.hibernate.event.internal.DefaultMergeEventListener.saveTransientEntity(DefaultMergeEventListener.java:384)
	at org.hibernate.event.internal.DefaultMergeEventListener.entityIsTransient(DefaultMergeEventListener.java:305)
	at org.hibernate.event.internal.DefaultMergeEventListener.merge(DefaultMergeEventListener.java:217)
	at org.hibernate.event.internal.DefaultMergeEventListener.doMerge(DefaultMergeEventListener.java:152)
	at org.hibernate.event.internal.DefaultMergeEventListener.onMerge(DefaultMergeEventListener.java:136)
	at org.hibernate.event.service.internal.EventListenerGroupImpl.fireEventOnEachListener(EventListenerGroupImpl.java:138)
	at org.hibernate.internal.SessionImpl.fireMerge(SessionImpl.java:875)
	at org.hibernate.internal.SessionImpl.merge(SessionImpl.java:846)
	at org.hibernate.engine.spi.CascadingActions$6.cascade(CascadingActions.java:258)
	at org.hibernate.engine.spi.CascadingActions$6.cascade(CascadingActions.java:248)
	at org.hibernate.engine.internal.Cascade.cascadeToOne(Cascade.java:570)
	at org.hibernate.engine.internal.Cascade.cascadeAssociation(Cascade.java:492)
	at org.hibernate.engine.internal.Cascade.cascadeProperty(Cascade.java:253)
	at org.hibernate.engine.internal.Cascade.cascadeCollectionElements(Cascade.java:604)
	at org.hibernate.engine.internal.Cascade.cascadeCollection(Cascade.java:534)
	at org.hibernate.engine.internal.Cascade.cascadeAssociation(Cascade.java:495)
	at org.hibernate.engine.internal.Cascade.cascadeProperty(Cascade.java:253)
	at org.hibernate.engine.internal.Cascade.cascade(Cascade.java:192)
	at org.hibernate.event.internal.AbstractSaveEventListener.cascadeAfterSave(AbstractSaveEventListener.java:520)
	at org.hibernate.event.internal.DefaultMergeEventListener.entityIsTransient(DefaultMergeEventListener.java:309)
	at org.hibernate.event.internal.DefaultMergeEventListener.entityIsDetached(DefaultMergeEventListener.java:432)
	at org.hibernate.event.internal.DefaultMergeEventListener.merge(DefaultMergeEventListener.java:214)
	at org.hibernate.event.internal.DefaultMergeEventListener.doMerge(DefaultMergeEventListener.java:152)
	at org.hibernate.event.internal.DefaultMergeEventListener.onMerge(DefaultMergeEventListener.java:136)
	at org.hibernate.event.internal.DefaultMergeEventListener.onMerge(DefaultMergeEventListener.java:89)
	at org.hibernate.event.service.internal.EventListenerGroupImpl.fireEventOnEachListener(EventListenerGroupImpl.java:127)
	at org.hibernate.internal.SessionImpl.fireMerge(SessionImpl.java:854)
	at org.hibernate.internal.SessionImpl.merge(SessionImpl.java:840)
	at java.base/jdk.internal.reflect.DirectMethodHandleAccessor.invoke(DirectMethodHandleAccessor.java:103)
	at java.base/java.lang.reflect.Method.invoke(Method.java:580)
	at org.springframework.orm.jpa.ExtendedEntityManagerCreator$ExtendedEntityManagerInvocationHandler.invoke(ExtendedEntityManagerCreator.java:364)
	at jdk.proxy2/jdk.proxy2.$Proxy175.merge(Unknown Source)
	at java.base/jdk.internal.reflect.DirectMethodHandleAccessor.invoke(DirectMethodHandleAccessor.java:103)
	at java.base/java.lang.reflect.Method.invoke(Method.java:580)
	at org.springframework.orm.jpa.SharedEntityManagerCreator$SharedEntityManagerInvocationHandler.invoke(SharedEntityManagerCreator.java:320)
	at jdk.proxy2/jdk.proxy2.$Proxy175.merge(Unknown Source)
	at org.springframework.data.jpa.repository.support.SimpleJpaRepository.save(SimpleJpaRepository.java:639)
	at java.base/jdk.internal.reflect.DirectMethodHandleAccessor.invoke(DirectMethodHandleAccessor.java:103)
	at java.base/java.lang.reflect.Method.invoke(Method.java:580)
	at org.springframework.aop.support.AopUtils.invokeJoinpointUsingReflection(AopUtils.java:359)
	at org.springframework.data.repository.core.support.RepositoryMethodInvoker$RepositoryFragmentMethodInvoker.lambda$new$0(RepositoryMethodInvoker.java:277)
	at org.springframework.data.repository.core.support.RepositoryMethodInvoker.doInvoke(RepositoryMethodInvoker.java:170)
	at org.springframework.data.repository.core.support.RepositoryMethodInvoker.invoke(RepositoryMethodInvoker.java:158)
	at org.springframework.data.repository.core.support.RepositoryComposition$RepositoryFragments.invoke(RepositoryComposition.java:515)
	at org.springframework.data.repository.core.support.RepositoryComposition.invoke(RepositoryComposition.java:284)
	at org.springframework.data.repository.core.support.RepositoryFactorySupport$ImplementationMethodExecutionInterceptor.invoke(RepositoryFactorySupport.java:731)
	at org.springframework.aop.framework.ReflectiveMethodInvocation.proceed(ReflectiveMethodInvocation.java:184)
	at org.springframework.data.repository.core.support.QueryExecutorMethodInterceptor.doInvoke(QueryExecutorMethodInterceptor.java:174)
	at org.springframework.data.repository.core.support.QueryExecutorMethodInterceptor.invoke(QueryExecutorMethodInterceptor.java:149)
	at org.springframework.aop.framework.ReflectiveMethodInvocation.proceed(ReflectiveMethodInvocation.java:184)
	at org.springframework.data.projection.DefaultMethodInvokingMethodInterceptor.invoke(DefaultMethodInvokingMethodInterceptor.java:69)
	at org.springframework.aop.framework.ReflectiveMethodInvocation.proceed(ReflectiveMethodInvocation.java:184)
	at org.springframework.transaction.interceptor.TransactionAspectSupport.invokeWithinTransaction(TransactionAspectSupport.java:380)
	at org.springframework.transaction.interceptor.TransactionInterceptor.invoke(TransactionInterceptor.java:119)
	at org.springframework.aop.framework.ReflectiveMethodInvocation.proceed(ReflectiveMethodInvocation.java:184)
	at org.springframework.dao.support.PersistenceExceptionTranslationInterceptor.invoke(PersistenceExceptionTranslationInterceptor.java:138)
	... 135 common frames omitted
Caused by: org.h2.jdbc.JdbcSQLIntegrityConstraintViolationException: La columna "NOTIFICATION_UUID" no permite valores nulos (NULL)
NULL not allowed for column "NOTIFICATION_UUID"; SQL statement:
insert into notification_channels (channel,notification_id,id) values (?,?,default) [23502-232]
	at org.h2.message.DbException.getJdbcSQLException(DbException.java:520)
	at org.h2.message.DbException.getJdbcSQLException(DbException.java:489)
	at org.h2.message.DbException.get(DbException.java:223)
	at org.h2.message.DbException.get(DbException.java:199)
	at org.h2.table.Column.validateConvertUpdateSequence(Column.java:402)
	at org.h2.table.Table.convertInsertRow(Table.java:963)
	at org.h2.command.dml.Insert.insertRows(Insert.java:167)
	at org.h2.command.dml.Insert.update(Insert.java:135)
	at org.h2.command.CommandContainer.executeUpdateWithGeneratedKeys(CommandContainer.java:212)
	at org.h2.command.CommandContainer.update(CommandContainer.java:133)
	at org.h2.command.Command.executeUpdate(Command.java:304)
	at org.h2.command.Command.executeUpdate(Command.java:248)
	at org.h2.jdbc.JdbcPreparedStatement.executeUpdateInternal(JdbcPreparedStatement.java:213)
	at org.h2.jdbc.JdbcPreparedStatement.executeUpdate(JdbcPreparedStatement.java:172)
	at com.zaxxer.hikari.pool.ProxyPreparedStatement.executeUpdate(ProxyPreparedStatement.java:61)
	at com.zaxxer.hikari.pool.HikariProxyPreparedStatement.executeUpdate(HikariProxyPreparedStatement.java)
	at org.hibernate.engine.jdbc.internal.ResultSetReturnImpl.executeUpdate(ResultSetReturnImpl.java:194)
	... 206 common frames omitted
2025-07-31 18:46:52,251 [SpringApplicationShutdownHook] INFO  o.s.c.n.e.s.EurekaServiceRegistry                  - Unregistering application NOTIFICATION-SERVICE with eureka with status DOWN
2025-07-31 18:46:52,254 [SpringApplicationShutdownHook] INFO  o.s.b.w.embedded.tomcat.GracefulShutdown           - Commencing graceful shutdown. Waiting for active requests to complete
2025-07-31 18:46:52,254 [tomcat-shutdown] INFO  o.s.b.w.embedded.tomcat.GracefulShutdown           - Graceful shutdown complete
2025-07-31 18:46:52,266 [SpringApplicationShutdownHook] INFO  o.s.o.j.LocalContainerEntityManagerFactoryBean     - Closing JPA EntityManagerFactory for persistence unit 'default'
2025-07-31 18:46:52,266 [SpringApplicationShutdownHook] INFO  com.zaxxer.hikari.HikariDataSource                 - HikariPool-1 - Shutdown initiated...
2025-07-31 18:46:52,266 [SpringApplicationShutdownHook] INFO  com.zaxxer.hikari.HikariDataSource                 - HikariPool-1 - Shutdown completed.
2025-07-31 18:46:52,270 [SpringApplicationShutdownHook] INFO  com.netflix.discovery.DiscoveryClient              - Shutting down DiscoveryClient ...
2025-07-31 18:46:52,270 [SpringApplicationShutdownHook] INFO  com.netflix.discovery.DiscoveryClient              - Completed shut down of DiscoveryClient
2025-07-31 18:46:56,563 [background-preinit] INFO  o.h.validator.internal.util.Version                - HV000001: Hibernate Validator 8.0.2.Final
2025-07-31 18:46:56,602 [main] INFO  edu.market.notification.App                        - Starting App v1.0.0 using Java 21 with PID 3480 (C:\Users\ja2c\Desktop\Cursos\micro-servicio-archt\k8s\microservices\services\notification-service\target\classes started by ja2c in C:\Users\ja2c\Desktop\Cursos\micro-servicio-archt\k8s\microservices\services\notification-service)
2025-07-31 18:46:56,602 [main] DEBUG edu.market.notification.App                        - Running with Spring Boot v3.4.5, Spring v6.2.6
2025-07-31 18:46:56,603 [main] INFO  edu.market.notification.App                        - The following 1 profile is active: "dev"
2025-07-31 18:46:56,630 [main] INFO  o.s.c.c.c.ConfigServerConfigDataLoader             - Fetching config from server at : http://localhost:8890
2025-07-31 18:46:56,630 [main] INFO  o.s.c.c.c.ConfigServerConfigDataLoader             - Exception on Url - http://localhost:8890:org.springframework.web.client.ResourceAccessException: I/O error on GET request for "http://localhost:8890/notification-service/default": Connection refused: no further information. Will be trying the next url if available
2025-07-31 18:46:56,630 [main] WARN  o.s.c.c.c.ConfigServerConfigDataLoader             - Could not locate PropertySource ([ConfigServerConfigDataResource@2516fc68 uris = array<String>['http://localhost:8890'], optional = true, profiles = 'default']): I/O error on GET request for "http://localhost:8890/notification-service/default": Connection refused: no further information
2025-07-31 18:46:56,630 [main] INFO  o.s.c.c.c.ConfigServerConfigDataLoader             - Fetching config from server at : http://localhost:8890
2025-07-31 18:46:56,630 [main] INFO  o.s.c.c.c.ConfigServerConfigDataLoader             - Exception on Url - http://localhost:8890:org.springframework.web.client.ResourceAccessException: I/O error on GET request for "http://localhost:8890/notification-service/dev": Connection refused: no further information. Will be trying the next url if available
2025-07-31 18:46:56,630 [main] WARN  o.s.c.c.c.ConfigServerConfigDataLoader             - Could not locate PropertySource ([ConfigServerConfigDataResource@57f64f5e uris = array<String>['http://localhost:8890'], optional = true, profiles = 'dev']): I/O error on GET request for "http://localhost:8890/notification-service/dev": Connection refused: no further information
2025-07-31 18:46:56,630 [main] INFO  o.s.c.c.c.ConfigServerConfigDataLoader             - Fetching config from server at : http://localhost:8890
2025-07-31 18:46:56,630 [main] INFO  o.s.c.c.c.ConfigServerConfigDataLoader             - Exception on Url - http://localhost:8890:org.springframework.web.client.ResourceAccessException: I/O error on GET request for "http://localhost:8890/notification-service/default": Connection refused: no further information. Will be trying the next url if available
2025-07-31 18:46:56,630 [main] WARN  o.s.c.c.c.ConfigServerConfigDataLoader             - Could not locate PropertySource ([ConfigServerConfigDataResource@415e0bcb uris = array<String>['http://localhost:8890'], optional = true, profiles = 'default']): I/O error on GET request for "http://localhost:8890/notification-service/default": Connection refused: no further information
2025-07-31 18:46:57,624 [main] INFO  o.s.d.r.c.RepositoryConfigurationDelegate          - Bootstrapping Spring Data JPA repositories in DEFAULT mode.
2025-07-31 18:46:57,804 [main] INFO  o.s.d.r.c.RepositoryConfigurationDelegate          - Finished Spring Data repository scanning in 155 ms. Found 6 JPA repository interfaces.
2025-07-31 18:46:58,110 [main] INFO  o.s.cloud.context.scope.GenericScope               - BeanFactory id=3900db60-8d40-363c-9c55-ffe39cb1c59c
2025-07-31 18:46:58,866 [main] INFO  o.s.b.w.embedded.tomcat.TomcatWebServer            - Tomcat initialized with port 8080 (http)
2025-07-31 18:46:58,889 [main] INFO  o.apache.coyote.http11.Http11NioProtocol           - Initializing ProtocolHandler ["http-nio-8080"]
2025-07-31 18:46:58,894 [main] INFO  o.apache.catalina.core.StandardService             - Starting service [Tomcat]
2025-07-31 18:46:58,894 [main] INFO  org.apache.catalina.core.StandardEngine            - Starting Servlet engine: [Apache Tomcat/10.1.40]
2025-07-31 18:46:58,965 [main] INFO  o.a.c.c.C.[.[.[/notification-service]              - Initializing Spring embedded WebApplicationContext
2025-07-31 18:46:58,965 [main] INFO  o.s.b.w.s.c.ServletWebServerApplicationContext     - Root WebApplicationContext: initialization completed in 2331 ms
2025-07-31 18:46:59,424 [main] INFO  com.zaxxer.hikari.HikariDataSource                 - HikariPool-1 - Starting...
2025-07-31 18:46:59,605 [main] INFO  com.zaxxer.hikari.pool.HikariPool                  - HikariPool-1 - Added connection conn0: url=jdbc:h2:mem:notificationdb user=SA
2025-07-31 18:46:59,609 [main] INFO  com.zaxxer.hikari.HikariDataSource                 - HikariPool-1 - Start completed.
2025-07-31 18:46:59,880 [main] INFO  o.hibernate.jpa.internal.util.LogHelper            - HHH000204: Processing PersistenceUnitInfo [name: default]
2025-07-31 18:47:00,004 [main] INFO  org.hibernate.Version                              - HHH000412: Hibernate ORM core version 6.6.13.Final
2025-07-31 18:47:00,064 [main] INFO  o.h.c.internal.RegionFactoryInitiator              - HHH000026: Second-level cache disabled
2025-07-31 18:47:00,265 [main] INFO  o.s.o.j.p.SpringPersistenceUnitInfo                - No LoadTimeWeaver setup: ignoring JPA class transformer
2025-07-31 18:47:00,315 [main] INFO  org.hibernate.orm.connections.pooling              - HHH10001005: Database info:
	Database JDBC URL [Connecting through datasource 'HikariDataSource (HikariPool-1)']
	Database driver: undefined/unknown
	Database version: 2.3.232
	Autocommit mode: undefined/unknown
	Isolation level: undefined/unknown
	Minimum pool size: undefined/unknown
	Maximum pool size: undefined/unknown
2025-07-31 18:47:01,086 [main] INFO  o.h.e.t.j.p.i.JtaPlatformInitiator                 - HHH000489: No JTA platform available (set 'hibernate.transaction.jta.platform' to enable JTA platform integration)
2025-07-31 18:47:01,199 [main] INFO  o.s.o.j.LocalContainerEntityManagerFactoryBean     - Initialized JPA EntityManagerFactory for persistence unit 'default'
2025-07-31 18:47:01,636 [main] INFO  o.s.d.j.r.query.QueryEnhancerFactory               - Hibernate is in classpath; If applicable, HQL parser will be used.
2025-07-31 18:47:02,730 [main] WARN  o.s.b.a.o.j.JpaBaseConfiguration$JpaWebConfiguration - spring.jpa.open-in-view is enabled by default. Therefore, database queries may be performed during view rendering. Explicitly configure spring.jpa.open-in-view to disable this warning
2025-07-31 18:47:03,115 [main] INFO  o.s.b.a.e.web.EndpointLinksResolver                - Exposing 1 endpoint beneath base path '/actuator'
2025-07-31 18:47:03,554 [main] INFO  o.s.b.a.h2.H2ConsoleAutoConfiguration              - H2 console available at '/h2-console'. Database available at 'jdbc:h2:mem:notificationdb'
2025-07-31 18:47:03,594 [main] INFO  o.s.c.n.e.c.DiscoveryClientOptionalArgsConfiguration - Eureka HTTP Client uses RestTemplate.
2025-07-31 18:47:03,637 [main] WARN  o.s.c.l.c.LoadBalancerCacheAutoConfiguration$LoadBalancerCaffeineWarnLogger - Spring Cloud LoadBalancer is currently working with the default cache. While this cache implementation is useful for development and tests, it's recommended to use Caffeine cache in production.You can switch to using Caffeine cache, by adding it and org.springframework.cache.caffeine.CaffeineCacheManager to the classpath.
2025-07-31 18:47:03,680 [main] INFO  o.s.c.netflix.eureka.InstanceInfoFactory           - Setting initial instance status as: STARTING
2025-07-31 18:47:03,698 [main] INFO  com.netflix.discovery.DiscoveryClient              - Initializing Eureka in region us-east-1
2025-07-31 18:47:03,698 [main] INFO  com.netflix.discovery.DiscoveryClient              - Client configured to neither register nor query for data.
2025-07-31 18:47:03,698 [main] INFO  com.netflix.discovery.DiscoveryClient              - Discovery Client initialized at timestamp 1754002023698 with initial instances count: 0
2025-07-31 18:47:03,704 [main] INFO  o.s.c.n.e.s.EurekaServiceRegistry                  - Registering application NOTIFICATION-SERVICE with eureka with status UP
2025-07-31 18:47:03,704 [main] INFO  o.apache.coyote.http11.Http11NioProtocol           - Starting ProtocolHandler ["http-nio-8080"]
2025-07-31 18:47:03,724 [main] INFO  o.s.b.w.embedded.tomcat.TomcatWebServer            - Tomcat started on port 8080 (http) with context path '/notification-service'
2025-07-31 18:47:03,724 [main] INFO  o.s.c.n.e.s.EurekaAutoServiceRegistration          - Updating port to 8080
2025-07-31 18:47:03,739 [main] INFO  edu.market.notification.App                        - Started App in 8.024 seconds (process running for 8.451)
2025-07-31 18:47:08,344 [http-nio-8080-exec-1] INFO  o.a.c.c.C.[.[.[/notification-service]              - Initializing Spring DispatcherServlet 'dispatcherServlet'
2025-07-31 18:47:08,344 [http-nio-8080-exec-1] INFO  o.s.web.servlet.DispatcherServlet                  - Initializing Servlet 'dispatcherServlet'
2025-07-31 18:47:08,346 [http-nio-8080-exec-1] INFO  o.s.web.servlet.DispatcherServlet                  - Completed initialization in 1 ms
2025-07-31 18:47:08,408 [http-nio-8080-exec-1] INFO  e.m.n.i.a.i.w.c.NotificationController             - sendNotification - init
2025-07-31 18:47:08,409 [http-nio-8080-exec-1] DEBUG e.m.n.i.a.i.w.c.NotificationController             - sendNotification - Call notificationMapper.toNotificationCommand
2025-07-31 18:47:08,409 [http-nio-8080-exec-1] INFO  e.m.n.i.a.i.w.m.NotificationInputMapper            - toNotificationCommand - init
2025-07-31 18:47:08,409 [http-nio-8080-exec-1] INFO  e.m.n.i.a.i.w.m.NotificationInputMapper            - toNotificationCommand - end
2025-07-31 18:47:08,409 [http-nio-8080-exec-1] DEBUG e.m.n.i.a.i.w.c.NotificationController             - sendNotification - Create ClientContextCommand
2025-07-31 18:47:08,409 [http-nio-8080-exec-1] DEBUG e.m.n.i.a.i.web.util.RequestContextUtil            - Obteniendo IP del cliente
2025-07-31 18:47:08,410 [http-nio-8080-exec-1] DEBUG e.m.n.i.a.i.web.util.RequestContextUtil            - Obteniendo User-Agent del cliente
2025-07-31 18:47:08,410 [http-nio-8080-exec-1] DEBUG e.m.n.i.a.i.web.util.RequestContextUtil            - Obteniendo ruta de la petición
2025-07-31 18:47:08,410 [http-nio-8080-exec-1] DEBUG e.m.n.i.a.i.w.c.NotificationController             - sendNotification - Call sendNotificationUseCase.send
2025-07-31 18:47:08,410 [http-nio-8080-exec-1] INFO  e.m.n.i.a.o.monitoring.LoggingAdapter              - send - Init
2025-07-31 18:47:08,415 [http-nio-8080-exec-1] INFO  e.m.n.i.a.o.p.m.NotificationOutputMapper           - toEntity - Init
2025-07-31 18:47:08,416 [http-nio-8080-exec-1] INFO  e.m.n.i.a.o.p.m.NotificationOutputMapper           - toEntity - End
2025-07-31 18:47:08,496 [http-nio-8080-exec-1] DEBUG e.m.n.i.a.o.monitoring.LoggingAdapter              - send - Notification saved with ID: d6ef4d9d-bf08-457f-9646-fc32ab4cf13b, channels: [EMAIL, SMS]
2025-07-31 18:47:08,496 [http-nio-8080-exec-1] DEBUG e.m.n.i.a.o.s.NotificationChannelServiceAdapter    - NotificationChannelServiceAdapter.isAvailable - Verificando disponibilidad del canal DEFAULT
2025-07-31 18:47:08,497 [http-nio-8080-exec-1] DEBUG e.m.n.i.a.o.monitoring.LoggingAdapter              - send - Call notificationChannel.send
2025-07-31 18:47:08,497 [http-nio-8080-exec-1] INFO  e.m.n.i.a.o.s.NotificationChannelServiceAdapter    - NotificationChannelServiceAdapter.send - Enviando notificación d6ef4d9d-bf08-457f-9646-fc32ab4cf13b por canal DEFAULT
2025-07-31 18:47:08,497 [http-nio-8080-exec-1] INFO  e.m.n.i.a.o.s.NotificationChannelServiceAdapter    - NotificationChannelServiceAdapter.send - Notificación d6ef4d9d-bf08-457f-9646-fc32ab4cf13b enviada exitosamente
2025-07-31 18:47:08,498 [http-nio-8080-exec-1] DEBUG e.m.n.i.a.o.monitoring.LoggingAdapter              - send - Mark notification as sent
2025-07-31 18:47:08,498 [http-nio-8080-exec-1] DEBUG e.m.n.i.a.o.monitoring.LoggingAdapter              - send - Call notificationRepository.save for updated notification
2025-07-31 18:47:08,498 [http-nio-8080-exec-1] INFO  e.m.n.i.a.o.p.m.NotificationOutputMapper           - toEntity - Init
2025-07-31 18:47:08,498 [http-nio-8080-exec-1] INFO  e.m.n.i.a.o.p.m.NotificationOutputMapper           - toEntity - End
2025-07-31 18:47:08,514 [http-nio-8080-exec-1] DEBUG e.m.n.i.a.o.monitoring.LoggingAdapter              - send - Call saveSentEventToOutbox
2025-07-31 18:47:08,515 [http-nio-8080-exec-1] DEBUG e.m.n.i.a.o.monitoring.LoggingAdapter              - saveSentEventToOutbox - Saving sent event to outbox for notification: d6ef4d9d-bf08-457f-9646-fc32ab4cf13b
2025-07-31 18:47:08,515 [http-nio-8080-exec-1] DEBUG e.m.n.i.a.o.monitoring.LoggingAdapter              - SerializationServiceAdapter.serialize - Serializando objeto: {}
2025-07-31 18:47:08,527 [http-nio-8080-exec-1] DEBUG e.m.n.i.a.o.monitoring.LoggingAdapter              - saveSentEventToOutbox - Call outboxRepository.save
2025-07-31 18:47:08,531 [http-nio-8080-exec-1] DEBUG e.m.n.i.a.o.monitoring.LoggingAdapter              - saveSentEventToOutbox - Event saved successfully
2025-07-31 18:47:08,531 [http-nio-8080-exec-1] INFO  e.m.n.i.a.o.monitoring.LoggingAdapter              - send - End
2025-07-31 18:47:08,531 [http-nio-8080-exec-1] DEBUG e.m.n.i.a.i.w.c.NotificationController             - sendNotification - Call notificationMapper.toNotificationResponseDTO
2025-07-31 18:47:08,531 [http-nio-8080-exec-1] INFO  e.m.n.i.a.i.w.m.NotificationInputMapper            - toNotificationResponseDTO - init
2025-07-31 18:47:08,531 [http-nio-8080-exec-1] INFO  e.m.n.i.a.i.w.m.NotificationInputMapper            - toNotificationResponseDTO - end
2025-07-31 18:47:08,532 [http-nio-8080-exec-1] INFO  e.m.n.i.a.i.w.c.NotificationController             - sendNotification - end
2025-07-31 18:49:27,333 [http-nio-8080-exec-3] INFO  e.m.n.i.a.i.w.c.NotificationController             - sendNotification - init
2025-07-31 18:49:27,333 [http-nio-8080-exec-3] DEBUG e.m.n.i.a.i.w.c.NotificationController             - sendNotification - Call notificationMapper.toNotificationCommand
2025-07-31 18:49:27,333 [http-nio-8080-exec-3] INFO  e.m.n.i.a.i.w.m.NotificationInputMapper            - toNotificationCommand - init
2025-07-31 18:49:27,333 [http-nio-8080-exec-3] INFO  e.m.n.i.a.i.w.m.NotificationInputMapper            - toNotificationCommand - end
2025-07-31 18:49:27,333 [http-nio-8080-exec-3] DEBUG e.m.n.i.a.i.w.c.NotificationController             - sendNotification - Create ClientContextCommand
2025-07-31 18:49:27,333 [http-nio-8080-exec-3] DEBUG e.m.n.i.a.i.web.util.RequestContextUtil            - Obteniendo IP del cliente
2025-07-31 18:49:27,333 [http-nio-8080-exec-3] DEBUG e.m.n.i.a.i.web.util.RequestContextUtil            - Obteniendo User-Agent del cliente
2025-07-31 18:49:27,333 [http-nio-8080-exec-3] DEBUG e.m.n.i.a.i.web.util.RequestContextUtil            - Obteniendo ruta de la petición
2025-07-31 18:49:27,333 [http-nio-8080-exec-3] DEBUG e.m.n.i.a.i.w.c.NotificationController             - sendNotification - Call sendNotificationUseCase.send
2025-07-31 18:49:27,333 [http-nio-8080-exec-3] INFO  e.m.n.i.a.o.monitoring.LoggingAdapter              - send - Init
2025-07-31 18:49:27,333 [http-nio-8080-exec-3] INFO  e.m.n.i.a.o.p.m.NotificationOutputMapper           - toEntity - Init
2025-07-31 18:49:27,333 [http-nio-8080-exec-3] INFO  e.m.n.i.a.o.p.m.NotificationOutputMapper           - toEntity - End
2025-07-31 18:49:27,339 [http-nio-8080-exec-3] DEBUG e.m.n.i.a.o.monitoring.LoggingAdapter              - send - Notification saved with ID: 6df8ced3-008a-455b-9827-da97ca1ce987, channels: [EMAIL, SMS]
2025-07-31 18:49:27,339 [http-nio-8080-exec-3] DEBUG e.m.n.i.a.o.s.NotificationChannelServiceAdapter    - NotificationChannelServiceAdapter.isAvailable - Verificando disponibilidad del canal DEFAULT
2025-07-31 18:49:27,339 [http-nio-8080-exec-3] DEBUG e.m.n.i.a.o.monitoring.LoggingAdapter              - send - Call notificationChannel.send
2025-07-31 18:49:27,339 [http-nio-8080-exec-3] INFO  e.m.n.i.a.o.s.NotificationChannelServiceAdapter    - NotificationChannelServiceAdapter.send - Enviando notificación 6df8ced3-008a-455b-9827-da97ca1ce987 por canal DEFAULT
2025-07-31 18:49:27,339 [http-nio-8080-exec-3] INFO  e.m.n.i.a.o.s.NotificationChannelServiceAdapter    - NotificationChannelServiceAdapter.send - Notificación 6df8ced3-008a-455b-9827-da97ca1ce987 enviada exitosamente
2025-07-31 18:49:27,339 [http-nio-8080-exec-3] DEBUG e.m.n.i.a.o.monitoring.LoggingAdapter              - send - Mark notification as sent
2025-07-31 18:49:27,340 [http-nio-8080-exec-3] DEBUG e.m.n.i.a.o.monitoring.LoggingAdapter              - send - Call notificationRepository.save for updated notification
2025-07-31 18:49:27,340 [http-nio-8080-exec-3] INFO  e.m.n.i.a.o.p.m.NotificationOutputMapper           - toEntity - Init
2025-07-31 18:49:27,340 [http-nio-8080-exec-3] INFO  e.m.n.i.a.o.p.m.NotificationOutputMapper           - toEntity - End
2025-07-31 18:49:27,342 [http-nio-8080-exec-3] DEBUG e.m.n.i.a.o.monitoring.LoggingAdapter              - send - Call saveSentEventToOutbox
2025-07-31 18:49:27,343 [http-nio-8080-exec-3] DEBUG e.m.n.i.a.o.monitoring.LoggingAdapter              - saveSentEventToOutbox - Saving sent event to outbox for notification: 6df8ced3-008a-455b-9827-da97ca1ce987
2025-07-31 18:49:27,343 [http-nio-8080-exec-3] DEBUG e.m.n.i.a.o.monitoring.LoggingAdapter              - SerializationServiceAdapter.serialize - Serializando objeto: {}
2025-07-31 18:49:27,343 [http-nio-8080-exec-3] DEBUG e.m.n.i.a.o.monitoring.LoggingAdapter              - saveSentEventToOutbox - Call outboxRepository.save
2025-07-31 18:49:27,344 [http-nio-8080-exec-3] DEBUG e.m.n.i.a.o.monitoring.LoggingAdapter              - saveSentEventToOutbox - Event saved successfully
2025-07-31 18:49:27,344 [http-nio-8080-exec-3] INFO  e.m.n.i.a.o.monitoring.LoggingAdapter              - send - End
2025-07-31 18:49:27,344 [http-nio-8080-exec-3] DEBUG e.m.n.i.a.i.w.c.NotificationController             - sendNotification - Call notificationMapper.toNotificationResponseDTO
2025-07-31 18:49:27,344 [http-nio-8080-exec-3] INFO  e.m.n.i.a.i.w.m.NotificationInputMapper            - toNotificationResponseDTO - init
2025-07-31 18:49:27,344 [http-nio-8080-exec-3] INFO  e.m.n.i.a.i.w.m.NotificationInputMapper            - toNotificationResponseDTO - end
2025-07-31 18:49:27,344 [http-nio-8080-exec-3] INFO  e.m.n.i.a.i.w.c.NotificationController             - sendNotification - end
2025-07-31 18:49:27,631 [http-nio-8080-exec-4] INFO  e.m.n.i.a.i.w.c.NotificationController             - sendNotification - init
2025-07-31 18:49:27,631 [http-nio-8080-exec-4] DEBUG e.m.n.i.a.i.w.c.NotificationController             - sendNotification - Call notificationMapper.toNotificationCommand
2025-07-31 18:49:27,631 [http-nio-8080-exec-4] INFO  e.m.n.i.a.i.w.m.NotificationInputMapper            - toNotificationCommand - init
2025-07-31 18:49:27,631 [http-nio-8080-exec-4] INFO  e.m.n.i.a.i.w.m.NotificationInputMapper            - toNotificationCommand - end
2025-07-31 18:49:27,631 [http-nio-8080-exec-4] DEBUG e.m.n.i.a.i.w.c.NotificationController             - sendNotification - Create ClientContextCommand
2025-07-31 18:49:27,631 [http-nio-8080-exec-4] DEBUG e.m.n.i.a.i.web.util.RequestContextUtil            - Obteniendo IP del cliente
2025-07-31 18:49:27,631 [http-nio-8080-exec-4] DEBUG e.m.n.i.a.i.web.util.RequestContextUtil            - Obteniendo User-Agent del cliente
2025-07-31 18:49:27,631 [http-nio-8080-exec-4] DEBUG e.m.n.i.a.i.web.util.RequestContextUtil            - Obteniendo ruta de la petición
2025-07-31 18:49:27,631 [http-nio-8080-exec-4] DEBUG e.m.n.i.a.i.w.c.NotificationController             - sendNotification - Call sendNotificationUseCase.send
2025-07-31 18:49:27,631 [http-nio-8080-exec-4] INFO  e.m.n.i.a.o.monitoring.LoggingAdapter              - send - Init
2025-07-31 18:49:27,631 [http-nio-8080-exec-4] INFO  e.m.n.i.a.o.p.m.NotificationOutputMapper           - toEntity - Init
2025-07-31 18:49:27,631 [http-nio-8080-exec-4] INFO  e.m.n.i.a.o.p.m.NotificationOutputMapper           - toEntity - End
2025-07-31 18:49:27,631 [http-nio-8080-exec-4] DEBUG e.m.n.i.a.o.monitoring.LoggingAdapter              - send - Notification saved with ID: c850c97e-e82b-42b5-94d4-984db46679a5, channels: [EMAIL, SMS]
2025-07-31 18:49:27,631 [http-nio-8080-exec-4] DEBUG e.m.n.i.a.o.s.NotificationChannelServiceAdapter    - NotificationChannelServiceAdapter.isAvailable - Verificando disponibilidad del canal DEFAULT
2025-07-31 18:49:27,636 [http-nio-8080-exec-4] DEBUG e.m.n.i.a.o.monitoring.LoggingAdapter              - send - Call notificationChannel.send
2025-07-31 18:49:27,636 [http-nio-8080-exec-4] INFO  e.m.n.i.a.o.s.NotificationChannelServiceAdapter    - NotificationChannelServiceAdapter.send - Enviando notificación c850c97e-e82b-42b5-94d4-984db46679a5 por canal DEFAULT
2025-07-31 18:49:27,636 [http-nio-8080-exec-4] INFO  e.m.n.i.a.o.s.NotificationChannelServiceAdapter    - NotificationChannelServiceAdapter.send - Notificación c850c97e-e82b-42b5-94d4-984db46679a5 enviada exitosamente
2025-07-31 18:49:27,636 [http-nio-8080-exec-4] DEBUG e.m.n.i.a.o.monitoring.LoggingAdapter              - send - Mark notification as sent
2025-07-31 18:49:27,636 [http-nio-8080-exec-4] DEBUG e.m.n.i.a.o.monitoring.LoggingAdapter              - send - Call notificationRepository.save for updated notification
2025-07-31 18:49:27,637 [http-nio-8080-exec-4] INFO  e.m.n.i.a.o.p.m.NotificationOutputMapper           - toEntity - Init
2025-07-31 18:49:27,637 [http-nio-8080-exec-4] INFO  e.m.n.i.a.o.p.m.NotificationOutputMapper           - toEntity - End
2025-07-31 18:49:27,639 [http-nio-8080-exec-4] DEBUG e.m.n.i.a.o.monitoring.LoggingAdapter              - send - Call saveSentEventToOutbox
2025-07-31 18:49:27,639 [http-nio-8080-exec-4] DEBUG e.m.n.i.a.o.monitoring.LoggingAdapter              - saveSentEventToOutbox - Saving sent event to outbox for notification: c850c97e-e82b-42b5-94d4-984db46679a5
2025-07-31 18:49:27,639 [http-nio-8080-exec-4] DEBUG e.m.n.i.a.o.monitoring.LoggingAdapter              - SerializationServiceAdapter.serialize - Serializando objeto: {}
2025-07-31 18:49:27,639 [http-nio-8080-exec-4] DEBUG e.m.n.i.a.o.monitoring.LoggingAdapter              - saveSentEventToOutbox - Call outboxRepository.save
2025-07-31 18:49:27,641 [http-nio-8080-exec-4] DEBUG e.m.n.i.a.o.monitoring.LoggingAdapter              - saveSentEventToOutbox - Event saved successfully
2025-07-31 18:49:27,641 [http-nio-8080-exec-4] INFO  e.m.n.i.a.o.monitoring.LoggingAdapter              - send - End
2025-07-31 18:49:27,641 [http-nio-8080-exec-4] DEBUG e.m.n.i.a.i.w.c.NotificationController             - sendNotification - Call notificationMapper.toNotificationResponseDTO
2025-07-31 18:49:27,641 [http-nio-8080-exec-4] INFO  e.m.n.i.a.i.w.m.NotificationInputMapper            - toNotificationResponseDTO - init
2025-07-31 18:49:27,641 [http-nio-8080-exec-4] INFO  e.m.n.i.a.i.w.m.NotificationInputMapper            - toNotificationResponseDTO - end
2025-07-31 18:49:27,641 [http-nio-8080-exec-4] INFO  e.m.n.i.a.i.w.c.NotificationController             - sendNotification - end
2025-07-31 18:49:27,810 [http-nio-8080-exec-6] INFO  e.m.n.i.a.i.w.c.NotificationController             - sendNotification - init
2025-07-31 18:49:27,810 [http-nio-8080-exec-6] DEBUG e.m.n.i.a.i.w.c.NotificationController             - sendNotification - Call notificationMapper.toNotificationCommand
2025-07-31 18:49:27,810 [http-nio-8080-exec-6] INFO  e.m.n.i.a.i.w.m.NotificationInputMapper            - toNotificationCommand - init
2025-07-31 18:49:27,810 [http-nio-8080-exec-6] INFO  e.m.n.i.a.i.w.m.NotificationInputMapper            - toNotificationCommand - end
2025-07-31 18:49:27,810 [http-nio-8080-exec-6] DEBUG e.m.n.i.a.i.w.c.NotificationController             - sendNotification - Create ClientContextCommand
2025-07-31 18:49:27,810 [http-nio-8080-exec-6] DEBUG e.m.n.i.a.i.web.util.RequestContextUtil            - Obteniendo IP del cliente
2025-07-31 18:49:27,810 [http-nio-8080-exec-6] DEBUG e.m.n.i.a.i.web.util.RequestContextUtil            - Obteniendo User-Agent del cliente
2025-07-31 18:49:27,810 [http-nio-8080-exec-6] DEBUG e.m.n.i.a.i.web.util.RequestContextUtil            - Obteniendo ruta de la petición
2025-07-31 18:49:27,810 [http-nio-8080-exec-6] DEBUG e.m.n.i.a.i.w.c.NotificationController             - sendNotification - Call sendNotificationUseCase.send
2025-07-31 18:49:27,810 [http-nio-8080-exec-6] INFO  e.m.n.i.a.o.monitoring.LoggingAdapter              - send - Init
2025-07-31 18:49:27,810 [http-nio-8080-exec-6] INFO  e.m.n.i.a.o.p.m.NotificationOutputMapper           - toEntity - Init
2025-07-31 18:49:27,810 [http-nio-8080-exec-6] INFO  e.m.n.i.a.o.p.m.NotificationOutputMapper           - toEntity - End
2025-07-31 18:49:27,814 [http-nio-8080-exec-6] DEBUG e.m.n.i.a.o.monitoring.LoggingAdapter              - send - Notification saved with ID: ab3a7910-941a-46d3-b2c1-f6aaea5b4c38, channels: [EMAIL, SMS]
2025-07-31 18:49:27,814 [http-nio-8080-exec-6] DEBUG e.m.n.i.a.o.s.NotificationChannelServiceAdapter    - NotificationChannelServiceAdapter.isAvailable - Verificando disponibilidad del canal DEFAULT
2025-07-31 18:49:27,814 [http-nio-8080-exec-6] DEBUG e.m.n.i.a.o.monitoring.LoggingAdapter              - send - Call notificationChannel.send
2025-07-31 18:49:27,814 [http-nio-8080-exec-6] INFO  e.m.n.i.a.o.s.NotificationChannelServiceAdapter    - NotificationChannelServiceAdapter.send - Enviando notificación ab3a7910-941a-46d3-b2c1-f6aaea5b4c38 por canal DEFAULT
2025-07-31 18:49:27,814 [http-nio-8080-exec-6] INFO  e.m.n.i.a.o.s.NotificationChannelServiceAdapter    - NotificationChannelServiceAdapter.send - Notificación ab3a7910-941a-46d3-b2c1-f6aaea5b4c38 enviada exitosamente
2025-07-31 18:49:27,814 [http-nio-8080-exec-6] DEBUG e.m.n.i.a.o.monitoring.LoggingAdapter              - send - Mark notification as sent
2025-07-31 18:49:27,814 [http-nio-8080-exec-6] DEBUG e.m.n.i.a.o.monitoring.LoggingAdapter              - send - Call notificationRepository.save for updated notification
2025-07-31 18:49:27,814 [http-nio-8080-exec-6] INFO  e.m.n.i.a.o.p.m.NotificationOutputMapper           - toEntity - Init
2025-07-31 18:49:27,814 [http-nio-8080-exec-6] INFO  e.m.n.i.a.o.p.m.NotificationOutputMapper           - toEntity - End
2025-07-31 18:49:27,817 [http-nio-8080-exec-6] DEBUG e.m.n.i.a.o.monitoring.LoggingAdapter              - send - Call saveSentEventToOutbox
2025-07-31 18:49:27,817 [http-nio-8080-exec-6] DEBUG e.m.n.i.a.o.monitoring.LoggingAdapter              - saveSentEventToOutbox - Saving sent event to outbox for notification: ab3a7910-941a-46d3-b2c1-f6aaea5b4c38
2025-07-31 18:49:27,817 [http-nio-8080-exec-6] DEBUG e.m.n.i.a.o.monitoring.LoggingAdapter              - SerializationServiceAdapter.serialize - Serializando objeto: {}
2025-07-31 18:49:27,817 [http-nio-8080-exec-6] DEBUG e.m.n.i.a.o.monitoring.LoggingAdapter              - saveSentEventToOutbox - Call outboxRepository.save
2025-07-31 18:49:27,817 [http-nio-8080-exec-6] DEBUG e.m.n.i.a.o.monitoring.LoggingAdapter              - saveSentEventToOutbox - Event saved successfully
2025-07-31 18:49:27,817 [http-nio-8080-exec-6] INFO  e.m.n.i.a.o.monitoring.LoggingAdapter              - send - End
2025-07-31 18:49:27,817 [http-nio-8080-exec-6] DEBUG e.m.n.i.a.i.w.c.NotificationController             - sendNotification - Call notificationMapper.toNotificationResponseDTO
2025-07-31 18:49:27,817 [http-nio-8080-exec-6] INFO  e.m.n.i.a.i.w.m.NotificationInputMapper            - toNotificationResponseDTO - init
2025-07-31 18:49:27,817 [http-nio-8080-exec-6] INFO  e.m.n.i.a.i.w.m.NotificationInputMapper            - toNotificationResponseDTO - end
2025-07-31 18:49:27,817 [http-nio-8080-exec-6] INFO  e.m.n.i.a.i.w.c.NotificationController             - sendNotification - end
2025-07-31 18:49:27,951 [http-nio-8080-exec-7] INFO  e.m.n.i.a.i.w.c.NotificationController             - sendNotification - init
2025-07-31 18:49:27,951 [http-nio-8080-exec-7] DEBUG e.m.n.i.a.i.w.c.NotificationController             - sendNotification - Call notificationMapper.toNotificationCommand
2025-07-31 18:49:27,951 [http-nio-8080-exec-7] INFO  e.m.n.i.a.i.w.m.NotificationInputMapper            - toNotificationCommand - init
2025-07-31 18:49:27,951 [http-nio-8080-exec-7] INFO  e.m.n.i.a.i.w.m.NotificationInputMapper            - toNotificationCommand - end
2025-07-31 18:49:27,951 [http-nio-8080-exec-7] DEBUG e.m.n.i.a.i.w.c.NotificationController             - sendNotification - Create ClientContextCommand
2025-07-31 18:49:27,951 [http-nio-8080-exec-7] DEBUG e.m.n.i.a.i.web.util.RequestContextUtil            - Obteniendo IP del cliente
2025-07-31 18:49:27,951 [http-nio-8080-exec-7] DEBUG e.m.n.i.a.i.web.util.RequestContextUtil            - Obteniendo User-Agent del cliente
2025-07-31 18:49:27,951 [http-nio-8080-exec-7] DEBUG e.m.n.i.a.i.web.util.RequestContextUtil            - Obteniendo ruta de la petición
2025-07-31 18:49:27,951 [http-nio-8080-exec-7] DEBUG e.m.n.i.a.i.w.c.NotificationController             - sendNotification - Call sendNotificationUseCase.send
2025-07-31 18:49:27,951 [http-nio-8080-exec-7] INFO  e.m.n.i.a.o.monitoring.LoggingAdapter              - send - Init
2025-07-31 18:49:27,951 [http-nio-8080-exec-7] INFO  e.m.n.i.a.o.p.m.NotificationOutputMapper           - toEntity - Init
2025-07-31 18:49:27,951 [http-nio-8080-exec-7] INFO  e.m.n.i.a.o.p.m.NotificationOutputMapper           - toEntity - End
2025-07-31 18:49:27,955 [http-nio-8080-exec-7] DEBUG e.m.n.i.a.o.monitoring.LoggingAdapter              - send - Notification saved with ID: 97344cd3-bd15-4263-9c72-206d6d2d9172, channels: [EMAIL, SMS]
2025-07-31 18:49:27,955 [http-nio-8080-exec-7] DEBUG e.m.n.i.a.o.s.NotificationChannelServiceAdapter    - NotificationChannelServiceAdapter.isAvailable - Verificando disponibilidad del canal DEFAULT
2025-07-31 18:49:27,955 [http-nio-8080-exec-7] DEBUG e.m.n.i.a.o.monitoring.LoggingAdapter              - send - Call notificationChannel.send
2025-07-31 18:49:27,955 [http-nio-8080-exec-7] INFO  e.m.n.i.a.o.s.NotificationChannelServiceAdapter    - NotificationChannelServiceAdapter.send - Enviando notificación 97344cd3-bd15-4263-9c72-206d6d2d9172 por canal DEFAULT
2025-07-31 18:49:27,955 [http-nio-8080-exec-7] INFO  e.m.n.i.a.o.s.NotificationChannelServiceAdapter    - NotificationChannelServiceAdapter.send - Notificación 97344cd3-bd15-4263-9c72-206d6d2d9172 enviada exitosamente
2025-07-31 18:49:27,955 [http-nio-8080-exec-7] DEBUG e.m.n.i.a.o.monitoring.LoggingAdapter              - send - Mark notification as sent
2025-07-31 18:49:27,955 [http-nio-8080-exec-7] DEBUG e.m.n.i.a.o.monitoring.LoggingAdapter              - send - Call notificationRepository.save for updated notification
2025-07-31 18:49:27,955 [http-nio-8080-exec-7] INFO  e.m.n.i.a.o.p.m.NotificationOutputMapper           - toEntity - Init
2025-07-31 18:49:27,955 [http-nio-8080-exec-7] INFO  e.m.n.i.a.o.p.m.NotificationOutputMapper           - toEntity - End
2025-07-31 18:49:27,959 [http-nio-8080-exec-7] DEBUG e.m.n.i.a.o.monitoring.LoggingAdapter              - send - Call saveSentEventToOutbox
2025-07-31 18:49:27,959 [http-nio-8080-exec-7] DEBUG e.m.n.i.a.o.monitoring.LoggingAdapter              - saveSentEventToOutbox - Saving sent event to outbox for notification: 97344cd3-bd15-4263-9c72-206d6d2d9172
2025-07-31 18:49:27,959 [http-nio-8080-exec-7] DEBUG e.m.n.i.a.o.monitoring.LoggingAdapter              - SerializationServiceAdapter.serialize - Serializando objeto: {}
2025-07-31 18:49:27,959 [http-nio-8080-exec-7] DEBUG e.m.n.i.a.o.monitoring.LoggingAdapter              - saveSentEventToOutbox - Call outboxRepository.save
2025-07-31 18:49:27,959 [http-nio-8080-exec-7] DEBUG e.m.n.i.a.o.monitoring.LoggingAdapter              - saveSentEventToOutbox - Event saved successfully
2025-07-31 18:49:27,959 [http-nio-8080-exec-7] INFO  e.m.n.i.a.o.monitoring.LoggingAdapter              - send - End
2025-07-31 18:49:27,959 [http-nio-8080-exec-7] DEBUG e.m.n.i.a.i.w.c.NotificationController             - sendNotification - Call notificationMapper.toNotificationResponseDTO
2025-07-31 18:49:27,959 [http-nio-8080-exec-7] INFO  e.m.n.i.a.i.w.m.NotificationInputMapper            - toNotificationResponseDTO - init
2025-07-31 18:49:27,959 [http-nio-8080-exec-7] INFO  e.m.n.i.a.i.w.m.NotificationInputMapper            - toNotificationResponseDTO - end
2025-07-31 18:49:27,959 [http-nio-8080-exec-7] INFO  e.m.n.i.a.i.w.c.NotificationController             - sendNotification - end
2025-07-31 18:49:28,104 [http-nio-8080-exec-8] INFO  e.m.n.i.a.i.w.c.NotificationController             - sendNotification - init
2025-07-31 18:49:28,104 [http-nio-8080-exec-8] DEBUG e.m.n.i.a.i.w.c.NotificationController             - sendNotification - Call notificationMapper.toNotificationCommand
2025-07-31 18:49:28,104 [http-nio-8080-exec-8] INFO  e.m.n.i.a.i.w.m.NotificationInputMapper            - toNotificationCommand - init
2025-07-31 18:49:28,104 [http-nio-8080-exec-8] INFO  e.m.n.i.a.i.w.m.NotificationInputMapper            - toNotificationCommand - end
2025-07-31 18:49:28,104 [http-nio-8080-exec-8] DEBUG e.m.n.i.a.i.w.c.NotificationController             - sendNotification - Create ClientContextCommand
2025-07-31 18:49:28,104 [http-nio-8080-exec-8] DEBUG e.m.n.i.a.i.web.util.RequestContextUtil            - Obteniendo IP del cliente
2025-07-31 18:49:28,104 [http-nio-8080-exec-8] DEBUG e.m.n.i.a.i.web.util.RequestContextUtil            - Obteniendo User-Agent del cliente
2025-07-31 18:49:28,104 [http-nio-8080-exec-8] DEBUG e.m.n.i.a.i.web.util.RequestContextUtil            - Obteniendo ruta de la petición
2025-07-31 18:49:28,104 [http-nio-8080-exec-8] DEBUG e.m.n.i.a.i.w.c.NotificationController             - sendNotification - Call sendNotificationUseCase.send
2025-07-31 18:49:28,104 [http-nio-8080-exec-8] INFO  e.m.n.i.a.o.monitoring.LoggingAdapter              - send - Init
2025-07-31 18:49:28,104 [http-nio-8080-exec-8] INFO  e.m.n.i.a.o.p.m.NotificationOutputMapper           - toEntity - Init
2025-07-31 18:49:28,104 [http-nio-8080-exec-8] INFO  e.m.n.i.a.o.p.m.NotificationOutputMapper           - toEntity - End
2025-07-31 18:49:28,108 [http-nio-8080-exec-8] DEBUG e.m.n.i.a.o.monitoring.LoggingAdapter              - send - Notification saved with ID: 02ec4fff-68fc-435b-9758-d3ff6cbfa82f, channels: [EMAIL, SMS]
2025-07-31 18:49:28,108 [http-nio-8080-exec-8] DEBUG e.m.n.i.a.o.s.NotificationChannelServiceAdapter    - NotificationChannelServiceAdapter.isAvailable - Verificando disponibilidad del canal DEFAULT
2025-07-31 18:49:28,108 [http-nio-8080-exec-8] DEBUG e.m.n.i.a.o.monitoring.LoggingAdapter              - send - Call notificationChannel.send
2025-07-31 18:49:28,109 [http-nio-8080-exec-8] INFO  e.m.n.i.a.o.s.NotificationChannelServiceAdapter    - NotificationChannelServiceAdapter.send - Enviando notificación 02ec4fff-68fc-435b-9758-d3ff6cbfa82f por canal DEFAULT
2025-07-31 18:49:28,109 [http-nio-8080-exec-8] INFO  e.m.n.i.a.o.s.NotificationChannelServiceAdapter    - NotificationChannelServiceAdapter.send - Notificación 02ec4fff-68fc-435b-9758-d3ff6cbfa82f enviada exitosamente
2025-07-31 18:49:28,109 [http-nio-8080-exec-8] DEBUG e.m.n.i.a.o.monitoring.LoggingAdapter              - send - Mark notification as sent
2025-07-31 18:49:28,109 [http-nio-8080-exec-8] DEBUG e.m.n.i.a.o.monitoring.LoggingAdapter              - send - Call notificationRepository.save for updated notification
2025-07-31 18:49:28,109 [http-nio-8080-exec-8] INFO  e.m.n.i.a.o.p.m.NotificationOutputMapper           - toEntity - Init
2025-07-31 18:49:28,109 [http-nio-8080-exec-8] INFO  e.m.n.i.a.o.p.m.NotificationOutputMapper           - toEntity - End
2025-07-31 18:49:28,110 [http-nio-8080-exec-8] DEBUG e.m.n.i.a.o.monitoring.LoggingAdapter              - send - Call saveSentEventToOutbox
2025-07-31 18:49:28,110 [http-nio-8080-exec-8] DEBUG e.m.n.i.a.o.monitoring.LoggingAdapter              - saveSentEventToOutbox - Saving sent event to outbox for notification: 02ec4fff-68fc-435b-9758-d3ff6cbfa82f
2025-07-31 18:49:28,110 [http-nio-8080-exec-8] DEBUG e.m.n.i.a.o.monitoring.LoggingAdapter              - SerializationServiceAdapter.serialize - Serializando objeto: {}
2025-07-31 18:49:28,110 [http-nio-8080-exec-8] DEBUG e.m.n.i.a.o.monitoring.LoggingAdapter              - saveSentEventToOutbox - Call outboxRepository.save
2025-07-31 18:49:28,114 [http-nio-8080-exec-8] DEBUG e.m.n.i.a.o.monitoring.LoggingAdapter              - saveSentEventToOutbox - Event saved successfully
2025-07-31 18:49:28,114 [http-nio-8080-exec-8] INFO  e.m.n.i.a.o.monitoring.LoggingAdapter              - send - End
2025-07-31 18:49:28,114 [http-nio-8080-exec-8] DEBUG e.m.n.i.a.i.w.c.NotificationController             - sendNotification - Call notificationMapper.toNotificationResponseDTO
2025-07-31 18:49:28,114 [http-nio-8080-exec-8] INFO  e.m.n.i.a.i.w.m.NotificationInputMapper            - toNotificationResponseDTO - init
2025-07-31 18:49:28,114 [http-nio-8080-exec-8] INFO  e.m.n.i.a.i.w.m.NotificationInputMapper            - toNotificationResponseDTO - end
2025-07-31 18:49:28,114 [http-nio-8080-exec-8] INFO  e.m.n.i.a.i.w.c.NotificationController             - sendNotification - end
2025-07-31 18:49:28,261 [http-nio-8080-exec-5] INFO  e.m.n.i.a.i.w.c.NotificationController             - sendNotification - init
2025-07-31 18:49:28,261 [http-nio-8080-exec-5] DEBUG e.m.n.i.a.i.w.c.NotificationController             - sendNotification - Call notificationMapper.toNotificationCommand
2025-07-31 18:49:28,261 [http-nio-8080-exec-5] INFO  e.m.n.i.a.i.w.m.NotificationInputMapper            - toNotificationCommand - init
2025-07-31 18:49:28,261 [http-nio-8080-exec-5] INFO  e.m.n.i.a.i.w.m.NotificationInputMapper            - toNotificationCommand - end
2025-07-31 18:49:28,261 [http-nio-8080-exec-5] DEBUG e.m.n.i.a.i.w.c.NotificationController             - sendNotification - Create ClientContextCommand
2025-07-31 18:49:28,261 [http-nio-8080-exec-5] DEBUG e.m.n.i.a.i.web.util.RequestContextUtil            - Obteniendo IP del cliente
2025-07-31 18:49:28,261 [http-nio-8080-exec-5] DEBUG e.m.n.i.a.i.web.util.RequestContextUtil            - Obteniendo User-Agent del cliente
2025-07-31 18:49:28,261 [http-nio-8080-exec-5] DEBUG e.m.n.i.a.i.web.util.RequestContextUtil            - Obteniendo ruta de la petición
2025-07-31 18:49:28,261 [http-nio-8080-exec-5] DEBUG e.m.n.i.a.i.w.c.NotificationController             - sendNotification - Call sendNotificationUseCase.send
2025-07-31 18:49:28,261 [http-nio-8080-exec-5] INFO  e.m.n.i.a.o.monitoring.LoggingAdapter              - send - Init
2025-07-31 18:49:28,262 [http-nio-8080-exec-5] INFO  e.m.n.i.a.o.p.m.NotificationOutputMapper           - toEntity - Init
2025-07-31 18:49:28,262 [http-nio-8080-exec-5] INFO  e.m.n.i.a.o.p.m.NotificationOutputMapper           - toEntity - End
2025-07-31 18:49:28,264 [http-nio-8080-exec-5] DEBUG e.m.n.i.a.o.monitoring.LoggingAdapter              - send - Notification saved with ID: 1dfbaa26-96a7-4c78-820f-817faa406dc6, channels: [EMAIL, SMS]
2025-07-31 18:49:28,264 [http-nio-8080-exec-5] DEBUG e.m.n.i.a.o.s.NotificationChannelServiceAdapter    - NotificationChannelServiceAdapter.isAvailable - Verificando disponibilidad del canal DEFAULT
2025-07-31 18:49:28,264 [http-nio-8080-exec-5] DEBUG e.m.n.i.a.o.monitoring.LoggingAdapter              - send - Call notificationChannel.send
2025-07-31 18:49:28,264 [http-nio-8080-exec-5] INFO  e.m.n.i.a.o.s.NotificationChannelServiceAdapter    - NotificationChannelServiceAdapter.send - Enviando notificación 1dfbaa26-96a7-4c78-820f-817faa406dc6 por canal DEFAULT
2025-07-31 18:49:28,264 [http-nio-8080-exec-5] INFO  e.m.n.i.a.o.s.NotificationChannelServiceAdapter    - NotificationChannelServiceAdapter.send - Notificación 1dfbaa26-96a7-4c78-820f-817faa406dc6 enviada exitosamente
2025-07-31 18:49:28,264 [http-nio-8080-exec-5] DEBUG e.m.n.i.a.o.monitoring.LoggingAdapter              - send - Mark notification as sent
2025-07-31 18:49:28,264 [http-nio-8080-exec-5] DEBUG e.m.n.i.a.o.monitoring.LoggingAdapter              - send - Call notificationRepository.save for updated notification
2025-07-31 18:49:28,264 [http-nio-8080-exec-5] INFO  e.m.n.i.a.o.p.m.NotificationOutputMapper           - toEntity - Init
2025-07-31 18:49:28,265 [http-nio-8080-exec-5] INFO  e.m.n.i.a.o.p.m.NotificationOutputMapper           - toEntity - End
2025-07-31 18:49:28,268 [http-nio-8080-exec-5] DEBUG e.m.n.i.a.o.monitoring.LoggingAdapter              - send - Call saveSentEventToOutbox
2025-07-31 18:49:28,268 [http-nio-8080-exec-5] DEBUG e.m.n.i.a.o.monitoring.LoggingAdapter              - saveSentEventToOutbox - Saving sent event to outbox for notification: 1dfbaa26-96a7-4c78-820f-817faa406dc6
2025-07-31 18:49:28,268 [http-nio-8080-exec-5] DEBUG e.m.n.i.a.o.monitoring.LoggingAdapter              - SerializationServiceAdapter.serialize - Serializando objeto: {}
2025-07-31 18:49:28,268 [http-nio-8080-exec-5] DEBUG e.m.n.i.a.o.monitoring.LoggingAdapter              - saveSentEventToOutbox - Call outboxRepository.save
2025-07-31 18:49:28,269 [http-nio-8080-exec-5] DEBUG e.m.n.i.a.o.monitoring.LoggingAdapter              - saveSentEventToOutbox - Event saved successfully
2025-07-31 18:49:28,270 [http-nio-8080-exec-5] INFO  e.m.n.i.a.o.monitoring.LoggingAdapter              - send - End
2025-07-31 18:49:28,270 [http-nio-8080-exec-5] DEBUG e.m.n.i.a.i.w.c.NotificationController             - sendNotification - Call notificationMapper.toNotificationResponseDTO
2025-07-31 18:49:28,270 [http-nio-8080-exec-5] INFO  e.m.n.i.a.i.w.m.NotificationInputMapper            - toNotificationResponseDTO - init
2025-07-31 18:49:28,270 [http-nio-8080-exec-5] INFO  e.m.n.i.a.i.w.m.NotificationInputMapper            - toNotificationResponseDTO - end
2025-07-31 18:49:28,270 [http-nio-8080-exec-5] INFO  e.m.n.i.a.i.w.c.NotificationController             - sendNotification - end
2025-07-31 18:49:28,410 [http-nio-8080-exec-10] INFO  e.m.n.i.a.i.w.c.NotificationController             - sendNotification - init
2025-07-31 18:49:28,410 [http-nio-8080-exec-10] DEBUG e.m.n.i.a.i.w.c.NotificationController             - sendNotification - Call notificationMapper.toNotificationCommand
2025-07-31 18:49:28,410 [http-nio-8080-exec-10] INFO  e.m.n.i.a.i.w.m.NotificationInputMapper            - toNotificationCommand - init
2025-07-31 18:49:28,410 [http-nio-8080-exec-10] INFO  e.m.n.i.a.i.w.m.NotificationInputMapper            - toNotificationCommand - end
2025-07-31 18:49:28,410 [http-nio-8080-exec-10] DEBUG e.m.n.i.a.i.w.c.NotificationController             - sendNotification - Create ClientContextCommand
2025-07-31 18:49:28,410 [http-nio-8080-exec-10] DEBUG e.m.n.i.a.i.web.util.RequestContextUtil            - Obteniendo IP del cliente
2025-07-31 18:49:28,410 [http-nio-8080-exec-10] DEBUG e.m.n.i.a.i.web.util.RequestContextUtil            - Obteniendo User-Agent del cliente
2025-07-31 18:49:28,410 [http-nio-8080-exec-10] DEBUG e.m.n.i.a.i.web.util.RequestContextUtil            - Obteniendo ruta de la petición
2025-07-31 18:49:28,410 [http-nio-8080-exec-10] DEBUG e.m.n.i.a.i.w.c.NotificationController             - sendNotification - Call sendNotificationUseCase.send
2025-07-31 18:49:28,410 [http-nio-8080-exec-10] INFO  e.m.n.i.a.o.monitoring.LoggingAdapter              - send - Init
2025-07-31 18:49:28,410 [http-nio-8080-exec-10] INFO  e.m.n.i.a.o.p.m.NotificationOutputMapper           - toEntity - Init
2025-07-31 18:49:28,410 [http-nio-8080-exec-10] INFO  e.m.n.i.a.o.p.m.NotificationOutputMapper           - toEntity - End
2025-07-31 18:49:28,414 [http-nio-8080-exec-10] DEBUG e.m.n.i.a.o.monitoring.LoggingAdapter              - send - Notification saved with ID: 13764257-4343-495b-9552-8a01fddc22ef, channels: [EMAIL, SMS]
2025-07-31 18:49:28,415 [http-nio-8080-exec-10] DEBUG e.m.n.i.a.o.s.NotificationChannelServiceAdapter    - NotificationChannelServiceAdapter.isAvailable - Verificando disponibilidad del canal DEFAULT
2025-07-31 18:49:28,415 [http-nio-8080-exec-10] DEBUG e.m.n.i.a.o.monitoring.LoggingAdapter              - send - Call notificationChannel.send
2025-07-31 18:49:28,415 [http-nio-8080-exec-10] INFO  e.m.n.i.a.o.s.NotificationChannelServiceAdapter    - NotificationChannelServiceAdapter.send - Enviando notificación 13764257-4343-495b-9552-8a01fddc22ef por canal DEFAULT
2025-07-31 18:49:28,415 [http-nio-8080-exec-10] INFO  e.m.n.i.a.o.s.NotificationChannelServiceAdapter    - NotificationChannelServiceAdapter.send - Notificación 13764257-4343-495b-9552-8a01fddc22ef enviada exitosamente
2025-07-31 18:49:28,415 [http-nio-8080-exec-10] DEBUG e.m.n.i.a.o.monitoring.LoggingAdapter              - send - Mark notification as sent
2025-07-31 18:49:28,415 [http-nio-8080-exec-10] DEBUG e.m.n.i.a.o.monitoring.LoggingAdapter              - send - Call notificationRepository.save for updated notification
2025-07-31 18:49:28,415 [http-nio-8080-exec-10] INFO  e.m.n.i.a.o.p.m.NotificationOutputMapper           - toEntity - Init
2025-07-31 18:49:28,415 [http-nio-8080-exec-10] INFO  e.m.n.i.a.o.p.m.NotificationOutputMapper           - toEntity - End
2025-07-31 18:49:28,415 [http-nio-8080-exec-10] DEBUG e.m.n.i.a.o.monitoring.LoggingAdapter              - send - Call saveSentEventToOutbox
2025-07-31 18:49:28,415 [http-nio-8080-exec-10] DEBUG e.m.n.i.a.o.monitoring.LoggingAdapter              - saveSentEventToOutbox - Saving sent event to outbox for notification: 13764257-4343-495b-9552-8a01fddc22ef
2025-07-31 18:49:28,415 [http-nio-8080-exec-10] DEBUG e.m.n.i.a.o.monitoring.LoggingAdapter              - SerializationServiceAdapter.serialize - Serializando objeto: {}
2025-07-31 18:49:28,415 [http-nio-8080-exec-10] DEBUG e.m.n.i.a.o.monitoring.LoggingAdapter              - saveSentEventToOutbox - Call outboxRepository.save
2025-07-31 18:49:28,415 [http-nio-8080-exec-10] DEBUG e.m.n.i.a.o.monitoring.LoggingAdapter              - saveSentEventToOutbox - Event saved successfully
2025-07-31 18:49:28,415 [http-nio-8080-exec-10] INFO  e.m.n.i.a.o.monitoring.LoggingAdapter              - send - End
2025-07-31 18:49:28,415 [http-nio-8080-exec-10] DEBUG e.m.n.i.a.i.w.c.NotificationController             - sendNotification - Call notificationMapper.toNotificationResponseDTO
2025-07-31 18:49:28,415 [http-nio-8080-exec-10] INFO  e.m.n.i.a.i.w.m.NotificationInputMapper            - toNotificationResponseDTO - init
2025-07-31 18:49:28,415 [http-nio-8080-exec-10] INFO  e.m.n.i.a.i.w.m.NotificationInputMapper            - toNotificationResponseDTO - end
2025-07-31 18:49:28,415 [http-nio-8080-exec-10] INFO  e.m.n.i.a.i.w.c.NotificationController             - sendNotification - end
2025-07-31 18:49:28,581 [http-nio-8080-exec-9] INFO  e.m.n.i.a.i.w.c.NotificationController             - sendNotification - init
2025-07-31 18:49:28,581 [http-nio-8080-exec-9] DEBUG e.m.n.i.a.i.w.c.NotificationController             - sendNotification - Call notificationMapper.toNotificationCommand
2025-07-31 18:49:28,581 [http-nio-8080-exec-9] INFO  e.m.n.i.a.i.w.m.NotificationInputMapper            - toNotificationCommand - init
2025-07-31 18:49:28,581 [http-nio-8080-exec-9] INFO  e.m.n.i.a.i.w.m.NotificationInputMapper            - toNotificationCommand - end
2025-07-31 18:49:28,581 [http-nio-8080-exec-9] DEBUG e.m.n.i.a.i.w.c.NotificationController             - sendNotification - Create ClientContextCommand
2025-07-31 18:49:28,581 [http-nio-8080-exec-9] DEBUG e.m.n.i.a.i.web.util.RequestContextUtil            - Obteniendo IP del cliente
2025-07-31 18:49:28,581 [http-nio-8080-exec-9] DEBUG e.m.n.i.a.i.web.util.RequestContextUtil            - Obteniendo User-Agent del cliente
2025-07-31 18:49:28,581 [http-nio-8080-exec-9] DEBUG e.m.n.i.a.i.web.util.RequestContextUtil            - Obteniendo ruta de la petición
2025-07-31 18:49:28,581 [http-nio-8080-exec-9] DEBUG e.m.n.i.a.i.w.c.NotificationController             - sendNotification - Call sendNotificationUseCase.send
2025-07-31 18:49:28,581 [http-nio-8080-exec-9] INFO  e.m.n.i.a.o.monitoring.LoggingAdapter              - send - Init
2025-07-31 18:49:28,581 [http-nio-8080-exec-9] INFO  e.m.n.i.a.o.p.m.NotificationOutputMapper           - toEntity - Init
2025-07-31 18:49:28,581 [http-nio-8080-exec-9] INFO  e.m.n.i.a.o.p.m.NotificationOutputMapper           - toEntity - End
2025-07-31 18:49:28,581 [http-nio-8080-exec-9] DEBUG e.m.n.i.a.o.monitoring.LoggingAdapter              - send - Notification saved with ID: f64f3d31-889f-4591-b481-10cafc862aa4, channels: [EMAIL, SMS]
2025-07-31 18:49:28,581 [http-nio-8080-exec-9] DEBUG e.m.n.i.a.o.s.NotificationChannelServiceAdapter    - NotificationChannelServiceAdapter.isAvailable - Verificando disponibilidad del canal DEFAULT
2025-07-31 18:49:28,581 [http-nio-8080-exec-9] DEBUG e.m.n.i.a.o.monitoring.LoggingAdapter              - send - Call notificationChannel.send
2025-07-31 18:49:28,581 [http-nio-8080-exec-9] INFO  e.m.n.i.a.o.s.NotificationChannelServiceAdapter    - NotificationChannelServiceAdapter.send - Enviando notificación f64f3d31-889f-4591-b481-10cafc862aa4 por canal DEFAULT
2025-07-31 18:49:28,581 [http-nio-8080-exec-9] INFO  e.m.n.i.a.o.s.NotificationChannelServiceAdapter    - NotificationChannelServiceAdapter.send - Notificación f64f3d31-889f-4591-b481-10cafc862aa4 enviada exitosamente
2025-07-31 18:49:28,581 [http-nio-8080-exec-9] DEBUG e.m.n.i.a.o.monitoring.LoggingAdapter              - send - Mark notification as sent
2025-07-31 18:49:28,581 [http-nio-8080-exec-9] DEBUG e.m.n.i.a.o.monitoring.LoggingAdapter              - send - Call notificationRepository.save for updated notification
2025-07-31 18:49:28,581 [http-nio-8080-exec-9] INFO  e.m.n.i.a.o.p.m.NotificationOutputMapper           - toEntity - Init
2025-07-31 18:49:28,581 [http-nio-8080-exec-9] INFO  e.m.n.i.a.o.p.m.NotificationOutputMapper           - toEntity - End
2025-07-31 18:49:28,587 [http-nio-8080-exec-9] DEBUG e.m.n.i.a.o.monitoring.LoggingAdapter              - send - Call saveSentEventToOutbox
2025-07-31 18:49:28,587 [http-nio-8080-exec-9] DEBUG e.m.n.i.a.o.monitoring.LoggingAdapter              - saveSentEventToOutbox - Saving sent event to outbox for notification: f64f3d31-889f-4591-b481-10cafc862aa4
2025-07-31 18:49:28,587 [http-nio-8080-exec-9] DEBUG e.m.n.i.a.o.monitoring.LoggingAdapter              - SerializationServiceAdapter.serialize - Serializando objeto: {}
2025-07-31 18:49:28,587 [http-nio-8080-exec-9] DEBUG e.m.n.i.a.o.monitoring.LoggingAdapter              - saveSentEventToOutbox - Call outboxRepository.save
2025-07-31 18:49:28,589 [http-nio-8080-exec-9] DEBUG e.m.n.i.a.o.monitoring.LoggingAdapter              - saveSentEventToOutbox - Event saved successfully
2025-07-31 18:49:28,589 [http-nio-8080-exec-9] INFO  e.m.n.i.a.o.monitoring.LoggingAdapter              - send - End
2025-07-31 18:49:28,589 [http-nio-8080-exec-9] DEBUG e.m.n.i.a.i.w.c.NotificationController             - sendNotification - Call notificationMapper.toNotificationResponseDTO
2025-07-31 18:49:28,589 [http-nio-8080-exec-9] INFO  e.m.n.i.a.i.w.m.NotificationInputMapper            - toNotificationResponseDTO - init
2025-07-31 18:49:28,589 [http-nio-8080-exec-9] INFO  e.m.n.i.a.i.w.m.NotificationInputMapper            - toNotificationResponseDTO - end
2025-07-31 18:49:28,589 [http-nio-8080-exec-9] INFO  e.m.n.i.a.i.w.c.NotificationController             - sendNotification - end
2025-07-31 18:49:28,722 [http-nio-8080-exec-1] INFO  e.m.n.i.a.i.w.c.NotificationController             - sendNotification - init
2025-07-31 18:49:28,722 [http-nio-8080-exec-1] DEBUG e.m.n.i.a.i.w.c.NotificationController             - sendNotification - Call notificationMapper.toNotificationCommand
2025-07-31 18:49:28,722 [http-nio-8080-exec-1] INFO  e.m.n.i.a.i.w.m.NotificationInputMapper            - toNotificationCommand - init
2025-07-31 18:49:28,722 [http-nio-8080-exec-1] INFO  e.m.n.i.a.i.w.m.NotificationInputMapper            - toNotificationCommand - end
2025-07-31 18:49:28,722 [http-nio-8080-exec-1] DEBUG e.m.n.i.a.i.w.c.NotificationController             - sendNotification - Create ClientContextCommand
2025-07-31 18:49:28,722 [http-nio-8080-exec-1] DEBUG e.m.n.i.a.i.web.util.RequestContextUtil            - Obteniendo IP del cliente
2025-07-31 18:49:28,722 [http-nio-8080-exec-1] DEBUG e.m.n.i.a.i.web.util.RequestContextUtil            - Obteniendo User-Agent del cliente
2025-07-31 18:49:28,722 [http-nio-8080-exec-1] DEBUG e.m.n.i.a.i.web.util.RequestContextUtil            - Obteniendo ruta de la petición
2025-07-31 18:49:28,722 [http-nio-8080-exec-1] DEBUG e.m.n.i.a.i.w.c.NotificationController             - sendNotification - Call sendNotificationUseCase.send
2025-07-31 18:49:28,722 [http-nio-8080-exec-1] INFO  e.m.n.i.a.o.monitoring.LoggingAdapter              - send - Init
2025-07-31 18:49:28,722 [http-nio-8080-exec-1] INFO  e.m.n.i.a.o.p.m.NotificationOutputMapper           - toEntity - Init
2025-07-31 18:49:28,722 [http-nio-8080-exec-1] INFO  e.m.n.i.a.o.p.m.NotificationOutputMapper           - toEntity - End
2025-07-31 18:49:28,726 [http-nio-8080-exec-1] DEBUG e.m.n.i.a.o.monitoring.LoggingAdapter              - send - Notification saved with ID: 6c012fc6-9b5a-4697-ba81-e9d8167fb9f5, channels: [EMAIL, SMS]
2025-07-31 18:49:28,726 [http-nio-8080-exec-1] DEBUG e.m.n.i.a.o.s.NotificationChannelServiceAdapter    - NotificationChannelServiceAdapter.isAvailable - Verificando disponibilidad del canal DEFAULT
2025-07-31 18:49:28,726 [http-nio-8080-exec-1] DEBUG e.m.n.i.a.o.monitoring.LoggingAdapter              - send - Call notificationChannel.send
2025-07-31 18:49:28,726 [http-nio-8080-exec-1] INFO  e.m.n.i.a.o.s.NotificationChannelServiceAdapter    - NotificationChannelServiceAdapter.send - Enviando notificación 6c012fc6-9b5a-4697-ba81-e9d8167fb9f5 por canal DEFAULT
2025-07-31 18:49:28,726 [http-nio-8080-exec-1] INFO  e.m.n.i.a.o.s.NotificationChannelServiceAdapter    - NotificationChannelServiceAdapter.send - Notificación 6c012fc6-9b5a-4697-ba81-e9d8167fb9f5 enviada exitosamente
2025-07-31 18:49:28,726 [http-nio-8080-exec-1] DEBUG e.m.n.i.a.o.monitoring.LoggingAdapter              - send - Mark notification as sent
2025-07-31 18:49:28,726 [http-nio-8080-exec-1] DEBUG e.m.n.i.a.o.monitoring.LoggingAdapter              - send - Call notificationRepository.save for updated notification
2025-07-31 18:49:28,726 [http-nio-8080-exec-1] INFO  e.m.n.i.a.o.p.m.NotificationOutputMapper           - toEntity - Init
2025-07-31 18:49:28,726 [http-nio-8080-exec-1] INFO  e.m.n.i.a.o.p.m.NotificationOutputMapper           - toEntity - End
2025-07-31 18:49:28,726 [http-nio-8080-exec-1] DEBUG e.m.n.i.a.o.monitoring.LoggingAdapter              - send - Call saveSentEventToOutbox
2025-07-31 18:49:28,726 [http-nio-8080-exec-1] DEBUG e.m.n.i.a.o.monitoring.LoggingAdapter              - saveSentEventToOutbox - Saving sent event to outbox for notification: 6c012fc6-9b5a-4697-ba81-e9d8167fb9f5
2025-07-31 18:49:28,726 [http-nio-8080-exec-1] DEBUG e.m.n.i.a.o.monitoring.LoggingAdapter              - SerializationServiceAdapter.serialize - Serializando objeto: {}
2025-07-31 18:49:28,730 [http-nio-8080-exec-1] DEBUG e.m.n.i.a.o.monitoring.LoggingAdapter              - saveSentEventToOutbox - Call outboxRepository.save
2025-07-31 18:49:28,730 [http-nio-8080-exec-1] DEBUG e.m.n.i.a.o.monitoring.LoggingAdapter              - saveSentEventToOutbox - Event saved successfully
2025-07-31 18:49:28,730 [http-nio-8080-exec-1] INFO  e.m.n.i.a.o.monitoring.LoggingAdapter              - send - End
2025-07-31 18:49:28,730 [http-nio-8080-exec-1] DEBUG e.m.n.i.a.i.w.c.NotificationController             - sendNotification - Call notificationMapper.toNotificationResponseDTO
2025-07-31 18:49:28,730 [http-nio-8080-exec-1] INFO  e.m.n.i.a.i.w.m.NotificationInputMapper            - toNotificationResponseDTO - init
2025-07-31 18:49:28,730 [http-nio-8080-exec-1] INFO  e.m.n.i.a.i.w.m.NotificationInputMapper            - toNotificationResponseDTO - end
2025-07-31 18:49:28,730 [http-nio-8080-exec-1] INFO  e.m.n.i.a.i.w.c.NotificationController             - sendNotification - end
2025-07-31 18:49:28,881 [http-nio-8080-exec-2] INFO  e.m.n.i.a.i.w.c.NotificationController             - sendNotification - init
2025-07-31 18:49:28,881 [http-nio-8080-exec-2] DEBUG e.m.n.i.a.i.w.c.NotificationController             - sendNotification - Call notificationMapper.toNotificationCommand
2025-07-31 18:49:28,881 [http-nio-8080-exec-2] INFO  e.m.n.i.a.i.w.m.NotificationInputMapper            - toNotificationCommand - init
2025-07-31 18:49:28,882 [http-nio-8080-exec-2] INFO  e.m.n.i.a.i.w.m.NotificationInputMapper            - toNotificationCommand - end
2025-07-31 18:49:28,882 [http-nio-8080-exec-2] DEBUG e.m.n.i.a.i.w.c.NotificationController             - sendNotification - Create ClientContextCommand
2025-07-31 18:49:28,882 [http-nio-8080-exec-2] DEBUG e.m.n.i.a.i.web.util.RequestContextUtil            - Obteniendo IP del cliente
2025-07-31 18:49:28,882 [http-nio-8080-exec-2] DEBUG e.m.n.i.a.i.web.util.RequestContextUtil            - Obteniendo User-Agent del cliente
2025-07-31 18:49:28,882 [http-nio-8080-exec-2] DEBUG e.m.n.i.a.i.web.util.RequestContextUtil            - Obteniendo ruta de la petición
2025-07-31 18:49:28,882 [http-nio-8080-exec-2] DEBUG e.m.n.i.a.i.w.c.NotificationController             - sendNotification - Call sendNotificationUseCase.send
2025-07-31 18:49:28,882 [http-nio-8080-exec-2] INFO  e.m.n.i.a.o.monitoring.LoggingAdapter              - send - Init
2025-07-31 18:49:28,882 [http-nio-8080-exec-2] INFO  e.m.n.i.a.o.p.m.NotificationOutputMapper           - toEntity - Init
2025-07-31 18:49:28,882 [http-nio-8080-exec-2] INFO  e.m.n.i.a.o.p.m.NotificationOutputMapper           - toEntity - End
2025-07-31 18:49:28,882 [http-nio-8080-exec-2] DEBUG e.m.n.i.a.o.monitoring.LoggingAdapter              - send - Notification saved with ID: 06770f18-37a1-4f4c-9b41-6df6b58077ca, channels: [EMAIL, SMS]
2025-07-31 18:49:28,882 [http-nio-8080-exec-2] DEBUG e.m.n.i.a.o.s.NotificationChannelServiceAdapter    - NotificationChannelServiceAdapter.isAvailable - Verificando disponibilidad del canal DEFAULT
2025-07-31 18:49:28,882 [http-nio-8080-exec-2] DEBUG e.m.n.i.a.o.monitoring.LoggingAdapter              - send - Call notificationChannel.send
2025-07-31 18:49:28,882 [http-nio-8080-exec-2] INFO  e.m.n.i.a.o.s.NotificationChannelServiceAdapter    - NotificationChannelServiceAdapter.send - Enviando notificación 06770f18-37a1-4f4c-9b41-6df6b58077ca por canal DEFAULT
2025-07-31 18:49:28,882 [http-nio-8080-exec-2] INFO  e.m.n.i.a.o.s.NotificationChannelServiceAdapter    - NotificationChannelServiceAdapter.send - Notificación 06770f18-37a1-4f4c-9b41-6df6b58077ca enviada exitosamente
2025-07-31 18:49:28,882 [http-nio-8080-exec-2] DEBUG e.m.n.i.a.o.monitoring.LoggingAdapter              - send - Mark notification as sent
2025-07-31 18:49:28,882 [http-nio-8080-exec-2] DEBUG e.m.n.i.a.o.monitoring.LoggingAdapter              - send - Call notificationRepository.save for updated notification
2025-07-31 18:49:28,882 [http-nio-8080-exec-2] INFO  e.m.n.i.a.o.p.m.NotificationOutputMapper           - toEntity - Init
2025-07-31 18:49:28,882 [http-nio-8080-exec-2] INFO  e.m.n.i.a.o.p.m.NotificationOutputMapper           - toEntity - End
2025-07-31 18:49:28,887 [http-nio-8080-exec-2] DEBUG e.m.n.i.a.o.monitoring.LoggingAdapter              - send - Call saveSentEventToOutbox
2025-07-31 18:49:28,887 [http-nio-8080-exec-2] DEBUG e.m.n.i.a.o.monitoring.LoggingAdapter              - saveSentEventToOutbox - Saving sent event to outbox for notification: 06770f18-37a1-4f4c-9b41-6df6b58077ca
2025-07-31 18:49:28,887 [http-nio-8080-exec-2] DEBUG e.m.n.i.a.o.monitoring.LoggingAdapter              - SerializationServiceAdapter.serialize - Serializando objeto: {}
2025-07-31 18:49:28,887 [http-nio-8080-exec-2] DEBUG e.m.n.i.a.o.monitoring.LoggingAdapter              - saveSentEventToOutbox - Call outboxRepository.save
2025-07-31 18:49:28,889 [http-nio-8080-exec-2] DEBUG e.m.n.i.a.o.monitoring.LoggingAdapter              - saveSentEventToOutbox - Event saved successfully
2025-07-31 18:49:28,889 [http-nio-8080-exec-2] INFO  e.m.n.i.a.o.monitoring.LoggingAdapter              - send - End
2025-07-31 18:49:28,889 [http-nio-8080-exec-2] DEBUG e.m.n.i.a.i.w.c.NotificationController             - sendNotification - Call notificationMapper.toNotificationResponseDTO
2025-07-31 18:49:28,889 [http-nio-8080-exec-2] INFO  e.m.n.i.a.i.w.m.NotificationInputMapper            - toNotificationResponseDTO - init
2025-07-31 18:49:28,889 [http-nio-8080-exec-2] INFO  e.m.n.i.a.i.w.m.NotificationInputMapper            - toNotificationResponseDTO - end
2025-07-31 18:49:28,889 [http-nio-8080-exec-2] INFO  e.m.n.i.a.i.w.c.NotificationController             - sendNotification - end
2025-07-31 18:49:29,056 [http-nio-8080-exec-3] INFO  e.m.n.i.a.i.w.c.NotificationController             - sendNotification - init
2025-07-31 18:49:29,056 [http-nio-8080-exec-3] DEBUG e.m.n.i.a.i.w.c.NotificationController             - sendNotification - Call notificationMapper.toNotificationCommand
2025-07-31 18:49:29,056 [http-nio-8080-exec-3] INFO  e.m.n.i.a.i.w.m.NotificationInputMapper            - toNotificationCommand - init
2025-07-31 18:49:29,056 [http-nio-8080-exec-3] INFO  e.m.n.i.a.i.w.m.NotificationInputMapper            - toNotificationCommand - end
2025-07-31 18:49:29,056 [http-nio-8080-exec-3] DEBUG e.m.n.i.a.i.w.c.NotificationController             - sendNotification - Create ClientContextCommand
2025-07-31 18:49:29,056 [http-nio-8080-exec-3] DEBUG e.m.n.i.a.i.web.util.RequestContextUtil            - Obteniendo IP del cliente
2025-07-31 18:49:29,056 [http-nio-8080-exec-3] DEBUG e.m.n.i.a.i.web.util.RequestContextUtil            - Obteniendo User-Agent del cliente
2025-07-31 18:49:29,056 [http-nio-8080-exec-3] DEBUG e.m.n.i.a.i.web.util.RequestContextUtil            - Obteniendo ruta de la petición
2025-07-31 18:49:29,056 [http-nio-8080-exec-3] DEBUG e.m.n.i.a.i.w.c.NotificationController             - sendNotification - Call sendNotificationUseCase.send
2025-07-31 18:49:29,056 [http-nio-8080-exec-3] INFO  e.m.n.i.a.o.monitoring.LoggingAdapter              - send - Init
2025-07-31 18:49:29,056 [http-nio-8080-exec-3] INFO  e.m.n.i.a.o.p.m.NotificationOutputMapper           - toEntity - Init
2025-07-31 18:49:29,056 [http-nio-8080-exec-3] INFO  e.m.n.i.a.o.p.m.NotificationOutputMapper           - toEntity - End
2025-07-31 18:49:29,059 [http-nio-8080-exec-3] DEBUG e.m.n.i.a.o.monitoring.LoggingAdapter              - send - Notification saved with ID: 9543f097-cf80-49ed-91c5-959bb4335554, channels: [EMAIL, SMS]
2025-07-31 18:49:29,059 [http-nio-8080-exec-3] DEBUG e.m.n.i.a.o.s.NotificationChannelServiceAdapter    - NotificationChannelServiceAdapter.isAvailable - Verificando disponibilidad del canal DEFAULT
2025-07-31 18:49:29,059 [http-nio-8080-exec-3] DEBUG e.m.n.i.a.o.monitoring.LoggingAdapter              - send - Call notificationChannel.send
2025-07-31 18:49:29,059 [http-nio-8080-exec-3] INFO  e.m.n.i.a.o.s.NotificationChannelServiceAdapter    - NotificationChannelServiceAdapter.send - Enviando notificación 9543f097-cf80-49ed-91c5-959bb4335554 por canal DEFAULT
2025-07-31 18:49:29,059 [http-nio-8080-exec-3] INFO  e.m.n.i.a.o.s.NotificationChannelServiceAdapter    - NotificationChannelServiceAdapter.send - Notificación 9543f097-cf80-49ed-91c5-959bb4335554 enviada exitosamente
2025-07-31 18:49:29,060 [http-nio-8080-exec-3] DEBUG e.m.n.i.a.o.monitoring.LoggingAdapter              - send - Mark notification as sent
2025-07-31 18:49:29,060 [http-nio-8080-exec-3] DEBUG e.m.n.i.a.o.monitoring.LoggingAdapter              - send - Call notificationRepository.save for updated notification
2025-07-31 18:49:29,060 [http-nio-8080-exec-3] INFO  e.m.n.i.a.o.p.m.NotificationOutputMapper           - toEntity - Init
2025-07-31 18:49:29,060 [http-nio-8080-exec-3] INFO  e.m.n.i.a.o.p.m.NotificationOutputMapper           - toEntity - End
2025-07-31 18:49:29,060 [http-nio-8080-exec-3] DEBUG e.m.n.i.a.o.monitoring.LoggingAdapter              - send - Call saveSentEventToOutbox
2025-07-31 18:49:29,060 [http-nio-8080-exec-3] DEBUG e.m.n.i.a.o.monitoring.LoggingAdapter              - saveSentEventToOutbox - Saving sent event to outbox for notification: 9543f097-cf80-49ed-91c5-959bb4335554
2025-07-31 18:49:29,060 [http-nio-8080-exec-3] DEBUG e.m.n.i.a.o.monitoring.LoggingAdapter              - SerializationServiceAdapter.serialize - Serializando objeto: {}
2025-07-31 18:49:29,060 [http-nio-8080-exec-3] DEBUG e.m.n.i.a.o.monitoring.LoggingAdapter              - saveSentEventToOutbox - Call outboxRepository.save
2025-07-31 18:49:29,060 [http-nio-8080-exec-3] DEBUG e.m.n.i.a.o.monitoring.LoggingAdapter              - saveSentEventToOutbox - Event saved successfully
2025-07-31 18:49:29,060 [http-nio-8080-exec-3] INFO  e.m.n.i.a.o.monitoring.LoggingAdapter              - send - End
2025-07-31 18:49:29,060 [http-nio-8080-exec-3] DEBUG e.m.n.i.a.i.w.c.NotificationController             - sendNotification - Call notificationMapper.toNotificationResponseDTO
2025-07-31 18:49:29,060 [http-nio-8080-exec-3] INFO  e.m.n.i.a.i.w.m.NotificationInputMapper            - toNotificationResponseDTO - init
2025-07-31 18:49:29,060 [http-nio-8080-exec-3] INFO  e.m.n.i.a.i.w.m.NotificationInputMapper            - toNotificationResponseDTO - end
2025-07-31 18:49:29,060 [http-nio-8080-exec-3] INFO  e.m.n.i.a.i.w.c.NotificationController             - sendNotification - end
2025-07-31 18:49:29,206 [http-nio-8080-exec-4] INFO  e.m.n.i.a.i.w.c.NotificationController             - sendNotification - init
2025-07-31 18:49:29,206 [http-nio-8080-exec-4] DEBUG e.m.n.i.a.i.w.c.NotificationController             - sendNotification - Call notificationMapper.toNotificationCommand
2025-07-31 18:49:29,206 [http-nio-8080-exec-4] INFO  e.m.n.i.a.i.w.m.NotificationInputMapper            - toNotificationCommand - init
2025-07-31 18:49:29,206 [http-nio-8080-exec-4] INFO  e.m.n.i.a.i.w.m.NotificationInputMapper            - toNotificationCommand - end
2025-07-31 18:49:29,206 [http-nio-8080-exec-4] DEBUG e.m.n.i.a.i.w.c.NotificationController             - sendNotification - Create ClientContextCommand
2025-07-31 18:49:29,206 [http-nio-8080-exec-4] DEBUG e.m.n.i.a.i.web.util.RequestContextUtil            - Obteniendo IP del cliente
2025-07-31 18:49:29,206 [http-nio-8080-exec-4] DEBUG e.m.n.i.a.i.web.util.RequestContextUtil            - Obteniendo User-Agent del cliente
2025-07-31 18:49:29,206 [http-nio-8080-exec-4] DEBUG e.m.n.i.a.i.web.util.RequestContextUtil            - Obteniendo ruta de la petición
2025-07-31 18:49:29,206 [http-nio-8080-exec-4] DEBUG e.m.n.i.a.i.w.c.NotificationController             - sendNotification - Call sendNotificationUseCase.send
2025-07-31 18:49:29,206 [http-nio-8080-exec-4] INFO  e.m.n.i.a.o.monitoring.LoggingAdapter              - send - Init
2025-07-31 18:49:29,206 [http-nio-8080-exec-4] INFO  e.m.n.i.a.o.p.m.NotificationOutputMapper           - toEntity - Init
2025-07-31 18:49:29,206 [http-nio-8080-exec-4] INFO  e.m.n.i.a.o.p.m.NotificationOutputMapper           - toEntity - End
2025-07-31 18:49:29,206 [http-nio-8080-exec-4] DEBUG e.m.n.i.a.o.monitoring.LoggingAdapter              - send - Notification saved with ID: 078e2024-cb2f-4604-94c1-c0240c226da3, channels: [EMAIL, SMS]
2025-07-31 18:49:29,206 [http-nio-8080-exec-4] DEBUG e.m.n.i.a.o.s.NotificationChannelServiceAdapter    - NotificationChannelServiceAdapter.isAvailable - Verificando disponibilidad del canal DEFAULT
2025-07-31 18:49:29,206 [http-nio-8080-exec-4] DEBUG e.m.n.i.a.o.monitoring.LoggingAdapter              - send - Call notificationChannel.send
2025-07-31 18:49:29,206 [http-nio-8080-exec-4] INFO  e.m.n.i.a.o.s.NotificationChannelServiceAdapter    - NotificationChannelServiceAdapter.send - Enviando notificación 078e2024-cb2f-4604-94c1-c0240c226da3 por canal DEFAULT
2025-07-31 18:49:29,206 [http-nio-8080-exec-4] INFO  e.m.n.i.a.o.s.NotificationChannelServiceAdapter    - NotificationChannelServiceAdapter.send - Notificación 078e2024-cb2f-4604-94c1-c0240c226da3 enviada exitosamente
2025-07-31 18:49:29,206 [http-nio-8080-exec-4] DEBUG e.m.n.i.a.o.monitoring.LoggingAdapter              - send - Mark notification as sent
2025-07-31 18:49:29,206 [http-nio-8080-exec-4] DEBUG e.m.n.i.a.o.monitoring.LoggingAdapter              - send - Call notificationRepository.save for updated notification
2025-07-31 18:49:29,206 [http-nio-8080-exec-4] INFO  e.m.n.i.a.o.p.m.NotificationOutputMapper           - toEntity - Init
2025-07-31 18:49:29,206 [http-nio-8080-exec-4] INFO  e.m.n.i.a.o.p.m.NotificationOutputMapper           - toEntity - End
2025-07-31 18:49:29,210 [http-nio-8080-exec-4] DEBUG e.m.n.i.a.o.monitoring.LoggingAdapter              - send - Call saveSentEventToOutbox
2025-07-31 18:49:29,210 [http-nio-8080-exec-4] DEBUG e.m.n.i.a.o.monitoring.LoggingAdapter              - saveSentEventToOutbox - Saving sent event to outbox for notification: 078e2024-cb2f-4604-94c1-c0240c226da3
2025-07-31 18:49:29,210 [http-nio-8080-exec-4] DEBUG e.m.n.i.a.o.monitoring.LoggingAdapter              - SerializationServiceAdapter.serialize - Serializando objeto: {}
2025-07-31 18:49:29,210 [http-nio-8080-exec-4] DEBUG e.m.n.i.a.o.monitoring.LoggingAdapter              - saveSentEventToOutbox - Call outboxRepository.save
2025-07-31 18:49:29,212 [http-nio-8080-exec-4] DEBUG e.m.n.i.a.o.monitoring.LoggingAdapter              - saveSentEventToOutbox - Event saved successfully
2025-07-31 18:49:29,212 [http-nio-8080-exec-4] INFO  e.m.n.i.a.o.monitoring.LoggingAdapter              - send - End
2025-07-31 18:49:29,212 [http-nio-8080-exec-4] DEBUG e.m.n.i.a.i.w.c.NotificationController             - sendNotification - Call notificationMapper.toNotificationResponseDTO
2025-07-31 18:49:29,212 [http-nio-8080-exec-4] INFO  e.m.n.i.a.i.w.m.NotificationInputMapper            - toNotificationResponseDTO - init
2025-07-31 18:49:29,212 [http-nio-8080-exec-4] INFO  e.m.n.i.a.i.w.m.NotificationInputMapper            - toNotificationResponseDTO - end
2025-07-31 18:49:29,212 [http-nio-8080-exec-4] INFO  e.m.n.i.a.i.w.c.NotificationController             - sendNotification - end
2025-07-31 18:49:29,381 [http-nio-8080-exec-6] INFO  e.m.n.i.a.i.w.c.NotificationController             - sendNotification - init
2025-07-31 18:49:29,381 [http-nio-8080-exec-6] DEBUG e.m.n.i.a.i.w.c.NotificationController             - sendNotification - Call notificationMapper.toNotificationCommand
2025-07-31 18:49:29,381 [http-nio-8080-exec-6] INFO  e.m.n.i.a.i.w.m.NotificationInputMapper            - toNotificationCommand - init
2025-07-31 18:49:29,381 [http-nio-8080-exec-6] INFO  e.m.n.i.a.i.w.m.NotificationInputMapper            - toNotificationCommand - end
2025-07-31 18:49:29,381 [http-nio-8080-exec-6] DEBUG e.m.n.i.a.i.w.c.NotificationController             - sendNotification - Create ClientContextCommand
2025-07-31 18:49:29,381 [http-nio-8080-exec-6] DEBUG e.m.n.i.a.i.web.util.RequestContextUtil            - Obteniendo IP del cliente
2025-07-31 18:49:29,381 [http-nio-8080-exec-6] DEBUG e.m.n.i.a.i.web.util.RequestContextUtil            - Obteniendo User-Agent del cliente
2025-07-31 18:49:29,381 [http-nio-8080-exec-6] DEBUG e.m.n.i.a.i.web.util.RequestContextUtil            - Obteniendo ruta de la petición
2025-07-31 18:49:29,381 [http-nio-8080-exec-6] DEBUG e.m.n.i.a.i.w.c.NotificationController             - sendNotification - Call sendNotificationUseCase.send
2025-07-31 18:49:29,381 [http-nio-8080-exec-6] INFO  e.m.n.i.a.o.monitoring.LoggingAdapter              - send - Init
2025-07-31 18:49:29,381 [http-nio-8080-exec-6] INFO  e.m.n.i.a.o.p.m.NotificationOutputMapper           - toEntity - Init
2025-07-31 18:49:29,381 [http-nio-8080-exec-6] INFO  e.m.n.i.a.o.p.m.NotificationOutputMapper           - toEntity - End
2025-07-31 18:49:29,381 [http-nio-8080-exec-6] DEBUG e.m.n.i.a.o.monitoring.LoggingAdapter              - send - Notification saved with ID: 994e2c38-a8ea-428d-b45d-43a502df92d1, channels: [EMAIL, SMS]
2025-07-31 18:49:29,381 [http-nio-8080-exec-6] DEBUG e.m.n.i.a.o.s.NotificationChannelServiceAdapter    - NotificationChannelServiceAdapter.isAvailable - Verificando disponibilidad del canal DEFAULT
2025-07-31 18:49:29,381 [http-nio-8080-exec-6] DEBUG e.m.n.i.a.o.monitoring.LoggingAdapter              - send - Call notificationChannel.send
2025-07-31 18:49:29,381 [http-nio-8080-exec-6] INFO  e.m.n.i.a.o.s.NotificationChannelServiceAdapter    - NotificationChannelServiceAdapter.send - Enviando notificación 994e2c38-a8ea-428d-b45d-43a502df92d1 por canal DEFAULT
2025-07-31 18:49:29,381 [http-nio-8080-exec-6] INFO  e.m.n.i.a.o.s.NotificationChannelServiceAdapter    - NotificationChannelServiceAdapter.send - Notificación 994e2c38-a8ea-428d-b45d-43a502df92d1 enviada exitosamente
2025-07-31 18:49:29,381 [http-nio-8080-exec-6] DEBUG e.m.n.i.a.o.monitoring.LoggingAdapter              - send - Mark notification as sent
2025-07-31 18:49:29,381 [http-nio-8080-exec-6] DEBUG e.m.n.i.a.o.monitoring.LoggingAdapter              - send - Call notificationRepository.save for updated notification
2025-07-31 18:49:29,381 [http-nio-8080-exec-6] INFO  e.m.n.i.a.o.p.m.NotificationOutputMapper           - toEntity - Init
2025-07-31 18:49:29,381 [http-nio-8080-exec-6] INFO  e.m.n.i.a.o.p.m.NotificationOutputMapper           - toEntity - End
2025-07-31 18:49:29,387 [http-nio-8080-exec-6] DEBUG e.m.n.i.a.o.monitoring.LoggingAdapter              - send - Call saveSentEventToOutbox
2025-07-31 18:49:29,387 [http-nio-8080-exec-6] DEBUG e.m.n.i.a.o.monitoring.LoggingAdapter              - saveSentEventToOutbox - Saving sent event to outbox for notification: 994e2c38-a8ea-428d-b45d-43a502df92d1
2025-07-31 18:49:29,387 [http-nio-8080-exec-6] DEBUG e.m.n.i.a.o.monitoring.LoggingAdapter              - SerializationServiceAdapter.serialize - Serializando objeto: {}
2025-07-31 18:49:29,387 [http-nio-8080-exec-6] DEBUG e.m.n.i.a.o.monitoring.LoggingAdapter              - saveSentEventToOutbox - Call outboxRepository.save
2025-07-31 18:49:29,387 [http-nio-8080-exec-6] DEBUG e.m.n.i.a.o.monitoring.LoggingAdapter              - saveSentEventToOutbox - Event saved successfully
2025-07-31 18:49:29,387 [http-nio-8080-exec-6] INFO  e.m.n.i.a.o.monitoring.LoggingAdapter              - send - End
2025-07-31 18:49:29,387 [http-nio-8080-exec-6] DEBUG e.m.n.i.a.i.w.c.NotificationController             - sendNotification - Call notificationMapper.toNotificationResponseDTO
2025-07-31 18:49:29,387 [http-nio-8080-exec-6] INFO  e.m.n.i.a.i.w.m.NotificationInputMapper            - toNotificationResponseDTO - init
2025-07-31 18:49:29,387 [http-nio-8080-exec-6] INFO  e.m.n.i.a.i.w.m.NotificationInputMapper            - toNotificationResponseDTO - end
2025-07-31 18:49:29,387 [http-nio-8080-exec-6] INFO  e.m.n.i.a.i.w.c.NotificationController             - sendNotification - end
2025-07-31 18:49:29,533 [http-nio-8080-exec-7] INFO  e.m.n.i.a.i.w.c.NotificationController             - sendNotification - init
2025-07-31 18:49:29,533 [http-nio-8080-exec-7] DEBUG e.m.n.i.a.i.w.c.NotificationController             - sendNotification - Call notificationMapper.toNotificationCommand
2025-07-31 18:49:29,533 [http-nio-8080-exec-7] INFO  e.m.n.i.a.i.w.m.NotificationInputMapper            - toNotificationCommand - init
2025-07-31 18:49:29,533 [http-nio-8080-exec-7] INFO  e.m.n.i.a.i.w.m.NotificationInputMapper            - toNotificationCommand - end
2025-07-31 18:49:29,533 [http-nio-8080-exec-7] DEBUG e.m.n.i.a.i.w.c.NotificationController             - sendNotification - Create ClientContextCommand
2025-07-31 18:49:29,533 [http-nio-8080-exec-7] DEBUG e.m.n.i.a.i.web.util.RequestContextUtil            - Obteniendo IP del cliente
2025-07-31 18:49:29,533 [http-nio-8080-exec-7] DEBUG e.m.n.i.a.i.web.util.RequestContextUtil            - Obteniendo User-Agent del cliente
2025-07-31 18:49:29,533 [http-nio-8080-exec-7] DEBUG e.m.n.i.a.i.web.util.RequestContextUtil            - Obteniendo ruta de la petición
2025-07-31 18:49:29,533 [http-nio-8080-exec-7] DEBUG e.m.n.i.a.i.w.c.NotificationController             - sendNotification - Call sendNotificationUseCase.send
2025-07-31 18:49:29,533 [http-nio-8080-exec-7] INFO  e.m.n.i.a.o.monitoring.LoggingAdapter              - send - Init
2025-07-31 18:49:29,534 [http-nio-8080-exec-7] INFO  e.m.n.i.a.o.p.m.NotificationOutputMapper           - toEntity - Init
2025-07-31 18:49:29,534 [http-nio-8080-exec-7] INFO  e.m.n.i.a.o.p.m.NotificationOutputMapper           - toEntity - End
2025-07-31 18:49:29,536 [http-nio-8080-exec-7] DEBUG e.m.n.i.a.o.monitoring.LoggingAdapter              - send - Notification saved with ID: 4237153a-bef9-4987-ada1-1d017c3419e9, channels: [EMAIL, SMS]
2025-07-31 18:49:29,536 [http-nio-8080-exec-7] DEBUG e.m.n.i.a.o.s.NotificationChannelServiceAdapter    - NotificationChannelServiceAdapter.isAvailable - Verificando disponibilidad del canal DEFAULT
2025-07-31 18:49:29,539 [http-nio-8080-exec-7] DEBUG e.m.n.i.a.o.monitoring.LoggingAdapter              - send - Call notificationChannel.send
2025-07-31 18:49:29,539 [http-nio-8080-exec-7] INFO  e.m.n.i.a.o.s.NotificationChannelServiceAdapter    - NotificationChannelServiceAdapter.send - Enviando notificación 4237153a-bef9-4987-ada1-1d017c3419e9 por canal DEFAULT
2025-07-31 18:49:29,539 [http-nio-8080-exec-7] INFO  e.m.n.i.a.o.s.NotificationChannelServiceAdapter    - NotificationChannelServiceAdapter.send - Notificación 4237153a-bef9-4987-ada1-1d017c3419e9 enviada exitosamente
2025-07-31 18:49:29,539 [http-nio-8080-exec-7] DEBUG e.m.n.i.a.o.monitoring.LoggingAdapter              - send - Mark notification as sent
2025-07-31 18:49:29,539 [http-nio-8080-exec-7] DEBUG e.m.n.i.a.o.monitoring.LoggingAdapter              - send - Call notificationRepository.save for updated notification
2025-07-31 18:49:29,539 [http-nio-8080-exec-7] INFO  e.m.n.i.a.o.p.m.NotificationOutputMapper           - toEntity - Init
2025-07-31 18:49:29,539 [http-nio-8080-exec-7] INFO  e.m.n.i.a.o.p.m.NotificationOutputMapper           - toEntity - End
2025-07-31 18:49:29,543 [http-nio-8080-exec-7] DEBUG e.m.n.i.a.o.monitoring.LoggingAdapter              - send - Call saveSentEventToOutbox
2025-07-31 18:49:29,543 [http-nio-8080-exec-7] DEBUG e.m.n.i.a.o.monitoring.LoggingAdapter              - saveSentEventToOutbox - Saving sent event to outbox for notification: 4237153a-bef9-4987-ada1-1d017c3419e9
2025-07-31 18:49:29,543 [http-nio-8080-exec-7] DEBUG e.m.n.i.a.o.monitoring.LoggingAdapter              - SerializationServiceAdapter.serialize - Serializando objeto: {}
2025-07-31 18:49:29,543 [http-nio-8080-exec-7] DEBUG e.m.n.i.a.o.monitoring.LoggingAdapter              - saveSentEventToOutbox - Call outboxRepository.save
2025-07-31 18:49:29,544 [http-nio-8080-exec-7] DEBUG e.m.n.i.a.o.monitoring.LoggingAdapter              - saveSentEventToOutbox - Event saved successfully
2025-07-31 18:49:29,544 [http-nio-8080-exec-7] INFO  e.m.n.i.a.o.monitoring.LoggingAdapter              - send - End
2025-07-31 18:49:29,544 [http-nio-8080-exec-7] DEBUG e.m.n.i.a.i.w.c.NotificationController             - sendNotification - Call notificationMapper.toNotificationResponseDTO
2025-07-31 18:49:29,544 [http-nio-8080-exec-7] INFO  e.m.n.i.a.i.w.m.NotificationInputMapper            - toNotificationResponseDTO - init
2025-07-31 18:49:29,544 [http-nio-8080-exec-7] INFO  e.m.n.i.a.i.w.m.NotificationInputMapper            - toNotificationResponseDTO - end
2025-07-31 18:49:29,544 [http-nio-8080-exec-7] INFO  e.m.n.i.a.i.w.c.NotificationController             - sendNotification - end
2025-07-31 18:49:29,689 [http-nio-8080-exec-8] INFO  e.m.n.i.a.i.w.c.NotificationController             - sendNotification - init
2025-07-31 18:49:29,689 [http-nio-8080-exec-8] DEBUG e.m.n.i.a.i.w.c.NotificationController             - sendNotification - Call notificationMapper.toNotificationCommand
2025-07-31 18:49:29,689 [http-nio-8080-exec-8] INFO  e.m.n.i.a.i.w.m.NotificationInputMapper            - toNotificationCommand - init
2025-07-31 18:49:29,689 [http-nio-8080-exec-8] INFO  e.m.n.i.a.i.w.m.NotificationInputMapper            - toNotificationCommand - end
2025-07-31 18:49:29,689 [http-nio-8080-exec-8] DEBUG e.m.n.i.a.i.w.c.NotificationController             - sendNotification - Create ClientContextCommand
2025-07-31 18:49:29,689 [http-nio-8080-exec-8] DEBUG e.m.n.i.a.i.web.util.RequestContextUtil            - Obteniendo IP del cliente
2025-07-31 18:49:29,689 [http-nio-8080-exec-8] DEBUG e.m.n.i.a.i.web.util.RequestContextUtil            - Obteniendo User-Agent del cliente
2025-07-31 18:49:29,689 [http-nio-8080-exec-8] DEBUG e.m.n.i.a.i.web.util.RequestContextUtil            - Obteniendo ruta de la petición
2025-07-31 18:49:29,689 [http-nio-8080-exec-8] DEBUG e.m.n.i.a.i.w.c.NotificationController             - sendNotification - Call sendNotificationUseCase.send
2025-07-31 18:49:29,689 [http-nio-8080-exec-8] INFO  e.m.n.i.a.o.monitoring.LoggingAdapter              - send - Init
2025-07-31 18:49:29,689 [http-nio-8080-exec-8] INFO  e.m.n.i.a.o.p.m.NotificationOutputMapper           - toEntity - Init
2025-07-31 18:49:29,689 [http-nio-8080-exec-8] INFO  e.m.n.i.a.o.p.m.NotificationOutputMapper           - toEntity - End
2025-07-31 18:49:29,693 [http-nio-8080-exec-8] DEBUG e.m.n.i.a.o.monitoring.LoggingAdapter              - send - Notification saved with ID: e824e8b7-6b9c-4628-b1f2-a871fb7e351f, channels: [EMAIL, SMS]
2025-07-31 18:49:29,693 [http-nio-8080-exec-8] DEBUG e.m.n.i.a.o.s.NotificationChannelServiceAdapter    - NotificationChannelServiceAdapter.isAvailable - Verificando disponibilidad del canal DEFAULT
2025-07-31 18:49:29,693 [http-nio-8080-exec-8] DEBUG e.m.n.i.a.o.monitoring.LoggingAdapter              - send - Call notificationChannel.send
2025-07-31 18:49:29,693 [http-nio-8080-exec-8] INFO  e.m.n.i.a.o.s.NotificationChannelServiceAdapter    - NotificationChannelServiceAdapter.send - Enviando notificación e824e8b7-6b9c-4628-b1f2-a871fb7e351f por canal DEFAULT
2025-07-31 18:49:29,693 [http-nio-8080-exec-8] INFO  e.m.n.i.a.o.s.NotificationChannelServiceAdapter    - NotificationChannelServiceAdapter.send - Notificación e824e8b7-6b9c-4628-b1f2-a871fb7e351f enviada exitosamente
2025-07-31 18:49:29,693 [http-nio-8080-exec-8] DEBUG e.m.n.i.a.o.monitoring.LoggingAdapter              - send - Mark notification as sent
2025-07-31 18:49:29,693 [http-nio-8080-exec-8] DEBUG e.m.n.i.a.o.monitoring.LoggingAdapter              - send - Call notificationRepository.save for updated notification
2025-07-31 18:49:29,693 [http-nio-8080-exec-8] INFO  e.m.n.i.a.o.p.m.NotificationOutputMapper           - toEntity - Init
2025-07-31 18:49:29,693 [http-nio-8080-exec-8] INFO  e.m.n.i.a.o.p.m.NotificationOutputMapper           - toEntity - End
2025-07-31 18:49:29,694 [http-nio-8080-exec-8] DEBUG e.m.n.i.a.o.monitoring.LoggingAdapter              - send - Call saveSentEventToOutbox
2025-07-31 18:49:29,694 [http-nio-8080-exec-8] DEBUG e.m.n.i.a.o.monitoring.LoggingAdapter              - saveSentEventToOutbox - Saving sent event to outbox for notification: e824e8b7-6b9c-4628-b1f2-a871fb7e351f
2025-07-31 18:49:29,694 [http-nio-8080-exec-8] DEBUG e.m.n.i.a.o.monitoring.LoggingAdapter              - SerializationServiceAdapter.serialize - Serializando objeto: {}
2025-07-31 18:49:29,694 [http-nio-8080-exec-8] DEBUG e.m.n.i.a.o.monitoring.LoggingAdapter              - saveSentEventToOutbox - Call outboxRepository.save
2025-07-31 18:49:29,699 [http-nio-8080-exec-8] DEBUG e.m.n.i.a.o.monitoring.LoggingAdapter              - saveSentEventToOutbox - Event saved successfully
2025-07-31 18:49:29,699 [http-nio-8080-exec-8] INFO  e.m.n.i.a.o.monitoring.LoggingAdapter              - send - End
2025-07-31 18:49:29,699 [http-nio-8080-exec-8] DEBUG e.m.n.i.a.i.w.c.NotificationController             - sendNotification - Call notificationMapper.toNotificationResponseDTO
2025-07-31 18:49:29,699 [http-nio-8080-exec-8] INFO  e.m.n.i.a.i.w.m.NotificationInputMapper            - toNotificationResponseDTO - init
2025-07-31 18:49:29,699 [http-nio-8080-exec-8] INFO  e.m.n.i.a.i.w.m.NotificationInputMapper            - toNotificationResponseDTO - end
2025-07-31 18:49:29,699 [http-nio-8080-exec-8] INFO  e.m.n.i.a.i.w.c.NotificationController             - sendNotification - end
2025-07-31 18:49:29,854 [http-nio-8080-exec-5] INFO  e.m.n.i.a.i.w.c.NotificationController             - sendNotification - init
2025-07-31 18:49:29,854 [http-nio-8080-exec-5] DEBUG e.m.n.i.a.i.w.c.NotificationController             - sendNotification - Call notificationMapper.toNotificationCommand
2025-07-31 18:49:29,854 [http-nio-8080-exec-5] INFO  e.m.n.i.a.i.w.m.NotificationInputMapper            - toNotificationCommand - init
2025-07-31 18:49:29,854 [http-nio-8080-exec-5] INFO  e.m.n.i.a.i.w.m.NotificationInputMapper            - toNotificationCommand - end
2025-07-31 18:49:29,854 [http-nio-8080-exec-5] DEBUG e.m.n.i.a.i.w.c.NotificationController             - sendNotification - Create ClientContextCommand
2025-07-31 18:49:29,855 [http-nio-8080-exec-5] DEBUG e.m.n.i.a.i.web.util.RequestContextUtil            - Obteniendo IP del cliente
2025-07-31 18:49:29,855 [http-nio-8080-exec-5] DEBUG e.m.n.i.a.i.web.util.RequestContextUtil            - Obteniendo User-Agent del cliente
2025-07-31 18:49:29,855 [http-nio-8080-exec-5] DEBUG e.m.n.i.a.i.web.util.RequestContextUtil            - Obteniendo ruta de la petición
2025-07-31 18:49:29,855 [http-nio-8080-exec-5] DEBUG e.m.n.i.a.i.w.c.NotificationController             - sendNotification - Call sendNotificationUseCase.send
2025-07-31 18:49:29,855 [http-nio-8080-exec-5] INFO  e.m.n.i.a.o.monitoring.LoggingAdapter              - send - Init
2025-07-31 18:49:29,855 [http-nio-8080-exec-5] INFO  e.m.n.i.a.o.p.m.NotificationOutputMapper           - toEntity - Init
2025-07-31 18:49:29,855 [http-nio-8080-exec-5] INFO  e.m.n.i.a.o.p.m.NotificationOutputMapper           - toEntity - End
2025-07-31 18:49:29,855 [http-nio-8080-exec-5] DEBUG e.m.n.i.a.o.monitoring.LoggingAdapter              - send - Notification saved with ID: e217d394-1998-4217-a48b-a62a4a8ec8ac, channels: [EMAIL, SMS]
2025-07-31 18:49:29,855 [http-nio-8080-exec-5] DEBUG e.m.n.i.a.o.s.NotificationChannelServiceAdapter    - NotificationChannelServiceAdapter.isAvailable - Verificando disponibilidad del canal DEFAULT
2025-07-31 18:49:29,855 [http-nio-8080-exec-5] DEBUG e.m.n.i.a.o.monitoring.LoggingAdapter              - send - Call notificationChannel.send
2025-07-31 18:49:29,855 [http-nio-8080-exec-5] INFO  e.m.n.i.a.o.s.NotificationChannelServiceAdapter    - NotificationChannelServiceAdapter.send - Enviando notificación e217d394-1998-4217-a48b-a62a4a8ec8ac por canal DEFAULT
2025-07-31 18:49:29,855 [http-nio-8080-exec-5] INFO  e.m.n.i.a.o.s.NotificationChannelServiceAdapter    - NotificationChannelServiceAdapter.send - Notificación e217d394-1998-4217-a48b-a62a4a8ec8ac enviada exitosamente
2025-07-31 18:49:29,855 [http-nio-8080-exec-5] DEBUG e.m.n.i.a.o.monitoring.LoggingAdapter              - send - Mark notification as sent
2025-07-31 18:49:29,855 [http-nio-8080-exec-5] DEBUG e.m.n.i.a.o.monitoring.LoggingAdapter              - send - Call notificationRepository.save for updated notification
2025-07-31 18:49:29,855 [http-nio-8080-exec-5] INFO  e.m.n.i.a.o.p.m.NotificationOutputMapper           - toEntity - Init
2025-07-31 18:49:29,855 [http-nio-8080-exec-5] INFO  e.m.n.i.a.o.p.m.NotificationOutputMapper           - toEntity - End
2025-07-31 18:49:29,859 [http-nio-8080-exec-5] DEBUG e.m.n.i.a.o.monitoring.LoggingAdapter              - send - Call saveSentEventToOutbox
2025-07-31 18:49:29,859 [http-nio-8080-exec-5] DEBUG e.m.n.i.a.o.monitoring.LoggingAdapter              - saveSentEventToOutbox - Saving sent event to outbox for notification: e217d394-1998-4217-a48b-a62a4a8ec8ac
2025-07-31 18:49:29,859 [http-nio-8080-exec-5] DEBUG e.m.n.i.a.o.monitoring.LoggingAdapter              - SerializationServiceAdapter.serialize - Serializando objeto: {}
2025-07-31 18:49:29,859 [http-nio-8080-exec-5] DEBUG e.m.n.i.a.o.monitoring.LoggingAdapter              - saveSentEventToOutbox - Call outboxRepository.save
2025-07-31 18:49:29,859 [http-nio-8080-exec-5] DEBUG e.m.n.i.a.o.monitoring.LoggingAdapter              - saveSentEventToOutbox - Event saved successfully
2025-07-31 18:49:29,859 [http-nio-8080-exec-5] INFO  e.m.n.i.a.o.monitoring.LoggingAdapter              - send - End
2025-07-31 18:49:29,859 [http-nio-8080-exec-5] DEBUG e.m.n.i.a.i.w.c.NotificationController             - sendNotification - Call notificationMapper.toNotificationResponseDTO
2025-07-31 18:49:29,859 [http-nio-8080-exec-5] INFO  e.m.n.i.a.i.w.m.NotificationInputMapper            - toNotificationResponseDTO - init
2025-07-31 18:49:29,859 [http-nio-8080-exec-5] INFO  e.m.n.i.a.i.w.m.NotificationInputMapper            - toNotificationResponseDTO - end
2025-07-31 18:49:29,859 [http-nio-8080-exec-5] INFO  e.m.n.i.a.i.w.c.NotificationController             - sendNotification - end
2025-07-31 18:49:30,008 [http-nio-8080-exec-10] INFO  e.m.n.i.a.i.w.c.NotificationController             - sendNotification - init
2025-07-31 18:49:30,008 [http-nio-8080-exec-10] DEBUG e.m.n.i.a.i.w.c.NotificationController             - sendNotification - Call notificationMapper.toNotificationCommand
2025-07-31 18:49:30,008 [http-nio-8080-exec-10] INFO  e.m.n.i.a.i.w.m.NotificationInputMapper            - toNotificationCommand - init
2025-07-31 18:49:30,008 [http-nio-8080-exec-10] INFO  e.m.n.i.a.i.w.m.NotificationInputMapper            - toNotificationCommand - end
2025-07-31 18:49:30,008 [http-nio-8080-exec-10] DEBUG e.m.n.i.a.i.w.c.NotificationController             - sendNotification - Create ClientContextCommand
2025-07-31 18:49:30,008 [http-nio-8080-exec-10] DEBUG e.m.n.i.a.i.web.util.RequestContextUtil            - Obteniendo IP del cliente
2025-07-31 18:49:30,008 [http-nio-8080-exec-10] DEBUG e.m.n.i.a.i.web.util.RequestContextUtil            - Obteniendo User-Agent del cliente
2025-07-31 18:49:30,008 [http-nio-8080-exec-10] DEBUG e.m.n.i.a.i.web.util.RequestContextUtil            - Obteniendo ruta de la petición
2025-07-31 18:49:30,008 [http-nio-8080-exec-10] DEBUG e.m.n.i.a.i.w.c.NotificationController             - sendNotification - Call sendNotificationUseCase.send
2025-07-31 18:49:30,008 [http-nio-8080-exec-10] INFO  e.m.n.i.a.o.monitoring.LoggingAdapter              - send - Init
2025-07-31 18:49:30,008 [http-nio-8080-exec-10] INFO  e.m.n.i.a.o.p.m.NotificationOutputMapper           - toEntity - Init
2025-07-31 18:49:30,008 [http-nio-8080-exec-10] INFO  e.m.n.i.a.o.p.m.NotificationOutputMapper           - toEntity - End
2025-07-31 18:49:30,011 [http-nio-8080-exec-10] DEBUG e.m.n.i.a.o.monitoring.LoggingAdapter              - send - Notification saved with ID: d2165f50-c585-4e67-9c49-aa70922bbbe6, channels: [EMAIL, SMS]
2025-07-31 18:49:30,011 [http-nio-8080-exec-10] DEBUG e.m.n.i.a.o.s.NotificationChannelServiceAdapter    - NotificationChannelServiceAdapter.isAvailable - Verificando disponibilidad del canal DEFAULT
2025-07-31 18:49:30,011 [http-nio-8080-exec-10] DEBUG e.m.n.i.a.o.monitoring.LoggingAdapter              - send - Call notificationChannel.send
2025-07-31 18:49:30,011 [http-nio-8080-exec-10] INFO  e.m.n.i.a.o.s.NotificationChannelServiceAdapter    - NotificationChannelServiceAdapter.send - Enviando notificación d2165f50-c585-4e67-9c49-aa70922bbbe6 por canal DEFAULT
2025-07-31 18:49:30,011 [http-nio-8080-exec-10] INFO  e.m.n.i.a.o.s.NotificationChannelServiceAdapter    - NotificationChannelServiceAdapter.send - Notificación d2165f50-c585-4e67-9c49-aa70922bbbe6 enviada exitosamente
2025-07-31 18:49:30,011 [http-nio-8080-exec-10] DEBUG e.m.n.i.a.o.monitoring.LoggingAdapter              - send - Mark notification as sent
2025-07-31 18:49:30,011 [http-nio-8080-exec-10] DEBUG e.m.n.i.a.o.monitoring.LoggingAdapter              - send - Call notificationRepository.save for updated notification
2025-07-31 18:49:30,012 [http-nio-8080-exec-10] INFO  e.m.n.i.a.o.p.m.NotificationOutputMapper           - toEntity - Init
2025-07-31 18:49:30,012 [http-nio-8080-exec-10] INFO  e.m.n.i.a.o.p.m.NotificationOutputMapper           - toEntity - End
2025-07-31 18:49:30,013 [http-nio-8080-exec-10] DEBUG e.m.n.i.a.o.monitoring.LoggingAdapter              - send - Call saveSentEventToOutbox
2025-07-31 18:49:30,013 [http-nio-8080-exec-10] DEBUG e.m.n.i.a.o.monitoring.LoggingAdapter              - saveSentEventToOutbox - Saving sent event to outbox for notification: d2165f50-c585-4e67-9c49-aa70922bbbe6
2025-07-31 18:49:30,013 [http-nio-8080-exec-10] DEBUG e.m.n.i.a.o.monitoring.LoggingAdapter              - SerializationServiceAdapter.serialize - Serializando objeto: {}
2025-07-31 18:49:30,014 [http-nio-8080-exec-10] DEBUG e.m.n.i.a.o.monitoring.LoggingAdapter              - saveSentEventToOutbox - Call outboxRepository.save
2025-07-31 18:49:30,014 [http-nio-8080-exec-10] DEBUG e.m.n.i.a.o.monitoring.LoggingAdapter              - saveSentEventToOutbox - Event saved successfully
2025-07-31 18:49:30,015 [http-nio-8080-exec-10] INFO  e.m.n.i.a.o.monitoring.LoggingAdapter              - send - End
2025-07-31 18:49:30,015 [http-nio-8080-exec-10] DEBUG e.m.n.i.a.i.w.c.NotificationController             - sendNotification - Call notificationMapper.toNotificationResponseDTO
2025-07-31 18:49:30,015 [http-nio-8080-exec-10] INFO  e.m.n.i.a.i.w.m.NotificationInputMapper            - toNotificationResponseDTO - init
2025-07-31 18:49:30,015 [http-nio-8080-exec-10] INFO  e.m.n.i.a.i.w.m.NotificationInputMapper            - toNotificationResponseDTO - end
2025-07-31 18:49:30,015 [http-nio-8080-exec-10] INFO  e.m.n.i.a.i.w.c.NotificationController             - sendNotification - end
2025-07-31 18:49:30,163 [http-nio-8080-exec-9] INFO  e.m.n.i.a.i.w.c.NotificationController             - sendNotification - init
2025-07-31 18:49:30,164 [http-nio-8080-exec-9] DEBUG e.m.n.i.a.i.w.c.NotificationController             - sendNotification - Call notificationMapper.toNotificationCommand
2025-07-31 18:49:30,164 [http-nio-8080-exec-9] INFO  e.m.n.i.a.i.w.m.NotificationInputMapper            - toNotificationCommand - init
2025-07-31 18:49:30,164 [http-nio-8080-exec-9] INFO  e.m.n.i.a.i.w.m.NotificationInputMapper            - toNotificationCommand - end
2025-07-31 18:49:30,164 [http-nio-8080-exec-9] DEBUG e.m.n.i.a.i.w.c.NotificationController             - sendNotification - Create ClientContextCommand
2025-07-31 18:49:30,164 [http-nio-8080-exec-9] DEBUG e.m.n.i.a.i.web.util.RequestContextUtil            - Obteniendo IP del cliente
2025-07-31 18:49:30,164 [http-nio-8080-exec-9] DEBUG e.m.n.i.a.i.web.util.RequestContextUtil            - Obteniendo User-Agent del cliente
2025-07-31 18:49:30,164 [http-nio-8080-exec-9] DEBUG e.m.n.i.a.i.web.util.RequestContextUtil            - Obteniendo ruta de la petición
2025-07-31 18:49:30,164 [http-nio-8080-exec-9] DEBUG e.m.n.i.a.i.w.c.NotificationController             - sendNotification - Call sendNotificationUseCase.send
2025-07-31 18:49:30,164 [http-nio-8080-exec-9] INFO  e.m.n.i.a.o.monitoring.LoggingAdapter              - send - Init
2025-07-31 18:49:30,164 [http-nio-8080-exec-9] INFO  e.m.n.i.a.o.p.m.NotificationOutputMapper           - toEntity - Init
2025-07-31 18:49:30,165 [http-nio-8080-exec-9] INFO  e.m.n.i.a.o.p.m.NotificationOutputMapper           - toEntity - End
2025-07-31 18:49:30,166 [http-nio-8080-exec-9] DEBUG e.m.n.i.a.o.monitoring.LoggingAdapter              - send - Notification saved with ID: ac286201-0453-4871-985f-8add88fd1095, channels: [EMAIL, SMS]
2025-07-31 18:49:30,166 [http-nio-8080-exec-9] DEBUG e.m.n.i.a.o.s.NotificationChannelServiceAdapter    - NotificationChannelServiceAdapter.isAvailable - Verificando disponibilidad del canal DEFAULT
2025-07-31 18:49:30,166 [http-nio-8080-exec-9] DEBUG e.m.n.i.a.o.monitoring.LoggingAdapter              - send - Call notificationChannel.send
2025-07-31 18:49:30,166 [http-nio-8080-exec-9] INFO  e.m.n.i.a.o.s.NotificationChannelServiceAdapter    - NotificationChannelServiceAdapter.send - Enviando notificación ac286201-0453-4871-985f-8add88fd1095 por canal DEFAULT
2025-07-31 18:49:30,166 [http-nio-8080-exec-9] INFO  e.m.n.i.a.o.s.NotificationChannelServiceAdapter    - NotificationChannelServiceAdapter.send - Notificación ac286201-0453-4871-985f-8add88fd1095 enviada exitosamente
2025-07-31 18:49:30,166 [http-nio-8080-exec-9] DEBUG e.m.n.i.a.o.monitoring.LoggingAdapter              - send - Mark notification as sent
2025-07-31 18:49:30,166 [http-nio-8080-exec-9] DEBUG e.m.n.i.a.o.monitoring.LoggingAdapter              - send - Call notificationRepository.save for updated notification
2025-07-31 18:49:30,166 [http-nio-8080-exec-9] INFO  e.m.n.i.a.o.p.m.NotificationOutputMapper           - toEntity - Init
2025-07-31 18:49:30,166 [http-nio-8080-exec-9] INFO  e.m.n.i.a.o.p.m.NotificationOutputMapper           - toEntity - End
2025-07-31 18:49:30,166 [http-nio-8080-exec-9] DEBUG e.m.n.i.a.o.monitoring.LoggingAdapter              - send - Call saveSentEventToOutbox
2025-07-31 18:49:30,166 [http-nio-8080-exec-9] DEBUG e.m.n.i.a.o.monitoring.LoggingAdapter              - saveSentEventToOutbox - Saving sent event to outbox for notification: ac286201-0453-4871-985f-8add88fd1095
2025-07-31 18:49:30,166 [http-nio-8080-exec-9] DEBUG e.m.n.i.a.o.monitoring.LoggingAdapter              - SerializationServiceAdapter.serialize - Serializando objeto: {}
2025-07-31 18:49:30,166 [http-nio-8080-exec-9] DEBUG e.m.n.i.a.o.monitoring.LoggingAdapter              - saveSentEventToOutbox - Call outboxRepository.save
2025-07-31 18:49:30,171 [http-nio-8080-exec-9] DEBUG e.m.n.i.a.o.monitoring.LoggingAdapter              - saveSentEventToOutbox - Event saved successfully
2025-07-31 18:49:30,171 [http-nio-8080-exec-9] INFO  e.m.n.i.a.o.monitoring.LoggingAdapter              - send - End
2025-07-31 18:49:30,171 [http-nio-8080-exec-9] DEBUG e.m.n.i.a.i.w.c.NotificationController             - sendNotification - Call notificationMapper.toNotificationResponseDTO
2025-07-31 18:49:30,171 [http-nio-8080-exec-9] INFO  e.m.n.i.a.i.w.m.NotificationInputMapper            - toNotificationResponseDTO - init
2025-07-31 18:49:30,171 [http-nio-8080-exec-9] INFO  e.m.n.i.a.i.w.m.NotificationInputMapper            - toNotificationResponseDTO - end
2025-07-31 18:49:30,171 [http-nio-8080-exec-9] INFO  e.m.n.i.a.i.w.c.NotificationController             - sendNotification - end
2025-07-31 18:49:30,333 [http-nio-8080-exec-1] INFO  e.m.n.i.a.i.w.c.NotificationController             - sendNotification - init
2025-07-31 18:49:30,333 [http-nio-8080-exec-1] DEBUG e.m.n.i.a.i.w.c.NotificationController             - sendNotification - Call notificationMapper.toNotificationCommand
2025-07-31 18:49:30,333 [http-nio-8080-exec-1] INFO  e.m.n.i.a.i.w.m.NotificationInputMapper            - toNotificationCommand - init
2025-07-31 18:49:30,334 [http-nio-8080-exec-1] INFO  e.m.n.i.a.i.w.m.NotificationInputMapper            - toNotificationCommand - end
2025-07-31 18:49:30,334 [http-nio-8080-exec-1] DEBUG e.m.n.i.a.i.w.c.NotificationController             - sendNotification - Create ClientContextCommand
2025-07-31 18:49:30,334 [http-nio-8080-exec-1] DEBUG e.m.n.i.a.i.web.util.RequestContextUtil            - Obteniendo IP del cliente
2025-07-31 18:49:30,334 [http-nio-8080-exec-1] DEBUG e.m.n.i.a.i.web.util.RequestContextUtil            - Obteniendo User-Agent del cliente
2025-07-31 18:49:30,334 [http-nio-8080-exec-1] DEBUG e.m.n.i.a.i.web.util.RequestContextUtil            - Obteniendo ruta de la petición
2025-07-31 18:49:30,334 [http-nio-8080-exec-1] DEBUG e.m.n.i.a.i.w.c.NotificationController             - sendNotification - Call sendNotificationUseCase.send
2025-07-31 18:49:30,334 [http-nio-8080-exec-1] INFO  e.m.n.i.a.o.monitoring.LoggingAdapter              - send - Init
2025-07-31 18:49:30,334 [http-nio-8080-exec-1] INFO  e.m.n.i.a.o.p.m.NotificationOutputMapper           - toEntity - Init
2025-07-31 18:49:30,334 [http-nio-8080-exec-1] INFO  e.m.n.i.a.o.p.m.NotificationOutputMapper           - toEntity - End
2025-07-31 18:49:30,338 [http-nio-8080-exec-1] DEBUG e.m.n.i.a.o.monitoring.LoggingAdapter              - send - Notification saved with ID: b0a57d95-b1d7-46b8-a1f9-7bdf14b59754, channels: [EMAIL, SMS]
2025-07-31 18:49:30,338 [http-nio-8080-exec-1] DEBUG e.m.n.i.a.o.s.NotificationChannelServiceAdapter    - NotificationChannelServiceAdapter.isAvailable - Verificando disponibilidad del canal DEFAULT
2025-07-31 18:49:30,338 [http-nio-8080-exec-1] DEBUG e.m.n.i.a.o.monitoring.LoggingAdapter              - send - Call notificationChannel.send
2025-07-31 18:49:30,338 [http-nio-8080-exec-1] INFO  e.m.n.i.a.o.s.NotificationChannelServiceAdapter    - NotificationChannelServiceAdapter.send - Enviando notificación b0a57d95-b1d7-46b8-a1f9-7bdf14b59754 por canal DEFAULT
2025-07-31 18:49:30,338 [http-nio-8080-exec-1] INFO  e.m.n.i.a.o.s.NotificationChannelServiceAdapter    - NotificationChannelServiceAdapter.send - Notificación b0a57d95-b1d7-46b8-a1f9-7bdf14b59754 enviada exitosamente
2025-07-31 18:49:30,338 [http-nio-8080-exec-1] DEBUG e.m.n.i.a.o.monitoring.LoggingAdapter              - send - Mark notification as sent
2025-07-31 18:49:30,338 [http-nio-8080-exec-1] DEBUG e.m.n.i.a.o.monitoring.LoggingAdapter              - send - Call notificationRepository.save for updated notification
2025-07-31 18:49:30,338 [http-nio-8080-exec-1] INFO  e.m.n.i.a.o.p.m.NotificationOutputMapper           - toEntity - Init
2025-07-31 18:49:30,338 [http-nio-8080-exec-1] INFO  e.m.n.i.a.o.p.m.NotificationOutputMapper           - toEntity - End
2025-07-31 18:49:30,341 [http-nio-8080-exec-1] DEBUG e.m.n.i.a.o.monitoring.LoggingAdapter              - send - Call saveSentEventToOutbox
2025-07-31 18:49:30,341 [http-nio-8080-exec-1] DEBUG e.m.n.i.a.o.monitoring.LoggingAdapter              - saveSentEventToOutbox - Saving sent event to outbox for notification: b0a57d95-b1d7-46b8-a1f9-7bdf14b59754
2025-07-31 18:49:30,342 [http-nio-8080-exec-1] DEBUG e.m.n.i.a.o.monitoring.LoggingAdapter              - SerializationServiceAdapter.serialize - Serializando objeto: {}
2025-07-31 18:49:30,342 [http-nio-8080-exec-1] DEBUG e.m.n.i.a.o.monitoring.LoggingAdapter              - saveSentEventToOutbox - Call outboxRepository.save
2025-07-31 18:49:30,344 [http-nio-8080-exec-1] DEBUG e.m.n.i.a.o.monitoring.LoggingAdapter              - saveSentEventToOutbox - Event saved successfully
2025-07-31 18:49:30,344 [http-nio-8080-exec-1] INFO  e.m.n.i.a.o.monitoring.LoggingAdapter              - send - End
2025-07-31 18:49:30,344 [http-nio-8080-exec-1] DEBUG e.m.n.i.a.i.w.c.NotificationController             - sendNotification - Call notificationMapper.toNotificationResponseDTO
2025-07-31 18:49:30,344 [http-nio-8080-exec-1] INFO  e.m.n.i.a.i.w.m.NotificationInputMapper            - toNotificationResponseDTO - init
2025-07-31 18:49:30,344 [http-nio-8080-exec-1] INFO  e.m.n.i.a.i.w.m.NotificationInputMapper            - toNotificationResponseDTO - end
2025-07-31 18:49:30,344 [http-nio-8080-exec-1] INFO  e.m.n.i.a.i.w.c.NotificationController             - sendNotification - end
2025-07-31 18:49:30,892 [http-nio-8080-exec-2] INFO  e.m.n.i.a.i.w.c.NotificationController             - sendNotification - init
2025-07-31 18:49:30,893 [http-nio-8080-exec-2] DEBUG e.m.n.i.a.i.w.c.NotificationController             - sendNotification - Call notificationMapper.toNotificationCommand
2025-07-31 18:49:30,893 [http-nio-8080-exec-2] INFO  e.m.n.i.a.i.w.m.NotificationInputMapper            - toNotificationCommand - init
2025-07-31 18:49:30,893 [http-nio-8080-exec-2] INFO  e.m.n.i.a.i.w.m.NotificationInputMapper            - toNotificationCommand - end
2025-07-31 18:49:30,893 [http-nio-8080-exec-2] DEBUG e.m.n.i.a.i.w.c.NotificationController             - sendNotification - Create ClientContextCommand
2025-07-31 18:49:30,893 [http-nio-8080-exec-2] DEBUG e.m.n.i.a.i.web.util.RequestContextUtil            - Obteniendo IP del cliente
2025-07-31 18:49:30,893 [http-nio-8080-exec-2] DEBUG e.m.n.i.a.i.web.util.RequestContextUtil            - Obteniendo User-Agent del cliente
2025-07-31 18:49:30,893 [http-nio-8080-exec-2] DEBUG e.m.n.i.a.i.web.util.RequestContextUtil            - Obteniendo ruta de la petición
2025-07-31 18:49:30,893 [http-nio-8080-exec-2] DEBUG e.m.n.i.a.i.w.c.NotificationController             - sendNotification - Call sendNotificationUseCase.send
2025-07-31 18:49:30,893 [http-nio-8080-exec-2] INFO  e.m.n.i.a.o.monitoring.LoggingAdapter              - send - Init
2025-07-31 18:49:30,893 [http-nio-8080-exec-2] INFO  e.m.n.i.a.o.p.m.NotificationOutputMapper           - toEntity - Init
2025-07-31 18:49:30,893 [http-nio-8080-exec-2] INFO  e.m.n.i.a.o.p.m.NotificationOutputMapper           - toEntity - End
2025-07-31 18:49:30,894 [http-nio-8080-exec-2] DEBUG e.m.n.i.a.o.monitoring.LoggingAdapter              - send - Notification saved with ID: 72abff1b-cad7-4cc7-94ec-b7638be9427a, channels: [EMAIL, SMS]
2025-07-31 18:49:30,894 [http-nio-8080-exec-2] DEBUG e.m.n.i.a.o.s.NotificationChannelServiceAdapter    - NotificationChannelServiceAdapter.isAvailable - Verificando disponibilidad del canal DEFAULT
2025-07-31 18:49:30,894 [http-nio-8080-exec-2] DEBUG e.m.n.i.a.o.monitoring.LoggingAdapter              - send - Call notificationChannel.send
2025-07-31 18:49:30,894 [http-nio-8080-exec-2] INFO  e.m.n.i.a.o.s.NotificationChannelServiceAdapter    - NotificationChannelServiceAdapter.send - Enviando notificación 72abff1b-cad7-4cc7-94ec-b7638be9427a por canal DEFAULT
2025-07-31 18:49:30,894 [http-nio-8080-exec-2] INFO  e.m.n.i.a.o.s.NotificationChannelServiceAdapter    - NotificationChannelServiceAdapter.send - Notificación 72abff1b-cad7-4cc7-94ec-b7638be9427a enviada exitosamente
2025-07-31 18:49:30,894 [http-nio-8080-exec-2] DEBUG e.m.n.i.a.o.monitoring.LoggingAdapter              - send - Mark notification as sent
2025-07-31 18:49:30,894 [http-nio-8080-exec-2] DEBUG e.m.n.i.a.o.monitoring.LoggingAdapter              - send - Call notificationRepository.save for updated notification
2025-07-31 18:49:30,894 [http-nio-8080-exec-2] INFO  e.m.n.i.a.o.p.m.NotificationOutputMapper           - toEntity - Init
2025-07-31 18:49:30,894 [http-nio-8080-exec-2] INFO  e.m.n.i.a.o.p.m.NotificationOutputMapper           - toEntity - End
2025-07-31 18:49:30,894 [http-nio-8080-exec-2] DEBUG e.m.n.i.a.o.monitoring.LoggingAdapter              - send - Call saveSentEventToOutbox
2025-07-31 18:49:30,894 [http-nio-8080-exec-2] DEBUG e.m.n.i.a.o.monitoring.LoggingAdapter              - saveSentEventToOutbox - Saving sent event to outbox for notification: 72abff1b-cad7-4cc7-94ec-b7638be9427a
2025-07-31 18:49:30,894 [http-nio-8080-exec-2] DEBUG e.m.n.i.a.o.monitoring.LoggingAdapter              - SerializationServiceAdapter.serialize - Serializando objeto: {}
2025-07-31 18:49:30,894 [http-nio-8080-exec-2] DEBUG e.m.n.i.a.o.monitoring.LoggingAdapter              - saveSentEventToOutbox - Call outboxRepository.save
2025-07-31 18:49:30,894 [http-nio-8080-exec-2] DEBUG e.m.n.i.a.o.monitoring.LoggingAdapter              - saveSentEventToOutbox - Event saved successfully
2025-07-31 18:49:30,894 [http-nio-8080-exec-2] INFO  e.m.n.i.a.o.monitoring.LoggingAdapter              - send - End
2025-07-31 18:49:30,894 [http-nio-8080-exec-2] DEBUG e.m.n.i.a.i.w.c.NotificationController             - sendNotification - Call notificationMapper.toNotificationResponseDTO
2025-07-31 18:49:30,894 [http-nio-8080-exec-2] INFO  e.m.n.i.a.i.w.m.NotificationInputMapper            - toNotificationResponseDTO - init
2025-07-31 18:49:30,894 [http-nio-8080-exec-2] INFO  e.m.n.i.a.i.w.m.NotificationInputMapper            - toNotificationResponseDTO - end
2025-07-31 18:49:30,894 [http-nio-8080-exec-2] INFO  e.m.n.i.a.i.w.c.NotificationController             - sendNotification - end
2025-07-31 18:49:31,368 [http-nio-8080-exec-3] INFO  e.m.n.i.a.i.w.c.NotificationController             - sendNotification - init
2025-07-31 18:49:31,369 [http-nio-8080-exec-3] DEBUG e.m.n.i.a.i.w.c.NotificationController             - sendNotification - Call notificationMapper.toNotificationCommand
2025-07-31 18:49:31,369 [http-nio-8080-exec-3] INFO  e.m.n.i.a.i.w.m.NotificationInputMapper            - toNotificationCommand - init
2025-07-31 18:49:31,369 [http-nio-8080-exec-3] INFO  e.m.n.i.a.i.w.m.NotificationInputMapper            - toNotificationCommand - end
2025-07-31 18:49:31,369 [http-nio-8080-exec-3] DEBUG e.m.n.i.a.i.w.c.NotificationController             - sendNotification - Create ClientContextCommand
2025-07-31 18:49:31,369 [http-nio-8080-exec-3] DEBUG e.m.n.i.a.i.web.util.RequestContextUtil            - Obteniendo IP del cliente
2025-07-31 18:49:31,369 [http-nio-8080-exec-3] DEBUG e.m.n.i.a.i.web.util.RequestContextUtil            - Obteniendo User-Agent del cliente
2025-07-31 18:49:31,369 [http-nio-8080-exec-3] DEBUG e.m.n.i.a.i.web.util.RequestContextUtil            - Obteniendo ruta de la petición
2025-07-31 18:49:31,369 [http-nio-8080-exec-3] DEBUG e.m.n.i.a.i.w.c.NotificationController             - sendNotification - Call sendNotificationUseCase.send
2025-07-31 18:49:31,369 [http-nio-8080-exec-3] INFO  e.m.n.i.a.o.monitoring.LoggingAdapter              - send - Init
2025-07-31 18:49:31,369 [http-nio-8080-exec-3] INFO  e.m.n.i.a.o.p.m.NotificationOutputMapper           - toEntity - Init
2025-07-31 18:49:31,369 [http-nio-8080-exec-3] INFO  e.m.n.i.a.o.p.m.NotificationOutputMapper           - toEntity - End
2025-07-31 18:49:31,372 [http-nio-8080-exec-3] DEBUG e.m.n.i.a.o.monitoring.LoggingAdapter              - send - Notification saved with ID: 3225bbc1-c6c5-4398-a313-554261969241, channels: [EMAIL, SMS]
2025-07-31 18:49:31,372 [http-nio-8080-exec-3] DEBUG e.m.n.i.a.o.s.NotificationChannelServiceAdapter    - NotificationChannelServiceAdapter.isAvailable - Verificando disponibilidad del canal DEFAULT
2025-07-31 18:49:31,372 [http-nio-8080-exec-3] DEBUG e.m.n.i.a.o.monitoring.LoggingAdapter              - send - Call notificationChannel.send
2025-07-31 18:49:31,372 [http-nio-8080-exec-3] INFO  e.m.n.i.a.o.s.NotificationChannelServiceAdapter    - NotificationChannelServiceAdapter.send - Enviando notificación 3225bbc1-c6c5-4398-a313-554261969241 por canal DEFAULT
2025-07-31 18:49:31,372 [http-nio-8080-exec-3] INFO  e.m.n.i.a.o.s.NotificationChannelServiceAdapter    - NotificationChannelServiceAdapter.send - Notificación 3225bbc1-c6c5-4398-a313-554261969241 enviada exitosamente
2025-07-31 18:49:31,372 [http-nio-8080-exec-3] DEBUG e.m.n.i.a.o.monitoring.LoggingAdapter              - send - Mark notification as sent
2025-07-31 18:49:31,372 [http-nio-8080-exec-3] DEBUG e.m.n.i.a.o.monitoring.LoggingAdapter              - send - Call notificationRepository.save for updated notification
2025-07-31 18:49:31,372 [http-nio-8080-exec-3] INFO  e.m.n.i.a.o.p.m.NotificationOutputMapper           - toEntity - Init
2025-07-31 18:49:31,372 [http-nio-8080-exec-3] INFO  e.m.n.i.a.o.p.m.NotificationOutputMapper           - toEntity - End
2025-07-31 18:49:31,373 [http-nio-8080-exec-3] DEBUG e.m.n.i.a.o.monitoring.LoggingAdapter              - send - Call saveSentEventToOutbox
2025-07-31 18:49:31,373 [http-nio-8080-exec-3] DEBUG e.m.n.i.a.o.monitoring.LoggingAdapter              - saveSentEventToOutbox - Saving sent event to outbox for notification: 3225bbc1-c6c5-4398-a313-554261969241
2025-07-31 18:49:31,373 [http-nio-8080-exec-3] DEBUG e.m.n.i.a.o.monitoring.LoggingAdapter              - SerializationServiceAdapter.serialize - Serializando objeto: {}
2025-07-31 18:49:31,373 [http-nio-8080-exec-3] DEBUG e.m.n.i.a.o.monitoring.LoggingAdapter              - saveSentEventToOutbox - Call outboxRepository.save
2025-07-31 18:49:31,373 [http-nio-8080-exec-3] DEBUG e.m.n.i.a.o.monitoring.LoggingAdapter              - saveSentEventToOutbox - Event saved successfully
2025-07-31 18:49:31,373 [http-nio-8080-exec-3] INFO  e.m.n.i.a.o.monitoring.LoggingAdapter              - send - End
2025-07-31 18:49:31,373 [http-nio-8080-exec-3] DEBUG e.m.n.i.a.i.w.c.NotificationController             - sendNotification - Call notificationMapper.toNotificationResponseDTO
2025-07-31 18:49:31,373 [http-nio-8080-exec-3] INFO  e.m.n.i.a.i.w.m.NotificationInputMapper            - toNotificationResponseDTO - init
2025-07-31 18:49:31,373 [http-nio-8080-exec-3] INFO  e.m.n.i.a.i.w.m.NotificationInputMapper            - toNotificationResponseDTO - end
2025-07-31 18:49:31,373 [http-nio-8080-exec-3] INFO  e.m.n.i.a.i.w.c.NotificationController             - sendNotification - end
2025-07-31 18:49:31,815 [http-nio-8080-exec-4] INFO  e.m.n.i.a.i.w.c.NotificationController             - sendNotification - init
2025-07-31 18:49:31,815 [http-nio-8080-exec-4] DEBUG e.m.n.i.a.i.w.c.NotificationController             - sendNotification - Call notificationMapper.toNotificationCommand
2025-07-31 18:49:31,815 [http-nio-8080-exec-4] INFO  e.m.n.i.a.i.w.m.NotificationInputMapper            - toNotificationCommand - init
2025-07-31 18:49:31,815 [http-nio-8080-exec-4] INFO  e.m.n.i.a.i.w.m.NotificationInputMapper            - toNotificationCommand - end
2025-07-31 18:49:31,815 [http-nio-8080-exec-4] DEBUG e.m.n.i.a.i.w.c.NotificationController             - sendNotification - Create ClientContextCommand
2025-07-31 18:49:31,815 [http-nio-8080-exec-4] DEBUG e.m.n.i.a.i.web.util.RequestContextUtil            - Obteniendo IP del cliente
2025-07-31 18:49:31,815 [http-nio-8080-exec-4] DEBUG e.m.n.i.a.i.web.util.RequestContextUtil            - Obteniendo User-Agent del cliente
2025-07-31 18:49:31,815 [http-nio-8080-exec-4] DEBUG e.m.n.i.a.i.web.util.RequestContextUtil            - Obteniendo ruta de la petición
2025-07-31 18:49:31,815 [http-nio-8080-exec-4] DEBUG e.m.n.i.a.i.w.c.NotificationController             - sendNotification - Call sendNotificationUseCase.send
2025-07-31 18:49:31,815 [http-nio-8080-exec-4] INFO  e.m.n.i.a.o.monitoring.LoggingAdapter              - send - Init
2025-07-31 18:49:31,815 [http-nio-8080-exec-4] INFO  e.m.n.i.a.o.p.m.NotificationOutputMapper           - toEntity - Init
2025-07-31 18:49:31,815 [http-nio-8080-exec-4] INFO  e.m.n.i.a.o.p.m.NotificationOutputMapper           - toEntity - End
2025-07-31 18:49:31,818 [http-nio-8080-exec-4] DEBUG e.m.n.i.a.o.monitoring.LoggingAdapter              - send - Notification saved with ID: cbba4f00-9146-4e09-a767-966843516f88, channels: [EMAIL, SMS]
2025-07-31 18:49:31,818 [http-nio-8080-exec-4] DEBUG e.m.n.i.a.o.s.NotificationChannelServiceAdapter    - NotificationChannelServiceAdapter.isAvailable - Verificando disponibilidad del canal DEFAULT
2025-07-31 18:49:31,818 [http-nio-8080-exec-4] DEBUG e.m.n.i.a.o.monitoring.LoggingAdapter              - send - Call notificationChannel.send
2025-07-31 18:49:31,818 [http-nio-8080-exec-4] INFO  e.m.n.i.a.o.s.NotificationChannelServiceAdapter    - NotificationChannelServiceAdapter.send - Enviando notificación cbba4f00-9146-4e09-a767-966843516f88 por canal DEFAULT
2025-07-31 18:49:31,818 [http-nio-8080-exec-4] INFO  e.m.n.i.a.o.s.NotificationChannelServiceAdapter    - NotificationChannelServiceAdapter.send - Notificación cbba4f00-9146-4e09-a767-966843516f88 enviada exitosamente
2025-07-31 18:49:31,818 [http-nio-8080-exec-4] DEBUG e.m.n.i.a.o.monitoring.LoggingAdapter              - send - Mark notification as sent
2025-07-31 18:49:31,818 [http-nio-8080-exec-4] DEBUG e.m.n.i.a.o.monitoring.LoggingAdapter              - send - Call notificationRepository.save for updated notification
2025-07-31 18:49:31,818 [http-nio-8080-exec-4] INFO  e.m.n.i.a.o.p.m.NotificationOutputMapper           - toEntity - Init
2025-07-31 18:49:31,818 [http-nio-8080-exec-4] INFO  e.m.n.i.a.o.p.m.NotificationOutputMapper           - toEntity - End
2025-07-31 18:49:31,819 [http-nio-8080-exec-4] DEBUG e.m.n.i.a.o.monitoring.LoggingAdapter              - send - Call saveSentEventToOutbox
2025-07-31 18:49:31,819 [http-nio-8080-exec-4] DEBUG e.m.n.i.a.o.monitoring.LoggingAdapter              - saveSentEventToOutbox - Saving sent event to outbox for notification: cbba4f00-9146-4e09-a767-966843516f88
2025-07-31 18:49:31,819 [http-nio-8080-exec-4] DEBUG e.m.n.i.a.o.monitoring.LoggingAdapter              - SerializationServiceAdapter.serialize - Serializando objeto: {}
2025-07-31 18:49:31,819 [http-nio-8080-exec-4] DEBUG e.m.n.i.a.o.monitoring.LoggingAdapter              - saveSentEventToOutbox - Call outboxRepository.save
2025-07-31 18:49:31,819 [http-nio-8080-exec-4] DEBUG e.m.n.i.a.o.monitoring.LoggingAdapter              - saveSentEventToOutbox - Event saved successfully
2025-07-31 18:49:31,819 [http-nio-8080-exec-4] INFO  e.m.n.i.a.o.monitoring.LoggingAdapter              - send - End
2025-07-31 18:49:31,819 [http-nio-8080-exec-4] DEBUG e.m.n.i.a.i.w.c.NotificationController             - sendNotification - Call notificationMapper.toNotificationResponseDTO
2025-07-31 18:49:31,819 [http-nio-8080-exec-4] INFO  e.m.n.i.a.i.w.m.NotificationInputMapper            - toNotificationResponseDTO - init
2025-07-31 18:49:31,819 [http-nio-8080-exec-4] INFO  e.m.n.i.a.i.w.m.NotificationInputMapper            - toNotificationResponseDTO - end
2025-07-31 18:49:31,819 [http-nio-8080-exec-4] INFO  e.m.n.i.a.i.w.c.NotificationController             - sendNotification - end
2025-07-31 18:49:32,184 [http-nio-8080-exec-6] INFO  e.m.n.i.a.i.w.c.NotificationController             - sendNotification - init
2025-07-31 18:49:32,185 [http-nio-8080-exec-6] DEBUG e.m.n.i.a.i.w.c.NotificationController             - sendNotification - Call notificationMapper.toNotificationCommand
2025-07-31 18:49:32,185 [http-nio-8080-exec-6] INFO  e.m.n.i.a.i.w.m.NotificationInputMapper            - toNotificationCommand - init
2025-07-31 18:49:32,185 [http-nio-8080-exec-6] INFO  e.m.n.i.a.i.w.m.NotificationInputMapper            - toNotificationCommand - end
2025-07-31 18:49:32,185 [http-nio-8080-exec-6] DEBUG e.m.n.i.a.i.w.c.NotificationController             - sendNotification - Create ClientContextCommand
2025-07-31 18:49:32,185 [http-nio-8080-exec-6] DEBUG e.m.n.i.a.i.web.util.RequestContextUtil            - Obteniendo IP del cliente
2025-07-31 18:49:32,185 [http-nio-8080-exec-6] DEBUG e.m.n.i.a.i.web.util.RequestContextUtil            - Obteniendo User-Agent del cliente
2025-07-31 18:49:32,185 [http-nio-8080-exec-6] DEBUG e.m.n.i.a.i.web.util.RequestContextUtil            - Obteniendo ruta de la petición
2025-07-31 18:49:32,185 [http-nio-8080-exec-6] DEBUG e.m.n.i.a.i.w.c.NotificationController             - sendNotification - Call sendNotificationUseCase.send
2025-07-31 18:49:32,185 [http-nio-8080-exec-6] INFO  e.m.n.i.a.o.monitoring.LoggingAdapter              - send - Init
2025-07-31 18:49:32,185 [http-nio-8080-exec-6] INFO  e.m.n.i.a.o.p.m.NotificationOutputMapper           - toEntity - Init
2025-07-31 18:49:32,185 [http-nio-8080-exec-6] INFO  e.m.n.i.a.o.p.m.NotificationOutputMapper           - toEntity - End
2025-07-31 18:49:32,186 [http-nio-8080-exec-6] DEBUG e.m.n.i.a.o.monitoring.LoggingAdapter              - send - Notification saved with ID: 38bb6a12-4b32-4de3-9106-fc4684ec8527, channels: [EMAIL, SMS]
2025-07-31 18:49:32,186 [http-nio-8080-exec-6] DEBUG e.m.n.i.a.o.s.NotificationChannelServiceAdapter    - NotificationChannelServiceAdapter.isAvailable - Verificando disponibilidad del canal DEFAULT
2025-07-31 18:49:32,186 [http-nio-8080-exec-6] DEBUG e.m.n.i.a.o.monitoring.LoggingAdapter              - send - Call notificationChannel.send
2025-07-31 18:49:32,186 [http-nio-8080-exec-6] INFO  e.m.n.i.a.o.s.NotificationChannelServiceAdapter    - NotificationChannelServiceAdapter.send - Enviando notificación 38bb6a12-4b32-4de3-9106-fc4684ec8527 por canal DEFAULT
2025-07-31 18:49:32,186 [http-nio-8080-exec-6] INFO  e.m.n.i.a.o.s.NotificationChannelServiceAdapter    - NotificationChannelServiceAdapter.send - Notificación 38bb6a12-4b32-4de3-9106-fc4684ec8527 enviada exitosamente
2025-07-31 18:49:32,186 [http-nio-8080-exec-6] DEBUG e.m.n.i.a.o.monitoring.LoggingAdapter              - send - Mark notification as sent
2025-07-31 18:49:32,186 [http-nio-8080-exec-6] DEBUG e.m.n.i.a.o.monitoring.LoggingAdapter              - send - Call notificationRepository.save for updated notification
2025-07-31 18:49:32,186 [http-nio-8080-exec-6] INFO  e.m.n.i.a.o.p.m.NotificationOutputMapper           - toEntity - Init
2025-07-31 18:49:32,186 [http-nio-8080-exec-6] INFO  e.m.n.i.a.o.p.m.NotificationOutputMapper           - toEntity - End
2025-07-31 18:49:32,189 [http-nio-8080-exec-6] DEBUG e.m.n.i.a.o.monitoring.LoggingAdapter              - send - Call saveSentEventToOutbox
2025-07-31 18:49:32,189 [http-nio-8080-exec-6] DEBUG e.m.n.i.a.o.monitoring.LoggingAdapter              - saveSentEventToOutbox - Saving sent event to outbox for notification: 38bb6a12-4b32-4de3-9106-fc4684ec8527
2025-07-31 18:49:32,189 [http-nio-8080-exec-6] DEBUG e.m.n.i.a.o.monitoring.LoggingAdapter              - SerializationServiceAdapter.serialize - Serializando objeto: {}
2025-07-31 18:49:32,189 [http-nio-8080-exec-6] DEBUG e.m.n.i.a.o.monitoring.LoggingAdapter              - saveSentEventToOutbox - Call outboxRepository.save
2025-07-31 18:49:32,192 [http-nio-8080-exec-6] DEBUG e.m.n.i.a.o.monitoring.LoggingAdapter              - saveSentEventToOutbox - Event saved successfully
2025-07-31 18:49:32,192 [http-nio-8080-exec-6] INFO  e.m.n.i.a.o.monitoring.LoggingAdapter              - send - End
2025-07-31 18:49:32,192 [http-nio-8080-exec-6] DEBUG e.m.n.i.a.i.w.c.NotificationController             - sendNotification - Call notificationMapper.toNotificationResponseDTO
2025-07-31 18:49:32,192 [http-nio-8080-exec-6] INFO  e.m.n.i.a.i.w.m.NotificationInputMapper            - toNotificationResponseDTO - init
2025-07-31 18:49:32,192 [http-nio-8080-exec-6] INFO  e.m.n.i.a.i.w.m.NotificationInputMapper            - toNotificationResponseDTO - end
2025-07-31 18:49:32,192 [http-nio-8080-exec-6] INFO  e.m.n.i.a.i.w.c.NotificationController             - sendNotification - end
2025-07-31 18:49:32,364 [http-nio-8080-exec-7] INFO  e.m.n.i.a.i.w.c.NotificationController             - sendNotification - init
2025-07-31 18:49:32,365 [http-nio-8080-exec-7] DEBUG e.m.n.i.a.i.w.c.NotificationController             - sendNotification - Call notificationMapper.toNotificationCommand
2025-07-31 18:49:32,365 [http-nio-8080-exec-7] INFO  e.m.n.i.a.i.w.m.NotificationInputMapper            - toNotificationCommand - init
2025-07-31 18:49:32,365 [http-nio-8080-exec-7] INFO  e.m.n.i.a.i.w.m.NotificationInputMapper            - toNotificationCommand - end
2025-07-31 18:49:32,365 [http-nio-8080-exec-7] DEBUG e.m.n.i.a.i.w.c.NotificationController             - sendNotification - Create ClientContextCommand
2025-07-31 18:49:32,365 [http-nio-8080-exec-7] DEBUG e.m.n.i.a.i.web.util.RequestContextUtil            - Obteniendo IP del cliente
2025-07-31 18:49:32,365 [http-nio-8080-exec-7] DEBUG e.m.n.i.a.i.web.util.RequestContextUtil            - Obteniendo User-Agent del cliente
2025-07-31 18:49:32,365 [http-nio-8080-exec-7] DEBUG e.m.n.i.a.i.web.util.RequestContextUtil            - Obteniendo ruta de la petición
2025-07-31 18:49:32,365 [http-nio-8080-exec-7] DEBUG e.m.n.i.a.i.w.c.NotificationController             - sendNotification - Call sendNotificationUseCase.send
2025-07-31 18:49:32,365 [http-nio-8080-exec-7] INFO  e.m.n.i.a.o.monitoring.LoggingAdapter              - send - Init
2025-07-31 18:49:32,365 [http-nio-8080-exec-7] INFO  e.m.n.i.a.o.p.m.NotificationOutputMapper           - toEntity - Init
2025-07-31 18:49:32,366 [http-nio-8080-exec-7] INFO  e.m.n.i.a.o.p.m.NotificationOutputMapper           - toEntity - End
2025-07-31 18:49:32,366 [http-nio-8080-exec-7] DEBUG e.m.n.i.a.o.monitoring.LoggingAdapter              - send - Notification saved with ID: 050fcffc-37ae-4449-b9f7-9f54f63fd20c, channels: [EMAIL, SMS]
2025-07-31 18:49:32,366 [http-nio-8080-exec-7] DEBUG e.m.n.i.a.o.s.NotificationChannelServiceAdapter    - NotificationChannelServiceAdapter.isAvailable - Verificando disponibilidad del canal DEFAULT
2025-07-31 18:49:32,366 [http-nio-8080-exec-7] DEBUG e.m.n.i.a.o.monitoring.LoggingAdapter              - send - Call notificationChannel.send
2025-07-31 18:49:32,366 [http-nio-8080-exec-7] INFO  e.m.n.i.a.o.s.NotificationChannelServiceAdapter    - NotificationChannelServiceAdapter.send - Enviando notificación 050fcffc-37ae-4449-b9f7-9f54f63fd20c por canal DEFAULT
2025-07-31 18:49:32,366 [http-nio-8080-exec-7] INFO  e.m.n.i.a.o.s.NotificationChannelServiceAdapter    - NotificationChannelServiceAdapter.send - Notificación 050fcffc-37ae-4449-b9f7-9f54f63fd20c enviada exitosamente
2025-07-31 18:49:32,366 [http-nio-8080-exec-7] DEBUG e.m.n.i.a.o.monitoring.LoggingAdapter              - send - Mark notification as sent
2025-07-31 18:49:32,366 [http-nio-8080-exec-7] DEBUG e.m.n.i.a.o.monitoring.LoggingAdapter              - send - Call notificationRepository.save for updated notification
2025-07-31 18:49:32,366 [http-nio-8080-exec-7] INFO  e.m.n.i.a.o.p.m.NotificationOutputMapper           - toEntity - Init
2025-07-31 18:49:32,366 [http-nio-8080-exec-7] INFO  e.m.n.i.a.o.p.m.NotificationOutputMapper           - toEntity - End
2025-07-31 18:49:32,366 [http-nio-8080-exec-7] DEBUG e.m.n.i.a.o.monitoring.LoggingAdapter              - send - Call saveSentEventToOutbox
2025-07-31 18:49:32,366 [http-nio-8080-exec-7] DEBUG e.m.n.i.a.o.monitoring.LoggingAdapter              - saveSentEventToOutbox - Saving sent event to outbox for notification: 050fcffc-37ae-4449-b9f7-9f54f63fd20c
2025-07-31 18:49:32,366 [http-nio-8080-exec-7] DEBUG e.m.n.i.a.o.monitoring.LoggingAdapter              - SerializationServiceAdapter.serialize - Serializando objeto: {}
2025-07-31 18:49:32,366 [http-nio-8080-exec-7] DEBUG e.m.n.i.a.o.monitoring.LoggingAdapter              - saveSentEventToOutbox - Call outboxRepository.save
2025-07-31 18:49:32,366 [http-nio-8080-exec-7] DEBUG e.m.n.i.a.o.monitoring.LoggingAdapter              - saveSentEventToOutbox - Event saved successfully
2025-07-31 18:49:32,366 [http-nio-8080-exec-7] INFO  e.m.n.i.a.o.monitoring.LoggingAdapter              - send - End
2025-07-31 18:49:32,366 [http-nio-8080-exec-7] DEBUG e.m.n.i.a.i.w.c.NotificationController             - sendNotification - Call notificationMapper.toNotificationResponseDTO
2025-07-31 18:49:32,366 [http-nio-8080-exec-7] INFO  e.m.n.i.a.i.w.m.NotificationInputMapper            - toNotificationResponseDTO - init
2025-07-31 18:49:32,366 [http-nio-8080-exec-7] INFO  e.m.n.i.a.i.w.m.NotificationInputMapper            - toNotificationResponseDTO - end
2025-07-31 18:49:32,366 [http-nio-8080-exec-7] INFO  e.m.n.i.a.i.w.c.NotificationController             - sendNotification - end
2025-07-31 18:49:32,532 [http-nio-8080-exec-8] INFO  e.m.n.i.a.i.w.c.NotificationController             - sendNotification - init
2025-07-31 18:49:32,532 [http-nio-8080-exec-8] DEBUG e.m.n.i.a.i.w.c.NotificationController             - sendNotification - Call notificationMapper.toNotificationCommand
2025-07-31 18:49:32,532 [http-nio-8080-exec-8] INFO  e.m.n.i.a.i.w.m.NotificationInputMapper            - toNotificationCommand - init
2025-07-31 18:49:32,532 [http-nio-8080-exec-8] INFO  e.m.n.i.a.i.w.m.NotificationInputMapper            - toNotificationCommand - end
2025-07-31 18:49:32,532 [http-nio-8080-exec-8] DEBUG e.m.n.i.a.i.w.c.NotificationController             - sendNotification - Create ClientContextCommand
2025-07-31 18:49:32,532 [http-nio-8080-exec-8] DEBUG e.m.n.i.a.i.web.util.RequestContextUtil            - Obteniendo IP del cliente
2025-07-31 18:49:32,532 [http-nio-8080-exec-8] DEBUG e.m.n.i.a.i.web.util.RequestContextUtil            - Obteniendo User-Agent del cliente
2025-07-31 18:49:32,532 [http-nio-8080-exec-8] DEBUG e.m.n.i.a.i.web.util.RequestContextUtil            - Obteniendo ruta de la petición
2025-07-31 18:49:32,533 [http-nio-8080-exec-8] DEBUG e.m.n.i.a.i.w.c.NotificationController             - sendNotification - Call sendNotificationUseCase.send
2025-07-31 18:49:32,533 [http-nio-8080-exec-8] INFO  e.m.n.i.a.o.monitoring.LoggingAdapter              - send - Init
2025-07-31 18:49:32,533 [http-nio-8080-exec-8] INFO  e.m.n.i.a.o.p.m.NotificationOutputMapper           - toEntity - Init
2025-07-31 18:49:32,533 [http-nio-8080-exec-8] INFO  e.m.n.i.a.o.p.m.NotificationOutputMapper           - toEntity - End
2025-07-31 18:49:32,533 [http-nio-8080-exec-8] DEBUG e.m.n.i.a.o.monitoring.LoggingAdapter              - send - Notification saved with ID: fdc2aa47-e8c4-4da0-aa90-3ddaafdb3fd5, channels: [EMAIL, SMS]
2025-07-31 18:49:32,533 [http-nio-8080-exec-8] DEBUG e.m.n.i.a.o.s.NotificationChannelServiceAdapter    - NotificationChannelServiceAdapter.isAvailable - Verificando disponibilidad del canal DEFAULT
2025-07-31 18:49:32,533 [http-nio-8080-exec-8] DEBUG e.m.n.i.a.o.monitoring.LoggingAdapter              - send - Call notificationChannel.send
2025-07-31 18:49:32,533 [http-nio-8080-exec-8] INFO  e.m.n.i.a.o.s.NotificationChannelServiceAdapter    - NotificationChannelServiceAdapter.send - Enviando notificación fdc2aa47-e8c4-4da0-aa90-3ddaafdb3fd5 por canal DEFAULT
2025-07-31 18:49:32,533 [http-nio-8080-exec-8] INFO  e.m.n.i.a.o.s.NotificationChannelServiceAdapter    - NotificationChannelServiceAdapter.send - Notificación fdc2aa47-e8c4-4da0-aa90-3ddaafdb3fd5 enviada exitosamente
2025-07-31 18:49:32,533 [http-nio-8080-exec-8] DEBUG e.m.n.i.a.o.monitoring.LoggingAdapter              - send - Mark notification as sent
2025-07-31 18:49:32,533 [http-nio-8080-exec-8] DEBUG e.m.n.i.a.o.monitoring.LoggingAdapter              - send - Call notificationRepository.save for updated notification
2025-07-31 18:49:32,533 [http-nio-8080-exec-8] INFO  e.m.n.i.a.o.p.m.NotificationOutputMapper           - toEntity - Init
2025-07-31 18:49:32,533 [http-nio-8080-exec-8] INFO  e.m.n.i.a.o.p.m.NotificationOutputMapper           - toEntity - End
2025-07-31 18:49:32,537 [http-nio-8080-exec-8] DEBUG e.m.n.i.a.o.monitoring.LoggingAdapter              - send - Call saveSentEventToOutbox
2025-07-31 18:49:32,537 [http-nio-8080-exec-8] DEBUG e.m.n.i.a.o.monitoring.LoggingAdapter              - saveSentEventToOutbox - Saving sent event to outbox for notification: fdc2aa47-e8c4-4da0-aa90-3ddaafdb3fd5
2025-07-31 18:49:32,537 [http-nio-8080-exec-8] DEBUG e.m.n.i.a.o.monitoring.LoggingAdapter              - SerializationServiceAdapter.serialize - Serializando objeto: {}
2025-07-31 18:49:32,537 [http-nio-8080-exec-8] DEBUG e.m.n.i.a.o.monitoring.LoggingAdapter              - saveSentEventToOutbox - Call outboxRepository.save
2025-07-31 18:49:32,539 [http-nio-8080-exec-8] DEBUG e.m.n.i.a.o.monitoring.LoggingAdapter              - saveSentEventToOutbox - Event saved successfully
2025-07-31 18:49:32,539 [http-nio-8080-exec-8] INFO  e.m.n.i.a.o.monitoring.LoggingAdapter              - send - End
2025-07-31 18:49:32,539 [http-nio-8080-exec-8] DEBUG e.m.n.i.a.i.w.c.NotificationController             - sendNotification - Call notificationMapper.toNotificationResponseDTO
2025-07-31 18:49:32,539 [http-nio-8080-exec-8] INFO  e.m.n.i.a.i.w.m.NotificationInputMapper            - toNotificationResponseDTO - init
2025-07-31 18:49:32,539 [http-nio-8080-exec-8] INFO  e.m.n.i.a.i.w.m.NotificationInputMapper            - toNotificationResponseDTO - end
2025-07-31 18:49:32,539 [http-nio-8080-exec-8] INFO  e.m.n.i.a.i.w.c.NotificationController             - sendNotification - end
2025-07-31 18:49:32,687 [http-nio-8080-exec-5] INFO  e.m.n.i.a.i.w.c.NotificationController             - sendNotification - init
2025-07-31 18:49:32,687 [http-nio-8080-exec-5] DEBUG e.m.n.i.a.i.w.c.NotificationController             - sendNotification - Call notificationMapper.toNotificationCommand
2025-07-31 18:49:32,687 [http-nio-8080-exec-5] INFO  e.m.n.i.a.i.w.m.NotificationInputMapper            - toNotificationCommand - init
2025-07-31 18:49:32,687 [http-nio-8080-exec-5] INFO  e.m.n.i.a.i.w.m.NotificationInputMapper            - toNotificationCommand - end
2025-07-31 18:49:32,687 [http-nio-8080-exec-5] DEBUG e.m.n.i.a.i.w.c.NotificationController             - sendNotification - Create ClientContextCommand
2025-07-31 18:49:32,687 [http-nio-8080-exec-5] DEBUG e.m.n.i.a.i.web.util.RequestContextUtil            - Obteniendo IP del cliente
2025-07-31 18:49:32,687 [http-nio-8080-exec-5] DEBUG e.m.n.i.a.i.web.util.RequestContextUtil            - Obteniendo User-Agent del cliente
2025-07-31 18:49:32,687 [http-nio-8080-exec-5] DEBUG e.m.n.i.a.i.web.util.RequestContextUtil            - Obteniendo ruta de la petición
2025-07-31 18:49:32,687 [http-nio-8080-exec-5] DEBUG e.m.n.i.a.i.w.c.NotificationController             - sendNotification - Call sendNotificationUseCase.send
2025-07-31 18:49:32,687 [http-nio-8080-exec-5] INFO  e.m.n.i.a.o.monitoring.LoggingAdapter              - send - Init
2025-07-31 18:49:32,687 [http-nio-8080-exec-5] INFO  e.m.n.i.a.o.p.m.NotificationOutputMapper           - toEntity - Init
2025-07-31 18:49:32,687 [http-nio-8080-exec-5] INFO  e.m.n.i.a.o.p.m.NotificationOutputMapper           - toEntity - End
2025-07-31 18:49:32,689 [http-nio-8080-exec-5] DEBUG e.m.n.i.a.o.monitoring.LoggingAdapter              - send - Notification saved with ID: c0f41178-62fe-4ba7-b489-31467cac7f35, channels: [EMAIL, SMS]
2025-07-31 18:49:32,689 [http-nio-8080-exec-5] DEBUG e.m.n.i.a.o.s.NotificationChannelServiceAdapter    - NotificationChannelServiceAdapter.isAvailable - Verificando disponibilidad del canal DEFAULT
2025-07-31 18:49:32,689 [http-nio-8080-exec-5] DEBUG e.m.n.i.a.o.monitoring.LoggingAdapter              - send - Call notificationChannel.send
2025-07-31 18:49:32,689 [http-nio-8080-exec-5] INFO  e.m.n.i.a.o.s.NotificationChannelServiceAdapter    - NotificationChannelServiceAdapter.send - Enviando notificación c0f41178-62fe-4ba7-b489-31467cac7f35 por canal DEFAULT
2025-07-31 18:49:32,689 [http-nio-8080-exec-5] INFO  e.m.n.i.a.o.s.NotificationChannelServiceAdapter    - NotificationChannelServiceAdapter.send - Notificación c0f41178-62fe-4ba7-b489-31467cac7f35 enviada exitosamente
2025-07-31 18:49:32,689 [http-nio-8080-exec-5] DEBUG e.m.n.i.a.o.monitoring.LoggingAdapter              - send - Mark notification as sent
2025-07-31 18:49:32,689 [http-nio-8080-exec-5] DEBUG e.m.n.i.a.o.monitoring.LoggingAdapter              - send - Call notificationRepository.save for updated notification
2025-07-31 18:49:32,689 [http-nio-8080-exec-5] INFO  e.m.n.i.a.o.p.m.NotificationOutputMapper           - toEntity - Init
2025-07-31 18:49:32,689 [http-nio-8080-exec-5] INFO  e.m.n.i.a.o.p.m.NotificationOutputMapper           - toEntity - End
2025-07-31 18:49:32,692 [http-nio-8080-exec-5] DEBUG e.m.n.i.a.o.monitoring.LoggingAdapter              - send - Call saveSentEventToOutbox
2025-07-31 18:49:32,692 [http-nio-8080-exec-5] DEBUG e.m.n.i.a.o.monitoring.LoggingAdapter              - saveSentEventToOutbox - Saving sent event to outbox for notification: c0f41178-62fe-4ba7-b489-31467cac7f35
2025-07-31 18:49:32,692 [http-nio-8080-exec-5] DEBUG e.m.n.i.a.o.monitoring.LoggingAdapter              - SerializationServiceAdapter.serialize - Serializando objeto: {}
2025-07-31 18:49:32,692 [http-nio-8080-exec-5] DEBUG e.m.n.i.a.o.monitoring.LoggingAdapter              - saveSentEventToOutbox - Call outboxRepository.save
2025-07-31 18:49:32,692 [http-nio-8080-exec-5] DEBUG e.m.n.i.a.o.monitoring.LoggingAdapter              - saveSentEventToOutbox - Event saved successfully
2025-07-31 18:49:32,692 [http-nio-8080-exec-5] INFO  e.m.n.i.a.o.monitoring.LoggingAdapter              - send - End
2025-07-31 18:49:32,692 [http-nio-8080-exec-5] DEBUG e.m.n.i.a.i.w.c.NotificationController             - sendNotification - Call notificationMapper.toNotificationResponseDTO
2025-07-31 18:49:32,694 [http-nio-8080-exec-5] INFO  e.m.n.i.a.i.w.m.NotificationInputMapper            - toNotificationResponseDTO - init
2025-07-31 18:49:32,694 [http-nio-8080-exec-5] INFO  e.m.n.i.a.i.w.m.NotificationInputMapper            - toNotificationResponseDTO - end
2025-07-31 18:49:32,694 [http-nio-8080-exec-5] INFO  e.m.n.i.a.i.w.c.NotificationController             - sendNotification - end
2025-07-31 18:49:32,837 [http-nio-8080-exec-10] INFO  e.m.n.i.a.i.w.c.NotificationController             - sendNotification - init
2025-07-31 18:49:32,837 [http-nio-8080-exec-10] DEBUG e.m.n.i.a.i.w.c.NotificationController             - sendNotification - Call notificationMapper.toNotificationCommand
2025-07-31 18:49:32,837 [http-nio-8080-exec-10] INFO  e.m.n.i.a.i.w.m.NotificationInputMapper            - toNotificationCommand - init
2025-07-31 18:49:32,837 [http-nio-8080-exec-10] INFO  e.m.n.i.a.i.w.m.NotificationInputMapper            - toNotificationCommand - end
2025-07-31 18:49:32,837 [http-nio-8080-exec-10] DEBUG e.m.n.i.a.i.w.c.NotificationController             - sendNotification - Create ClientContextCommand
2025-07-31 18:49:32,837 [http-nio-8080-exec-10] DEBUG e.m.n.i.a.i.web.util.RequestContextUtil            - Obteniendo IP del cliente
2025-07-31 18:49:32,837 [http-nio-8080-exec-10] DEBUG e.m.n.i.a.i.web.util.RequestContextUtil            - Obteniendo User-Agent del cliente
2025-07-31 18:49:32,837 [http-nio-8080-exec-10] DEBUG e.m.n.i.a.i.web.util.RequestContextUtil            - Obteniendo ruta de la petición
2025-07-31 18:49:32,837 [http-nio-8080-exec-10] DEBUG e.m.n.i.a.i.w.c.NotificationController             - sendNotification - Call sendNotificationUseCase.send
2025-07-31 18:49:32,837 [http-nio-8080-exec-10] INFO  e.m.n.i.a.o.monitoring.LoggingAdapter              - send - Init
2025-07-31 18:49:32,837 [http-nio-8080-exec-10] INFO  e.m.n.i.a.o.p.m.NotificationOutputMapper           - toEntity - Init
2025-07-31 18:49:32,837 [http-nio-8080-exec-10] INFO  e.m.n.i.a.o.p.m.NotificationOutputMapper           - toEntity - End
2025-07-31 18:49:32,839 [http-nio-8080-exec-10] DEBUG e.m.n.i.a.o.monitoring.LoggingAdapter              - send - Notification saved with ID: ed8b8fbe-b68f-4321-8d52-20baca809d0d, channels: [EMAIL, SMS]
2025-07-31 18:49:32,839 [http-nio-8080-exec-10] DEBUG e.m.n.i.a.o.s.NotificationChannelServiceAdapter    - NotificationChannelServiceAdapter.isAvailable - Verificando disponibilidad del canal DEFAULT
2025-07-31 18:49:32,839 [http-nio-8080-exec-10] DEBUG e.m.n.i.a.o.monitoring.LoggingAdapter              - send - Call notificationChannel.send
2025-07-31 18:49:32,839 [http-nio-8080-exec-10] INFO  e.m.n.i.a.o.s.NotificationChannelServiceAdapter    - NotificationChannelServiceAdapter.send - Enviando notificación ed8b8fbe-b68f-4321-8d52-20baca809d0d por canal DEFAULT
2025-07-31 18:49:32,839 [http-nio-8080-exec-10] INFO  e.m.n.i.a.o.s.NotificationChannelServiceAdapter    - NotificationChannelServiceAdapter.send - Notificación ed8b8fbe-b68f-4321-8d52-20baca809d0d enviada exitosamente
2025-07-31 18:49:32,839 [http-nio-8080-exec-10] DEBUG e.m.n.i.a.o.monitoring.LoggingAdapter              - send - Mark notification as sent
2025-07-31 18:49:32,839 [http-nio-8080-exec-10] DEBUG e.m.n.i.a.o.monitoring.LoggingAdapter              - send - Call notificationRepository.save for updated notification
2025-07-31 18:49:32,839 [http-nio-8080-exec-10] INFO  e.m.n.i.a.o.p.m.NotificationOutputMapper           - toEntity - Init
2025-07-31 18:49:32,839 [http-nio-8080-exec-10] INFO  e.m.n.i.a.o.p.m.NotificationOutputMapper           - toEntity - End
2025-07-31 18:49:32,842 [http-nio-8080-exec-10] DEBUG e.m.n.i.a.o.monitoring.LoggingAdapter              - send - Call saveSentEventToOutbox
2025-07-31 18:49:32,842 [http-nio-8080-exec-10] DEBUG e.m.n.i.a.o.monitoring.LoggingAdapter              - saveSentEventToOutbox - Saving sent event to outbox for notification: ed8b8fbe-b68f-4321-8d52-20baca809d0d
2025-07-31 18:49:32,842 [http-nio-8080-exec-10] DEBUG e.m.n.i.a.o.monitoring.LoggingAdapter              - SerializationServiceAdapter.serialize - Serializando objeto: {}
2025-07-31 18:49:32,842 [http-nio-8080-exec-10] DEBUG e.m.n.i.a.o.monitoring.LoggingAdapter              - saveSentEventToOutbox - Call outboxRepository.save
2025-07-31 18:49:32,843 [http-nio-8080-exec-10] DEBUG e.m.n.i.a.o.monitoring.LoggingAdapter              - saveSentEventToOutbox - Event saved successfully
2025-07-31 18:49:32,843 [http-nio-8080-exec-10] INFO  e.m.n.i.a.o.monitoring.LoggingAdapter              - send - End
2025-07-31 18:49:32,843 [http-nio-8080-exec-10] DEBUG e.m.n.i.a.i.w.c.NotificationController             - sendNotification - Call notificationMapper.toNotificationResponseDTO
2025-07-31 18:49:32,843 [http-nio-8080-exec-10] INFO  e.m.n.i.a.i.w.m.NotificationInputMapper            - toNotificationResponseDTO - init
2025-07-31 18:49:32,843 [http-nio-8080-exec-10] INFO  e.m.n.i.a.i.w.m.NotificationInputMapper            - toNotificationResponseDTO - end
2025-07-31 18:49:32,843 [http-nio-8080-exec-10] INFO  e.m.n.i.a.i.w.c.NotificationController             - sendNotification - end
2025-07-31 18:49:32,984 [http-nio-8080-exec-9] INFO  e.m.n.i.a.i.w.c.NotificationController             - sendNotification - init
2025-07-31 18:49:32,984 [http-nio-8080-exec-9] DEBUG e.m.n.i.a.i.w.c.NotificationController             - sendNotification - Call notificationMapper.toNotificationCommand
2025-07-31 18:49:32,984 [http-nio-8080-exec-9] INFO  e.m.n.i.a.i.w.m.NotificationInputMapper            - toNotificationCommand - init
2025-07-31 18:49:32,984 [http-nio-8080-exec-9] INFO  e.m.n.i.a.i.w.m.NotificationInputMapper            - toNotificationCommand - end
2025-07-31 18:49:32,984 [http-nio-8080-exec-9] DEBUG e.m.n.i.a.i.w.c.NotificationController             - sendNotification - Create ClientContextCommand
2025-07-31 18:49:32,984 [http-nio-8080-exec-9] DEBUG e.m.n.i.a.i.web.util.RequestContextUtil            - Obteniendo IP del cliente
2025-07-31 18:49:32,984 [http-nio-8080-exec-9] DEBUG e.m.n.i.a.i.web.util.RequestContextUtil            - Obteniendo User-Agent del cliente
2025-07-31 18:49:32,984 [http-nio-8080-exec-9] DEBUG e.m.n.i.a.i.web.util.RequestContextUtil            - Obteniendo ruta de la petición
2025-07-31 18:49:32,984 [http-nio-8080-exec-9] DEBUG e.m.n.i.a.i.w.c.NotificationController             - sendNotification - Call sendNotificationUseCase.send
2025-07-31 18:49:32,984 [http-nio-8080-exec-9] INFO  e.m.n.i.a.o.monitoring.LoggingAdapter              - send - Init
2025-07-31 18:49:32,984 [http-nio-8080-exec-9] INFO  e.m.n.i.a.o.p.m.NotificationOutputMapper           - toEntity - Init
2025-07-31 18:49:32,984 [http-nio-8080-exec-9] INFO  e.m.n.i.a.o.p.m.NotificationOutputMapper           - toEntity - End
2025-07-31 18:49:32,987 [http-nio-8080-exec-9] DEBUG e.m.n.i.a.o.monitoring.LoggingAdapter              - send - Notification saved with ID: 5fbc1c36-e203-4dfa-8777-c326edae09ac, channels: [EMAIL, SMS]
2025-07-31 18:49:32,987 [http-nio-8080-exec-9] DEBUG e.m.n.i.a.o.s.NotificationChannelServiceAdapter    - NotificationChannelServiceAdapter.isAvailable - Verificando disponibilidad del canal DEFAULT
2025-07-31 18:49:32,987 [http-nio-8080-exec-9] DEBUG e.m.n.i.a.o.monitoring.LoggingAdapter              - send - Call notificationChannel.send
2025-07-31 18:49:32,987 [http-nio-8080-exec-9] INFO  e.m.n.i.a.o.s.NotificationChannelServiceAdapter    - NotificationChannelServiceAdapter.send - Enviando notificación 5fbc1c36-e203-4dfa-8777-c326edae09ac por canal DEFAULT
2025-07-31 18:49:32,987 [http-nio-8080-exec-9] INFO  e.m.n.i.a.o.s.NotificationChannelServiceAdapter    - NotificationChannelServiceAdapter.send - Notificación 5fbc1c36-e203-4dfa-8777-c326edae09ac enviada exitosamente
2025-07-31 18:49:32,987 [http-nio-8080-exec-9] DEBUG e.m.n.i.a.o.monitoring.LoggingAdapter              - send - Mark notification as sent
2025-07-31 18:49:32,987 [http-nio-8080-exec-9] DEBUG e.m.n.i.a.o.monitoring.LoggingAdapter              - send - Call notificationRepository.save for updated notification
2025-07-31 18:49:32,987 [http-nio-8080-exec-9] INFO  e.m.n.i.a.o.p.m.NotificationOutputMapper           - toEntity - Init
2025-07-31 18:49:32,987 [http-nio-8080-exec-9] INFO  e.m.n.i.a.o.p.m.NotificationOutputMapper           - toEntity - End
2025-07-31 18:49:32,990 [http-nio-8080-exec-9] DEBUG e.m.n.i.a.o.monitoring.LoggingAdapter              - send - Call saveSentEventToOutbox
2025-07-31 18:49:32,990 [http-nio-8080-exec-9] DEBUG e.m.n.i.a.o.monitoring.LoggingAdapter              - saveSentEventToOutbox - Saving sent event to outbox for notification: 5fbc1c36-e203-4dfa-8777-c326edae09ac
2025-07-31 18:49:32,990 [http-nio-8080-exec-9] DEBUG e.m.n.i.a.o.monitoring.LoggingAdapter              - SerializationServiceAdapter.serialize - Serializando objeto: {}
2025-07-31 18:49:32,990 [http-nio-8080-exec-9] DEBUG e.m.n.i.a.o.monitoring.LoggingAdapter              - saveSentEventToOutbox - Call outboxRepository.save
2025-07-31 18:49:32,991 [http-nio-8080-exec-9] DEBUG e.m.n.i.a.o.monitoring.LoggingAdapter              - saveSentEventToOutbox - Event saved successfully
2025-07-31 18:49:32,991 [http-nio-8080-exec-9] INFO  e.m.n.i.a.o.monitoring.LoggingAdapter              - send - End
2025-07-31 18:49:32,991 [http-nio-8080-exec-9] DEBUG e.m.n.i.a.i.w.c.NotificationController             - sendNotification - Call notificationMapper.toNotificationResponseDTO
2025-07-31 18:49:32,991 [http-nio-8080-exec-9] INFO  e.m.n.i.a.i.w.m.NotificationInputMapper            - toNotificationResponseDTO - init
2025-07-31 18:49:32,991 [http-nio-8080-exec-9] INFO  e.m.n.i.a.i.w.m.NotificationInputMapper            - toNotificationResponseDTO - end
2025-07-31 18:49:32,992 [http-nio-8080-exec-9] INFO  e.m.n.i.a.i.w.c.NotificationController             - sendNotification - end
2025-07-31 18:49:33,148 [http-nio-8080-exec-1] INFO  e.m.n.i.a.i.w.c.NotificationController             - sendNotification - init
2025-07-31 18:49:33,148 [http-nio-8080-exec-1] DEBUG e.m.n.i.a.i.w.c.NotificationController             - sendNotification - Call notificationMapper.toNotificationCommand
2025-07-31 18:49:33,149 [http-nio-8080-exec-1] INFO  e.m.n.i.a.i.w.m.NotificationInputMapper            - toNotificationCommand - init
2025-07-31 18:49:33,149 [http-nio-8080-exec-1] INFO  e.m.n.i.a.i.w.m.NotificationInputMapper            - toNotificationCommand - end
2025-07-31 18:49:33,149 [http-nio-8080-exec-1] DEBUG e.m.n.i.a.i.w.c.NotificationController             - sendNotification - Create ClientContextCommand
2025-07-31 18:49:33,149 [http-nio-8080-exec-1] DEBUG e.m.n.i.a.i.web.util.RequestContextUtil            - Obteniendo IP del cliente
2025-07-31 18:49:33,149 [http-nio-8080-exec-1] DEBUG e.m.n.i.a.i.web.util.RequestContextUtil            - Obteniendo User-Agent del cliente
2025-07-31 18:49:33,149 [http-nio-8080-exec-1] DEBUG e.m.n.i.a.i.web.util.RequestContextUtil            - Obteniendo ruta de la petición
2025-07-31 18:49:33,149 [http-nio-8080-exec-1] DEBUG e.m.n.i.a.i.w.c.NotificationController             - sendNotification - Call sendNotificationUseCase.send
2025-07-31 18:49:33,149 [http-nio-8080-exec-1] INFO  e.m.n.i.a.o.monitoring.LoggingAdapter              - send - Init
2025-07-31 18:49:33,149 [http-nio-8080-exec-1] INFO  e.m.n.i.a.o.p.m.NotificationOutputMapper           - toEntity - Init
2025-07-31 18:49:33,149 [http-nio-8080-exec-1] INFO  e.m.n.i.a.o.p.m.NotificationOutputMapper           - toEntity - End
2025-07-31 18:49:33,152 [http-nio-8080-exec-1] DEBUG e.m.n.i.a.o.monitoring.LoggingAdapter              - send - Notification saved with ID: 578a5fef-7b99-4e41-983f-ef9383bc5839, channels: [EMAIL, SMS]
2025-07-31 18:49:33,152 [http-nio-8080-exec-1] DEBUG e.m.n.i.a.o.s.NotificationChannelServiceAdapter    - NotificationChannelServiceAdapter.isAvailable - Verificando disponibilidad del canal DEFAULT
2025-07-31 18:49:33,152 [http-nio-8080-exec-1] DEBUG e.m.n.i.a.o.monitoring.LoggingAdapter              - send - Call notificationChannel.send
2025-07-31 18:49:33,152 [http-nio-8080-exec-1] INFO  e.m.n.i.a.o.s.NotificationChannelServiceAdapter    - NotificationChannelServiceAdapter.send - Enviando notificación 578a5fef-7b99-4e41-983f-ef9383bc5839 por canal DEFAULT
2025-07-31 18:49:33,152 [http-nio-8080-exec-1] INFO  e.m.n.i.a.o.s.NotificationChannelServiceAdapter    - NotificationChannelServiceAdapter.send - Notificación 578a5fef-7b99-4e41-983f-ef9383bc5839 enviada exitosamente
2025-07-31 18:49:33,152 [http-nio-8080-exec-1] DEBUG e.m.n.i.a.o.monitoring.LoggingAdapter              - send - Mark notification as sent
2025-07-31 18:49:33,152 [http-nio-8080-exec-1] DEBUG e.m.n.i.a.o.monitoring.LoggingAdapter              - send - Call notificationRepository.save for updated notification
2025-07-31 18:49:33,152 [http-nio-8080-exec-1] INFO  e.m.n.i.a.o.p.m.NotificationOutputMapper           - toEntity - Init
2025-07-31 18:49:33,152 [http-nio-8080-exec-1] INFO  e.m.n.i.a.o.p.m.NotificationOutputMapper           - toEntity - End
2025-07-31 18:49:33,155 [http-nio-8080-exec-1] DEBUG e.m.n.i.a.o.monitoring.LoggingAdapter              - send - Call saveSentEventToOutbox
2025-07-31 18:49:33,155 [http-nio-8080-exec-1] DEBUG e.m.n.i.a.o.monitoring.LoggingAdapter              - saveSentEventToOutbox - Saving sent event to outbox for notification: 578a5fef-7b99-4e41-983f-ef9383bc5839
2025-07-31 18:49:33,155 [http-nio-8080-exec-1] DEBUG e.m.n.i.a.o.monitoring.LoggingAdapter              - SerializationServiceAdapter.serialize - Serializando objeto: {}
2025-07-31 18:49:33,155 [http-nio-8080-exec-1] DEBUG e.m.n.i.a.o.monitoring.LoggingAdapter              - saveSentEventToOutbox - Call outboxRepository.save
2025-07-31 18:49:33,157 [http-nio-8080-exec-1] DEBUG e.m.n.i.a.o.monitoring.LoggingAdapter              - saveSentEventToOutbox - Event saved successfully
2025-07-31 18:49:33,157 [http-nio-8080-exec-1] INFO  e.m.n.i.a.o.monitoring.LoggingAdapter              - send - End
2025-07-31 18:49:33,157 [http-nio-8080-exec-1] DEBUG e.m.n.i.a.i.w.c.NotificationController             - sendNotification - Call notificationMapper.toNotificationResponseDTO
2025-07-31 18:49:33,157 [http-nio-8080-exec-1] INFO  e.m.n.i.a.i.w.m.NotificationInputMapper            - toNotificationResponseDTO - init
2025-07-31 18:49:33,157 [http-nio-8080-exec-1] INFO  e.m.n.i.a.i.w.m.NotificationInputMapper            - toNotificationResponseDTO - end
2025-07-31 18:49:33,157 [http-nio-8080-exec-1] INFO  e.m.n.i.a.i.w.c.NotificationController             - sendNotification - end
2025-07-31 19:17:15,189 [SpringApplicationShutdownHook] INFO  o.s.c.n.e.s.EurekaServiceRegistry                  - Unregistering application NOTIFICATION-SERVICE with eureka with status DOWN
2025-07-31 19:17:15,193 [SpringApplicationShutdownHook] INFO  o.s.b.w.embedded.tomcat.GracefulShutdown           - Commencing graceful shutdown. Waiting for active requests to complete
2025-07-31 19:17:15,194 [tomcat-shutdown] INFO  o.s.b.w.embedded.tomcat.GracefulShutdown           - Graceful shutdown complete
2025-07-31 19:17:15,208 [SpringApplicationShutdownHook] INFO  o.s.o.j.LocalContainerEntityManagerFactoryBean     - Closing JPA EntityManagerFactory for persistence unit 'default'
2025-07-31 19:17:15,209 [SpringApplicationShutdownHook] INFO  com.zaxxer.hikari.HikariDataSource                 - HikariPool-1 - Shutdown initiated...
2025-07-31 19:17:15,209 [SpringApplicationShutdownHook] INFO  com.zaxxer.hikari.HikariDataSource                 - HikariPool-1 - Shutdown completed.
2025-07-31 19:17:15,209 [SpringApplicationShutdownHook] INFO  com.netflix.discovery.DiscoveryClient              - Shutting down DiscoveryClient ...
2025-07-31 19:17:15,209 [SpringApplicationShutdownHook] INFO  com.netflix.discovery.DiscoveryClient              - Completed shut down of DiscoveryClient
2025-07-31 19:17:20,037 [background-preinit] INFO  o.h.validator.internal.util.Version                - HV000001: Hibernate Validator 8.0.2.Final
2025-07-31 19:17:20,075 [main] INFO  edu.market.notification.App                        - Starting App v1.0.0 using Java 21 with PID 28412 (C:\Users\ja2c\Desktop\Cursos\micro-servicio-archt\k8s\microservices\services\notification-service\target\classes started by ja2c in C:\Users\ja2c\Desktop\Cursos\micro-servicio-archt\k8s\microservices\services\notification-service)
2025-07-31 19:17:20,075 [main] DEBUG edu.market.notification.App                        - Running with Spring Boot v3.4.5, Spring v6.2.6
2025-07-31 19:17:20,075 [main] INFO  edu.market.notification.App                        - The following 1 profile is active: "dev"
2025-07-31 19:17:20,105 [main] INFO  o.s.c.c.c.ConfigServerConfigDataLoader             - Fetching config from server at : http://localhost:8890
2025-07-31 19:17:20,105 [main] INFO  o.s.c.c.c.ConfigServerConfigDataLoader             - Exception on Url - http://localhost:8890:org.springframework.web.client.ResourceAccessException: I/O error on GET request for "http://localhost:8890/notification-service/default": Connection refused: no further information. Will be trying the next url if available
2025-07-31 19:17:20,105 [main] WARN  o.s.c.c.c.ConfigServerConfigDataLoader             - Could not locate PropertySource ([ConfigServerConfigDataResource@2516fc68 uris = array<String>['http://localhost:8890'], optional = true, profiles = 'default']): I/O error on GET request for "http://localhost:8890/notification-service/default": Connection refused: no further information
2025-07-31 19:17:20,109 [main] INFO  o.s.c.c.c.ConfigServerConfigDataLoader             - Fetching config from server at : http://localhost:8890
2025-07-31 19:17:20,109 [main] INFO  o.s.c.c.c.ConfigServerConfigDataLoader             - Exception on Url - http://localhost:8890:org.springframework.web.client.ResourceAccessException: I/O error on GET request for "http://localhost:8890/notification-service/dev": Connection refused: no further information. Will be trying the next url if available
2025-07-31 19:17:20,109 [main] WARN  o.s.c.c.c.ConfigServerConfigDataLoader             - Could not locate PropertySource ([ConfigServerConfigDataResource@57f64f5e uris = array<String>['http://localhost:8890'], optional = true, profiles = 'dev']): I/O error on GET request for "http://localhost:8890/notification-service/dev": Connection refused: no further information
2025-07-31 19:17:20,109 [main] INFO  o.s.c.c.c.ConfigServerConfigDataLoader             - Fetching config from server at : http://localhost:8890
2025-07-31 19:17:20,109 [main] INFO  o.s.c.c.c.ConfigServerConfigDataLoader             - Exception on Url - http://localhost:8890:org.springframework.web.client.ResourceAccessException: I/O error on GET request for "http://localhost:8890/notification-service/default": Connection refused: no further information. Will be trying the next url if available
2025-07-31 19:17:20,109 [main] WARN  o.s.c.c.c.ConfigServerConfigDataLoader             - Could not locate PropertySource ([ConfigServerConfigDataResource@415e0bcb uris = array<String>['http://localhost:8890'], optional = true, profiles = 'default']): I/O error on GET request for "http://localhost:8890/notification-service/default": Connection refused: no further information
2025-07-31 19:17:21,074 [main] INFO  o.s.d.r.c.RepositoryConfigurationDelegate          - Bootstrapping Spring Data JPA repositories in DEFAULT mode.
2025-07-31 19:17:21,223 [main] INFO  o.s.d.r.c.RepositoryConfigurationDelegate          - Finished Spring Data repository scanning in 140 ms. Found 6 JPA repository interfaces.
2025-07-31 19:17:21,525 [main] INFO  o.s.cloud.context.scope.GenericScope               - BeanFactory id=3900db60-8d40-363c-9c55-ffe39cb1c59c
2025-07-31 19:17:22,275 [main] INFO  o.s.b.w.embedded.tomcat.TomcatWebServer            - Tomcat initialized with port 8080 (http)
2025-07-31 19:17:22,289 [main] INFO  o.apache.coyote.http11.Http11NioProtocol           - Initializing ProtocolHandler ["http-nio-8080"]
2025-07-31 19:17:22,292 [main] INFO  o.apache.catalina.core.StandardService             - Starting service [Tomcat]
2025-07-31 19:17:22,292 [main] INFO  org.apache.catalina.core.StandardEngine            - Starting Servlet engine: [Apache Tomcat/10.1.40]
2025-07-31 19:17:22,374 [main] INFO  o.a.c.c.C.[.[.[/notification-service]              - Initializing Spring embedded WebApplicationContext
2025-07-31 19:17:22,374 [main] INFO  o.s.b.w.s.c.ServletWebServerApplicationContext     - Root WebApplicationContext: initialization completed in 2264 ms
2025-07-31 19:17:22,816 [main] INFO  com.zaxxer.hikari.HikariDataSource                 - HikariPool-1 - Starting...
2025-07-31 19:17:22,981 [main] INFO  com.zaxxer.hikari.pool.HikariPool                  - HikariPool-1 - Added connection conn0: url=jdbc:h2:mem:notificationdb user=SA
2025-07-31 19:17:22,981 [main] INFO  com.zaxxer.hikari.HikariDataSource                 - HikariPool-1 - Start completed.
2025-07-31 19:17:23,237 [main] INFO  o.hibernate.jpa.internal.util.LogHelper            - HHH000204: Processing PersistenceUnitInfo [name: default]
2025-07-31 19:17:23,365 [main] INFO  org.hibernate.Version                              - HHH000412: Hibernate ORM core version 6.6.13.Final
2025-07-31 19:17:23,431 [main] INFO  o.h.c.internal.RegionFactoryInitiator              - HHH000026: Second-level cache disabled
2025-07-31 19:17:23,674 [main] INFO  o.s.o.j.p.SpringPersistenceUnitInfo                - No LoadTimeWeaver setup: ignoring JPA class transformer
2025-07-31 19:17:23,730 [main] INFO  org.hibernate.orm.connections.pooling              - HHH10001005: Database info:
	Database JDBC URL [Connecting through datasource 'HikariDataSource (HikariPool-1)']
	Database driver: undefined/unknown
	Database version: 2.3.232
	Autocommit mode: undefined/unknown
	Isolation level: undefined/unknown
	Minimum pool size: undefined/unknown
	Maximum pool size: undefined/unknown
2025-07-31 19:17:24,523 [main] INFO  o.h.e.t.j.p.i.JtaPlatformInitiator                 - HHH000489: No JTA platform available (set 'hibernate.transaction.jta.platform' to enable JTA platform integration)
2025-07-31 19:17:24,631 [main] INFO  o.s.o.j.LocalContainerEntityManagerFactoryBean     - Initialized JPA EntityManagerFactory for persistence unit 'default'
2025-07-31 19:17:25,042 [main] INFO  o.s.d.j.r.query.QueryEnhancerFactory               - Hibernate is in classpath; If applicable, HQL parser will be used.
2025-07-31 19:17:25,565 [main] WARN  o.s.b.w.s.c.AnnotationConfigServletWebServerApplicationContext - Exception encountered during context initialization - cancelling refresh attempt: org.springframework.beans.factory.UnsatisfiedDependencyException: Error creating bean with name 'eventController' defined in file [C:\Users\ja2c\Desktop\Cursos\micro-servicio-archt\k8s\microservices\services\notification-service\target\classes\edu\market\notification\infrastructure\adapter\input\web\controller\EventController.class]: Unsatisfied dependency expressed through constructor parameter 0: Error creating bean with name 'processDomainEventUseCase' defined in class path resource [edu/market/notification/infrastructure/config/ApplicationConfig.class]: Unsatisfied dependency expressed through method 'processDomainEventUseCase' parameter 2: Error creating bean with name 'sendNotificationUseCase' defined in class path resource [edu/market/notification/infrastructure/config/ApplicationConfig.class]: Unsatisfied dependency expressed through method 'sendNotificationUseCase' parameter 3: Error creating bean with name 'loggingAdapter' defined in file [C:\Users\ja2c\Desktop\Cursos\micro-servicio-archt\k8s\microservices\services\notification-service\target\classes\edu\market\notification\infrastructure\adapter\output\monitoring\LoggingAdapter.class]: Failed to instantiate [edu.market.notification.infrastructure.adapter.output.monitoring.LoggingAdapter]: Constructor threw exception
2025-07-31 19:17:25,565 [main] INFO  o.s.o.j.LocalContainerEntityManagerFactoryBean     - Closing JPA EntityManagerFactory for persistence unit 'default'
2025-07-31 19:17:25,565 [main] INFO  com.zaxxer.hikari.HikariDataSource                 - HikariPool-1 - Shutdown initiated...
2025-07-31 19:17:25,573 [main] INFO  com.zaxxer.hikari.HikariDataSource                 - HikariPool-1 - Shutdown completed.
2025-07-31 19:17:25,574 [main] INFO  o.apache.catalina.core.StandardService             - Stopping service [Tomcat]
2025-07-31 19:17:25,594 [main] INFO  o.s.b.a.l.ConditionEvaluationReportLogger          - 

Error starting ApplicationContext. To display the condition evaluation report re-run your application with 'debug' enabled.
2025-07-31 19:17:25,616 [main] ERROR o.springframework.boot.SpringApplication           - Application run failed
org.springframework.beans.factory.UnsatisfiedDependencyException: Error creating bean with name 'eventController' defined in file [C:\Users\ja2c\Desktop\Cursos\micro-servicio-archt\k8s\microservices\services\notification-service\target\classes\edu\market\notification\infrastructure\adapter\input\web\controller\EventController.class]: Unsatisfied dependency expressed through constructor parameter 0: Error creating bean with name 'processDomainEventUseCase' defined in class path resource [edu/market/notification/infrastructure/config/ApplicationConfig.class]: Unsatisfied dependency expressed through method 'processDomainEventUseCase' parameter 2: Error creating bean with name 'sendNotificationUseCase' defined in class path resource [edu/market/notification/infrastructure/config/ApplicationConfig.class]: Unsatisfied dependency expressed through method 'sendNotificationUseCase' parameter 3: Error creating bean with name 'loggingAdapter' defined in file [C:\Users\ja2c\Desktop\Cursos\micro-servicio-archt\k8s\microservices\services\notification-service\target\classes\edu\market\notification\infrastructure\adapter\output\monitoring\LoggingAdapter.class]: Failed to instantiate [edu.market.notification.infrastructure.adapter.output.monitoring.LoggingAdapter]: Constructor threw exception
	at org.springframework.beans.factory.support.ConstructorResolver.createArgumentArray(ConstructorResolver.java:804)
	at org.springframework.beans.factory.support.ConstructorResolver.autowireConstructor(ConstructorResolver.java:240)
	at org.springframework.beans.factory.support.AbstractAutowireCapableBeanFactory.autowireConstructor(AbstractAutowireCapableBeanFactory.java:1387)
	at org.springframework.beans.factory.support.AbstractAutowireCapableBeanFactory.createBeanInstance(AbstractAutowireCapableBeanFactory.java:1224)
	at org.springframework.beans.factory.support.AbstractAutowireCapableBeanFactory.doCreateBean(AbstractAutowireCapableBeanFactory.java:569)
	at org.springframework.beans.factory.support.AbstractAutowireCapableBeanFactory.createBean(AbstractAutowireCapableBeanFactory.java:529)
	at org.springframework.beans.factory.support.AbstractBeanFactory.lambda$doGetBean$0(AbstractBeanFactory.java:339)
	at org.springframework.beans.factory.support.DefaultSingletonBeanRegistry.getSingleton(DefaultSingletonBeanRegistry.java:371)
	at org.springframework.beans.factory.support.AbstractBeanFactory.doGetBean(AbstractBeanFactory.java:337)
	at org.springframework.beans.factory.support.AbstractBeanFactory.getBean(AbstractBeanFactory.java:202)
	at org.springframework.beans.factory.support.DefaultListableBeanFactory.instantiateSingleton(DefaultListableBeanFactory.java:1221)
	at org.springframework.beans.factory.support.DefaultListableBeanFactory.preInstantiateSingleton(DefaultListableBeanFactory.java:1187)
	at org.springframework.beans.factory.support.DefaultListableBeanFactory.preInstantiateSingletons(DefaultListableBeanFactory.java:1122)
	at org.springframework.context.support.AbstractApplicationContext.finishBeanFactoryInitialization(AbstractApplicationContext.java:987)
	at org.springframework.context.support.AbstractApplicationContext.refresh(AbstractApplicationContext.java:627)
	at org.springframework.boot.web.servlet.context.ServletWebServerApplicationContext.refresh(ServletWebServerApplicationContext.java:146)
	at org.springframework.boot.SpringApplication.refresh(SpringApplication.java:753)
	at org.springframework.boot.SpringApplication.refreshContext(SpringApplication.java:439)
	at org.springframework.boot.SpringApplication.run(SpringApplication.java:318)
	at org.springframework.boot.SpringApplication.run(SpringApplication.java:1362)
	at org.springframework.boot.SpringApplication.run(SpringApplication.java:1351)
	at edu.market.notification.App.main(App.java:10)
Caused by: org.springframework.beans.factory.UnsatisfiedDependencyException: Error creating bean with name 'processDomainEventUseCase' defined in class path resource [edu/market/notification/infrastructure/config/ApplicationConfig.class]: Unsatisfied dependency expressed through method 'processDomainEventUseCase' parameter 2: Error creating bean with name 'sendNotificationUseCase' defined in class path resource [edu/market/notification/infrastructure/config/ApplicationConfig.class]: Unsatisfied dependency expressed through method 'sendNotificationUseCase' parameter 3: Error creating bean with name 'loggingAdapter' defined in file [C:\Users\ja2c\Desktop\Cursos\micro-servicio-archt\k8s\microservices\services\notification-service\target\classes\edu\market\notification\infrastructure\adapter\output\monitoring\LoggingAdapter.class]: Failed to instantiate [edu.market.notification.infrastructure.adapter.output.monitoring.LoggingAdapter]: Constructor threw exception
	at org.springframework.beans.factory.support.ConstructorResolver.createArgumentArray(ConstructorResolver.java:804)
	at org.springframework.beans.factory.support.ConstructorResolver.instantiateUsingFactoryMethod(ConstructorResolver.java:546)
	at org.springframework.beans.factory.support.AbstractAutowireCapableBeanFactory.instantiateUsingFactoryMethod(AbstractAutowireCapableBeanFactory.java:1367)
	at org.springframework.beans.factory.support.AbstractAutowireCapableBeanFactory.createBeanInstance(AbstractAutowireCapableBeanFactory.java:1197)
	at org.springframework.beans.factory.support.AbstractAutowireCapableBeanFactory.doCreateBean(AbstractAutowireCapableBeanFactory.java:569)
	at org.springframework.beans.factory.support.AbstractAutowireCapableBeanFactory.createBean(AbstractAutowireCapableBeanFactory.java:529)
	at org.springframework.beans.factory.support.AbstractBeanFactory.lambda$doGetBean$0(AbstractBeanFactory.java:339)
	at org.springframework.beans.factory.support.DefaultSingletonBeanRegistry.getSingleton(DefaultSingletonBeanRegistry.java:371)
	at org.springframework.beans.factory.support.AbstractBeanFactory.doGetBean(AbstractBeanFactory.java:337)
	at org.springframework.beans.factory.support.AbstractBeanFactory.getBean(AbstractBeanFactory.java:202)
	at org.springframework.beans.factory.support.DefaultListableBeanFactory.doResolveDependency(DefaultListableBeanFactory.java:1681)
	at org.springframework.beans.factory.support.DefaultListableBeanFactory.resolveDependency(DefaultListableBeanFactory.java:1627)
	at org.springframework.beans.factory.support.ConstructorResolver.resolveAutowiredArgument(ConstructorResolver.java:913)
	at org.springframework.beans.factory.support.ConstructorResolver.createArgumentArray(ConstructorResolver.java:791)
	... 21 common frames omitted
Caused by: org.springframework.beans.factory.UnsatisfiedDependencyException: Error creating bean with name 'sendNotificationUseCase' defined in class path resource [edu/market/notification/infrastructure/config/ApplicationConfig.class]: Unsatisfied dependency expressed through method 'sendNotificationUseCase' parameter 3: Error creating bean with name 'loggingAdapter' defined in file [C:\Users\ja2c\Desktop\Cursos\micro-servicio-archt\k8s\microservices\services\notification-service\target\classes\edu\market\notification\infrastructure\adapter\output\monitoring\LoggingAdapter.class]: Failed to instantiate [edu.market.notification.infrastructure.adapter.output.monitoring.LoggingAdapter]: Constructor threw exception
	at org.springframework.beans.factory.support.ConstructorResolver.createArgumentArray(ConstructorResolver.java:804)
	at org.springframework.beans.factory.support.ConstructorResolver.instantiateUsingFactoryMethod(ConstructorResolver.java:546)
	at org.springframework.beans.factory.support.AbstractAutowireCapableBeanFactory.instantiateUsingFactoryMethod(AbstractAutowireCapableBeanFactory.java:1367)
	at org.springframework.beans.factory.support.AbstractAutowireCapableBeanFactory.createBeanInstance(AbstractAutowireCapableBeanFactory.java:1197)
	at org.springframework.beans.factory.support.AbstractAutowireCapableBeanFactory.doCreateBean(AbstractAutowireCapableBeanFactory.java:569)
	at org.springframework.beans.factory.support.AbstractAutowireCapableBeanFactory.createBean(AbstractAutowireCapableBeanFactory.java:529)
	at org.springframework.beans.factory.support.AbstractBeanFactory.lambda$doGetBean$0(AbstractBeanFactory.java:339)
	at org.springframework.beans.factory.support.DefaultSingletonBeanRegistry.getSingleton(DefaultSingletonBeanRegistry.java:371)
	at org.springframework.beans.factory.support.AbstractBeanFactory.doGetBean(AbstractBeanFactory.java:337)
	at org.springframework.beans.factory.support.AbstractBeanFactory.getBean(AbstractBeanFactory.java:202)
	at org.springframework.beans.factory.support.DefaultListableBeanFactory.doResolveDependency(DefaultListableBeanFactory.java:1681)
	at org.springframework.beans.factory.support.DefaultListableBeanFactory.resolveDependency(DefaultListableBeanFactory.java:1627)
	at org.springframework.beans.factory.support.ConstructorResolver.resolveAutowiredArgument(ConstructorResolver.java:913)
	at org.springframework.beans.factory.support.ConstructorResolver.createArgumentArray(ConstructorResolver.java:791)
	... 34 common frames omitted
Caused by: org.springframework.beans.factory.BeanCreationException: Error creating bean with name 'loggingAdapter' defined in file [C:\Users\ja2c\Desktop\Cursos\micro-servicio-archt\k8s\microservices\services\notification-service\target\classes\edu\market\notification\infrastructure\adapter\output\monitoring\LoggingAdapter.class]: Failed to instantiate [edu.market.notification.infrastructure.adapter.output.monitoring.LoggingAdapter]: Constructor threw exception
	at org.springframework.beans.factory.support.AbstractAutowireCapableBeanFactory.instantiateBean(AbstractAutowireCapableBeanFactory.java:1349)
	at org.springframework.beans.factory.support.AbstractAutowireCapableBeanFactory.createBeanInstance(AbstractAutowireCapableBeanFactory.java:1234)
	at org.springframework.beans.factory.support.AbstractAutowireCapableBeanFactory.doCreateBean(AbstractAutowireCapableBeanFactory.java:569)
	at org.springframework.beans.factory.support.AbstractAutowireCapableBeanFactory.createBean(AbstractAutowireCapableBeanFactory.java:529)
	at org.springframework.beans.factory.support.AbstractBeanFactory.lambda$doGetBean$0(AbstractBeanFactory.java:339)
	at org.springframework.beans.factory.support.DefaultSingletonBeanRegistry.getSingleton(DefaultSingletonBeanRegistry.java:371)
	at org.springframework.beans.factory.support.AbstractBeanFactory.doGetBean(AbstractBeanFactory.java:337)
	at org.springframework.beans.factory.support.AbstractBeanFactory.getBean(AbstractBeanFactory.java:202)
	at org.springframework.beans.factory.config.DependencyDescriptor.resolveCandidate(DependencyDescriptor.java:254)
	at org.springframework.beans.factory.support.DefaultListableBeanFactory.doResolveDependency(DefaultListableBeanFactory.java:1739)
	at org.springframework.beans.factory.support.DefaultListableBeanFactory.resolveDependency(DefaultListableBeanFactory.java:1627)
	at org.springframework.beans.factory.support.ConstructorResolver.resolveAutowiredArgument(ConstructorResolver.java:913)
	at org.springframework.beans.factory.support.ConstructorResolver.createArgumentArray(ConstructorResolver.java:791)
	... 47 common frames omitted
Caused by: org.springframework.beans.BeanInstantiationException: Failed to instantiate [edu.market.notification.infrastructure.adapter.output.monitoring.LoggingAdapter]: Constructor threw exception
	at org.springframework.beans.BeanUtils.instantiateClass(BeanUtils.java:222)
	at org.springframework.beans.factory.support.SimpleInstantiationStrategy.instantiate(SimpleInstantiationStrategy.java:122)
	at org.springframework.beans.factory.support.AbstractAutowireCapableBeanFactory.instantiateBean(AbstractAutowireCapableBeanFactory.java:1343)
	... 59 common frames omitted
Caused by: java.lang.ClassCastException: class java.lang.Class cannot be cast to class java.lang.reflect.ParameterizedType (java.lang.Class and java.lang.reflect.ParameterizedType are in module java.base of loader 'bootstrap')
	at edu.market.notification.infrastructure.adapter.output.monitoring.LoggingAdapter.<init>(LoggingAdapter.java:29)
	at java.base/jdk.internal.reflect.DirectConstructorHandleAccessor.newInstance(DirectConstructorHandleAccessor.java:62)
	at java.base/java.lang.reflect.Constructor.newInstanceWithCaller(Constructor.java:502)
	at java.base/java.lang.reflect.Constructor.newInstance(Constructor.java:486)
	at org.springframework.beans.BeanUtils.instantiateClass(BeanUtils.java:196)
	... 61 common frames omitted
