2025-07-30 15:43:14,323 [background-preinit] INFO  o.h.validator.internal.util.Version                - HV000001: Hibernate Validator 8.0.2.Final
2025-07-30 15:43:14,372 [main] INFO  edu.market.notification.App                        - Starting App v1.0.0 using Java 21 with PID 2472 (C:\Users\ja2c\Desktop\Cursos\micro-servicio-archt\k8s\microservices\services\notification-service\target\classes started by ja2c in C:\Users\ja2c\Desktop\Cursos\micro-servicio-archt\k8s\microservices\services\notification-service)
2025-07-30 15:43:14,373 [main] DEBUG edu.market.notification.App                        - Running with Spring Boot v3.4.5, Spring v6.2.6
2025-07-30 15:43:14,373 [main] INFO  edu.market.notification.App                        - The following 1 profile is active: "dev"
2025-07-30 15:43:14,405 [main] INFO  o.s.c.c.c.ConfigServerConfigDataLoader             - Fetching config from server at : http://localhost:8890
2025-07-30 15:43:14,406 [main] INFO  o.s.c.c.c.ConfigServerConfigDataLoader             - Exception on Url - http://localhost:8890:org.springframework.web.client.ResourceAccessException: I/O error on GET request for "http://localhost:8890/notification-service/default": Connection refused: no further information. Will be trying the next url if available
2025-07-30 15:43:14,406 [main] WARN  o.s.c.c.c.ConfigServerConfigDataLoader             - Could not locate PropertySource ([ConfigServerConfigDataResource@437ebf59 uris = array<String>['http://localhost:8890'], optional = true, profiles = 'default']): I/O error on GET request for "http://localhost:8890/notification-service/default": Connection refused: no further information
2025-07-30 15:43:14,406 [main] INFO  o.s.c.c.c.ConfigServerConfigDataLoader             - Fetching config from server at : http://localhost:8890
2025-07-30 15:43:14,406 [main] INFO  o.s.c.c.c.ConfigServerConfigDataLoader             - Exception on Url - http://localhost:8890:org.springframework.web.client.ResourceAccessException: I/O error on GET request for "http://localhost:8890/notification-service/dev": Connection refused: no further information. Will be trying the next url if available
2025-07-30 15:43:14,406 [main] WARN  o.s.c.c.c.ConfigServerConfigDataLoader             - Could not locate PropertySource ([ConfigServerConfigDataResource@1d8e2eea uris = array<String>['http://localhost:8890'], optional = true, profiles = 'dev']): I/O error on GET request for "http://localhost:8890/notification-service/dev": Connection refused: no further information
2025-07-30 15:43:14,406 [main] INFO  o.s.c.c.c.ConfigServerConfigDataLoader             - Fetching config from server at : http://localhost:8890
2025-07-30 15:43:14,406 [main] INFO  o.s.c.c.c.ConfigServerConfigDataLoader             - Exception on Url - http://localhost:8890:org.springframework.web.client.ResourceAccessException: I/O error on GET request for "http://localhost:8890/notification-service/default": Connection refused: no further information. Will be trying the next url if available
2025-07-30 15:43:14,406 [main] WARN  o.s.c.c.c.ConfigServerConfigDataLoader             - Could not locate PropertySource ([ConfigServerConfigDataResource@240139e1 uris = array<String>['http://localhost:8890'], optional = true, profiles = 'default']): I/O error on GET request for "http://localhost:8890/notification-service/default": Connection refused: no further information
2025-07-30 15:43:15,594 [main] INFO  o.s.d.r.c.RepositoryConfigurationDelegate          - Bootstrapping Spring Data JPA repositories in DEFAULT mode.
2025-07-30 15:43:15,769 [main] INFO  o.s.d.r.c.RepositoryConfigurationDelegate          - Finished Spring Data repository scanning in 164 ms. Found 6 JPA repository interfaces.
2025-07-30 15:43:16,083 [main] INFO  o.s.cloud.context.scope.GenericScope               - BeanFactory id=3900db60-8d40-363c-9c55-ffe39cb1c59c
2025-07-30 15:43:16,888 [main] INFO  o.s.b.w.embedded.tomcat.TomcatWebServer            - Tomcat initialized with port 8080 (http)
2025-07-30 15:43:16,900 [main] INFO  o.apache.coyote.http11.Http11NioProtocol           - Initializing ProtocolHandler ["http-nio-8080"]
2025-07-30 15:43:16,902 [main] INFO  o.apache.catalina.core.StandardService             - Starting service [Tomcat]
2025-07-30 15:43:16,903 [main] INFO  org.apache.catalina.core.StandardEngine            - Starting Servlet engine: [Apache Tomcat/10.1.40]
2025-07-30 15:43:16,963 [main] INFO  o.a.c.c.C.[.[.[/notification-service]              - Initializing Spring embedded WebApplicationContext
2025-07-30 15:43:16,964 [main] INFO  o.s.b.w.s.c.ServletWebServerApplicationContext     - Root WebApplicationContext: initialization completed in 2556 ms
2025-07-30 15:43:17,443 [main] INFO  com.zaxxer.hikari.HikariDataSource                 - HikariPool-1 - Starting...
2025-07-30 15:43:17,644 [main] INFO  com.zaxxer.hikari.pool.HikariPool                  - HikariPool-1 - Added connection conn0: url=jdbc:h2:mem:userdb user=SA
2025-07-30 15:43:17,647 [main] INFO  com.zaxxer.hikari.HikariDataSource                 - HikariPool-1 - Start completed.
2025-07-30 15:43:17,941 [main] INFO  o.hibernate.jpa.internal.util.LogHelper            - HHH000204: Processing PersistenceUnitInfo [name: default]
2025-07-30 15:43:18,066 [main] INFO  org.hibernate.Version                              - HHH000412: Hibernate ORM core version 6.6.13.Final
2025-07-30 15:43:18,146 [main] INFO  o.h.c.internal.RegionFactoryInitiator              - HHH000026: Second-level cache disabled
2025-07-30 15:43:18,455 [main] INFO  o.s.o.j.p.SpringPersistenceUnitInfo                - No LoadTimeWeaver setup: ignoring JPA class transformer
2025-07-30 15:43:18,511 [main] INFO  org.hibernate.orm.connections.pooling              - HHH10001005: Database info:
	Database JDBC URL [Connecting through datasource 'HikariDataSource (HikariPool-1)']
	Database driver: undefined/unknown
	Database version: 2.3.232
	Autocommit mode: undefined/unknown
	Isolation level: undefined/unknown
	Minimum pool size: undefined/unknown
	Maximum pool size: undefined/unknown
2025-07-30 15:43:19,360 [main] INFO  o.h.e.t.j.p.i.JtaPlatformInitiator                 - HHH000489: No JTA platform available (set 'hibernate.transaction.jta.platform' to enable JTA platform integration)
2025-07-30 15:43:19,490 [main] INFO  o.s.o.j.LocalContainerEntityManagerFactoryBean     - Initialized JPA EntityManagerFactory for persistence unit 'default'
2025-07-30 15:43:19,969 [main] INFO  o.s.d.j.r.query.QueryEnhancerFactory               - Hibernate is in classpath; If applicable, HQL parser will be used.
2025-07-30 15:43:21,309 [main] WARN  o.s.b.a.o.j.JpaBaseConfiguration$JpaWebConfiguration - spring.jpa.open-in-view is enabled by default. Therefore, database queries may be performed during view rendering. Explicitly configure spring.jpa.open-in-view to disable this warning
2025-07-30 15:43:21,676 [main] INFO  o.s.b.a.e.web.EndpointLinksResolver                - Exposing 1 endpoint beneath base path '/actuator'
2025-07-30 15:43:22,146 [main] INFO  o.s.b.a.h2.H2ConsoleAutoConfiguration              - H2 console available at '/h2-console'. Database available at 'jdbc:h2:mem:userdb'
2025-07-30 15:43:22,193 [main] INFO  o.s.c.n.e.c.DiscoveryClientOptionalArgsConfiguration - Eureka HTTP Client uses RestTemplate.
2025-07-30 15:43:22,245 [main] WARN  o.s.c.l.c.LoadBalancerCacheAutoConfiguration$LoadBalancerCaffeineWarnLogger - Spring Cloud LoadBalancer is currently working with the default cache. While this cache implementation is useful for development and tests, it's recommended to use Caffeine cache in production.You can switch to using Caffeine cache, by adding it and org.springframework.cache.caffeine.CaffeineCacheManager to the classpath.
2025-07-30 15:43:22,301 [main] INFO  o.s.c.netflix.eureka.InstanceInfoFactory           - Setting initial instance status as: STARTING
2025-07-30 15:43:22,319 [main] INFO  com.netflix.discovery.DiscoveryClient              - Initializing Eureka in region us-east-1
2025-07-30 15:43:22,319 [main] INFO  com.netflix.discovery.DiscoveryClient              - Client configured to neither register nor query for data.
2025-07-30 15:43:22,320 [main] INFO  com.netflix.discovery.DiscoveryClient              - Discovery Client initialized at timestamp 1753904602320 with initial instances count: 0
2025-07-30 15:43:22,325 [main] INFO  o.s.c.n.e.s.EurekaServiceRegistry                  - Registering application NOTIFICATION-SERVICE with eureka with status UP
2025-07-30 15:43:22,327 [main] INFO  o.apache.coyote.http11.Http11NioProtocol           - Starting ProtocolHandler ["http-nio-8080"]
2025-07-30 15:43:22,341 [main] INFO  o.s.b.w.embedded.tomcat.TomcatWebServer            - Tomcat started on port 8080 (http) with context path '/notification-service'
2025-07-30 15:43:22,342 [main] INFO  o.s.c.n.e.s.EurekaAutoServiceRegistration          - Updating port to 8080
2025-07-30 15:43:22,357 [main] INFO  edu.market.notification.App                        - Started App in 8.94 seconds (process running for 9.446)
2025-07-30 15:43:30,823 [http-nio-8080-exec-1] INFO  o.a.c.c.C.[.[.[/notification-service]              - Initializing Spring DispatcherServlet 'dispatcherServlet'
2025-07-30 15:43:30,824 [http-nio-8080-exec-1] INFO  o.s.web.servlet.DispatcherServlet                  - Initializing Servlet 'dispatcherServlet'
2025-07-30 15:43:30,825 [http-nio-8080-exec-1] INFO  o.s.web.servlet.DispatcherServlet                  - Completed initialization in 1 ms
2025-07-30 15:43:31,947 [http-nio-8080-exec-9] INFO  o.springdoc.api.AbstractOpenApiResource            - Init duration for springdoc-openapi is: 651 ms
2025-07-30 15:44:12,409 [http-nio-8080-exec-10] WARN  e.m.n.i.a.i.w.e.RestExceptionHandler               - handleValidationExceptions - Validation error: Validation failed for argument [0] in public org.springframework.http.ResponseEntity<edu.market.notification.infrastructure.adapter.input.web.dto.response.NotificationResponseDTO> edu.market.notification.infrastructure.adapter.input.web.controller.NotificationController.sendNotification(edu.market.notification.infrastructure.adapter.input.web.dto.request.NotificationRequestDTO): [Field error in object 'notificationRequestDTO' on field 'scheduledFor': rejected value [2025-07-10T10:30]; codes [FutureOrPresent.notificationRequestDTO.scheduledFor,FutureOrPresent.scheduledFor,FutureOrPresent.java.time.LocalDateTime,FutureOrPresent]; arguments [org.springframework.context.support.DefaultMessageSourceResolvable: codes [notificationRequestDTO.scheduledFor,scheduledFor]; arguments []; default message [scheduledFor]]; default message [scheduledFor must be in the present or future]] 
2025-07-30 15:44:20,933 [http-nio-8080-exec-1] INFO  e.m.n.i.a.i.w.c.NotificationController             - sendNotification - init
2025-07-30 15:44:20,933 [http-nio-8080-exec-1] DEBUG e.m.n.i.a.i.w.c.NotificationController             - sendNotification - Call notificationMapper.toNotificationCommand
2025-07-30 15:44:20,933 [http-nio-8080-exec-1] INFO  e.m.n.i.a.i.w.m.NotificationInputMapper            - toNotificationCommand - init
2025-07-30 15:44:20,933 [http-nio-8080-exec-1] INFO  e.m.n.i.a.i.w.m.NotificationInputMapper            - toNotificationCommand - end
2025-07-30 15:44:20,933 [http-nio-8080-exec-1] DEBUG e.m.n.i.a.i.w.c.NotificationController             - sendNotification - Create ClientContextCommand
2025-07-30 15:44:20,933 [http-nio-8080-exec-1] DEBUG e.m.n.i.a.i.web.util.RequestContextUtil            - Obteniendo IP del cliente
2025-07-30 15:44:20,934 [http-nio-8080-exec-1] DEBUG e.m.n.i.a.i.web.util.RequestContextUtil            - Obteniendo User-Agent del cliente
2025-07-30 15:44:20,934 [http-nio-8080-exec-1] DEBUG e.m.n.i.a.i.web.util.RequestContextUtil            - Obteniendo ruta de la petición
2025-07-30 15:44:20,934 [http-nio-8080-exec-1] DEBUG e.m.n.i.a.i.w.c.NotificationController             - sendNotification - Call sendNotificationUseCase.send
2025-07-30 15:44:20,934 [http-nio-8080-exec-1] INFO  e.m.n.i.a.o.monitoring.LoggingAdapter              - send - Init
2025-07-30 15:44:20,943 [http-nio-8080-exec-1] INFO  e.m.n.i.a.o.p.m.NotificationOutputMapper           - toEntity - Init
2025-07-30 15:44:20,944 [http-nio-8080-exec-1] INFO  e.m.n.i.a.o.p.m.NotificationOutputMapper           - toEntity - End
2025-07-30 15:44:20,997 [http-nio-8080-exec-1] WARN  o.h.engine.jdbc.spi.SqlExceptionHelper             - SQL Error: 23502, SQLState: 23502
2025-07-30 15:44:20,997 [http-nio-8080-exec-1] ERROR o.h.engine.jdbc.spi.SqlExceptionHelper             - La columna "UUID" no permite valores nulos (NULL)
NULL not allowed for column "UUID"; SQL statement:
insert into notification_channels (channel,notification_id,id) values (?,?,default) [23502-232]
2025-07-30 15:44:21,006 [http-nio-8080-exec-1] ERROR e.m.n.i.a.i.w.e.RestExceptionHandler               - handleAllUncaughtException - Unexpected error occurred: could not execute statement [La columna "UUID" no permite valores nulos (NULL)
NULL not allowed for column "UUID"; SQL statement:
insert into notification_channels (channel,notification_id,id) values (?,?,default) [23502-232]] [insert into notification_channels (channel,notification_id,id) values (?,?,default)]; SQL [insert into notification_channels (channel,notification_id,id) values (?,?,default)]; constraint [null]
org.springframework.dao.DataIntegrityViolationException: could not execute statement [La columna "UUID" no permite valores nulos (NULL)
NULL not allowed for column "UUID"; SQL statement:
insert into notification_channels (channel,notification_id,id) values (?,?,default) [23502-232]] [insert into notification_channels (channel,notification_id,id) values (?,?,default)]; SQL [insert into notification_channels (channel,notification_id,id) values (?,?,default)]; constraint [null]
	at org.springframework.orm.jpa.vendor.HibernateJpaDialect.convertHibernateAccessException(HibernateJpaDialect.java:294)
	at org.springframework.orm.jpa.vendor.HibernateJpaDialect.convertHibernateAccessException(HibernateJpaDialect.java:256)
	at org.springframework.orm.jpa.vendor.HibernateJpaDialect.translateExceptionIfPossible(HibernateJpaDialect.java:241)
	at org.springframework.orm.jpa.AbstractEntityManagerFactoryBean.translateExceptionIfPossible(AbstractEntityManagerFactoryBean.java:560)
	at org.springframework.dao.support.ChainedPersistenceExceptionTranslator.translateExceptionIfPossible(ChainedPersistenceExceptionTranslator.java:61)
	at org.springframework.dao.support.DataAccessUtils.translateIfNecessary(DataAccessUtils.java:343)
	at org.springframework.dao.support.PersistenceExceptionTranslationInterceptor.invoke(PersistenceExceptionTranslationInterceptor.java:160)
	at org.springframework.aop.framework.ReflectiveMethodInvocation.proceed(ReflectiveMethodInvocation.java:184)
	at org.springframework.data.jpa.repository.support.CrudMethodMetadataPostProcessor$CrudMethodMetadataPopulatingMethodInterceptor.invoke(CrudMethodMetadataPostProcessor.java:165)
	at org.springframework.aop.framework.ReflectiveMethodInvocation.proceed(ReflectiveMethodInvocation.java:184)
	at org.springframework.aop.framework.JdkDynamicAopProxy.invoke(JdkDynamicAopProxy.java:223)
	at jdk.proxy2/jdk.proxy2.$Proxy187.save(Unknown Source)
	at edu.market.notification.infrastructure.adapter.output.persistence.NotificationRepositoryAdapter.save(NotificationRepositoryAdapter.java:36)
	at java.base/jdk.internal.reflect.DirectMethodHandleAccessor.invoke(DirectMethodHandleAccessor.java:103)
	at java.base/java.lang.reflect.Method.invoke(Method.java:580)
	at org.springframework.aop.support.AopUtils.invokeJoinpointUsingReflection(AopUtils.java:359)
	at org.springframework.aop.framework.ReflectiveMethodInvocation.invokeJoinpoint(ReflectiveMethodInvocation.java:196)
	at org.springframework.aop.framework.ReflectiveMethodInvocation.proceed(ReflectiveMethodInvocation.java:163)
	at org.springframework.transaction.interceptor.TransactionAspectSupport.invokeWithinTransaction(TransactionAspectSupport.java:380)
	at org.springframework.transaction.interceptor.TransactionInterceptor.invoke(TransactionInterceptor.java:119)
	at org.springframework.aop.framework.ReflectiveMethodInvocation.proceed(ReflectiveMethodInvocation.java:184)
	at org.springframework.aop.framework.CglibAopProxy$DynamicAdvisedInterceptor.intercept(CglibAopProxy.java:728)
	at edu.market.notification.infrastructure.adapter.output.persistence.NotificationRepositoryAdapter$$SpringCGLIB$$0.save(<generated>)
	at edu.market.notification.application.usecase.notification.SendNotificationUseCase.send(SendNotificationUseCase.java:76)
	at edu.market.notification.infrastructure.adapter.input.web.controller.NotificationController.sendNotification(NotificationController.java:156)
	at java.base/jdk.internal.reflect.DirectMethodHandleAccessor.invoke(DirectMethodHandleAccessor.java:103)
	at java.base/java.lang.reflect.Method.invoke(Method.java:580)
	at org.springframework.web.method.support.InvocableHandlerMethod.doInvoke(InvocableHandlerMethod.java:258)
	at org.springframework.web.method.support.InvocableHandlerMethod.invokeForRequest(InvocableHandlerMethod.java:191)
	at org.springframework.web.servlet.mvc.method.annotation.ServletInvocableHandlerMethod.invokeAndHandle(ServletInvocableHandlerMethod.java:118)
	at org.springframework.web.servlet.mvc.method.annotation.RequestMappingHandlerAdapter.invokeHandlerMethod(RequestMappingHandlerAdapter.java:986)
	at org.springframework.web.servlet.mvc.method.annotation.RequestMappingHandlerAdapter.handleInternal(RequestMappingHandlerAdapter.java:891)
	at org.springframework.web.servlet.mvc.method.AbstractHandlerMethodAdapter.handle(AbstractHandlerMethodAdapter.java:87)
	at org.springframework.web.servlet.DispatcherServlet.doDispatch(DispatcherServlet.java:1089)
	at org.springframework.web.servlet.DispatcherServlet.doService(DispatcherServlet.java:979)
	at org.springframework.web.servlet.FrameworkServlet.processRequest(FrameworkServlet.java:1014)
	at org.springframework.web.servlet.FrameworkServlet.doPost(FrameworkServlet.java:914)
	at jakarta.servlet.http.HttpServlet.service(HttpServlet.java:590)
	at org.springframework.web.servlet.FrameworkServlet.service(FrameworkServlet.java:885)
	at jakarta.servlet.http.HttpServlet.service(HttpServlet.java:658)
	at org.apache.catalina.core.ApplicationFilterChain.internalDoFilter(ApplicationFilterChain.java:195)
	at org.apache.catalina.core.ApplicationFilterChain.doFilter(ApplicationFilterChain.java:140)
	at org.apache.tomcat.websocket.server.WsFilter.doFilter(WsFilter.java:51)
	at org.apache.catalina.core.ApplicationFilterChain.internalDoFilter(ApplicationFilterChain.java:164)
	at org.apache.catalina.core.ApplicationFilterChain.doFilter(ApplicationFilterChain.java:140)
	at org.springframework.web.filter.CompositeFilter$VirtualFilterChain.doFilter(CompositeFilter.java:108)
	at org.springframework.security.web.FilterChainProxy.lambda$doFilterInternal$3(FilterChainProxy.java:231)
	at org.springframework.security.web.ObservationFilterChainDecorator$FilterObservation$SimpleFilterObservation.lambda$wrap$1(ObservationFilterChainDecorator.java:479)
	at org.springframework.security.web.ObservationFilterChainDecorator$AroundFilterObservation$SimpleAroundFilterObservation.lambda$wrap$1(ObservationFilterChainDecorator.java:340)
	at org.springframework.security.web.ObservationFilterChainDecorator.lambda$wrapSecured$0(ObservationFilterChainDecorator.java:82)
	at org.springframework.security.web.ObservationFilterChainDecorator$VirtualFilterChain.doFilter(ObservationFilterChainDecorator.java:128)
	at org.springframework.security.web.access.intercept.AuthorizationFilter.doFilter(AuthorizationFilter.java:101)
	at org.springframework.security.web.ObservationFilterChainDecorator$ObservationFilter.wrapFilter(ObservationFilterChainDecorator.java:240)
	at org.springframework.security.web.ObservationFilterChainDecorator$ObservationFilter.doFilter(ObservationFilterChainDecorator.java:227)
	at org.springframework.security.web.ObservationFilterChainDecorator$VirtualFilterChain.doFilter(ObservationFilterChainDecorator.java:137)
	at org.springframework.security.web.access.ExceptionTranslationFilter.doFilter(ExceptionTranslationFilter.java:126)
	at org.springframework.security.web.access.ExceptionTranslationFilter.doFilter(ExceptionTranslationFilter.java:120)
	at org.springframework.security.web.ObservationFilterChainDecorator$ObservationFilter.wrapFilter(ObservationFilterChainDecorator.java:240)
	at org.springframework.security.web.ObservationFilterChainDecorator$ObservationFilter.doFilter(ObservationFilterChainDecorator.java:227)
	at org.springframework.security.web.ObservationFilterChainDecorator$VirtualFilterChain.doFilter(ObservationFilterChainDecorator.java:137)
	at org.springframework.security.web.authentication.AnonymousAuthenticationFilter.doFilter(AnonymousAuthenticationFilter.java:100)
	at org.springframework.security.web.ObservationFilterChainDecorator$ObservationFilter.wrapFilter(ObservationFilterChainDecorator.java:240)
	at org.springframework.security.web.ObservationFilterChainDecorator$ObservationFilter.doFilter(ObservationFilterChainDecorator.java:227)
	at org.springframework.security.web.ObservationFilterChainDecorator$VirtualFilterChain.doFilter(ObservationFilterChainDecorator.java:137)
	at org.springframework.security.web.servletapi.SecurityContextHolderAwareRequestFilter.doFilter(SecurityContextHolderAwareRequestFilter.java:179)
	at org.springframework.security.web.ObservationFilterChainDecorator$ObservationFilter.wrapFilter(ObservationFilterChainDecorator.java:240)
	at org.springframework.security.web.ObservationFilterChainDecorator$ObservationFilter.doFilter(ObservationFilterChainDecorator.java:227)
	at org.springframework.security.web.ObservationFilterChainDecorator$VirtualFilterChain.doFilter(ObservationFilterChainDecorator.java:137)
	at org.springframework.security.web.savedrequest.RequestCacheAwareFilter.doFilter(RequestCacheAwareFilter.java:63)
	at org.springframework.security.web.ObservationFilterChainDecorator$ObservationFilter.wrapFilter(ObservationFilterChainDecorator.java:240)
	at org.springframework.security.web.ObservationFilterChainDecorator$ObservationFilter.doFilter(ObservationFilterChainDecorator.java:227)
	at org.springframework.security.web.ObservationFilterChainDecorator$VirtualFilterChain.doFilter(ObservationFilterChainDecorator.java:137)
	at org.springframework.security.web.authentication.logout.LogoutFilter.doFilter(LogoutFilter.java:107)
	at org.springframework.security.web.authentication.logout.LogoutFilter.doFilter(LogoutFilter.java:93)
	at org.springframework.security.web.ObservationFilterChainDecorator$ObservationFilter.wrapFilter(ObservationFilterChainDecorator.java:240)
	at org.springframework.security.web.ObservationFilterChainDecorator$ObservationFilter.doFilter(ObservationFilterChainDecorator.java:227)
	at org.springframework.security.web.ObservationFilterChainDecorator$VirtualFilterChain.doFilter(ObservationFilterChainDecorator.java:137)
	at org.springframework.security.web.header.HeaderWriterFilter.doHeadersAfter(HeaderWriterFilter.java:90)
	at org.springframework.security.web.header.HeaderWriterFilter.doFilterInternal(HeaderWriterFilter.java:75)
	at org.springframework.web.filter.OncePerRequestFilter.doFilter(OncePerRequestFilter.java:116)
	at org.springframework.security.web.ObservationFilterChainDecorator$ObservationFilter.wrapFilter(ObservationFilterChainDecorator.java:240)
	at org.springframework.security.web.ObservationFilterChainDecorator$ObservationFilter.doFilter(ObservationFilterChainDecorator.java:227)
	at org.springframework.security.web.ObservationFilterChainDecorator$VirtualFilterChain.doFilter(ObservationFilterChainDecorator.java:137)
	at org.springframework.security.web.context.SecurityContextHolderFilter.doFilter(SecurityContextHolderFilter.java:82)
	at org.springframework.security.web.context.SecurityContextHolderFilter.doFilter(SecurityContextHolderFilter.java:69)
	at org.springframework.security.web.ObservationFilterChainDecorator$ObservationFilter.wrapFilter(ObservationFilterChainDecorator.java:240)
	at org.springframework.security.web.ObservationFilterChainDecorator$ObservationFilter.doFilter(ObservationFilterChainDecorator.java:227)
	at org.springframework.security.web.ObservationFilterChainDecorator$VirtualFilterChain.doFilter(ObservationFilterChainDecorator.java:137)
	at org.springframework.security.web.context.request.async.WebAsyncManagerIntegrationFilter.doFilterInternal(WebAsyncManagerIntegrationFilter.java:62)
	at org.springframework.web.filter.OncePerRequestFilter.doFilter(OncePerRequestFilter.java:116)
	at org.springframework.security.web.ObservationFilterChainDecorator$ObservationFilter.wrapFilter(ObservationFilterChainDecorator.java:240)
	at org.springframework.security.web.ObservationFilterChainDecorator$ObservationFilter.doFilter(ObservationFilterChainDecorator.java:227)
	at org.springframework.security.web.ObservationFilterChainDecorator$VirtualFilterChain.doFilter(ObservationFilterChainDecorator.java:137)
	at org.springframework.security.web.session.DisableEncodeUrlFilter.doFilterInternal(DisableEncodeUrlFilter.java:42)
	at org.springframework.web.filter.OncePerRequestFilter.doFilter(OncePerRequestFilter.java:116)
	at org.springframework.security.web.ObservationFilterChainDecorator$ObservationFilter.wrapFilter(ObservationFilterChainDecorator.java:240)
	at org.springframework.security.web.ObservationFilterChainDecorator$AroundFilterObservation$SimpleAroundFilterObservation.lambda$wrap$0(ObservationFilterChainDecorator.java:323)
	at org.springframework.security.web.ObservationFilterChainDecorator$ObservationFilter.doFilter(ObservationFilterChainDecorator.java:224)
	at org.springframework.security.web.ObservationFilterChainDecorator$VirtualFilterChain.doFilter(ObservationFilterChainDecorator.java:137)
	at org.springframework.security.web.FilterChainProxy.doFilterInternal(FilterChainProxy.java:233)
	at org.springframework.security.web.FilterChainProxy.doFilter(FilterChainProxy.java:191)
	at org.springframework.web.filter.CompositeFilter$VirtualFilterChain.doFilter(CompositeFilter.java:113)
	at org.springframework.web.servlet.handler.HandlerMappingIntrospector.lambda$createCacheFilter$3(HandlerMappingIntrospector.java:243)
	at org.springframework.web.filter.CompositeFilter$VirtualFilterChain.doFilter(CompositeFilter.java:113)
	at org.springframework.web.filter.CompositeFilter.doFilter(CompositeFilter.java:74)
	at org.springframework.security.config.annotation.web.configuration.WebMvcSecurityConfiguration$CompositeFilterChainProxy.doFilter(WebMvcSecurityConfiguration.java:238)
	at org.springframework.web.filter.DelegatingFilterProxy.invokeDelegate(DelegatingFilterProxy.java:362)
	at org.springframework.web.filter.DelegatingFilterProxy.doFilter(DelegatingFilterProxy.java:278)
	at org.apache.catalina.core.ApplicationFilterChain.internalDoFilter(ApplicationFilterChain.java:164)
	at org.apache.catalina.core.ApplicationFilterChain.doFilter(ApplicationFilterChain.java:140)
	at org.springframework.web.filter.RequestContextFilter.doFilterInternal(RequestContextFilter.java:100)
	at org.springframework.web.filter.OncePerRequestFilter.doFilter(OncePerRequestFilter.java:116)
	at org.apache.catalina.core.ApplicationFilterChain.internalDoFilter(ApplicationFilterChain.java:164)
	at org.apache.catalina.core.ApplicationFilterChain.doFilter(ApplicationFilterChain.java:140)
	at org.springframework.web.filter.FormContentFilter.doFilterInternal(FormContentFilter.java:93)
	at org.springframework.web.filter.OncePerRequestFilter.doFilter(OncePerRequestFilter.java:116)
	at org.apache.catalina.core.ApplicationFilterChain.internalDoFilter(ApplicationFilterChain.java:164)
	at org.apache.catalina.core.ApplicationFilterChain.doFilter(ApplicationFilterChain.java:140)
	at org.springframework.web.filter.ServerHttpObservationFilter.doFilterInternal(ServerHttpObservationFilter.java:114)
	at org.springframework.web.filter.OncePerRequestFilter.doFilter(OncePerRequestFilter.java:116)
	at org.apache.catalina.core.ApplicationFilterChain.internalDoFilter(ApplicationFilterChain.java:164)
	at org.apache.catalina.core.ApplicationFilterChain.doFilter(ApplicationFilterChain.java:140)
	at org.springframework.web.filter.CharacterEncodingFilter.doFilterInternal(CharacterEncodingFilter.java:201)
	at org.springframework.web.filter.OncePerRequestFilter.doFilter(OncePerRequestFilter.java:116)
	at org.apache.catalina.core.ApplicationFilterChain.internalDoFilter(ApplicationFilterChain.java:164)
	at org.apache.catalina.core.ApplicationFilterChain.doFilter(ApplicationFilterChain.java:140)
	at org.apache.catalina.core.StandardWrapperValve.invoke(StandardWrapperValve.java:167)
	at org.apache.catalina.core.StandardContextValve.invoke(StandardContextValve.java:90)
	at org.apache.catalina.authenticator.AuthenticatorBase.invoke(AuthenticatorBase.java:483)
	at org.apache.catalina.core.StandardHostValve.invoke(StandardHostValve.java:116)
	at org.apache.catalina.valves.ErrorReportValve.invoke(ErrorReportValve.java:93)
	at org.apache.catalina.core.StandardEngineValve.invoke(StandardEngineValve.java:74)
	at org.apache.catalina.connector.CoyoteAdapter.service(CoyoteAdapter.java:344)
	at org.apache.coyote.http11.Http11Processor.service(Http11Processor.java:398)
	at org.apache.coyote.AbstractProcessorLight.process(AbstractProcessorLight.java:63)
	at org.apache.coyote.AbstractProtocol$ConnectionHandler.process(AbstractProtocol.java:903)
	at org.apache.tomcat.util.net.NioEndpoint$SocketProcessor.doRun(NioEndpoint.java:1740)
	at org.apache.tomcat.util.net.SocketProcessorBase.run(SocketProcessorBase.java:52)
	at org.apache.tomcat.util.threads.ThreadPoolExecutor.runWorker(ThreadPoolExecutor.java:1189)
	at org.apache.tomcat.util.threads.ThreadPoolExecutor$Worker.run(ThreadPoolExecutor.java:658)
	at org.apache.tomcat.util.threads.TaskThread$WrappingRunnable.run(TaskThread.java:63)
	at java.base/java.lang.Thread.run(Thread.java:1583)
Caused by: org.hibernate.exception.ConstraintViolationException: could not execute statement [La columna "UUID" no permite valores nulos (NULL)
NULL not allowed for column "UUID"; SQL statement:
insert into notification_channels (channel,notification_id,id) values (?,?,default) [23502-232]] [insert into notification_channels (channel,notification_id,id) values (?,?,default)]
	at org.hibernate.exception.internal.SQLExceptionTypeDelegate.convert(SQLExceptionTypeDelegate.java:62)
	at org.hibernate.exception.internal.StandardSQLExceptionConverter.convert(StandardSQLExceptionConverter.java:58)
	at org.hibernate.engine.jdbc.spi.SqlExceptionHelper.convert(SqlExceptionHelper.java:108)
	at org.hibernate.engine.jdbc.internal.ResultSetReturnImpl.executeUpdate(ResultSetReturnImpl.java:197)
	at org.hibernate.id.insert.GetGeneratedKeysDelegate.performMutation(GetGeneratedKeysDelegate.java:116)
	at org.hibernate.engine.jdbc.mutation.internal.MutationExecutorSingleNonBatched.performNonBatchedOperations(MutationExecutorSingleNonBatched.java:47)
	at org.hibernate.engine.jdbc.mutation.internal.AbstractMutationExecutor.execute(AbstractMutationExecutor.java:55)
	at org.hibernate.persister.entity.mutation.InsertCoordinatorStandard.doStaticInserts(InsertCoordinatorStandard.java:194)
	at org.hibernate.persister.entity.mutation.InsertCoordinatorStandard.coordinateInsert(InsertCoordinatorStandard.java:132)
	at org.hibernate.persister.entity.mutation.InsertCoordinatorStandard.insert(InsertCoordinatorStandard.java:95)
	at org.hibernate.action.internal.EntityIdentityInsertAction.execute(EntityIdentityInsertAction.java:85)
	at org.hibernate.engine.spi.ActionQueue.execute(ActionQueue.java:682)
	at org.hibernate.engine.spi.ActionQueue.addResolvedEntityInsertAction(ActionQueue.java:293)
	at org.hibernate.engine.spi.ActionQueue.addInsertAction(ActionQueue.java:274)
	at org.hibernate.engine.spi.ActionQueue.addAction(ActionQueue.java:324)
	at org.hibernate.event.internal.AbstractSaveEventListener.addInsertAction(AbstractSaveEventListener.java:393)
	at org.hibernate.event.internal.AbstractSaveEventListener.performSaveOrReplicate(AbstractSaveEventListener.java:307)
	at org.hibernate.event.internal.AbstractSaveEventListener.performSave(AbstractSaveEventListener.java:223)
	at org.hibernate.event.internal.AbstractSaveEventListener.saveWithGeneratedId(AbstractSaveEventListener.java:136)
	at org.hibernate.event.internal.DefaultPersistEventListener.entityIsTransient(DefaultPersistEventListener.java:177)
	at org.hibernate.event.internal.DefaultPersistEventListener.persist(DefaultPersistEventListener.java:95)
	at org.hibernate.event.internal.DefaultPersistEventListener.onPersist(DefaultPersistEventListener.java:79)
	at org.hibernate.event.service.internal.EventListenerGroupImpl.fireEventOnEachListener(EventListenerGroupImpl.java:138)
	at org.hibernate.internal.SessionImpl.firePersist(SessionImpl.java:803)
	at org.hibernate.internal.SessionImpl.persist(SessionImpl.java:751)
	at org.hibernate.engine.spi.CascadingActions$7.cascade(CascadingActions.java:295)
	at org.hibernate.engine.spi.CascadingActions$7.cascade(CascadingActions.java:285)
	at org.hibernate.engine.internal.Cascade.cascadeToOne(Cascade.java:570)
	at org.hibernate.engine.internal.Cascade.cascadeAssociation(Cascade.java:492)
	at org.hibernate.engine.internal.Cascade.cascadeProperty(Cascade.java:253)
	at org.hibernate.engine.internal.Cascade.cascadeCollectionElements(Cascade.java:604)
	at org.hibernate.engine.internal.Cascade.cascadeCollection(Cascade.java:534)
	at org.hibernate.engine.internal.Cascade.cascadeAssociation(Cascade.java:495)
	at org.hibernate.engine.internal.Cascade.cascadeProperty(Cascade.java:253)
	at org.hibernate.engine.internal.Cascade.cascade(Cascade.java:192)
	at org.hibernate.event.internal.AbstractSaveEventListener.cascadeAfterSave(AbstractSaveEventListener.java:520)
	at org.hibernate.event.internal.AbstractSaveEventListener.performSaveOrReplicate(AbstractSaveEventListener.java:319)
	at org.hibernate.event.internal.AbstractSaveEventListener.performSave(AbstractSaveEventListener.java:223)
	at org.hibernate.event.internal.AbstractSaveEventListener.saveWithGeneratedId(AbstractSaveEventListener.java:136)
	at org.hibernate.event.internal.DefaultPersistEventListener.entityIsTransient(DefaultPersistEventListener.java:177)
	at org.hibernate.event.internal.DefaultPersistEventListener.persist(DefaultPersistEventListener.java:95)
	at org.hibernate.event.internal.DefaultPersistEventListener.onPersist(DefaultPersistEventListener.java:79)
	at org.hibernate.event.internal.DefaultPersistEventListener.onPersist(DefaultPersistEventListener.java:55)
	at org.hibernate.event.service.internal.EventListenerGroupImpl.fireEventOnEachListener(EventListenerGroupImpl.java:127)
	at org.hibernate.internal.SessionImpl.firePersist(SessionImpl.java:761)
	at org.hibernate.internal.SessionImpl.persist(SessionImpl.java:745)
	at java.base/jdk.internal.reflect.DirectMethodHandleAccessor.invoke(DirectMethodHandleAccessor.java:103)
	at java.base/java.lang.reflect.Method.invoke(Method.java:580)
	at org.springframework.orm.jpa.ExtendedEntityManagerCreator$ExtendedEntityManagerInvocationHandler.invoke(ExtendedEntityManagerCreator.java:364)
	at jdk.proxy2/jdk.proxy2.$Proxy176.persist(Unknown Source)
	at java.base/jdk.internal.reflect.DirectMethodHandleAccessor.invoke(DirectMethodHandleAccessor.java:103)
	at java.base/java.lang.reflect.Method.invoke(Method.java:580)
	at org.springframework.orm.jpa.SharedEntityManagerCreator$SharedEntityManagerInvocationHandler.invoke(SharedEntityManagerCreator.java:320)
	at jdk.proxy2/jdk.proxy2.$Proxy176.persist(Unknown Source)
	at org.springframework.data.jpa.repository.support.SimpleJpaRepository.save(SimpleJpaRepository.java:636)
	at java.base/jdk.internal.reflect.DirectMethodHandleAccessor.invoke(DirectMethodHandleAccessor.java:103)
	at java.base/java.lang.reflect.Method.invoke(Method.java:580)
	at org.springframework.aop.support.AopUtils.invokeJoinpointUsingReflection(AopUtils.java:359)
	at org.springframework.data.repository.core.support.RepositoryMethodInvoker$RepositoryFragmentMethodInvoker.lambda$new$0(RepositoryMethodInvoker.java:277)
	at org.springframework.data.repository.core.support.RepositoryMethodInvoker.doInvoke(RepositoryMethodInvoker.java:170)
	at org.springframework.data.repository.core.support.RepositoryMethodInvoker.invoke(RepositoryMethodInvoker.java:158)
	at org.springframework.data.repository.core.support.RepositoryComposition$RepositoryFragments.invoke(RepositoryComposition.java:515)
	at org.springframework.data.repository.core.support.RepositoryComposition.invoke(RepositoryComposition.java:284)
	at org.springframework.data.repository.core.support.RepositoryFactorySupport$ImplementationMethodExecutionInterceptor.invoke(RepositoryFactorySupport.java:731)
	at org.springframework.aop.framework.ReflectiveMethodInvocation.proceed(ReflectiveMethodInvocation.java:184)
	at org.springframework.data.repository.core.support.QueryExecutorMethodInterceptor.doInvoke(QueryExecutorMethodInterceptor.java:174)
	at org.springframework.data.repository.core.support.QueryExecutorMethodInterceptor.invoke(QueryExecutorMethodInterceptor.java:149)
	at org.springframework.aop.framework.ReflectiveMethodInvocation.proceed(ReflectiveMethodInvocation.java:184)
	at org.springframework.data.projection.DefaultMethodInvokingMethodInterceptor.invoke(DefaultMethodInvokingMethodInterceptor.java:69)
	at org.springframework.aop.framework.ReflectiveMethodInvocation.proceed(ReflectiveMethodInvocation.java:184)
	at org.springframework.transaction.interceptor.TransactionAspectSupport.invokeWithinTransaction(TransactionAspectSupport.java:380)
	at org.springframework.transaction.interceptor.TransactionInterceptor.invoke(TransactionInterceptor.java:119)
	at org.springframework.aop.framework.ReflectiveMethodInvocation.proceed(ReflectiveMethodInvocation.java:184)
	at org.springframework.dao.support.PersistenceExceptionTranslationInterceptor.invoke(PersistenceExceptionTranslationInterceptor.java:138)
	... 135 common frames omitted
Caused by: org.h2.jdbc.JdbcSQLIntegrityConstraintViolationException: La columna "UUID" no permite valores nulos (NULL)
NULL not allowed for column "UUID"; SQL statement:
insert into notification_channels (channel,notification_id,id) values (?,?,default) [23502-232]
	at org.h2.message.DbException.getJdbcSQLException(DbException.java:520)
	at org.h2.message.DbException.getJdbcSQLException(DbException.java:489)
	at org.h2.message.DbException.get(DbException.java:223)
	at org.h2.message.DbException.get(DbException.java:199)
	at org.h2.table.Column.validateConvertUpdateSequence(Column.java:402)
	at org.h2.table.Table.convertInsertRow(Table.java:963)
	at org.h2.command.dml.Insert.insertRows(Insert.java:167)
	at org.h2.command.dml.Insert.update(Insert.java:135)
	at org.h2.command.CommandContainer.executeUpdateWithGeneratedKeys(CommandContainer.java:212)
	at org.h2.command.CommandContainer.update(CommandContainer.java:133)
	at org.h2.command.Command.executeUpdate(Command.java:304)
	at org.h2.command.Command.executeUpdate(Command.java:248)
	at org.h2.jdbc.JdbcPreparedStatement.executeUpdateInternal(JdbcPreparedStatement.java:213)
	at org.h2.jdbc.JdbcPreparedStatement.executeUpdate(JdbcPreparedStatement.java:172)
	at com.zaxxer.hikari.pool.ProxyPreparedStatement.executeUpdate(ProxyPreparedStatement.java:61)
	at com.zaxxer.hikari.pool.HikariProxyPreparedStatement.executeUpdate(HikariProxyPreparedStatement.java)
	at org.hibernate.engine.jdbc.internal.ResultSetReturnImpl.executeUpdate(ResultSetReturnImpl.java:194)
	... 205 common frames omitted
2025-07-30 16:02:48,343 [SpringApplicationShutdownHook] INFO  o.s.c.n.e.s.EurekaServiceRegistry                  - Unregistering application NOTIFICATION-SERVICE with eureka with status DOWN
2025-07-30 16:02:48,345 [SpringApplicationShutdownHook] INFO  o.s.b.w.embedded.tomcat.GracefulShutdown           - Commencing graceful shutdown. Waiting for active requests to complete
2025-07-30 16:02:48,350 [tomcat-shutdown] INFO  o.s.b.w.embedded.tomcat.GracefulShutdown           - Graceful shutdown complete
2025-07-30 16:02:48,360 [SpringApplicationShutdownHook] INFO  o.s.o.j.LocalContainerEntityManagerFactoryBean     - Closing JPA EntityManagerFactory for persistence unit 'default'
2025-07-30 16:02:48,362 [SpringApplicationShutdownHook] INFO  com.zaxxer.hikari.HikariDataSource                 - HikariPool-1 - Shutdown initiated...
2025-07-30 16:02:48,363 [SpringApplicationShutdownHook] INFO  com.zaxxer.hikari.HikariDataSource                 - HikariPool-1 - Shutdown completed.
2025-07-30 16:02:48,363 [SpringApplicationShutdownHook] INFO  com.netflix.discovery.DiscoveryClient              - Shutting down DiscoveryClient ...
2025-07-30 16:02:48,363 [SpringApplicationShutdownHook] INFO  com.netflix.discovery.DiscoveryClient              - Completed shut down of DiscoveryClient
2025-07-30 16:35:48,961 [background-preinit] INFO  o.h.validator.internal.util.Version                - HV000001: Hibernate Validator 8.0.2.Final
2025-07-30 16:35:48,999 [main] INFO  edu.market.notification.App                        - Starting App v1.0.0 using Java 21 with PID 17212 (C:\Users\ja2c\Desktop\Cursos\micro-servicio-archt\k8s\microservices\services\notification-service\target\classes started by ja2c in C:\Users\ja2c\Desktop\Cursos\micro-servicio-archt\k8s\microservices\services\notification-service)
2025-07-30 16:35:49,000 [main] DEBUG edu.market.notification.App                        - Running with Spring Boot v3.4.5, Spring v6.2.6
2025-07-30 16:35:49,001 [main] INFO  edu.market.notification.App                        - The following 1 profile is active: "dev"
2025-07-30 16:35:49,030 [main] INFO  o.s.c.c.c.ConfigServerConfigDataLoader             - Fetching config from server at : http://localhost:8890
2025-07-30 16:35:49,030 [main] INFO  o.s.c.c.c.ConfigServerConfigDataLoader             - Exception on Url - http://localhost:8890:org.springframework.web.client.ResourceAccessException: I/O error on GET request for "http://localhost:8890/notification-service/default": Connection refused: no further information. Will be trying the next url if available
2025-07-30 16:35:49,031 [main] WARN  o.s.c.c.c.ConfigServerConfigDataLoader             - Could not locate PropertySource ([ConfigServerConfigDataResource@437ebf59 uris = array<String>['http://localhost:8890'], optional = true, profiles = 'default']): I/O error on GET request for "http://localhost:8890/notification-service/default": Connection refused: no further information
2025-07-30 16:35:49,031 [main] INFO  o.s.c.c.c.ConfigServerConfigDataLoader             - Fetching config from server at : http://localhost:8890
2025-07-30 16:35:49,031 [main] INFO  o.s.c.c.c.ConfigServerConfigDataLoader             - Exception on Url - http://localhost:8890:org.springframework.web.client.ResourceAccessException: I/O error on GET request for "http://localhost:8890/notification-service/dev": Connection refused: no further information. Will be trying the next url if available
2025-07-30 16:35:49,031 [main] WARN  o.s.c.c.c.ConfigServerConfigDataLoader             - Could not locate PropertySource ([ConfigServerConfigDataResource@1d8e2eea uris = array<String>['http://localhost:8890'], optional = true, profiles = 'dev']): I/O error on GET request for "http://localhost:8890/notification-service/dev": Connection refused: no further information
2025-07-30 16:35:49,031 [main] INFO  o.s.c.c.c.ConfigServerConfigDataLoader             - Fetching config from server at : http://localhost:8890
2025-07-30 16:35:49,031 [main] INFO  o.s.c.c.c.ConfigServerConfigDataLoader             - Exception on Url - http://localhost:8890:org.springframework.web.client.ResourceAccessException: I/O error on GET request for "http://localhost:8890/notification-service/default": Connection refused: no further information. Will be trying the next url if available
2025-07-30 16:35:49,031 [main] WARN  o.s.c.c.c.ConfigServerConfigDataLoader             - Could not locate PropertySource ([ConfigServerConfigDataResource@240139e1 uris = array<String>['http://localhost:8890'], optional = true, profiles = 'default']): I/O error on GET request for "http://localhost:8890/notification-service/default": Connection refused: no further information
2025-07-30 16:35:50,050 [main] INFO  o.s.d.r.c.RepositoryConfigurationDelegate          - Bootstrapping Spring Data JPA repositories in DEFAULT mode.
2025-07-30 16:35:50,218 [main] INFO  o.s.d.r.c.RepositoryConfigurationDelegate          - Finished Spring Data repository scanning in 152 ms. Found 6 JPA repository interfaces.
2025-07-30 16:35:50,525 [main] INFO  o.s.cloud.context.scope.GenericScope               - BeanFactory id=3900db60-8d40-363c-9c55-ffe39cb1c59c
2025-07-30 16:35:51,230 [main] INFO  o.s.b.w.embedded.tomcat.TomcatWebServer            - Tomcat initialized with port 8080 (http)
2025-07-30 16:35:51,240 [main] INFO  o.apache.coyote.http11.Http11NioProtocol           - Initializing ProtocolHandler ["http-nio-8080"]
2025-07-30 16:35:51,242 [main] INFO  o.apache.catalina.core.StandardService             - Starting service [Tomcat]
2025-07-30 16:35:51,242 [main] INFO  org.apache.catalina.core.StandardEngine            - Starting Servlet engine: [Apache Tomcat/10.1.40]
2025-07-30 16:35:51,300 [main] INFO  o.a.c.c.C.[.[.[/notification-service]              - Initializing Spring embedded WebApplicationContext
2025-07-30 16:35:51,300 [main] INFO  o.s.b.w.s.c.ServletWebServerApplicationContext     - Root WebApplicationContext: initialization completed in 2267 ms
2025-07-30 16:35:51,711 [main] INFO  com.zaxxer.hikari.HikariDataSource                 - HikariPool-1 - Starting...
2025-07-30 16:35:51,873 [main] INFO  com.zaxxer.hikari.pool.HikariPool                  - HikariPool-1 - Added connection conn0: url=jdbc:h2:mem:userdb user=SA
2025-07-30 16:35:51,875 [main] INFO  com.zaxxer.hikari.HikariDataSource                 - HikariPool-1 - Start completed.
2025-07-30 16:35:52,139 [main] INFO  o.hibernate.jpa.internal.util.LogHelper            - HHH000204: Processing PersistenceUnitInfo [name: default]
2025-07-30 16:35:52,226 [main] INFO  org.hibernate.Version                              - HHH000412: Hibernate ORM core version 6.6.13.Final
2025-07-30 16:35:52,252 [main] INFO  o.h.c.internal.RegionFactoryInitiator              - HHH000026: Second-level cache disabled
2025-07-30 16:35:52,436 [main] INFO  o.s.o.j.p.SpringPersistenceUnitInfo                - No LoadTimeWeaver setup: ignoring JPA class transformer
2025-07-30 16:35:52,488 [main] INFO  org.hibernate.orm.connections.pooling              - HHH10001005: Database info:
	Database JDBC URL [Connecting through datasource 'HikariDataSource (HikariPool-1)']
	Database driver: undefined/unknown
	Database version: 2.3.232
	Autocommit mode: undefined/unknown
	Isolation level: undefined/unknown
	Minimum pool size: undefined/unknown
	Maximum pool size: undefined/unknown
2025-07-30 16:35:53,275 [main] INFO  o.h.e.t.j.p.i.JtaPlatformInitiator                 - HHH000489: No JTA platform available (set 'hibernate.transaction.jta.platform' to enable JTA platform integration)
2025-07-30 16:35:53,380 [main] INFO  o.s.o.j.LocalContainerEntityManagerFactoryBean     - Initialized JPA EntityManagerFactory for persistence unit 'default'
2025-07-30 16:35:53,817 [main] INFO  o.s.d.j.r.query.QueryEnhancerFactory               - Hibernate is in classpath; If applicable, HQL parser will be used.
2025-07-30 16:35:55,014 [main] WARN  o.s.b.a.o.j.JpaBaseConfiguration$JpaWebConfiguration - spring.jpa.open-in-view is enabled by default. Therefore, database queries may be performed during view rendering. Explicitly configure spring.jpa.open-in-view to disable this warning
2025-07-30 16:35:55,433 [main] INFO  o.s.b.a.e.web.EndpointLinksResolver                - Exposing 1 endpoint beneath base path '/actuator'
2025-07-30 16:35:55,837 [main] INFO  o.s.b.a.h2.H2ConsoleAutoConfiguration              - H2 console available at '/h2-console'. Database available at 'jdbc:h2:mem:userdb'
2025-07-30 16:35:55,879 [main] INFO  o.s.c.n.e.c.DiscoveryClientOptionalArgsConfiguration - Eureka HTTP Client uses RestTemplate.
2025-07-30 16:35:55,918 [main] WARN  o.s.c.l.c.LoadBalancerCacheAutoConfiguration$LoadBalancerCaffeineWarnLogger - Spring Cloud LoadBalancer is currently working with the default cache. While this cache implementation is useful for development and tests, it's recommended to use Caffeine cache in production.You can switch to using Caffeine cache, by adding it and org.springframework.cache.caffeine.CaffeineCacheManager to the classpath.
2025-07-30 16:35:55,972 [main] INFO  o.s.c.netflix.eureka.InstanceInfoFactory           - Setting initial instance status as: STARTING
2025-07-30 16:35:55,988 [main] INFO  com.netflix.discovery.DiscoveryClient              - Initializing Eureka in region us-east-1
2025-07-30 16:35:55,988 [main] INFO  com.netflix.discovery.DiscoveryClient              - Client configured to neither register nor query for data.
2025-07-30 16:35:55,990 [main] INFO  com.netflix.discovery.DiscoveryClient              - Discovery Client initialized at timestamp 1753907755989 with initial instances count: 0
2025-07-30 16:35:55,995 [main] INFO  o.s.c.n.e.s.EurekaServiceRegistry                  - Registering application NOTIFICATION-SERVICE with eureka with status UP
2025-07-30 16:35:55,996 [main] INFO  o.apache.coyote.http11.Http11NioProtocol           - Starting ProtocolHandler ["http-nio-8080"]
2025-07-30 16:35:56,009 [main] INFO  o.s.b.w.embedded.tomcat.TomcatWebServer            - Tomcat started on port 8080 (http) with context path '/notification-service'
2025-07-30 16:35:56,010 [main] INFO  o.s.c.n.e.s.EurekaAutoServiceRegistration          - Updating port to 8080
2025-07-30 16:35:56,025 [main] INFO  edu.market.notification.App                        - Started App in 7.964 seconds (process running for 8.407)
2025-07-30 16:36:05,240 [http-nio-8080-exec-1] INFO  o.a.c.c.C.[.[.[/notification-service]              - Initializing Spring DispatcherServlet 'dispatcherServlet'
2025-07-30 16:36:05,241 [http-nio-8080-exec-1] INFO  o.s.web.servlet.DispatcherServlet                  - Initializing Servlet 'dispatcherServlet'
2025-07-30 16:36:05,242 [http-nio-8080-exec-1] INFO  o.s.web.servlet.DispatcherServlet                  - Completed initialization in 1 ms
2025-07-30 16:36:05,312 [http-nio-8080-exec-1] INFO  e.m.n.i.a.i.w.c.NotificationController             - sendNotification - init
2025-07-30 16:36:05,313 [http-nio-8080-exec-1] DEBUG e.m.n.i.a.i.w.c.NotificationController             - sendNotification - Call notificationMapper.toNotificationCommand
2025-07-30 16:36:05,313 [http-nio-8080-exec-1] INFO  e.m.n.i.a.i.w.m.NotificationInputMapper            - toNotificationCommand - init
2025-07-30 16:36:05,313 [http-nio-8080-exec-1] INFO  e.m.n.i.a.i.w.m.NotificationInputMapper            - toNotificationCommand - end
2025-07-30 16:36:05,313 [http-nio-8080-exec-1] DEBUG e.m.n.i.a.i.w.c.NotificationController             - sendNotification - Create ClientContextCommand
2025-07-30 16:36:05,313 [http-nio-8080-exec-1] DEBUG e.m.n.i.a.i.web.util.RequestContextUtil            - Obteniendo IP del cliente
2025-07-30 16:36:05,314 [http-nio-8080-exec-1] DEBUG e.m.n.i.a.i.web.util.RequestContextUtil            - Obteniendo User-Agent del cliente
2025-07-30 16:36:05,314 [http-nio-8080-exec-1] DEBUG e.m.n.i.a.i.web.util.RequestContextUtil            - Obteniendo ruta de la petición
2025-07-30 16:36:05,314 [http-nio-8080-exec-1] DEBUG e.m.n.i.a.i.w.c.NotificationController             - sendNotification - Call sendNotificationUseCase.send
2025-07-30 16:36:05,314 [http-nio-8080-exec-1] INFO  e.m.n.i.a.o.monitoring.LoggingAdapter              - send - Init
2025-07-30 16:36:05,320 [http-nio-8080-exec-1] INFO  e.m.n.i.a.o.p.m.NotificationOutputMapper           - toEntity - Init
2025-07-30 16:36:05,321 [http-nio-8080-exec-1] INFO  e.m.n.i.a.o.p.m.NotificationOutputMapper           - toEntity - End
2025-07-30 16:36:05,375 [http-nio-8080-exec-1] DEBUG e.m.n.i.a.o.monitoring.LoggingAdapter              - send - Notification saved with ID: fcd2e8fb-0608-42e7-9398-1864cf7ee142, channels: [SMS, EMAIL]
2025-07-30 16:36:05,375 [http-nio-8080-exec-1] DEBUG e.m.n.i.a.o.monitoring.LoggingAdapter              - NotificationChannelServiceAdapter.isAvailable - Verificando disponibilidad del canal {}
2025-07-30 16:36:05,376 [http-nio-8080-exec-1] DEBUG e.m.n.i.a.o.monitoring.LoggingAdapter              - send - Call notificationChannel.send
2025-07-30 16:36:05,376 [http-nio-8080-exec-1] INFO  e.m.n.i.a.o.monitoring.LoggingAdapter              - NotificationChannelServiceAdapter.send - Enviando notificación {} por canal {}
2025-07-30 16:36:05,379 [http-nio-8080-exec-1] INFO  e.m.n.i.a.o.monitoring.LoggingAdapter              - NotificationChannelServiceAdapter.send - Notificación {} enviada exitosamente
2025-07-30 16:36:05,379 [metricsCollectorExecutor-0] DEBUG e.m.n.i.a.o.m.MicrometerMetricsAdapter             - Incrementando contador de notificaciones para estado PROCESSING
2025-07-30 16:36:05,380 [metricsCollectorExecutor-1] DEBUG e.m.n.i.a.o.m.MicrometerMetricsAdapter             - Registrando métrica de notificación enviada para canal SMS
2025-07-30 16:36:05,380 [http-nio-8080-exec-1] DEBUG e.m.n.i.a.o.monitoring.LoggingAdapter              - send - Mark notification as sent
2025-07-30 16:36:05,380 [http-nio-8080-exec-1] DEBUG e.m.n.i.a.o.monitoring.LoggingAdapter              - send - Call notificationRepository.save for updated notification
2025-07-30 16:36:05,380 [http-nio-8080-exec-1] INFO  e.m.n.i.a.o.p.m.NotificationOutputMapper           - toEntity - Init
2025-07-30 16:36:05,380 [http-nio-8080-exec-1] INFO  e.m.n.i.a.o.p.m.NotificationOutputMapper           - toEntity - End
2025-07-30 16:36:05,381 [metricsCollectorExecutor-1] DEBUG e.m.n.i.a.o.m.MicrometerMetricsAdapter             - Métrica de notificación enviada registrada exitosamente
2025-07-30 16:36:05,381 [metricsCollectorExecutor-0] DEBUG e.m.n.i.a.o.m.MicrometerMetricsAdapter             - Contador de notificaciones incrementado exitosamente
2025-07-30 16:36:05,384 [http-nio-8080-exec-1] WARN  o.h.engine.jdbc.spi.SqlExceptionHelper             - SQL Error: 23505, SQLState: 23505
2025-07-30 16:36:05,384 [http-nio-8080-exec-1] ERROR o.h.engine.jdbc.spi.SqlExceptionHelper             - Violación de indice de Unicidad ó Clave primaria: "PUBLIC.UK_NOTIFICATIONS_UUID_INDEX_C ON PUBLIC.NOTIFICATIONS(UUID NULLS FIRST) VALUES ( /* 1 */ UUID 'fcd2e8fb-0608-42e7-9398-1864cf7ee142' )"
Unique index or primary key violation: "PUBLIC.UK_NOTIFICATIONS_UUID_INDEX_C ON PUBLIC.NOTIFICATIONS(UUID NULLS FIRST) VALUES ( /* 1 */ UUID 'fcd2e8fb-0608-42e7-9398-1864cf7ee142' )"; SQL statement:
insert into notifications (content_attributes,content_body,created_at,error_message,priority,recipient_attributes,recipient_device_token,recipient_email,recipient_phone,recipient_user_id,requester_id,retry_count,scheduled_for,sent_at,source_service,status,subject,template_id,uuid,id) values (?,?,?,?,?,?,?,?,?,?,?,?,?,?,?,?,?,?,?,default) [23505-232]
2025-07-30 16:36:05,389 [http-nio-8080-exec-1] ERROR e.m.n.i.a.o.monitoring.LoggingAdapter              - send - Exception occurred
org.springframework.dao.DataIntegrityViolationException: could not execute statement [Violación de indice de Unicidad ó Clave primaria: "PUBLIC.UK_NOTIFICATIONS_UUID_INDEX_C ON PUBLIC.NOTIFICATIONS(UUID NULLS FIRST) VALUES ( /* 1 */ UUID 'fcd2e8fb-0608-42e7-9398-1864cf7ee142' )"
Unique index or primary key violation: "PUBLIC.UK_NOTIFICATIONS_UUID_INDEX_C ON PUBLIC.NOTIFICATIONS(UUID NULLS FIRST) VALUES ( /* 1 */ UUID 'fcd2e8fb-0608-42e7-9398-1864cf7ee142' )"; SQL statement:
insert into notifications (content_attributes,content_body,created_at,error_message,priority,recipient_attributes,recipient_device_token,recipient_email,recipient_phone,recipient_user_id,requester_id,retry_count,scheduled_for,sent_at,source_service,status,subject,template_id,uuid,id) values (?,?,?,?,?,?,?,?,?,?,?,?,?,?,?,?,?,?,?,default) [23505-232]] [insert into notifications (content_attributes,content_body,created_at,error_message,priority,recipient_attributes,recipient_device_token,recipient_email,recipient_phone,recipient_user_id,requester_id,retry_count,scheduled_for,sent_at,source_service,status,subject,template_id,uuid,id) values (?,?,?,?,?,?,?,?,?,?,?,?,?,?,?,?,?,?,?,default)]; SQL [insert into notifications (content_attributes,content_body,created_at,error_message,priority,recipient_attributes,recipient_device_token,recipient_email,recipient_phone,recipient_user_id,requester_id,retry_count,scheduled_for,sent_at,source_service,status,subject,template_id,uuid,id) values (?,?,?,?,?,?,?,?,?,?,?,?,?,?,?,?,?,?,?,default)]; constraint [PUBLIC.UK_NOTIFICATIONS_UUID_INDEX_C]
	at org.springframework.orm.jpa.vendor.HibernateJpaDialect.convertHibernateAccessException(HibernateJpaDialect.java:294)
	at org.springframework.orm.jpa.vendor.HibernateJpaDialect.convertHibernateAccessException(HibernateJpaDialect.java:256)
	at org.springframework.orm.jpa.vendor.HibernateJpaDialect.translateExceptionIfPossible(HibernateJpaDialect.java:241)
	at org.springframework.orm.jpa.AbstractEntityManagerFactoryBean.translateExceptionIfPossible(AbstractEntityManagerFactoryBean.java:560)
	at org.springframework.dao.support.ChainedPersistenceExceptionTranslator.translateExceptionIfPossible(ChainedPersistenceExceptionTranslator.java:61)
	at org.springframework.dao.support.DataAccessUtils.translateIfNecessary(DataAccessUtils.java:343)
	at org.springframework.dao.support.PersistenceExceptionTranslationInterceptor.invoke(PersistenceExceptionTranslationInterceptor.java:160)
	at org.springframework.aop.framework.ReflectiveMethodInvocation.proceed(ReflectiveMethodInvocation.java:184)
	at org.springframework.data.jpa.repository.support.CrudMethodMetadataPostProcessor$CrudMethodMetadataPopulatingMethodInterceptor.invoke(CrudMethodMetadataPostProcessor.java:165)
	at org.springframework.aop.framework.ReflectiveMethodInvocation.proceed(ReflectiveMethodInvocation.java:184)
	at org.springframework.aop.framework.JdkDynamicAopProxy.invoke(JdkDynamicAopProxy.java:223)
	at jdk.proxy2/jdk.proxy2.$Proxy187.save(Unknown Source)
	at edu.market.notification.infrastructure.adapter.output.persistence.NotificationRepositoryAdapter.save(NotificationRepositoryAdapter.java:36)
	at java.base/jdk.internal.reflect.DirectMethodHandleAccessor.invoke(DirectMethodHandleAccessor.java:103)
	at java.base/java.lang.reflect.Method.invoke(Method.java:580)
	at org.springframework.aop.support.AopUtils.invokeJoinpointUsingReflection(AopUtils.java:359)
	at org.springframework.aop.framework.ReflectiveMethodInvocation.invokeJoinpoint(ReflectiveMethodInvocation.java:196)
	at org.springframework.aop.framework.ReflectiveMethodInvocation.proceed(ReflectiveMethodInvocation.java:163)
	at org.springframework.transaction.interceptor.TransactionAspectSupport.invokeWithinTransaction(TransactionAspectSupport.java:380)
	at org.springframework.transaction.interceptor.TransactionInterceptor.invoke(TransactionInterceptor.java:119)
	at org.springframework.aop.framework.ReflectiveMethodInvocation.proceed(ReflectiveMethodInvocation.java:184)
	at org.springframework.aop.framework.CglibAopProxy$DynamicAdvisedInterceptor.intercept(CglibAopProxy.java:728)
	at edu.market.notification.infrastructure.adapter.output.persistence.NotificationRepositoryAdapter$$SpringCGLIB$$0.save(<generated>)
	at edu.market.notification.application.usecase.notification.SendNotificationUseCase.send(SendNotificationUseCase.java:106)
	at edu.market.notification.infrastructure.adapter.input.web.controller.NotificationController.sendNotification(NotificationController.java:156)
	at java.base/jdk.internal.reflect.DirectMethodHandleAccessor.invoke(DirectMethodHandleAccessor.java:103)
	at java.base/java.lang.reflect.Method.invoke(Method.java:580)
	at org.springframework.web.method.support.InvocableHandlerMethod.doInvoke(InvocableHandlerMethod.java:258)
	at org.springframework.web.method.support.InvocableHandlerMethod.invokeForRequest(InvocableHandlerMethod.java:191)
	at org.springframework.web.servlet.mvc.method.annotation.ServletInvocableHandlerMethod.invokeAndHandle(ServletInvocableHandlerMethod.java:118)
	at org.springframework.web.servlet.mvc.method.annotation.RequestMappingHandlerAdapter.invokeHandlerMethod(RequestMappingHandlerAdapter.java:986)
	at org.springframework.web.servlet.mvc.method.annotation.RequestMappingHandlerAdapter.handleInternal(RequestMappingHandlerAdapter.java:891)
	at org.springframework.web.servlet.mvc.method.AbstractHandlerMethodAdapter.handle(AbstractHandlerMethodAdapter.java:87)
	at org.springframework.web.servlet.DispatcherServlet.doDispatch(DispatcherServlet.java:1089)
	at org.springframework.web.servlet.DispatcherServlet.doService(DispatcherServlet.java:979)
	at org.springframework.web.servlet.FrameworkServlet.processRequest(FrameworkServlet.java:1014)
	at org.springframework.web.servlet.FrameworkServlet.doPost(FrameworkServlet.java:914)
	at jakarta.servlet.http.HttpServlet.service(HttpServlet.java:590)
	at org.springframework.web.servlet.FrameworkServlet.service(FrameworkServlet.java:885)
	at jakarta.servlet.http.HttpServlet.service(HttpServlet.java:658)
	at org.apache.catalina.core.ApplicationFilterChain.internalDoFilter(ApplicationFilterChain.java:195)
	at org.apache.catalina.core.ApplicationFilterChain.doFilter(ApplicationFilterChain.java:140)
	at org.apache.tomcat.websocket.server.WsFilter.doFilter(WsFilter.java:51)
	at org.apache.catalina.core.ApplicationFilterChain.internalDoFilter(ApplicationFilterChain.java:164)
	at org.apache.catalina.core.ApplicationFilterChain.doFilter(ApplicationFilterChain.java:140)
	at org.springframework.web.filter.CompositeFilter$VirtualFilterChain.doFilter(CompositeFilter.java:108)
	at org.springframework.security.web.FilterChainProxy.lambda$doFilterInternal$3(FilterChainProxy.java:231)
	at org.springframework.security.web.ObservationFilterChainDecorator$FilterObservation$SimpleFilterObservation.lambda$wrap$1(ObservationFilterChainDecorator.java:479)
	at org.springframework.security.web.ObservationFilterChainDecorator$AroundFilterObservation$SimpleAroundFilterObservation.lambda$wrap$1(ObservationFilterChainDecorator.java:340)
	at org.springframework.security.web.ObservationFilterChainDecorator.lambda$wrapSecured$0(ObservationFilterChainDecorator.java:82)
	at org.springframework.security.web.ObservationFilterChainDecorator$VirtualFilterChain.doFilter(ObservationFilterChainDecorator.java:128)
	at org.springframework.security.web.access.intercept.AuthorizationFilter.doFilter(AuthorizationFilter.java:101)
	at org.springframework.security.web.ObservationFilterChainDecorator$ObservationFilter.wrapFilter(ObservationFilterChainDecorator.java:240)
	at org.springframework.security.web.ObservationFilterChainDecorator$ObservationFilter.doFilter(ObservationFilterChainDecorator.java:227)
	at org.springframework.security.web.ObservationFilterChainDecorator$VirtualFilterChain.doFilter(ObservationFilterChainDecorator.java:137)
	at org.springframework.security.web.access.ExceptionTranslationFilter.doFilter(ExceptionTranslationFilter.java:126)
	at org.springframework.security.web.access.ExceptionTranslationFilter.doFilter(ExceptionTranslationFilter.java:120)
	at org.springframework.security.web.ObservationFilterChainDecorator$ObservationFilter.wrapFilter(ObservationFilterChainDecorator.java:240)
	at org.springframework.security.web.ObservationFilterChainDecorator$ObservationFilter.doFilter(ObservationFilterChainDecorator.java:227)
	at org.springframework.security.web.ObservationFilterChainDecorator$VirtualFilterChain.doFilter(ObservationFilterChainDecorator.java:137)
	at org.springframework.security.web.authentication.AnonymousAuthenticationFilter.doFilter(AnonymousAuthenticationFilter.java:100)
	at org.springframework.security.web.ObservationFilterChainDecorator$ObservationFilter.wrapFilter(ObservationFilterChainDecorator.java:240)
	at org.springframework.security.web.ObservationFilterChainDecorator$ObservationFilter.doFilter(ObservationFilterChainDecorator.java:227)
	at org.springframework.security.web.ObservationFilterChainDecorator$VirtualFilterChain.doFilter(ObservationFilterChainDecorator.java:137)
	at org.springframework.security.web.servletapi.SecurityContextHolderAwareRequestFilter.doFilter(SecurityContextHolderAwareRequestFilter.java:179)
	at org.springframework.security.web.ObservationFilterChainDecorator$ObservationFilter.wrapFilter(ObservationFilterChainDecorator.java:240)
	at org.springframework.security.web.ObservationFilterChainDecorator$ObservationFilter.doFilter(ObservationFilterChainDecorator.java:227)
	at org.springframework.security.web.ObservationFilterChainDecorator$VirtualFilterChain.doFilter(ObservationFilterChainDecorator.java:137)
	at org.springframework.security.web.savedrequest.RequestCacheAwareFilter.doFilter(RequestCacheAwareFilter.java:63)
	at org.springframework.security.web.ObservationFilterChainDecorator$ObservationFilter.wrapFilter(ObservationFilterChainDecorator.java:240)
	at org.springframework.security.web.ObservationFilterChainDecorator$ObservationFilter.doFilter(ObservationFilterChainDecorator.java:227)
	at org.springframework.security.web.ObservationFilterChainDecorator$VirtualFilterChain.doFilter(ObservationFilterChainDecorator.java:137)
	at org.springframework.security.web.authentication.logout.LogoutFilter.doFilter(LogoutFilter.java:107)
	at org.springframework.security.web.authentication.logout.LogoutFilter.doFilter(LogoutFilter.java:93)
	at org.springframework.security.web.ObservationFilterChainDecorator$ObservationFilter.wrapFilter(ObservationFilterChainDecorator.java:240)
	at org.springframework.security.web.ObservationFilterChainDecorator$ObservationFilter.doFilter(ObservationFilterChainDecorator.java:227)
	at org.springframework.security.web.ObservationFilterChainDecorator$VirtualFilterChain.doFilter(ObservationFilterChainDecorator.java:137)
	at org.springframework.security.web.header.HeaderWriterFilter.doHeadersAfter(HeaderWriterFilter.java:90)
	at org.springframework.security.web.header.HeaderWriterFilter.doFilterInternal(HeaderWriterFilter.java:75)
	at org.springframework.web.filter.OncePerRequestFilter.doFilter(OncePerRequestFilter.java:116)
	at org.springframework.security.web.ObservationFilterChainDecorator$ObservationFilter.wrapFilter(ObservationFilterChainDecorator.java:240)
	at org.springframework.security.web.ObservationFilterChainDecorator$ObservationFilter.doFilter(ObservationFilterChainDecorator.java:227)
	at org.springframework.security.web.ObservationFilterChainDecorator$VirtualFilterChain.doFilter(ObservationFilterChainDecorator.java:137)
	at org.springframework.security.web.context.SecurityContextHolderFilter.doFilter(SecurityContextHolderFilter.java:82)
	at org.springframework.security.web.context.SecurityContextHolderFilter.doFilter(SecurityContextHolderFilter.java:69)
	at org.springframework.security.web.ObservationFilterChainDecorator$ObservationFilter.wrapFilter(ObservationFilterChainDecorator.java:240)
	at org.springframework.security.web.ObservationFilterChainDecorator$ObservationFilter.doFilter(ObservationFilterChainDecorator.java:227)
	at org.springframework.security.web.ObservationFilterChainDecorator$VirtualFilterChain.doFilter(ObservationFilterChainDecorator.java:137)
	at org.springframework.security.web.context.request.async.WebAsyncManagerIntegrationFilter.doFilterInternal(WebAsyncManagerIntegrationFilter.java:62)
	at org.springframework.web.filter.OncePerRequestFilter.doFilter(OncePerRequestFilter.java:116)
	at org.springframework.security.web.ObservationFilterChainDecorator$ObservationFilter.wrapFilter(ObservationFilterChainDecorator.java:240)
	at org.springframework.security.web.ObservationFilterChainDecorator$ObservationFilter.doFilter(ObservationFilterChainDecorator.java:227)
	at org.springframework.security.web.ObservationFilterChainDecorator$VirtualFilterChain.doFilter(ObservationFilterChainDecorator.java:137)
	at org.springframework.security.web.session.DisableEncodeUrlFilter.doFilterInternal(DisableEncodeUrlFilter.java:42)
	at org.springframework.web.filter.OncePerRequestFilter.doFilter(OncePerRequestFilter.java:116)
	at org.springframework.security.web.ObservationFilterChainDecorator$ObservationFilter.wrapFilter(ObservationFilterChainDecorator.java:240)
	at org.springframework.security.web.ObservationFilterChainDecorator$AroundFilterObservation$SimpleAroundFilterObservation.lambda$wrap$0(ObservationFilterChainDecorator.java:323)
	at org.springframework.security.web.ObservationFilterChainDecorator$ObservationFilter.doFilter(ObservationFilterChainDecorator.java:224)
	at org.springframework.security.web.ObservationFilterChainDecorator$VirtualFilterChain.doFilter(ObservationFilterChainDecorator.java:137)
	at org.springframework.security.web.FilterChainProxy.doFilterInternal(FilterChainProxy.java:233)
	at org.springframework.security.web.FilterChainProxy.doFilter(FilterChainProxy.java:191)
	at org.springframework.web.filter.CompositeFilter$VirtualFilterChain.doFilter(CompositeFilter.java:113)
	at org.springframework.web.servlet.handler.HandlerMappingIntrospector.lambda$createCacheFilter$3(HandlerMappingIntrospector.java:243)
	at org.springframework.web.filter.CompositeFilter$VirtualFilterChain.doFilter(CompositeFilter.java:113)
	at org.springframework.web.filter.CompositeFilter.doFilter(CompositeFilter.java:74)
	at org.springframework.security.config.annotation.web.configuration.WebMvcSecurityConfiguration$CompositeFilterChainProxy.doFilter(WebMvcSecurityConfiguration.java:238)
	at org.springframework.web.filter.DelegatingFilterProxy.invokeDelegate(DelegatingFilterProxy.java:362)
	at org.springframework.web.filter.DelegatingFilterProxy.doFilter(DelegatingFilterProxy.java:278)
	at org.apache.catalina.core.ApplicationFilterChain.internalDoFilter(ApplicationFilterChain.java:164)
	at org.apache.catalina.core.ApplicationFilterChain.doFilter(ApplicationFilterChain.java:140)
	at org.springframework.web.filter.RequestContextFilter.doFilterInternal(RequestContextFilter.java:100)
	at org.springframework.web.filter.OncePerRequestFilter.doFilter(OncePerRequestFilter.java:116)
	at org.apache.catalina.core.ApplicationFilterChain.internalDoFilter(ApplicationFilterChain.java:164)
	at org.apache.catalina.core.ApplicationFilterChain.doFilter(ApplicationFilterChain.java:140)
	at org.springframework.web.filter.FormContentFilter.doFilterInternal(FormContentFilter.java:93)
	at org.springframework.web.filter.OncePerRequestFilter.doFilter(OncePerRequestFilter.java:116)
	at org.apache.catalina.core.ApplicationFilterChain.internalDoFilter(ApplicationFilterChain.java:164)
	at org.apache.catalina.core.ApplicationFilterChain.doFilter(ApplicationFilterChain.java:140)
	at org.springframework.web.filter.ServerHttpObservationFilter.doFilterInternal(ServerHttpObservationFilter.java:114)
	at org.springframework.web.filter.OncePerRequestFilter.doFilter(OncePerRequestFilter.java:116)
	at org.apache.catalina.core.ApplicationFilterChain.internalDoFilter(ApplicationFilterChain.java:164)
	at org.apache.catalina.core.ApplicationFilterChain.doFilter(ApplicationFilterChain.java:140)
	at org.springframework.web.filter.CharacterEncodingFilter.doFilterInternal(CharacterEncodingFilter.java:201)
	at org.springframework.web.filter.OncePerRequestFilter.doFilter(OncePerRequestFilter.java:116)
	at org.apache.catalina.core.ApplicationFilterChain.internalDoFilter(ApplicationFilterChain.java:164)
	at org.apache.catalina.core.ApplicationFilterChain.doFilter(ApplicationFilterChain.java:140)
	at org.apache.catalina.core.StandardWrapperValve.invoke(StandardWrapperValve.java:167)
	at org.apache.catalina.core.StandardContextValve.invoke(StandardContextValve.java:90)
	at org.apache.catalina.authenticator.AuthenticatorBase.invoke(AuthenticatorBase.java:483)
	at org.apache.catalina.core.StandardHostValve.invoke(StandardHostValve.java:116)
	at org.apache.catalina.valves.ErrorReportValve.invoke(ErrorReportValve.java:93)
	at org.apache.catalina.core.StandardEngineValve.invoke(StandardEngineValve.java:74)
	at org.apache.catalina.connector.CoyoteAdapter.service(CoyoteAdapter.java:344)
	at org.apache.coyote.http11.Http11Processor.service(Http11Processor.java:398)
	at org.apache.coyote.AbstractProcessorLight.process(AbstractProcessorLight.java:63)
	at org.apache.coyote.AbstractProtocol$ConnectionHandler.process(AbstractProtocol.java:903)
	at org.apache.tomcat.util.net.NioEndpoint$SocketProcessor.doRun(NioEndpoint.java:1740)
	at org.apache.tomcat.util.net.SocketProcessorBase.run(SocketProcessorBase.java:52)
	at org.apache.tomcat.util.threads.ThreadPoolExecutor.runWorker(ThreadPoolExecutor.java:1189)
	at org.apache.tomcat.util.threads.ThreadPoolExecutor$Worker.run(ThreadPoolExecutor.java:658)
	at org.apache.tomcat.util.threads.TaskThread$WrappingRunnable.run(TaskThread.java:63)
	at java.base/java.lang.Thread.run(Thread.java:1583)
Caused by: org.hibernate.exception.ConstraintViolationException: could not execute statement [Violación de indice de Unicidad ó Clave primaria: "PUBLIC.UK_NOTIFICATIONS_UUID_INDEX_C ON PUBLIC.NOTIFICATIONS(UUID NULLS FIRST) VALUES ( /* 1 */ UUID 'fcd2e8fb-0608-42e7-9398-1864cf7ee142' )"
Unique index or primary key violation: "PUBLIC.UK_NOTIFICATIONS_UUID_INDEX_C ON PUBLIC.NOTIFICATIONS(UUID NULLS FIRST) VALUES ( /* 1 */ UUID 'fcd2e8fb-0608-42e7-9398-1864cf7ee142' )"; SQL statement:
insert into notifications (content_attributes,content_body,created_at,error_message,priority,recipient_attributes,recipient_device_token,recipient_email,recipient_phone,recipient_user_id,requester_id,retry_count,scheduled_for,sent_at,source_service,status,subject,template_id,uuid,id) values (?,?,?,?,?,?,?,?,?,?,?,?,?,?,?,?,?,?,?,default) [23505-232]] [insert into notifications (content_attributes,content_body,created_at,error_message,priority,recipient_attributes,recipient_device_token,recipient_email,recipient_phone,recipient_user_id,requester_id,retry_count,scheduled_for,sent_at,source_service,status,subject,template_id,uuid,id) values (?,?,?,?,?,?,?,?,?,?,?,?,?,?,?,?,?,?,?,default)]
	at org.hibernate.dialect.H2Dialect.lambda$buildSQLExceptionConversionDelegate$3(H2Dialect.java:759)
	at org.hibernate.exception.internal.StandardSQLExceptionConverter.convert(StandardSQLExceptionConverter.java:58)
	at org.hibernate.engine.jdbc.spi.SqlExceptionHelper.convert(SqlExceptionHelper.java:108)
	at org.hibernate.engine.jdbc.internal.ResultSetReturnImpl.executeUpdate(ResultSetReturnImpl.java:197)
	at org.hibernate.id.insert.GetGeneratedKeysDelegate.performMutation(GetGeneratedKeysDelegate.java:116)
	at org.hibernate.engine.jdbc.mutation.internal.MutationExecutorSingleNonBatched.performNonBatchedOperations(MutationExecutorSingleNonBatched.java:47)
	at org.hibernate.engine.jdbc.mutation.internal.AbstractMutationExecutor.execute(AbstractMutationExecutor.java:55)
	at org.hibernate.persister.entity.mutation.InsertCoordinatorStandard.doStaticInserts(InsertCoordinatorStandard.java:194)
	at org.hibernate.persister.entity.mutation.InsertCoordinatorStandard.coordinateInsert(InsertCoordinatorStandard.java:132)
	at org.hibernate.persister.entity.mutation.InsertCoordinatorStandard.insert(InsertCoordinatorStandard.java:95)
	at org.hibernate.action.internal.EntityIdentityInsertAction.execute(EntityIdentityInsertAction.java:85)
	at org.hibernate.engine.spi.ActionQueue.execute(ActionQueue.java:682)
	at org.hibernate.engine.spi.ActionQueue.addResolvedEntityInsertAction(ActionQueue.java:293)
	at org.hibernate.engine.spi.ActionQueue.addInsertAction(ActionQueue.java:274)
	at org.hibernate.engine.spi.ActionQueue.addAction(ActionQueue.java:324)
	at org.hibernate.event.internal.AbstractSaveEventListener.addInsertAction(AbstractSaveEventListener.java:393)
	at org.hibernate.event.internal.AbstractSaveEventListener.performSaveOrReplicate(AbstractSaveEventListener.java:307)
	at org.hibernate.event.internal.AbstractSaveEventListener.performSave(AbstractSaveEventListener.java:223)
	at org.hibernate.event.internal.AbstractSaveEventListener.saveWithGeneratedId(AbstractSaveEventListener.java:136)
	at org.hibernate.event.internal.DefaultPersistEventListener.entityIsTransient(DefaultPersistEventListener.java:177)
	at org.hibernate.event.internal.DefaultPersistEventListener.persist(DefaultPersistEventListener.java:95)
	at org.hibernate.event.internal.DefaultPersistEventListener.onPersist(DefaultPersistEventListener.java:79)
	at org.hibernate.event.internal.DefaultPersistEventListener.onPersist(DefaultPersistEventListener.java:55)
	at org.hibernate.event.service.internal.EventListenerGroupImpl.fireEventOnEachListener(EventListenerGroupImpl.java:127)
	at org.hibernate.internal.SessionImpl.firePersist(SessionImpl.java:761)
	at org.hibernate.internal.SessionImpl.persist(SessionImpl.java:745)
	at java.base/jdk.internal.reflect.DirectMethodHandleAccessor.invoke(DirectMethodHandleAccessor.java:103)
	at java.base/java.lang.reflect.Method.invoke(Method.java:580)
	at org.springframework.orm.jpa.ExtendedEntityManagerCreator$ExtendedEntityManagerInvocationHandler.invoke(ExtendedEntityManagerCreator.java:364)
	at jdk.proxy2/jdk.proxy2.$Proxy176.persist(Unknown Source)
	at java.base/jdk.internal.reflect.DirectMethodHandleAccessor.invoke(DirectMethodHandleAccessor.java:103)
	at java.base/java.lang.reflect.Method.invoke(Method.java:580)
	at org.springframework.orm.jpa.SharedEntityManagerCreator$SharedEntityManagerInvocationHandler.invoke(SharedEntityManagerCreator.java:320)
	at jdk.proxy2/jdk.proxy2.$Proxy176.persist(Unknown Source)
	at org.springframework.data.jpa.repository.support.SimpleJpaRepository.save(SimpleJpaRepository.java:636)
	at java.base/jdk.internal.reflect.DirectMethodHandleAccessor.invoke(DirectMethodHandleAccessor.java:103)
	at java.base/java.lang.reflect.Method.invoke(Method.java:580)
	at org.springframework.aop.support.AopUtils.invokeJoinpointUsingReflection(AopUtils.java:359)
	at org.springframework.data.repository.core.support.RepositoryMethodInvoker$RepositoryFragmentMethodInvoker.lambda$new$0(RepositoryMethodInvoker.java:277)
	at org.springframework.data.repository.core.support.RepositoryMethodInvoker.doInvoke(RepositoryMethodInvoker.java:170)
	at org.springframework.data.repository.core.support.RepositoryMethodInvoker.invoke(RepositoryMethodInvoker.java:158)
	at org.springframework.data.repository.core.support.RepositoryComposition$RepositoryFragments.invoke(RepositoryComposition.java:515)
	at org.springframework.data.repository.core.support.RepositoryComposition.invoke(RepositoryComposition.java:284)
	at org.springframework.data.repository.core.support.RepositoryFactorySupport$ImplementationMethodExecutionInterceptor.invoke(RepositoryFactorySupport.java:731)
	at org.springframework.aop.framework.ReflectiveMethodInvocation.proceed(ReflectiveMethodInvocation.java:184)
	at org.springframework.data.repository.core.support.QueryExecutorMethodInterceptor.doInvoke(QueryExecutorMethodInterceptor.java:174)
	at org.springframework.data.repository.core.support.QueryExecutorMethodInterceptor.invoke(QueryExecutorMethodInterceptor.java:149)
	at org.springframework.aop.framework.ReflectiveMethodInvocation.proceed(ReflectiveMethodInvocation.java:184)
	at org.springframework.data.projection.DefaultMethodInvokingMethodInterceptor.invoke(DefaultMethodInvokingMethodInterceptor.java:69)
	at org.springframework.aop.framework.ReflectiveMethodInvocation.proceed(ReflectiveMethodInvocation.java:184)
	at org.springframework.transaction.interceptor.TransactionAspectSupport.invokeWithinTransaction(TransactionAspectSupport.java:380)
	at org.springframework.transaction.interceptor.TransactionInterceptor.invoke(TransactionInterceptor.java:119)
	at org.springframework.aop.framework.ReflectiveMethodInvocation.proceed(ReflectiveMethodInvocation.java:184)
	at org.springframework.dao.support.PersistenceExceptionTranslationInterceptor.invoke(PersistenceExceptionTranslationInterceptor.java:138)
	... 135 common frames omitted
Caused by: org.h2.jdbc.JdbcSQLIntegrityConstraintViolationException: Violación de indice de Unicidad ó Clave primaria: "PUBLIC.UK_NOTIFICATIONS_UUID_INDEX_C ON PUBLIC.NOTIFICATIONS(UUID NULLS FIRST) VALUES ( /* 1 */ UUID 'fcd2e8fb-0608-42e7-9398-1864cf7ee142' )"
Unique index or primary key violation: "PUBLIC.UK_NOTIFICATIONS_UUID_INDEX_C ON PUBLIC.NOTIFICATIONS(UUID NULLS FIRST) VALUES ( /* 1 */ UUID 'fcd2e8fb-0608-42e7-9398-1864cf7ee142' )"; SQL statement:
insert into notifications (content_attributes,content_body,created_at,error_message,priority,recipient_attributes,recipient_device_token,recipient_email,recipient_phone,recipient_user_id,requester_id,retry_count,scheduled_for,sent_at,source_service,status,subject,template_id,uuid,id) values (?,?,?,?,?,?,?,?,?,?,?,?,?,?,?,?,?,?,?,default) [23505-232]
	at org.h2.message.DbException.getJdbcSQLException(DbException.java:520)
	at org.h2.message.DbException.getJdbcSQLException(DbException.java:489)
	at org.h2.message.DbException.get(DbException.java:223)
	at org.h2.message.DbException.get(DbException.java:199)
	at org.h2.index.Index.getDuplicateKeyException(Index.java:523)
	at org.h2.mvstore.db.MVSecondaryIndex.checkUnique(MVSecondaryIndex.java:223)
	at org.h2.mvstore.db.MVSecondaryIndex.add(MVSecondaryIndex.java:184)
	at org.h2.mvstore.db.MVTable.addRow(MVTable.java:517)
	at org.h2.command.dml.Insert.insertRows(Insert.java:174)
	at org.h2.command.dml.Insert.update(Insert.java:135)
	at org.h2.command.CommandContainer.executeUpdateWithGeneratedKeys(CommandContainer.java:212)
	at org.h2.command.CommandContainer.update(CommandContainer.java:133)
	at org.h2.command.Command.executeUpdate(Command.java:304)
	at org.h2.command.Command.executeUpdate(Command.java:248)
	at org.h2.jdbc.JdbcPreparedStatement.executeUpdateInternal(JdbcPreparedStatement.java:213)
	at org.h2.jdbc.JdbcPreparedStatement.executeUpdate(JdbcPreparedStatement.java:172)
	at com.zaxxer.hikari.pool.ProxyPreparedStatement.executeUpdate(ProxyPreparedStatement.java:61)
	at com.zaxxer.hikari.pool.HikariProxyPreparedStatement.executeUpdate(HikariProxyPreparedStatement.java)
	at org.hibernate.engine.jdbc.internal.ResultSetReturnImpl.executeUpdate(ResultSetReturnImpl.java:194)
	... 185 common frames omitted
2025-07-30 16:36:05,393 [http-nio-8080-exec-1] DEBUG e.m.n.i.a.o.monitoring.LoggingAdapter              - send - Call saveFailedEventToOutbox
2025-07-30 16:36:05,394 [http-nio-8080-exec-1] DEBUG e.m.n.i.a.o.monitoring.LoggingAdapter              - saveFailedEventToOutbox - Saving failed event to outbox for notification: fcd2e8fb-0608-42e7-9398-1864cf7ee142, error: Error sending notification: could not execute statement [Violación de indice de Unicidad ó Clave primaria: "PUBLIC.UK_NOTIFICATIONS_UUID_INDEX_C ON PUBLIC.NOTIFICATIONS(UUID NULLS FIRST) VALUES ( /* 1 */ UUID 'fcd2e8fb-0608-42e7-9398-1864cf7ee142' )"
Unique index or primary key violation: "PUBLIC.UK_NOTIFICATIONS_UUID_INDEX_C ON PUBLIC.NOTIFICATIONS(UUID NULLS FIRST) VALUES ( /* 1 */ UUID 'fcd2e8fb-0608-42e7-9398-1864cf7ee142' )"; SQL statement:
insert into notifications (content_attributes,content_body,created_at,error_message,priority,recipient_attributes,recipient_device_token,recipient_email,recipient_phone,recipient_user_id,requester_id,retry_count,scheduled_for,sent_at,source_service,status,subject,template_id,uuid,id) values (?,?,?,?,?,?,?,?,?,?,?,?,?,?,?,?,?,?,?,default) [23505-232]] [insert into notifications (content_attributes,content_body,created_at,error_message,priority,recipient_attributes,recipient_device_token,recipient_email,recipient_phone,recipient_user_id,requester_id,retry_count,scheduled_for,sent_at,source_service,status,subject,template_id,uuid,id) values (?,?,?,?,?,?,?,?,?,?,?,?,?,?,?,?,?,?,?,default)]; SQL [insert into notifications (content_attributes,content_body,created_at,error_message,priority,recipient_attributes,recipient_device_token,recipient_email,recipient_phone,recipient_user_id,requester_id,retry_count,scheduled_for,sent_at,source_service,status,subject,template_id,uuid,id) values (?,?,?,?,?,?,?,?,?,?,?,?,?,?,?,?,?,?,?,default)]; constraint [PUBLIC.UK_NOTIFICATIONS_UUID_INDEX_C]
2025-07-30 16:36:05,394 [http-nio-8080-exec-1] DEBUG e.m.n.i.a.o.monitoring.LoggingAdapter              - SerializationServiceAdapter.serialize - Serializando objeto: {}
2025-07-30 16:36:05,403 [http-nio-8080-exec-1] DEBUG e.m.n.i.a.o.monitoring.LoggingAdapter              - saveFailedEventToOutbox - Call outboxRepository.save
2025-07-30 16:36:05,406 [http-nio-8080-exec-1] DEBUG e.m.n.i.a.o.monitoring.LoggingAdapter              - saveFailedEventToOutbox - Event saved successfully
2025-07-30 16:36:05,407 [http-nio-8080-exec-1] INFO  e.m.n.i.a.o.p.m.NotificationOutputMapper           - toEntity - Init
2025-07-30 16:36:05,407 [http-nio-8080-exec-1] INFO  e.m.n.i.a.o.p.m.NotificationOutputMapper           - toEntity - End
2025-07-30 16:36:05,408 [http-nio-8080-exec-1] WARN  o.h.engine.jdbc.spi.SqlExceptionHelper             - SQL Error: 22001, SQLState: 22001
2025-07-30 16:36:05,408 [http-nio-8080-exec-1] ERROR o.h.engine.jdbc.spi.SqlExceptionHelper             - Valor demasiado largo para la columna "ERROR_MESSAGE CHARACTER VARYING(1000)": "U&'Error sending notification: could not execute statement [Violaci\\00f3n de ind... (1542)"
Value too long for column "ERROR_MESSAGE CHARACTER VARYING(1000)": "U&'Error sending notification: could not execute statement [Violaci\\00f3n de ind... (1542)"; SQL statement:
insert into notifications (content_attributes,content_body,created_at,error_message,priority,recipient_attributes,recipient_device_token,recipient_email,recipient_phone,recipient_user_id,requester_id,retry_count,scheduled_for,sent_at,source_service,status,subject,template_id,uuid,id) values (?,?,?,?,?,?,?,?,?,?,?,?,?,?,?,?,?,?,?,default) [22001-232]
2025-07-30 16:36:05,411 [http-nio-8080-exec-1] ERROR e.m.n.i.a.i.w.e.RestExceptionHandler               - handleAllUncaughtException - Unexpected error occurred: could not execute statement [Valor demasiado largo para la columna "ERROR_MESSAGE CHARACTER VARYING(1000)": "U&'Error sending notification: could not execute statement [Violaci\\00f3n de ind... (1542)"
Value too long for column "ERROR_MESSAGE CHARACTER VARYING(1000)": "U&'Error sending notification: could not execute statement [Violaci\\00f3n de ind... (1542)"; SQL statement:
insert into notifications (content_attributes,content_body,created_at,error_message,priority,recipient_attributes,recipient_device_token,recipient_email,recipient_phone,recipient_user_id,requester_id,retry_count,scheduled_for,sent_at,source_service,status,subject,template_id,uuid,id) values (?,?,?,?,?,?,?,?,?,?,?,?,?,?,?,?,?,?,?,default) [22001-232]] [insert into notifications (content_attributes,content_body,created_at,error_message,priority,recipient_attributes,recipient_device_token,recipient_email,recipient_phone,recipient_user_id,requester_id,retry_count,scheduled_for,sent_at,source_service,status,subject,template_id,uuid,id) values (?,?,?,?,?,?,?,?,?,?,?,?,?,?,?,?,?,?,?,default)]; SQL [insert into notifications (content_attributes,content_body,created_at,error_message,priority,recipient_attributes,recipient_device_token,recipient_email,recipient_phone,recipient_user_id,requester_id,retry_count,scheduled_for,sent_at,source_service,status,subject,template_id,uuid,id) values (?,?,?,?,?,?,?,?,?,?,?,?,?,?,?,?,?,?,?,default)]
org.springframework.dao.DataIntegrityViolationException: could not execute statement [Valor demasiado largo para la columna "ERROR_MESSAGE CHARACTER VARYING(1000)": "U&'Error sending notification: could not execute statement [Violaci\\00f3n de ind... (1542)"
Value too long for column "ERROR_MESSAGE CHARACTER VARYING(1000)": "U&'Error sending notification: could not execute statement [Violaci\\00f3n de ind... (1542)"; SQL statement:
insert into notifications (content_attributes,content_body,created_at,error_message,priority,recipient_attributes,recipient_device_token,recipient_email,recipient_phone,recipient_user_id,requester_id,retry_count,scheduled_for,sent_at,source_service,status,subject,template_id,uuid,id) values (?,?,?,?,?,?,?,?,?,?,?,?,?,?,?,?,?,?,?,default) [22001-232]] [insert into notifications (content_attributes,content_body,created_at,error_message,priority,recipient_attributes,recipient_device_token,recipient_email,recipient_phone,recipient_user_id,requester_id,retry_count,scheduled_for,sent_at,source_service,status,subject,template_id,uuid,id) values (?,?,?,?,?,?,?,?,?,?,?,?,?,?,?,?,?,?,?,default)]; SQL [insert into notifications (content_attributes,content_body,created_at,error_message,priority,recipient_attributes,recipient_device_token,recipient_email,recipient_phone,recipient_user_id,requester_id,retry_count,scheduled_for,sent_at,source_service,status,subject,template_id,uuid,id) values (?,?,?,?,?,?,?,?,?,?,?,?,?,?,?,?,?,?,?,default)]
	at org.springframework.orm.jpa.vendor.HibernateJpaDialect.convertHibernateAccessException(HibernateJpaDialect.java:297)
	at org.springframework.orm.jpa.vendor.HibernateJpaDialect.convertHibernateAccessException(HibernateJpaDialect.java:256)
	at org.springframework.orm.jpa.vendor.HibernateJpaDialect.translateExceptionIfPossible(HibernateJpaDialect.java:241)
	at org.springframework.orm.jpa.AbstractEntityManagerFactoryBean.translateExceptionIfPossible(AbstractEntityManagerFactoryBean.java:560)
	at org.springframework.dao.support.ChainedPersistenceExceptionTranslator.translateExceptionIfPossible(ChainedPersistenceExceptionTranslator.java:61)
	at org.springframework.dao.support.DataAccessUtils.translateIfNecessary(DataAccessUtils.java:343)
	at org.springframework.dao.support.PersistenceExceptionTranslationInterceptor.invoke(PersistenceExceptionTranslationInterceptor.java:160)
	at org.springframework.aop.framework.ReflectiveMethodInvocation.proceed(ReflectiveMethodInvocation.java:184)
	at org.springframework.data.jpa.repository.support.CrudMethodMetadataPostProcessor$CrudMethodMetadataPopulatingMethodInterceptor.invoke(CrudMethodMetadataPostProcessor.java:165)
	at org.springframework.aop.framework.ReflectiveMethodInvocation.proceed(ReflectiveMethodInvocation.java:184)
	at org.springframework.aop.framework.JdkDynamicAopProxy.invoke(JdkDynamicAopProxy.java:223)
	at jdk.proxy2/jdk.proxy2.$Proxy187.save(Unknown Source)
	at edu.market.notification.infrastructure.adapter.output.persistence.NotificationRepositoryAdapter.save(NotificationRepositoryAdapter.java:36)
	at java.base/jdk.internal.reflect.DirectMethodHandleAccessor.invoke(DirectMethodHandleAccessor.java:103)
	at java.base/java.lang.reflect.Method.invoke(Method.java:580)
	at org.springframework.aop.support.AopUtils.invokeJoinpointUsingReflection(AopUtils.java:359)
	at org.springframework.aop.framework.ReflectiveMethodInvocation.invokeJoinpoint(ReflectiveMethodInvocation.java:196)
	at org.springframework.aop.framework.ReflectiveMethodInvocation.proceed(ReflectiveMethodInvocation.java:163)
	at org.springframework.transaction.interceptor.TransactionAspectSupport.invokeWithinTransaction(TransactionAspectSupport.java:380)
	at org.springframework.transaction.interceptor.TransactionInterceptor.invoke(TransactionInterceptor.java:119)
	at org.springframework.aop.framework.ReflectiveMethodInvocation.proceed(ReflectiveMethodInvocation.java:184)
	at org.springframework.aop.framework.CglibAopProxy$DynamicAdvisedInterceptor.intercept(CglibAopProxy.java:728)
	at edu.market.notification.infrastructure.adapter.output.persistence.NotificationRepositoryAdapter$$SpringCGLIB$$0.save(<generated>)
	at edu.market.notification.application.usecase.notification.SendNotificationUseCase.send(SendNotificationUseCase.java:125)
	at edu.market.notification.infrastructure.adapter.input.web.controller.NotificationController.sendNotification(NotificationController.java:156)
	at java.base/jdk.internal.reflect.DirectMethodHandleAccessor.invoke(DirectMethodHandleAccessor.java:103)
	at java.base/java.lang.reflect.Method.invoke(Method.java:580)
	at org.springframework.web.method.support.InvocableHandlerMethod.doInvoke(InvocableHandlerMethod.java:258)
	at org.springframework.web.method.support.InvocableHandlerMethod.invokeForRequest(InvocableHandlerMethod.java:191)
	at org.springframework.web.servlet.mvc.method.annotation.ServletInvocableHandlerMethod.invokeAndHandle(ServletInvocableHandlerMethod.java:118)
	at org.springframework.web.servlet.mvc.method.annotation.RequestMappingHandlerAdapter.invokeHandlerMethod(RequestMappingHandlerAdapter.java:986)
	at org.springframework.web.servlet.mvc.method.annotation.RequestMappingHandlerAdapter.handleInternal(RequestMappingHandlerAdapter.java:891)
	at org.springframework.web.servlet.mvc.method.AbstractHandlerMethodAdapter.handle(AbstractHandlerMethodAdapter.java:87)
	at org.springframework.web.servlet.DispatcherServlet.doDispatch(DispatcherServlet.java:1089)
	at org.springframework.web.servlet.DispatcherServlet.doService(DispatcherServlet.java:979)
	at org.springframework.web.servlet.FrameworkServlet.processRequest(FrameworkServlet.java:1014)
	at org.springframework.web.servlet.FrameworkServlet.doPost(FrameworkServlet.java:914)
	at jakarta.servlet.http.HttpServlet.service(HttpServlet.java:590)
	at org.springframework.web.servlet.FrameworkServlet.service(FrameworkServlet.java:885)
	at jakarta.servlet.http.HttpServlet.service(HttpServlet.java:658)
	at org.apache.catalina.core.ApplicationFilterChain.internalDoFilter(ApplicationFilterChain.java:195)
	at org.apache.catalina.core.ApplicationFilterChain.doFilter(ApplicationFilterChain.java:140)
	at org.apache.tomcat.websocket.server.WsFilter.doFilter(WsFilter.java:51)
	at org.apache.catalina.core.ApplicationFilterChain.internalDoFilter(ApplicationFilterChain.java:164)
	at org.apache.catalina.core.ApplicationFilterChain.doFilter(ApplicationFilterChain.java:140)
	at org.springframework.web.filter.CompositeFilter$VirtualFilterChain.doFilter(CompositeFilter.java:108)
	at org.springframework.security.web.FilterChainProxy.lambda$doFilterInternal$3(FilterChainProxy.java:231)
	at org.springframework.security.web.ObservationFilterChainDecorator$FilterObservation$SimpleFilterObservation.lambda$wrap$1(ObservationFilterChainDecorator.java:479)
	at org.springframework.security.web.ObservationFilterChainDecorator$AroundFilterObservation$SimpleAroundFilterObservation.lambda$wrap$1(ObservationFilterChainDecorator.java:340)
	at org.springframework.security.web.ObservationFilterChainDecorator.lambda$wrapSecured$0(ObservationFilterChainDecorator.java:82)
	at org.springframework.security.web.ObservationFilterChainDecorator$VirtualFilterChain.doFilter(ObservationFilterChainDecorator.java:128)
	at org.springframework.security.web.access.intercept.AuthorizationFilter.doFilter(AuthorizationFilter.java:101)
	at org.springframework.security.web.ObservationFilterChainDecorator$ObservationFilter.wrapFilter(ObservationFilterChainDecorator.java:240)
	at org.springframework.security.web.ObservationFilterChainDecorator$ObservationFilter.doFilter(ObservationFilterChainDecorator.java:227)
	at org.springframework.security.web.ObservationFilterChainDecorator$VirtualFilterChain.doFilter(ObservationFilterChainDecorator.java:137)
	at org.springframework.security.web.access.ExceptionTranslationFilter.doFilter(ExceptionTranslationFilter.java:126)
	at org.springframework.security.web.access.ExceptionTranslationFilter.doFilter(ExceptionTranslationFilter.java:120)
	at org.springframework.security.web.ObservationFilterChainDecorator$ObservationFilter.wrapFilter(ObservationFilterChainDecorator.java:240)
	at org.springframework.security.web.ObservationFilterChainDecorator$ObservationFilter.doFilter(ObservationFilterChainDecorator.java:227)
	at org.springframework.security.web.ObservationFilterChainDecorator$VirtualFilterChain.doFilter(ObservationFilterChainDecorator.java:137)
	at org.springframework.security.web.authentication.AnonymousAuthenticationFilter.doFilter(AnonymousAuthenticationFilter.java:100)
	at org.springframework.security.web.ObservationFilterChainDecorator$ObservationFilter.wrapFilter(ObservationFilterChainDecorator.java:240)
	at org.springframework.security.web.ObservationFilterChainDecorator$ObservationFilter.doFilter(ObservationFilterChainDecorator.java:227)
	at org.springframework.security.web.ObservationFilterChainDecorator$VirtualFilterChain.doFilter(ObservationFilterChainDecorator.java:137)
	at org.springframework.security.web.servletapi.SecurityContextHolderAwareRequestFilter.doFilter(SecurityContextHolderAwareRequestFilter.java:179)
	at org.springframework.security.web.ObservationFilterChainDecorator$ObservationFilter.wrapFilter(ObservationFilterChainDecorator.java:240)
	at org.springframework.security.web.ObservationFilterChainDecorator$ObservationFilter.doFilter(ObservationFilterChainDecorator.java:227)
	at org.springframework.security.web.ObservationFilterChainDecorator$VirtualFilterChain.doFilter(ObservationFilterChainDecorator.java:137)
	at org.springframework.security.web.savedrequest.RequestCacheAwareFilter.doFilter(RequestCacheAwareFilter.java:63)
	at org.springframework.security.web.ObservationFilterChainDecorator$ObservationFilter.wrapFilter(ObservationFilterChainDecorator.java:240)
	at org.springframework.security.web.ObservationFilterChainDecorator$ObservationFilter.doFilter(ObservationFilterChainDecorator.java:227)
	at org.springframework.security.web.ObservationFilterChainDecorator$VirtualFilterChain.doFilter(ObservationFilterChainDecorator.java:137)
	at org.springframework.security.web.authentication.logout.LogoutFilter.doFilter(LogoutFilter.java:107)
	at org.springframework.security.web.authentication.logout.LogoutFilter.doFilter(LogoutFilter.java:93)
	at org.springframework.security.web.ObservationFilterChainDecorator$ObservationFilter.wrapFilter(ObservationFilterChainDecorator.java:240)
	at org.springframework.security.web.ObservationFilterChainDecorator$ObservationFilter.doFilter(ObservationFilterChainDecorator.java:227)
	at org.springframework.security.web.ObservationFilterChainDecorator$VirtualFilterChain.doFilter(ObservationFilterChainDecorator.java:137)
	at org.springframework.security.web.header.HeaderWriterFilter.doHeadersAfter(HeaderWriterFilter.java:90)
	at org.springframework.security.web.header.HeaderWriterFilter.doFilterInternal(HeaderWriterFilter.java:75)
	at org.springframework.web.filter.OncePerRequestFilter.doFilter(OncePerRequestFilter.java:116)
	at org.springframework.security.web.ObservationFilterChainDecorator$ObservationFilter.wrapFilter(ObservationFilterChainDecorator.java:240)
	at org.springframework.security.web.ObservationFilterChainDecorator$ObservationFilter.doFilter(ObservationFilterChainDecorator.java:227)
	at org.springframework.security.web.ObservationFilterChainDecorator$VirtualFilterChain.doFilter(ObservationFilterChainDecorator.java:137)
	at org.springframework.security.web.context.SecurityContextHolderFilter.doFilter(SecurityContextHolderFilter.java:82)
	at org.springframework.security.web.context.SecurityContextHolderFilter.doFilter(SecurityContextHolderFilter.java:69)
	at org.springframework.security.web.ObservationFilterChainDecorator$ObservationFilter.wrapFilter(ObservationFilterChainDecorator.java:240)
	at org.springframework.security.web.ObservationFilterChainDecorator$ObservationFilter.doFilter(ObservationFilterChainDecorator.java:227)
	at org.springframework.security.web.ObservationFilterChainDecorator$VirtualFilterChain.doFilter(ObservationFilterChainDecorator.java:137)
	at org.springframework.security.web.context.request.async.WebAsyncManagerIntegrationFilter.doFilterInternal(WebAsyncManagerIntegrationFilter.java:62)
	at org.springframework.web.filter.OncePerRequestFilter.doFilter(OncePerRequestFilter.java:116)
	at org.springframework.security.web.ObservationFilterChainDecorator$ObservationFilter.wrapFilter(ObservationFilterChainDecorator.java:240)
	at org.springframework.security.web.ObservationFilterChainDecorator$ObservationFilter.doFilter(ObservationFilterChainDecorator.java:227)
	at org.springframework.security.web.ObservationFilterChainDecorator$VirtualFilterChain.doFilter(ObservationFilterChainDecorator.java:137)
	at org.springframework.security.web.session.DisableEncodeUrlFilter.doFilterInternal(DisableEncodeUrlFilter.java:42)
	at org.springframework.web.filter.OncePerRequestFilter.doFilter(OncePerRequestFilter.java:116)
	at org.springframework.security.web.ObservationFilterChainDecorator$ObservationFilter.wrapFilter(ObservationFilterChainDecorator.java:240)
	at org.springframework.security.web.ObservationFilterChainDecorator$AroundFilterObservation$SimpleAroundFilterObservation.lambda$wrap$0(ObservationFilterChainDecorator.java:323)
	at org.springframework.security.web.ObservationFilterChainDecorator$ObservationFilter.doFilter(ObservationFilterChainDecorator.java:224)
	at org.springframework.security.web.ObservationFilterChainDecorator$VirtualFilterChain.doFilter(ObservationFilterChainDecorator.java:137)
	at org.springframework.security.web.FilterChainProxy.doFilterInternal(FilterChainProxy.java:233)
	at org.springframework.security.web.FilterChainProxy.doFilter(FilterChainProxy.java:191)
	at org.springframework.web.filter.CompositeFilter$VirtualFilterChain.doFilter(CompositeFilter.java:113)
	at org.springframework.web.servlet.handler.HandlerMappingIntrospector.lambda$createCacheFilter$3(HandlerMappingIntrospector.java:243)
	at org.springframework.web.filter.CompositeFilter$VirtualFilterChain.doFilter(CompositeFilter.java:113)
	at org.springframework.web.filter.CompositeFilter.doFilter(CompositeFilter.java:74)
	at org.springframework.security.config.annotation.web.configuration.WebMvcSecurityConfiguration$CompositeFilterChainProxy.doFilter(WebMvcSecurityConfiguration.java:238)
	at org.springframework.web.filter.DelegatingFilterProxy.invokeDelegate(DelegatingFilterProxy.java:362)
	at org.springframework.web.filter.DelegatingFilterProxy.doFilter(DelegatingFilterProxy.java:278)
	at org.apache.catalina.core.ApplicationFilterChain.internalDoFilter(ApplicationFilterChain.java:164)
	at org.apache.catalina.core.ApplicationFilterChain.doFilter(ApplicationFilterChain.java:140)
	at org.springframework.web.filter.RequestContextFilter.doFilterInternal(RequestContextFilter.java:100)
	at org.springframework.web.filter.OncePerRequestFilter.doFilter(OncePerRequestFilter.java:116)
	at org.apache.catalina.core.ApplicationFilterChain.internalDoFilter(ApplicationFilterChain.java:164)
	at org.apache.catalina.core.ApplicationFilterChain.doFilter(ApplicationFilterChain.java:140)
	at org.springframework.web.filter.FormContentFilter.doFilterInternal(FormContentFilter.java:93)
	at org.springframework.web.filter.OncePerRequestFilter.doFilter(OncePerRequestFilter.java:116)
	at org.apache.catalina.core.ApplicationFilterChain.internalDoFilter(ApplicationFilterChain.java:164)
	at org.apache.catalina.core.ApplicationFilterChain.doFilter(ApplicationFilterChain.java:140)
	at org.springframework.web.filter.ServerHttpObservationFilter.doFilterInternal(ServerHttpObservationFilter.java:114)
	at org.springframework.web.filter.OncePerRequestFilter.doFilter(OncePerRequestFilter.java:116)
	at org.apache.catalina.core.ApplicationFilterChain.internalDoFilter(ApplicationFilterChain.java:164)
	at org.apache.catalina.core.ApplicationFilterChain.doFilter(ApplicationFilterChain.java:140)
	at org.springframework.web.filter.CharacterEncodingFilter.doFilterInternal(CharacterEncodingFilter.java:201)
	at org.springframework.web.filter.OncePerRequestFilter.doFilter(OncePerRequestFilter.java:116)
	at org.apache.catalina.core.ApplicationFilterChain.internalDoFilter(ApplicationFilterChain.java:164)
	at org.apache.catalina.core.ApplicationFilterChain.doFilter(ApplicationFilterChain.java:140)
	at org.apache.catalina.core.StandardWrapperValve.invoke(StandardWrapperValve.java:167)
	at org.apache.catalina.core.StandardContextValve.invoke(StandardContextValve.java:90)
	at org.apache.catalina.authenticator.AuthenticatorBase.invoke(AuthenticatorBase.java:483)
	at org.apache.catalina.core.StandardHostValve.invoke(StandardHostValve.java:116)
	at org.apache.catalina.valves.ErrorReportValve.invoke(ErrorReportValve.java:93)
	at org.apache.catalina.core.StandardEngineValve.invoke(StandardEngineValve.java:74)
	at org.apache.catalina.connector.CoyoteAdapter.service(CoyoteAdapter.java:344)
	at org.apache.coyote.http11.Http11Processor.service(Http11Processor.java:398)
	at org.apache.coyote.AbstractProcessorLight.process(AbstractProcessorLight.java:63)
	at org.apache.coyote.AbstractProtocol$ConnectionHandler.process(AbstractProtocol.java:903)
	at org.apache.tomcat.util.net.NioEndpoint$SocketProcessor.doRun(NioEndpoint.java:1740)
	at org.apache.tomcat.util.net.SocketProcessorBase.run(SocketProcessorBase.java:52)
	at org.apache.tomcat.util.threads.ThreadPoolExecutor.runWorker(ThreadPoolExecutor.java:1189)
	at org.apache.tomcat.util.threads.ThreadPoolExecutor$Worker.run(ThreadPoolExecutor.java:658)
	at org.apache.tomcat.util.threads.TaskThread$WrappingRunnable.run(TaskThread.java:63)
	at java.base/java.lang.Thread.run(Thread.java:1583)
Caused by: org.hibernate.exception.DataException: could not execute statement [Valor demasiado largo para la columna "ERROR_MESSAGE CHARACTER VARYING(1000)": "U&'Error sending notification: could not execute statement [Violaci\\00f3n de ind... (1542)"
Value too long for column "ERROR_MESSAGE CHARACTER VARYING(1000)": "U&'Error sending notification: could not execute statement [Violaci\\00f3n de ind... (1542)"; SQL statement:
insert into notifications (content_attributes,content_body,created_at,error_message,priority,recipient_attributes,recipient_device_token,recipient_email,recipient_phone,recipient_user_id,requester_id,retry_count,scheduled_for,sent_at,source_service,status,subject,template_id,uuid,id) values (?,?,?,?,?,?,?,?,?,?,?,?,?,?,?,?,?,?,?,default) [22001-232]] [insert into notifications (content_attributes,content_body,created_at,error_message,priority,recipient_attributes,recipient_device_token,recipient_email,recipient_phone,recipient_user_id,requester_id,retry_count,scheduled_for,sent_at,source_service,status,subject,template_id,uuid,id) values (?,?,?,?,?,?,?,?,?,?,?,?,?,?,?,?,?,?,?,default)]
	at org.hibernate.exception.internal.SQLExceptionTypeDelegate.convert(SQLExceptionTypeDelegate.java:55)
	at org.hibernate.exception.internal.StandardSQLExceptionConverter.convert(StandardSQLExceptionConverter.java:58)
	at org.hibernate.engine.jdbc.spi.SqlExceptionHelper.convert(SqlExceptionHelper.java:108)
	at org.hibernate.engine.jdbc.internal.ResultSetReturnImpl.executeUpdate(ResultSetReturnImpl.java:197)
	at org.hibernate.id.insert.GetGeneratedKeysDelegate.performMutation(GetGeneratedKeysDelegate.java:116)
	at org.hibernate.engine.jdbc.mutation.internal.MutationExecutorSingleNonBatched.performNonBatchedOperations(MutationExecutorSingleNonBatched.java:47)
	at org.hibernate.engine.jdbc.mutation.internal.AbstractMutationExecutor.execute(AbstractMutationExecutor.java:55)
	at org.hibernate.persister.entity.mutation.InsertCoordinatorStandard.doStaticInserts(InsertCoordinatorStandard.java:194)
	at org.hibernate.persister.entity.mutation.InsertCoordinatorStandard.coordinateInsert(InsertCoordinatorStandard.java:132)
	at org.hibernate.persister.entity.mutation.InsertCoordinatorStandard.insert(InsertCoordinatorStandard.java:95)
	at org.hibernate.action.internal.EntityIdentityInsertAction.execute(EntityIdentityInsertAction.java:85)
	at org.hibernate.engine.spi.ActionQueue.execute(ActionQueue.java:682)
	at org.hibernate.engine.spi.ActionQueue.addResolvedEntityInsertAction(ActionQueue.java:293)
	at org.hibernate.engine.spi.ActionQueue.addInsertAction(ActionQueue.java:274)
	at org.hibernate.engine.spi.ActionQueue.addAction(ActionQueue.java:324)
	at org.hibernate.event.internal.AbstractSaveEventListener.addInsertAction(AbstractSaveEventListener.java:393)
	at org.hibernate.event.internal.AbstractSaveEventListener.performSaveOrReplicate(AbstractSaveEventListener.java:307)
	at org.hibernate.event.internal.AbstractSaveEventListener.performSave(AbstractSaveEventListener.java:223)
	at org.hibernate.event.internal.AbstractSaveEventListener.saveWithGeneratedId(AbstractSaveEventListener.java:136)
	at org.hibernate.event.internal.DefaultPersistEventListener.entityIsTransient(DefaultPersistEventListener.java:177)
	at org.hibernate.event.internal.DefaultPersistEventListener.persist(DefaultPersistEventListener.java:95)
	at org.hibernate.event.internal.DefaultPersistEventListener.onPersist(DefaultPersistEventListener.java:79)
	at org.hibernate.event.internal.DefaultPersistEventListener.onPersist(DefaultPersistEventListener.java:55)
	at org.hibernate.event.service.internal.EventListenerGroupImpl.fireEventOnEachListener(EventListenerGroupImpl.java:127)
	at org.hibernate.internal.SessionImpl.firePersist(SessionImpl.java:761)
	at org.hibernate.internal.SessionImpl.persist(SessionImpl.java:745)
	at java.base/jdk.internal.reflect.DirectMethodHandleAccessor.invoke(DirectMethodHandleAccessor.java:103)
	at java.base/java.lang.reflect.Method.invoke(Method.java:580)
	at org.springframework.orm.jpa.ExtendedEntityManagerCreator$ExtendedEntityManagerInvocationHandler.invoke(ExtendedEntityManagerCreator.java:364)
	at jdk.proxy2/jdk.proxy2.$Proxy176.persist(Unknown Source)
	at java.base/jdk.internal.reflect.DirectMethodHandleAccessor.invoke(DirectMethodHandleAccessor.java:103)
	at java.base/java.lang.reflect.Method.invoke(Method.java:580)
	at org.springframework.orm.jpa.SharedEntityManagerCreator$SharedEntityManagerInvocationHandler.invoke(SharedEntityManagerCreator.java:320)
	at jdk.proxy2/jdk.proxy2.$Proxy176.persist(Unknown Source)
	at org.springframework.data.jpa.repository.support.SimpleJpaRepository.save(SimpleJpaRepository.java:636)
	at java.base/jdk.internal.reflect.DirectMethodHandleAccessor.invoke(DirectMethodHandleAccessor.java:103)
	at java.base/java.lang.reflect.Method.invoke(Method.java:580)
	at org.springframework.aop.support.AopUtils.invokeJoinpointUsingReflection(AopUtils.java:359)
	at org.springframework.data.repository.core.support.RepositoryMethodInvoker$RepositoryFragmentMethodInvoker.lambda$new$0(RepositoryMethodInvoker.java:277)
	at org.springframework.data.repository.core.support.RepositoryMethodInvoker.doInvoke(RepositoryMethodInvoker.java:170)
	at org.springframework.data.repository.core.support.RepositoryMethodInvoker.invoke(RepositoryMethodInvoker.java:158)
	at org.springframework.data.repository.core.support.RepositoryComposition$RepositoryFragments.invoke(RepositoryComposition.java:515)
	at org.springframework.data.repository.core.support.RepositoryComposition.invoke(RepositoryComposition.java:284)
	at org.springframework.data.repository.core.support.RepositoryFactorySupport$ImplementationMethodExecutionInterceptor.invoke(RepositoryFactorySupport.java:731)
	at org.springframework.aop.framework.ReflectiveMethodInvocation.proceed(ReflectiveMethodInvocation.java:184)
	at org.springframework.data.repository.core.support.QueryExecutorMethodInterceptor.doInvoke(QueryExecutorMethodInterceptor.java:174)
	at org.springframework.data.repository.core.support.QueryExecutorMethodInterceptor.invoke(QueryExecutorMethodInterceptor.java:149)
	at org.springframework.aop.framework.ReflectiveMethodInvocation.proceed(ReflectiveMethodInvocation.java:184)
	at org.springframework.data.projection.DefaultMethodInvokingMethodInterceptor.invoke(DefaultMethodInvokingMethodInterceptor.java:69)
	at org.springframework.aop.framework.ReflectiveMethodInvocation.proceed(ReflectiveMethodInvocation.java:184)
	at org.springframework.transaction.interceptor.TransactionAspectSupport.invokeWithinTransaction(TransactionAspectSupport.java:380)
	at org.springframework.transaction.interceptor.TransactionInterceptor.invoke(TransactionInterceptor.java:119)
	at org.springframework.aop.framework.ReflectiveMethodInvocation.proceed(ReflectiveMethodInvocation.java:184)
	at org.springframework.dao.support.PersistenceExceptionTranslationInterceptor.invoke(PersistenceExceptionTranslationInterceptor.java:138)
	... 135 common frames omitted
Caused by: org.h2.jdbc.JdbcSQLDataException: Valor demasiado largo para la columna "ERROR_MESSAGE CHARACTER VARYING(1000)": "U&'Error sending notification: could not execute statement [Violaci\\00f3n de ind... (1542)"
Value too long for column "ERROR_MESSAGE CHARACTER VARYING(1000)": "U&'Error sending notification: could not execute statement [Violaci\\00f3n de ind... (1542)"; SQL statement:
insert into notifications (content_attributes,content_body,created_at,error_message,priority,recipient_attributes,recipient_device_token,recipient_email,recipient_phone,recipient_user_id,requester_id,retry_count,scheduled_for,sent_at,source_service,status,subject,template_id,uuid,id) values (?,?,?,?,?,?,?,?,?,?,?,?,?,?,?,?,?,?,?,default) [22001-232]
	at org.h2.message.DbException.getJdbcSQLException(DbException.java:518)
	at org.h2.message.DbException.getJdbcSQLException(DbException.java:489)
	at org.h2.message.DbException.get(DbException.java:223)
	at org.h2.message.DbException.getValueTooLongException(DbException.java:334)
	at org.h2.value.Value.getValueTooLongException(Value.java:2612)
	at org.h2.value.Value.convertToVarchar(Value.java:1287)
	at org.h2.value.Value.convertTo(Value.java:1143)
	at org.h2.value.Value.convertForAssignTo(Value.java:1118)
	at org.h2.table.Column.validateConvertUpdateSequence(Column.java:406)
	at org.h2.table.Table.convertInsertRow(Table.java:963)
	at org.h2.command.dml.Insert.insertRows(Insert.java:167)
	at org.h2.command.dml.Insert.update(Insert.java:135)
	at org.h2.command.CommandContainer.executeUpdateWithGeneratedKeys(CommandContainer.java:212)
	at org.h2.command.CommandContainer.update(CommandContainer.java:133)
	at org.h2.command.Command.executeUpdate(Command.java:304)
	at org.h2.command.Command.executeUpdate(Command.java:248)
	at org.h2.jdbc.JdbcPreparedStatement.executeUpdateInternal(JdbcPreparedStatement.java:213)
	at org.h2.jdbc.JdbcPreparedStatement.executeUpdate(JdbcPreparedStatement.java:172)
	at com.zaxxer.hikari.pool.ProxyPreparedStatement.executeUpdate(ProxyPreparedStatement.java:61)
	at com.zaxxer.hikari.pool.HikariProxyPreparedStatement.executeUpdate(HikariProxyPreparedStatement.java)
	at org.hibernate.engine.jdbc.internal.ResultSetReturnImpl.executeUpdate(ResultSetReturnImpl.java:194)
	... 185 common frames omitted
2025-07-30 16:39:40,277 [SpringApplicationShutdownHook] INFO  o.s.c.n.e.s.EurekaServiceRegistry                  - Unregistering application NOTIFICATION-SERVICE with eureka with status DOWN
2025-07-30 16:39:40,279 [SpringApplicationShutdownHook] INFO  o.s.b.w.embedded.tomcat.GracefulShutdown           - Commencing graceful shutdown. Waiting for active requests to complete
2025-07-30 16:39:40,284 [tomcat-shutdown] INFO  o.s.b.w.embedded.tomcat.GracefulShutdown           - Graceful shutdown complete
2025-07-30 16:39:40,293 [SpringApplicationShutdownHook] INFO  o.s.o.j.LocalContainerEntityManagerFactoryBean     - Closing JPA EntityManagerFactory for persistence unit 'default'
2025-07-30 16:39:40,294 [SpringApplicationShutdownHook] INFO  com.zaxxer.hikari.HikariDataSource                 - HikariPool-1 - Shutdown initiated...
2025-07-30 16:39:40,295 [SpringApplicationShutdownHook] INFO  com.zaxxer.hikari.HikariDataSource                 - HikariPool-1 - Shutdown completed.
2025-07-30 16:39:40,296 [SpringApplicationShutdownHook] INFO  com.netflix.discovery.DiscoveryClient              - Shutting down DiscoveryClient ...
2025-07-30 16:39:40,296 [SpringApplicationShutdownHook] INFO  com.netflix.discovery.DiscoveryClient              - Completed shut down of DiscoveryClient
2025-07-30 16:39:43,462 [background-preinit] INFO  o.h.validator.internal.util.Version                - HV000001: Hibernate Validator 8.0.2.Final
2025-07-30 16:39:43,497 [main] INFO  edu.market.notification.App                        - Starting App v1.0.0 using Java 21 with PID 26584 (C:\Users\ja2c\Desktop\Cursos\micro-servicio-archt\k8s\microservices\services\notification-service\target\classes started by ja2c in C:\Users\ja2c\Desktop\Cursos\micro-servicio-archt\k8s\microservices\services\notification-service)
2025-07-30 16:39:43,498 [main] DEBUG edu.market.notification.App                        - Running with Spring Boot v3.4.5, Spring v6.2.6
2025-07-30 16:39:43,498 [main] INFO  edu.market.notification.App                        - The following 1 profile is active: "dev"
2025-07-30 16:39:43,525 [main] INFO  o.s.c.c.c.ConfigServerConfigDataLoader             - Fetching config from server at : http://localhost:8890
2025-07-30 16:39:43,526 [main] INFO  o.s.c.c.c.ConfigServerConfigDataLoader             - Exception on Url - http://localhost:8890:org.springframework.web.client.ResourceAccessException: I/O error on GET request for "http://localhost:8890/notification-service/default": Connection refused: no further information. Will be trying the next url if available
2025-07-30 16:39:43,526 [main] WARN  o.s.c.c.c.ConfigServerConfigDataLoader             - Could not locate PropertySource ([ConfigServerConfigDataResource@437ebf59 uris = array<String>['http://localhost:8890'], optional = true, profiles = 'default']): I/O error on GET request for "http://localhost:8890/notification-service/default": Connection refused: no further information
2025-07-30 16:39:43,526 [main] INFO  o.s.c.c.c.ConfigServerConfigDataLoader             - Fetching config from server at : http://localhost:8890
2025-07-30 16:39:43,526 [main] INFO  o.s.c.c.c.ConfigServerConfigDataLoader             - Exception on Url - http://localhost:8890:org.springframework.web.client.ResourceAccessException: I/O error on GET request for "http://localhost:8890/notification-service/dev": Connection refused: no further information. Will be trying the next url if available
2025-07-30 16:39:43,526 [main] WARN  o.s.c.c.c.ConfigServerConfigDataLoader             - Could not locate PropertySource ([ConfigServerConfigDataResource@1d8e2eea uris = array<String>['http://localhost:8890'], optional = true, profiles = 'dev']): I/O error on GET request for "http://localhost:8890/notification-service/dev": Connection refused: no further information
2025-07-30 16:39:43,526 [main] INFO  o.s.c.c.c.ConfigServerConfigDataLoader             - Fetching config from server at : http://localhost:8890
2025-07-30 16:39:43,527 [main] INFO  o.s.c.c.c.ConfigServerConfigDataLoader             - Exception on Url - http://localhost:8890:org.springframework.web.client.ResourceAccessException: I/O error on GET request for "http://localhost:8890/notification-service/default": Connection refused: no further information. Will be trying the next url if available
2025-07-30 16:39:43,527 [main] WARN  o.s.c.c.c.ConfigServerConfigDataLoader             - Could not locate PropertySource ([ConfigServerConfigDataResource@240139e1 uris = array<String>['http://localhost:8890'], optional = true, profiles = 'default']): I/O error on GET request for "http://localhost:8890/notification-service/default": Connection refused: no further information
2025-07-30 16:39:44,473 [main] INFO  o.s.d.r.c.RepositoryConfigurationDelegate          - Bootstrapping Spring Data JPA repositories in DEFAULT mode.
2025-07-30 16:39:44,634 [main] INFO  o.s.d.r.c.RepositoryConfigurationDelegate          - Finished Spring Data repository scanning in 145 ms. Found 6 JPA repository interfaces.
2025-07-30 16:39:44,959 [main] INFO  o.s.cloud.context.scope.GenericScope               - BeanFactory id=3900db60-8d40-363c-9c55-ffe39cb1c59c
2025-07-30 16:39:45,745 [main] INFO  o.s.b.w.embedded.tomcat.TomcatWebServer            - Tomcat initialized with port 8080 (http)
2025-07-30 16:39:45,757 [main] INFO  o.apache.coyote.http11.Http11NioProtocol           - Initializing ProtocolHandler ["http-nio-8080"]
2025-07-30 16:39:45,760 [main] INFO  o.apache.catalina.core.StandardService             - Starting service [Tomcat]
2025-07-30 16:39:45,761 [main] INFO  org.apache.catalina.core.StandardEngine            - Starting Servlet engine: [Apache Tomcat/10.1.40]
2025-07-30 16:39:45,857 [main] INFO  o.a.c.c.C.[.[.[/notification-service]              - Initializing Spring embedded WebApplicationContext
2025-07-30 16:39:45,857 [main] INFO  o.s.b.w.s.c.ServletWebServerApplicationContext     - Root WebApplicationContext: initialization completed in 2329 ms
2025-07-30 16:39:46,276 [main] INFO  com.zaxxer.hikari.HikariDataSource                 - HikariPool-1 - Starting...
2025-07-30 16:39:46,439 [main] INFO  com.zaxxer.hikari.pool.HikariPool                  - HikariPool-1 - Added connection conn0: url=jdbc:h2:mem:userdb user=SA
2025-07-30 16:39:46,440 [main] INFO  com.zaxxer.hikari.HikariDataSource                 - HikariPool-1 - Start completed.
2025-07-30 16:39:46,704 [main] INFO  o.hibernate.jpa.internal.util.LogHelper            - HHH000204: Processing PersistenceUnitInfo [name: default]
2025-07-30 16:39:46,824 [main] INFO  org.hibernate.Version                              - HHH000412: Hibernate ORM core version 6.6.13.Final
2025-07-30 16:39:46,882 [main] INFO  o.h.c.internal.RegionFactoryInitiator              - HHH000026: Second-level cache disabled
2025-07-30 16:39:47,126 [main] INFO  o.s.o.j.p.SpringPersistenceUnitInfo                - No LoadTimeWeaver setup: ignoring JPA class transformer
2025-07-30 16:39:47,174 [main] INFO  org.hibernate.orm.connections.pooling              - HHH10001005: Database info:
	Database JDBC URL [Connecting through datasource 'HikariDataSource (HikariPool-1)']
	Database driver: undefined/unknown
	Database version: 2.3.232
	Autocommit mode: undefined/unknown
	Isolation level: undefined/unknown
	Minimum pool size: undefined/unknown
	Maximum pool size: undefined/unknown
2025-07-30 16:39:47,949 [main] INFO  o.h.e.t.j.p.i.JtaPlatformInitiator                 - HHH000489: No JTA platform available (set 'hibernate.transaction.jta.platform' to enable JTA platform integration)
2025-07-30 16:39:48,061 [main] INFO  o.s.o.j.LocalContainerEntityManagerFactoryBean     - Initialized JPA EntityManagerFactory for persistence unit 'default'
2025-07-30 16:39:48,499 [main] INFO  o.s.d.j.r.query.QueryEnhancerFactory               - Hibernate is in classpath; If applicable, HQL parser will be used.
2025-07-30 16:39:49,605 [main] WARN  o.s.b.a.o.j.JpaBaseConfiguration$JpaWebConfiguration - spring.jpa.open-in-view is enabled by default. Therefore, database queries may be performed during view rendering. Explicitly configure spring.jpa.open-in-view to disable this warning
2025-07-30 16:39:49,961 [main] INFO  o.s.b.a.e.web.EndpointLinksResolver                - Exposing 1 endpoint beneath base path '/actuator'
2025-07-30 16:39:50,376 [main] INFO  o.s.b.a.h2.H2ConsoleAutoConfiguration              - H2 console available at '/h2-console'. Database available at 'jdbc:h2:mem:userdb'
2025-07-30 16:39:50,417 [main] INFO  o.s.c.n.e.c.DiscoveryClientOptionalArgsConfiguration - Eureka HTTP Client uses RestTemplate.
2025-07-30 16:39:50,460 [main] WARN  o.s.c.l.c.LoadBalancerCacheAutoConfiguration$LoadBalancerCaffeineWarnLogger - Spring Cloud LoadBalancer is currently working with the default cache. While this cache implementation is useful for development and tests, it's recommended to use Caffeine cache in production.You can switch to using Caffeine cache, by adding it and org.springframework.cache.caffeine.CaffeineCacheManager to the classpath.
2025-07-30 16:39:50,509 [main] INFO  o.s.c.netflix.eureka.InstanceInfoFactory           - Setting initial instance status as: STARTING
2025-07-30 16:39:50,527 [main] INFO  com.netflix.discovery.DiscoveryClient              - Initializing Eureka in region us-east-1
2025-07-30 16:39:50,527 [main] INFO  com.netflix.discovery.DiscoveryClient              - Client configured to neither register nor query for data.
2025-07-30 16:39:50,528 [main] INFO  com.netflix.discovery.DiscoveryClient              - Discovery Client initialized at timestamp 1753907990528 with initial instances count: 0
2025-07-30 16:39:50,534 [main] INFO  o.s.c.n.e.s.EurekaServiceRegistry                  - Registering application NOTIFICATION-SERVICE with eureka with status UP
2025-07-30 16:39:50,536 [main] INFO  o.apache.coyote.http11.Http11NioProtocol           - Starting ProtocolHandler ["http-nio-8080"]
2025-07-30 16:39:50,549 [main] INFO  o.s.b.w.embedded.tomcat.TomcatWebServer            - Tomcat started on port 8080 (http) with context path '/notification-service'
2025-07-30 16:39:50,549 [main] INFO  o.s.c.n.e.s.EurekaAutoServiceRegistration          - Updating port to 8080
2025-07-30 16:39:50,566 [main] INFO  edu.market.notification.App                        - Started App in 7.945 seconds (process running for 8.378)
2025-07-30 16:39:53,867 [http-nio-8080-exec-1] INFO  o.a.c.c.C.[.[.[/notification-service]              - Initializing Spring DispatcherServlet 'dispatcherServlet'
2025-07-30 16:39:53,868 [http-nio-8080-exec-1] INFO  o.s.web.servlet.DispatcherServlet                  - Initializing Servlet 'dispatcherServlet'
2025-07-30 16:39:53,869 [http-nio-8080-exec-1] INFO  o.s.web.servlet.DispatcherServlet                  - Completed initialization in 1 ms
2025-07-30 16:39:53,932 [http-nio-8080-exec-1] INFO  e.m.n.i.a.i.w.c.NotificationController             - sendNotification - init
2025-07-30 16:39:53,932 [http-nio-8080-exec-1] DEBUG e.m.n.i.a.i.w.c.NotificationController             - sendNotification - Call notificationMapper.toNotificationCommand
2025-07-30 16:39:53,933 [http-nio-8080-exec-1] INFO  e.m.n.i.a.i.w.m.NotificationInputMapper            - toNotificationCommand - init
2025-07-30 16:39:53,933 [http-nio-8080-exec-1] INFO  e.m.n.i.a.i.w.m.NotificationInputMapper            - toNotificationCommand - end
2025-07-30 16:39:53,933 [http-nio-8080-exec-1] DEBUG e.m.n.i.a.i.w.c.NotificationController             - sendNotification - Create ClientContextCommand
2025-07-30 16:39:53,933 [http-nio-8080-exec-1] DEBUG e.m.n.i.a.i.web.util.RequestContextUtil            - Obteniendo IP del cliente
2025-07-30 16:39:53,933 [http-nio-8080-exec-1] DEBUG e.m.n.i.a.i.web.util.RequestContextUtil            - Obteniendo User-Agent del cliente
2025-07-30 16:39:53,934 [http-nio-8080-exec-1] DEBUG e.m.n.i.a.i.web.util.RequestContextUtil            - Obteniendo ruta de la petición
2025-07-30 16:39:53,934 [http-nio-8080-exec-1] DEBUG e.m.n.i.a.i.w.c.NotificationController             - sendNotification - Call sendNotificationUseCase.send
2025-07-30 16:39:53,934 [http-nio-8080-exec-1] INFO  e.m.n.i.a.o.monitoring.LoggingAdapter              - send - Init
2025-07-30 16:39:53,940 [http-nio-8080-exec-1] INFO  e.m.n.i.a.o.p.m.NotificationOutputMapper           - toEntity - Init
2025-07-30 16:39:53,940 [http-nio-8080-exec-1] INFO  e.m.n.i.a.o.p.m.NotificationOutputMapper           - toEntity - End
2025-07-30 16:39:54,000 [http-nio-8080-exec-1] DEBUG e.m.n.i.a.o.monitoring.LoggingAdapter              - send - Notification saved with ID: b95ecca2-9fae-4e50-a589-4961efd72333, channels: [SMS, EMAIL]
2025-07-30 16:39:54,000 [http-nio-8080-exec-1] DEBUG e.m.n.i.a.o.monitoring.LoggingAdapter              - NotificationChannelServiceAdapter.isAvailable - Verificando disponibilidad del canal {}
2025-07-30 16:39:54,000 [http-nio-8080-exec-1] DEBUG e.m.n.i.a.o.monitoring.LoggingAdapter              - send - Call notificationChannel.send
2025-07-30 16:39:54,000 [http-nio-8080-exec-1] INFO  e.m.n.i.a.o.monitoring.LoggingAdapter              - NotificationChannelServiceAdapter.send - Enviando notificación {} por canal {}
2025-07-30 16:39:54,003 [http-nio-8080-exec-1] INFO  e.m.n.i.a.o.monitoring.LoggingAdapter              - NotificationChannelServiceAdapter.send - Notificación {} enviada exitosamente
2025-07-30 16:39:54,004 [metricsCollectorExecutor-0] DEBUG e.m.n.i.a.o.m.MicrometerMetricsAdapter             - Incrementando contador de notificaciones para estado PROCESSING
2025-07-30 16:39:54,004 [metricsCollectorExecutor-1] DEBUG e.m.n.i.a.o.m.MicrometerMetricsAdapter             - Registrando métrica de notificación enviada para canal SMS
2025-07-30 16:39:54,005 [http-nio-8080-exec-1] DEBUG e.m.n.i.a.o.monitoring.LoggingAdapter              - send - Mark notification as sent
2025-07-30 16:39:54,005 [http-nio-8080-exec-1] DEBUG e.m.n.i.a.o.monitoring.LoggingAdapter              - send - Call notificationRepository.save for updated notification
2025-07-30 16:39:54,005 [http-nio-8080-exec-1] INFO  e.m.n.i.a.o.p.m.NotificationOutputMapper           - toEntity - Init
2025-07-30 16:39:54,005 [http-nio-8080-exec-1] INFO  e.m.n.i.a.o.p.m.NotificationOutputMapper           - toEntity - End
2025-07-30 16:39:54,006 [metricsCollectorExecutor-0] DEBUG e.m.n.i.a.o.m.MicrometerMetricsAdapter             - Contador de notificaciones incrementado exitosamente
2025-07-30 16:39:54,006 [metricsCollectorExecutor-1] DEBUG e.m.n.i.a.o.m.MicrometerMetricsAdapter             - Métrica de notificación enviada registrada exitosamente
2025-07-30 16:39:54,009 [http-nio-8080-exec-1] WARN  o.h.engine.jdbc.spi.SqlExceptionHelper             - SQL Error: 23505, SQLState: 23505
2025-07-30 16:39:54,009 [http-nio-8080-exec-1] ERROR o.h.engine.jdbc.spi.SqlExceptionHelper             - Violación de indice de Unicidad ó Clave primaria: "PUBLIC.UK_NOTIFICATIONS_UUID_INDEX_C ON PUBLIC.NOTIFICATIONS(UUID NULLS FIRST) VALUES ( /* 1 */ UUID 'b95ecca2-9fae-4e50-a589-4961efd72333' )"
Unique index or primary key violation: "PUBLIC.UK_NOTIFICATIONS_UUID_INDEX_C ON PUBLIC.NOTIFICATIONS(UUID NULLS FIRST) VALUES ( /* 1 */ UUID 'b95ecca2-9fae-4e50-a589-4961efd72333' )"; SQL statement:
insert into notifications (content_attributes,content_body,created_at,error_message,priority,recipient_attributes,recipient_device_token,recipient_email,recipient_phone,recipient_user_id,requester_id,retry_count,scheduled_for,sent_at,source_service,status,subject,template_id,uuid,id) values (?,?,?,?,?,?,?,?,?,?,?,?,?,?,?,?,?,?,?,default) [23505-232]
2025-07-30 16:39:54,014 [http-nio-8080-exec-1] ERROR e.m.n.i.a.o.monitoring.LoggingAdapter              - send - Exception occurred
org.springframework.dao.DataIntegrityViolationException: could not execute statement [Violación de indice de Unicidad ó Clave primaria: "PUBLIC.UK_NOTIFICATIONS_UUID_INDEX_C ON PUBLIC.NOTIFICATIONS(UUID NULLS FIRST) VALUES ( /* 1 */ UUID 'b95ecca2-9fae-4e50-a589-4961efd72333' )"
Unique index or primary key violation: "PUBLIC.UK_NOTIFICATIONS_UUID_INDEX_C ON PUBLIC.NOTIFICATIONS(UUID NULLS FIRST) VALUES ( /* 1 */ UUID 'b95ecca2-9fae-4e50-a589-4961efd72333' )"; SQL statement:
insert into notifications (content_attributes,content_body,created_at,error_message,priority,recipient_attributes,recipient_device_token,recipient_email,recipient_phone,recipient_user_id,requester_id,retry_count,scheduled_for,sent_at,source_service,status,subject,template_id,uuid,id) values (?,?,?,?,?,?,?,?,?,?,?,?,?,?,?,?,?,?,?,default) [23505-232]] [insert into notifications (content_attributes,content_body,created_at,error_message,priority,recipient_attributes,recipient_device_token,recipient_email,recipient_phone,recipient_user_id,requester_id,retry_count,scheduled_for,sent_at,source_service,status,subject,template_id,uuid,id) values (?,?,?,?,?,?,?,?,?,?,?,?,?,?,?,?,?,?,?,default)]; SQL [insert into notifications (content_attributes,content_body,created_at,error_message,priority,recipient_attributes,recipient_device_token,recipient_email,recipient_phone,recipient_user_id,requester_id,retry_count,scheduled_for,sent_at,source_service,status,subject,template_id,uuid,id) values (?,?,?,?,?,?,?,?,?,?,?,?,?,?,?,?,?,?,?,default)]; constraint [PUBLIC.UK_NOTIFICATIONS_UUID_INDEX_C]
	at org.springframework.orm.jpa.vendor.HibernateJpaDialect.convertHibernateAccessException(HibernateJpaDialect.java:294)
	at org.springframework.orm.jpa.vendor.HibernateJpaDialect.convertHibernateAccessException(HibernateJpaDialect.java:256)
	at org.springframework.orm.jpa.vendor.HibernateJpaDialect.translateExceptionIfPossible(HibernateJpaDialect.java:241)
	at org.springframework.orm.jpa.AbstractEntityManagerFactoryBean.translateExceptionIfPossible(AbstractEntityManagerFactoryBean.java:560)
	at org.springframework.dao.support.ChainedPersistenceExceptionTranslator.translateExceptionIfPossible(ChainedPersistenceExceptionTranslator.java:61)
	at org.springframework.dao.support.DataAccessUtils.translateIfNecessary(DataAccessUtils.java:343)
	at org.springframework.dao.support.PersistenceExceptionTranslationInterceptor.invoke(PersistenceExceptionTranslationInterceptor.java:160)
	at org.springframework.aop.framework.ReflectiveMethodInvocation.proceed(ReflectiveMethodInvocation.java:184)
	at org.springframework.data.jpa.repository.support.CrudMethodMetadataPostProcessor$CrudMethodMetadataPopulatingMethodInterceptor.invoke(CrudMethodMetadataPostProcessor.java:165)
	at org.springframework.aop.framework.ReflectiveMethodInvocation.proceed(ReflectiveMethodInvocation.java:184)
	at org.springframework.aop.framework.JdkDynamicAopProxy.invoke(JdkDynamicAopProxy.java:223)
	at jdk.proxy2/jdk.proxy2.$Proxy187.save(Unknown Source)
	at edu.market.notification.infrastructure.adapter.output.persistence.NotificationRepositoryAdapter.save(NotificationRepositoryAdapter.java:36)
	at java.base/jdk.internal.reflect.DirectMethodHandleAccessor.invoke(DirectMethodHandleAccessor.java:103)
	at java.base/java.lang.reflect.Method.invoke(Method.java:580)
	at org.springframework.aop.support.AopUtils.invokeJoinpointUsingReflection(AopUtils.java:359)
	at org.springframework.aop.framework.ReflectiveMethodInvocation.invokeJoinpoint(ReflectiveMethodInvocation.java:196)
	at org.springframework.aop.framework.ReflectiveMethodInvocation.proceed(ReflectiveMethodInvocation.java:163)
	at org.springframework.transaction.interceptor.TransactionAspectSupport.invokeWithinTransaction(TransactionAspectSupport.java:380)
	at org.springframework.transaction.interceptor.TransactionInterceptor.invoke(TransactionInterceptor.java:119)
	at org.springframework.aop.framework.ReflectiveMethodInvocation.proceed(ReflectiveMethodInvocation.java:184)
	at org.springframework.aop.framework.CglibAopProxy$DynamicAdvisedInterceptor.intercept(CglibAopProxy.java:728)
	at edu.market.notification.infrastructure.adapter.output.persistence.NotificationRepositoryAdapter$$SpringCGLIB$$0.save(<generated>)
	at edu.market.notification.application.usecase.notification.SendNotificationUseCase.send(SendNotificationUseCase.java:106)
	at edu.market.notification.infrastructure.adapter.input.web.controller.NotificationController.sendNotification(NotificationController.java:156)
	at java.base/jdk.internal.reflect.DirectMethodHandleAccessor.invoke(DirectMethodHandleAccessor.java:103)
	at java.base/java.lang.reflect.Method.invoke(Method.java:580)
	at org.springframework.web.method.support.InvocableHandlerMethod.doInvoke(InvocableHandlerMethod.java:258)
	at org.springframework.web.method.support.InvocableHandlerMethod.invokeForRequest(InvocableHandlerMethod.java:191)
	at org.springframework.web.servlet.mvc.method.annotation.ServletInvocableHandlerMethod.invokeAndHandle(ServletInvocableHandlerMethod.java:118)
	at org.springframework.web.servlet.mvc.method.annotation.RequestMappingHandlerAdapter.invokeHandlerMethod(RequestMappingHandlerAdapter.java:986)
	at org.springframework.web.servlet.mvc.method.annotation.RequestMappingHandlerAdapter.handleInternal(RequestMappingHandlerAdapter.java:891)
	at org.springframework.web.servlet.mvc.method.AbstractHandlerMethodAdapter.handle(AbstractHandlerMethodAdapter.java:87)
	at org.springframework.web.servlet.DispatcherServlet.doDispatch(DispatcherServlet.java:1089)
	at org.springframework.web.servlet.DispatcherServlet.doService(DispatcherServlet.java:979)
	at org.springframework.web.servlet.FrameworkServlet.processRequest(FrameworkServlet.java:1014)
	at org.springframework.web.servlet.FrameworkServlet.doPost(FrameworkServlet.java:914)
	at jakarta.servlet.http.HttpServlet.service(HttpServlet.java:590)
	at org.springframework.web.servlet.FrameworkServlet.service(FrameworkServlet.java:885)
	at jakarta.servlet.http.HttpServlet.service(HttpServlet.java:658)
	at org.apache.catalina.core.ApplicationFilterChain.internalDoFilter(ApplicationFilterChain.java:195)
	at org.apache.catalina.core.ApplicationFilterChain.doFilter(ApplicationFilterChain.java:140)
	at org.apache.tomcat.websocket.server.WsFilter.doFilter(WsFilter.java:51)
	at org.apache.catalina.core.ApplicationFilterChain.internalDoFilter(ApplicationFilterChain.java:164)
	at org.apache.catalina.core.ApplicationFilterChain.doFilter(ApplicationFilterChain.java:140)
	at org.springframework.web.filter.CompositeFilter$VirtualFilterChain.doFilter(CompositeFilter.java:108)
	at org.springframework.security.web.FilterChainProxy.lambda$doFilterInternal$3(FilterChainProxy.java:231)
	at org.springframework.security.web.ObservationFilterChainDecorator$FilterObservation$SimpleFilterObservation.lambda$wrap$1(ObservationFilterChainDecorator.java:479)
	at org.springframework.security.web.ObservationFilterChainDecorator$AroundFilterObservation$SimpleAroundFilterObservation.lambda$wrap$1(ObservationFilterChainDecorator.java:340)
	at org.springframework.security.web.ObservationFilterChainDecorator.lambda$wrapSecured$0(ObservationFilterChainDecorator.java:82)
	at org.springframework.security.web.ObservationFilterChainDecorator$VirtualFilterChain.doFilter(ObservationFilterChainDecorator.java:128)
	at org.springframework.security.web.access.intercept.AuthorizationFilter.doFilter(AuthorizationFilter.java:101)
	at org.springframework.security.web.ObservationFilterChainDecorator$ObservationFilter.wrapFilter(ObservationFilterChainDecorator.java:240)
	at org.springframework.security.web.ObservationFilterChainDecorator$ObservationFilter.doFilter(ObservationFilterChainDecorator.java:227)
	at org.springframework.security.web.ObservationFilterChainDecorator$VirtualFilterChain.doFilter(ObservationFilterChainDecorator.java:137)
	at org.springframework.security.web.access.ExceptionTranslationFilter.doFilter(ExceptionTranslationFilter.java:126)
	at org.springframework.security.web.access.ExceptionTranslationFilter.doFilter(ExceptionTranslationFilter.java:120)
	at org.springframework.security.web.ObservationFilterChainDecorator$ObservationFilter.wrapFilter(ObservationFilterChainDecorator.java:240)
	at org.springframework.security.web.ObservationFilterChainDecorator$ObservationFilter.doFilter(ObservationFilterChainDecorator.java:227)
	at org.springframework.security.web.ObservationFilterChainDecorator$VirtualFilterChain.doFilter(ObservationFilterChainDecorator.java:137)
	at org.springframework.security.web.authentication.AnonymousAuthenticationFilter.doFilter(AnonymousAuthenticationFilter.java:100)
	at org.springframework.security.web.ObservationFilterChainDecorator$ObservationFilter.wrapFilter(ObservationFilterChainDecorator.java:240)
	at org.springframework.security.web.ObservationFilterChainDecorator$ObservationFilter.doFilter(ObservationFilterChainDecorator.java:227)
	at org.springframework.security.web.ObservationFilterChainDecorator$VirtualFilterChain.doFilter(ObservationFilterChainDecorator.java:137)
	at org.springframework.security.web.servletapi.SecurityContextHolderAwareRequestFilter.doFilter(SecurityContextHolderAwareRequestFilter.java:179)
	at org.springframework.security.web.ObservationFilterChainDecorator$ObservationFilter.wrapFilter(ObservationFilterChainDecorator.java:240)
	at org.springframework.security.web.ObservationFilterChainDecorator$ObservationFilter.doFilter(ObservationFilterChainDecorator.java:227)
	at org.springframework.security.web.ObservationFilterChainDecorator$VirtualFilterChain.doFilter(ObservationFilterChainDecorator.java:137)
	at org.springframework.security.web.savedrequest.RequestCacheAwareFilter.doFilter(RequestCacheAwareFilter.java:63)
	at org.springframework.security.web.ObservationFilterChainDecorator$ObservationFilter.wrapFilter(ObservationFilterChainDecorator.java:240)
	at org.springframework.security.web.ObservationFilterChainDecorator$ObservationFilter.doFilter(ObservationFilterChainDecorator.java:227)
	at org.springframework.security.web.ObservationFilterChainDecorator$VirtualFilterChain.doFilter(ObservationFilterChainDecorator.java:137)
	at org.springframework.security.web.authentication.logout.LogoutFilter.doFilter(LogoutFilter.java:107)
	at org.springframework.security.web.authentication.logout.LogoutFilter.doFilter(LogoutFilter.java:93)
	at org.springframework.security.web.ObservationFilterChainDecorator$ObservationFilter.wrapFilter(ObservationFilterChainDecorator.java:240)
	at org.springframework.security.web.ObservationFilterChainDecorator$ObservationFilter.doFilter(ObservationFilterChainDecorator.java:227)
	at org.springframework.security.web.ObservationFilterChainDecorator$VirtualFilterChain.doFilter(ObservationFilterChainDecorator.java:137)
	at org.springframework.security.web.header.HeaderWriterFilter.doHeadersAfter(HeaderWriterFilter.java:90)
	at org.springframework.security.web.header.HeaderWriterFilter.doFilterInternal(HeaderWriterFilter.java:75)
	at org.springframework.web.filter.OncePerRequestFilter.doFilter(OncePerRequestFilter.java:116)
	at org.springframework.security.web.ObservationFilterChainDecorator$ObservationFilter.wrapFilter(ObservationFilterChainDecorator.java:240)
	at org.springframework.security.web.ObservationFilterChainDecorator$ObservationFilter.doFilter(ObservationFilterChainDecorator.java:227)
	at org.springframework.security.web.ObservationFilterChainDecorator$VirtualFilterChain.doFilter(ObservationFilterChainDecorator.java:137)
	at org.springframework.security.web.context.SecurityContextHolderFilter.doFilter(SecurityContextHolderFilter.java:82)
	at org.springframework.security.web.context.SecurityContextHolderFilter.doFilter(SecurityContextHolderFilter.java:69)
	at org.springframework.security.web.ObservationFilterChainDecorator$ObservationFilter.wrapFilter(ObservationFilterChainDecorator.java:240)
	at org.springframework.security.web.ObservationFilterChainDecorator$ObservationFilter.doFilter(ObservationFilterChainDecorator.java:227)
	at org.springframework.security.web.ObservationFilterChainDecorator$VirtualFilterChain.doFilter(ObservationFilterChainDecorator.java:137)
	at org.springframework.security.web.context.request.async.WebAsyncManagerIntegrationFilter.doFilterInternal(WebAsyncManagerIntegrationFilter.java:62)
	at org.springframework.web.filter.OncePerRequestFilter.doFilter(OncePerRequestFilter.java:116)
	at org.springframework.security.web.ObservationFilterChainDecorator$ObservationFilter.wrapFilter(ObservationFilterChainDecorator.java:240)
	at org.springframework.security.web.ObservationFilterChainDecorator$ObservationFilter.doFilter(ObservationFilterChainDecorator.java:227)
	at org.springframework.security.web.ObservationFilterChainDecorator$VirtualFilterChain.doFilter(ObservationFilterChainDecorator.java:137)
	at org.springframework.security.web.session.DisableEncodeUrlFilter.doFilterInternal(DisableEncodeUrlFilter.java:42)
	at org.springframework.web.filter.OncePerRequestFilter.doFilter(OncePerRequestFilter.java:116)
	at org.springframework.security.web.ObservationFilterChainDecorator$ObservationFilter.wrapFilter(ObservationFilterChainDecorator.java:240)
	at org.springframework.security.web.ObservationFilterChainDecorator$AroundFilterObservation$SimpleAroundFilterObservation.lambda$wrap$0(ObservationFilterChainDecorator.java:323)
	at org.springframework.security.web.ObservationFilterChainDecorator$ObservationFilter.doFilter(ObservationFilterChainDecorator.java:224)
	at org.springframework.security.web.ObservationFilterChainDecorator$VirtualFilterChain.doFilter(ObservationFilterChainDecorator.java:137)
	at org.springframework.security.web.FilterChainProxy.doFilterInternal(FilterChainProxy.java:233)
	at org.springframework.security.web.FilterChainProxy.doFilter(FilterChainProxy.java:191)
	at org.springframework.web.filter.CompositeFilter$VirtualFilterChain.doFilter(CompositeFilter.java:113)
	at org.springframework.web.servlet.handler.HandlerMappingIntrospector.lambda$createCacheFilter$3(HandlerMappingIntrospector.java:243)
	at org.springframework.web.filter.CompositeFilter$VirtualFilterChain.doFilter(CompositeFilter.java:113)
	at org.springframework.web.filter.CompositeFilter.doFilter(CompositeFilter.java:74)
	at org.springframework.security.config.annotation.web.configuration.WebMvcSecurityConfiguration$CompositeFilterChainProxy.doFilter(WebMvcSecurityConfiguration.java:238)
	at org.springframework.web.filter.DelegatingFilterProxy.invokeDelegate(DelegatingFilterProxy.java:362)
	at org.springframework.web.filter.DelegatingFilterProxy.doFilter(DelegatingFilterProxy.java:278)
	at org.apache.catalina.core.ApplicationFilterChain.internalDoFilter(ApplicationFilterChain.java:164)
	at org.apache.catalina.core.ApplicationFilterChain.doFilter(ApplicationFilterChain.java:140)
	at org.springframework.web.filter.RequestContextFilter.doFilterInternal(RequestContextFilter.java:100)
	at org.springframework.web.filter.OncePerRequestFilter.doFilter(OncePerRequestFilter.java:116)
	at org.apache.catalina.core.ApplicationFilterChain.internalDoFilter(ApplicationFilterChain.java:164)
	at org.apache.catalina.core.ApplicationFilterChain.doFilter(ApplicationFilterChain.java:140)
	at org.springframework.web.filter.FormContentFilter.doFilterInternal(FormContentFilter.java:93)
	at org.springframework.web.filter.OncePerRequestFilter.doFilter(OncePerRequestFilter.java:116)
	at org.apache.catalina.core.ApplicationFilterChain.internalDoFilter(ApplicationFilterChain.java:164)
	at org.apache.catalina.core.ApplicationFilterChain.doFilter(ApplicationFilterChain.java:140)
	at org.springframework.web.filter.ServerHttpObservationFilter.doFilterInternal(ServerHttpObservationFilter.java:114)
	at org.springframework.web.filter.OncePerRequestFilter.doFilter(OncePerRequestFilter.java:116)
	at org.apache.catalina.core.ApplicationFilterChain.internalDoFilter(ApplicationFilterChain.java:164)
	at org.apache.catalina.core.ApplicationFilterChain.doFilter(ApplicationFilterChain.java:140)
	at org.springframework.web.filter.CharacterEncodingFilter.doFilterInternal(CharacterEncodingFilter.java:201)
	at org.springframework.web.filter.OncePerRequestFilter.doFilter(OncePerRequestFilter.java:116)
	at org.apache.catalina.core.ApplicationFilterChain.internalDoFilter(ApplicationFilterChain.java:164)
	at org.apache.catalina.core.ApplicationFilterChain.doFilter(ApplicationFilterChain.java:140)
	at org.apache.catalina.core.StandardWrapperValve.invoke(StandardWrapperValve.java:167)
	at org.apache.catalina.core.StandardContextValve.invoke(StandardContextValve.java:90)
	at org.apache.catalina.authenticator.AuthenticatorBase.invoke(AuthenticatorBase.java:483)
	at org.apache.catalina.core.StandardHostValve.invoke(StandardHostValve.java:116)
	at org.apache.catalina.valves.ErrorReportValve.invoke(ErrorReportValve.java:93)
	at org.apache.catalina.core.StandardEngineValve.invoke(StandardEngineValve.java:74)
	at org.apache.catalina.connector.CoyoteAdapter.service(CoyoteAdapter.java:344)
	at org.apache.coyote.http11.Http11Processor.service(Http11Processor.java:398)
	at org.apache.coyote.AbstractProcessorLight.process(AbstractProcessorLight.java:63)
	at org.apache.coyote.AbstractProtocol$ConnectionHandler.process(AbstractProtocol.java:903)
	at org.apache.tomcat.util.net.NioEndpoint$SocketProcessor.doRun(NioEndpoint.java:1740)
	at org.apache.tomcat.util.net.SocketProcessorBase.run(SocketProcessorBase.java:52)
	at org.apache.tomcat.util.threads.ThreadPoolExecutor.runWorker(ThreadPoolExecutor.java:1189)
	at org.apache.tomcat.util.threads.ThreadPoolExecutor$Worker.run(ThreadPoolExecutor.java:658)
	at org.apache.tomcat.util.threads.TaskThread$WrappingRunnable.run(TaskThread.java:63)
	at java.base/java.lang.Thread.run(Thread.java:1583)
Caused by: org.hibernate.exception.ConstraintViolationException: could not execute statement [Violación de indice de Unicidad ó Clave primaria: "PUBLIC.UK_NOTIFICATIONS_UUID_INDEX_C ON PUBLIC.NOTIFICATIONS(UUID NULLS FIRST) VALUES ( /* 1 */ UUID 'b95ecca2-9fae-4e50-a589-4961efd72333' )"
Unique index or primary key violation: "PUBLIC.UK_NOTIFICATIONS_UUID_INDEX_C ON PUBLIC.NOTIFICATIONS(UUID NULLS FIRST) VALUES ( /* 1 */ UUID 'b95ecca2-9fae-4e50-a589-4961efd72333' )"; SQL statement:
insert into notifications (content_attributes,content_body,created_at,error_message,priority,recipient_attributes,recipient_device_token,recipient_email,recipient_phone,recipient_user_id,requester_id,retry_count,scheduled_for,sent_at,source_service,status,subject,template_id,uuid,id) values (?,?,?,?,?,?,?,?,?,?,?,?,?,?,?,?,?,?,?,default) [23505-232]] [insert into notifications (content_attributes,content_body,created_at,error_message,priority,recipient_attributes,recipient_device_token,recipient_email,recipient_phone,recipient_user_id,requester_id,retry_count,scheduled_for,sent_at,source_service,status,subject,template_id,uuid,id) values (?,?,?,?,?,?,?,?,?,?,?,?,?,?,?,?,?,?,?,default)]
	at org.hibernate.dialect.H2Dialect.lambda$buildSQLExceptionConversionDelegate$3(H2Dialect.java:759)
	at org.hibernate.exception.internal.StandardSQLExceptionConverter.convert(StandardSQLExceptionConverter.java:58)
	at org.hibernate.engine.jdbc.spi.SqlExceptionHelper.convert(SqlExceptionHelper.java:108)
	at org.hibernate.engine.jdbc.internal.ResultSetReturnImpl.executeUpdate(ResultSetReturnImpl.java:197)
	at org.hibernate.id.insert.GetGeneratedKeysDelegate.performMutation(GetGeneratedKeysDelegate.java:116)
	at org.hibernate.engine.jdbc.mutation.internal.MutationExecutorSingleNonBatched.performNonBatchedOperations(MutationExecutorSingleNonBatched.java:47)
	at org.hibernate.engine.jdbc.mutation.internal.AbstractMutationExecutor.execute(AbstractMutationExecutor.java:55)
	at org.hibernate.persister.entity.mutation.InsertCoordinatorStandard.doStaticInserts(InsertCoordinatorStandard.java:194)
	at org.hibernate.persister.entity.mutation.InsertCoordinatorStandard.coordinateInsert(InsertCoordinatorStandard.java:132)
	at org.hibernate.persister.entity.mutation.InsertCoordinatorStandard.insert(InsertCoordinatorStandard.java:95)
	at org.hibernate.action.internal.EntityIdentityInsertAction.execute(EntityIdentityInsertAction.java:85)
	at org.hibernate.engine.spi.ActionQueue.execute(ActionQueue.java:682)
	at org.hibernate.engine.spi.ActionQueue.addResolvedEntityInsertAction(ActionQueue.java:293)
	at org.hibernate.engine.spi.ActionQueue.addInsertAction(ActionQueue.java:274)
	at org.hibernate.engine.spi.ActionQueue.addAction(ActionQueue.java:324)
	at org.hibernate.event.internal.AbstractSaveEventListener.addInsertAction(AbstractSaveEventListener.java:393)
	at org.hibernate.event.internal.AbstractSaveEventListener.performSaveOrReplicate(AbstractSaveEventListener.java:307)
	at org.hibernate.event.internal.AbstractSaveEventListener.performSave(AbstractSaveEventListener.java:223)
	at org.hibernate.event.internal.AbstractSaveEventListener.saveWithGeneratedId(AbstractSaveEventListener.java:136)
	at org.hibernate.event.internal.DefaultPersistEventListener.entityIsTransient(DefaultPersistEventListener.java:177)
	at org.hibernate.event.internal.DefaultPersistEventListener.persist(DefaultPersistEventListener.java:95)
	at org.hibernate.event.internal.DefaultPersistEventListener.onPersist(DefaultPersistEventListener.java:79)
	at org.hibernate.event.internal.DefaultPersistEventListener.onPersist(DefaultPersistEventListener.java:55)
	at org.hibernate.event.service.internal.EventListenerGroupImpl.fireEventOnEachListener(EventListenerGroupImpl.java:127)
	at org.hibernate.internal.SessionImpl.firePersist(SessionImpl.java:761)
	at org.hibernate.internal.SessionImpl.persist(SessionImpl.java:745)
	at java.base/jdk.internal.reflect.DirectMethodHandleAccessor.invoke(DirectMethodHandleAccessor.java:103)
	at java.base/java.lang.reflect.Method.invoke(Method.java:580)
	at org.springframework.orm.jpa.ExtendedEntityManagerCreator$ExtendedEntityManagerInvocationHandler.invoke(ExtendedEntityManagerCreator.java:364)
	at jdk.proxy2/jdk.proxy2.$Proxy176.persist(Unknown Source)
	at java.base/jdk.internal.reflect.DirectMethodHandleAccessor.invoke(DirectMethodHandleAccessor.java:103)
	at java.base/java.lang.reflect.Method.invoke(Method.java:580)
	at org.springframework.orm.jpa.SharedEntityManagerCreator$SharedEntityManagerInvocationHandler.invoke(SharedEntityManagerCreator.java:320)
	at jdk.proxy2/jdk.proxy2.$Proxy176.persist(Unknown Source)
	at org.springframework.data.jpa.repository.support.SimpleJpaRepository.save(SimpleJpaRepository.java:636)
	at java.base/jdk.internal.reflect.DirectMethodHandleAccessor.invoke(DirectMethodHandleAccessor.java:103)
	at java.base/java.lang.reflect.Method.invoke(Method.java:580)
	at org.springframework.aop.support.AopUtils.invokeJoinpointUsingReflection(AopUtils.java:359)
	at org.springframework.data.repository.core.support.RepositoryMethodInvoker$RepositoryFragmentMethodInvoker.lambda$new$0(RepositoryMethodInvoker.java:277)
	at org.springframework.data.repository.core.support.RepositoryMethodInvoker.doInvoke(RepositoryMethodInvoker.java:170)
	at org.springframework.data.repository.core.support.RepositoryMethodInvoker.invoke(RepositoryMethodInvoker.java:158)
	at org.springframework.data.repository.core.support.RepositoryComposition$RepositoryFragments.invoke(RepositoryComposition.java:515)
	at org.springframework.data.repository.core.support.RepositoryComposition.invoke(RepositoryComposition.java:284)
	at org.springframework.data.repository.core.support.RepositoryFactorySupport$ImplementationMethodExecutionInterceptor.invoke(RepositoryFactorySupport.java:731)
	at org.springframework.aop.framework.ReflectiveMethodInvocation.proceed(ReflectiveMethodInvocation.java:184)
	at org.springframework.data.repository.core.support.QueryExecutorMethodInterceptor.doInvoke(QueryExecutorMethodInterceptor.java:174)
	at org.springframework.data.repository.core.support.QueryExecutorMethodInterceptor.invoke(QueryExecutorMethodInterceptor.java:149)
	at org.springframework.aop.framework.ReflectiveMethodInvocation.proceed(ReflectiveMethodInvocation.java:184)
	at org.springframework.data.projection.DefaultMethodInvokingMethodInterceptor.invoke(DefaultMethodInvokingMethodInterceptor.java:69)
	at org.springframework.aop.framework.ReflectiveMethodInvocation.proceed(ReflectiveMethodInvocation.java:184)
	at org.springframework.transaction.interceptor.TransactionAspectSupport.invokeWithinTransaction(TransactionAspectSupport.java:380)
	at org.springframework.transaction.interceptor.TransactionInterceptor.invoke(TransactionInterceptor.java:119)
	at org.springframework.aop.framework.ReflectiveMethodInvocation.proceed(ReflectiveMethodInvocation.java:184)
	at org.springframework.dao.support.PersistenceExceptionTranslationInterceptor.invoke(PersistenceExceptionTranslationInterceptor.java:138)
	... 135 common frames omitted
Caused by: org.h2.jdbc.JdbcSQLIntegrityConstraintViolationException: Violación de indice de Unicidad ó Clave primaria: "PUBLIC.UK_NOTIFICATIONS_UUID_INDEX_C ON PUBLIC.NOTIFICATIONS(UUID NULLS FIRST) VALUES ( /* 1 */ UUID 'b95ecca2-9fae-4e50-a589-4961efd72333' )"
Unique index or primary key violation: "PUBLIC.UK_NOTIFICATIONS_UUID_INDEX_C ON PUBLIC.NOTIFICATIONS(UUID NULLS FIRST) VALUES ( /* 1 */ UUID 'b95ecca2-9fae-4e50-a589-4961efd72333' )"; SQL statement:
insert into notifications (content_attributes,content_body,created_at,error_message,priority,recipient_attributes,recipient_device_token,recipient_email,recipient_phone,recipient_user_id,requester_id,retry_count,scheduled_for,sent_at,source_service,status,subject,template_id,uuid,id) values (?,?,?,?,?,?,?,?,?,?,?,?,?,?,?,?,?,?,?,default) [23505-232]
	at org.h2.message.DbException.getJdbcSQLException(DbException.java:520)
	at org.h2.message.DbException.getJdbcSQLException(DbException.java:489)
	at org.h2.message.DbException.get(DbException.java:223)
	at org.h2.message.DbException.get(DbException.java:199)
	at org.h2.index.Index.getDuplicateKeyException(Index.java:523)
	at org.h2.mvstore.db.MVSecondaryIndex.checkUnique(MVSecondaryIndex.java:223)
	at org.h2.mvstore.db.MVSecondaryIndex.add(MVSecondaryIndex.java:184)
	at org.h2.mvstore.db.MVTable.addRow(MVTable.java:517)
	at org.h2.command.dml.Insert.insertRows(Insert.java:174)
	at org.h2.command.dml.Insert.update(Insert.java:135)
	at org.h2.command.CommandContainer.executeUpdateWithGeneratedKeys(CommandContainer.java:212)
	at org.h2.command.CommandContainer.update(CommandContainer.java:133)
	at org.h2.command.Command.executeUpdate(Command.java:304)
	at org.h2.command.Command.executeUpdate(Command.java:248)
	at org.h2.jdbc.JdbcPreparedStatement.executeUpdateInternal(JdbcPreparedStatement.java:213)
	at org.h2.jdbc.JdbcPreparedStatement.executeUpdate(JdbcPreparedStatement.java:172)
	at com.zaxxer.hikari.pool.ProxyPreparedStatement.executeUpdate(ProxyPreparedStatement.java:61)
	at com.zaxxer.hikari.pool.HikariProxyPreparedStatement.executeUpdate(HikariProxyPreparedStatement.java)
	at org.hibernate.engine.jdbc.internal.ResultSetReturnImpl.executeUpdate(ResultSetReturnImpl.java:194)
	... 185 common frames omitted
2025-07-30 16:39:54,017 [http-nio-8080-exec-1] DEBUG e.m.n.i.a.o.monitoring.LoggingAdapter              - send - Call saveFailedEventToOutbox
2025-07-30 16:39:54,018 [http-nio-8080-exec-1] DEBUG e.m.n.i.a.o.monitoring.LoggingAdapter              - saveFailedEventToOutbox - Saving failed event to outbox for notification: b95ecca2-9fae-4e50-a589-4961efd72333, error: Error sending notification: could not execute statement [Violación de indice de Unicidad ó Clave primaria: "PUBLIC.UK_NOTIFICATIONS_UUID_INDEX_C ON PUBLIC.NOTIFICATIONS(UUID NULLS FIRST) VALUES ( /* 1 */ UUID 'b95ecca2-9fae-4e50-a589-4961efd72333' )"
Unique index or primary key violation: "PUBLIC.UK_NOTIFICATIONS_UUID_INDEX_C ON PUBLIC.NOTIFICATIONS(UUID NULLS FIRST) VALUES ( /* 1 */ UUID 'b95ecca2-9fae-4e50-a589-4961efd72333' )"; SQL statement:
insert into notifications (content_attributes,content_body,created_at,error_message,priority,recipient_attributes,recipient_device_token,recipient_email,recipient_phone,recipient_user_id,requester_id,retry_count,scheduled_for,sent_at,source_service,status,subject,template_id,uuid,id) values (?,?,?,?,?,?,?,?,?,?,?,?,?,?,?,?,?,?,?,default) [23505-232]] [insert into notifications (content_attributes,content_body,created_at,error_message,priority,recipient_attributes,recipient_device_token,recipient_email,recipient_phone,recipient_user_id,requester_id,retry_count,scheduled_for,sent_at,source_service,status,subject,template_id,uuid,id) values (?,?,?,?,?,?,?,?,?,?,?,?,?,?,?,?,?,?,?,default)]; SQL [insert into notifications (content_attributes,content_body,created_at,error_message,priority,recipient_attributes,recipient_device_token,recipient_email,recipient_phone,recipient_user_id,requester_id,retry_count,scheduled_for,sent_at,source_service,status,subject,template_id,uuid,id) values (?,?,?,?,?,?,?,?,?,?,?,?,?,?,?,?,?,?,?,default)]; constraint [PUBLIC.UK_NOTIFICATIONS_UUID_INDEX_C]
2025-07-30 16:39:54,019 [http-nio-8080-exec-1] DEBUG e.m.n.i.a.o.monitoring.LoggingAdapter              - SerializationServiceAdapter.serialize - Serializando objeto: {}
2025-07-30 16:39:54,029 [http-nio-8080-exec-1] DEBUG e.m.n.i.a.o.monitoring.LoggingAdapter              - saveFailedEventToOutbox - Call outboxRepository.save
2025-07-30 16:39:54,032 [http-nio-8080-exec-1] DEBUG e.m.n.i.a.o.monitoring.LoggingAdapter              - saveFailedEventToOutbox - Event saved successfully
2025-07-30 16:39:54,032 [http-nio-8080-exec-1] INFO  e.m.n.i.a.o.p.m.NotificationOutputMapper           - toEntity - Init
2025-07-30 16:39:54,032 [http-nio-8080-exec-1] INFO  e.m.n.i.a.o.p.m.NotificationOutputMapper           - toEntity - End
2025-07-30 16:39:54,033 [http-nio-8080-exec-1] WARN  o.h.engine.jdbc.spi.SqlExceptionHelper             - SQL Error: 22001, SQLState: 22001
2025-07-30 16:39:54,034 [http-nio-8080-exec-1] ERROR o.h.engine.jdbc.spi.SqlExceptionHelper             - Valor demasiado largo para la columna "ERROR_MESSAGE CHARACTER VARYING(1000)": "U&'Error sending notification: could not execute statement [Violaci\\00f3n de ind... (1542)"
Value too long for column "ERROR_MESSAGE CHARACTER VARYING(1000)": "U&'Error sending notification: could not execute statement [Violaci\\00f3n de ind... (1542)"; SQL statement:
insert into notifications (content_attributes,content_body,created_at,error_message,priority,recipient_attributes,recipient_device_token,recipient_email,recipient_phone,recipient_user_id,requester_id,retry_count,scheduled_for,sent_at,source_service,status,subject,template_id,uuid,id) values (?,?,?,?,?,?,?,?,?,?,?,?,?,?,?,?,?,?,?,default) [22001-232]
2025-07-30 16:39:54,036 [http-nio-8080-exec-1] ERROR e.m.n.i.a.i.w.e.RestExceptionHandler               - handleAllUncaughtException - Unexpected error occurred: could not execute statement [Valor demasiado largo para la columna "ERROR_MESSAGE CHARACTER VARYING(1000)": "U&'Error sending notification: could not execute statement [Violaci\\00f3n de ind... (1542)"
Value too long for column "ERROR_MESSAGE CHARACTER VARYING(1000)": "U&'Error sending notification: could not execute statement [Violaci\\00f3n de ind... (1542)"; SQL statement:
insert into notifications (content_attributes,content_body,created_at,error_message,priority,recipient_attributes,recipient_device_token,recipient_email,recipient_phone,recipient_user_id,requester_id,retry_count,scheduled_for,sent_at,source_service,status,subject,template_id,uuid,id) values (?,?,?,?,?,?,?,?,?,?,?,?,?,?,?,?,?,?,?,default) [22001-232]] [insert into notifications (content_attributes,content_body,created_at,error_message,priority,recipient_attributes,recipient_device_token,recipient_email,recipient_phone,recipient_user_id,requester_id,retry_count,scheduled_for,sent_at,source_service,status,subject,template_id,uuid,id) values (?,?,?,?,?,?,?,?,?,?,?,?,?,?,?,?,?,?,?,default)]; SQL [insert into notifications (content_attributes,content_body,created_at,error_message,priority,recipient_attributes,recipient_device_token,recipient_email,recipient_phone,recipient_user_id,requester_id,retry_count,scheduled_for,sent_at,source_service,status,subject,template_id,uuid,id) values (?,?,?,?,?,?,?,?,?,?,?,?,?,?,?,?,?,?,?,default)]
org.springframework.dao.DataIntegrityViolationException: could not execute statement [Valor demasiado largo para la columna "ERROR_MESSAGE CHARACTER VARYING(1000)": "U&'Error sending notification: could not execute statement [Violaci\\00f3n de ind... (1542)"
Value too long for column "ERROR_MESSAGE CHARACTER VARYING(1000)": "U&'Error sending notification: could not execute statement [Violaci\\00f3n de ind... (1542)"; SQL statement:
insert into notifications (content_attributes,content_body,created_at,error_message,priority,recipient_attributes,recipient_device_token,recipient_email,recipient_phone,recipient_user_id,requester_id,retry_count,scheduled_for,sent_at,source_service,status,subject,template_id,uuid,id) values (?,?,?,?,?,?,?,?,?,?,?,?,?,?,?,?,?,?,?,default) [22001-232]] [insert into notifications (content_attributes,content_body,created_at,error_message,priority,recipient_attributes,recipient_device_token,recipient_email,recipient_phone,recipient_user_id,requester_id,retry_count,scheduled_for,sent_at,source_service,status,subject,template_id,uuid,id) values (?,?,?,?,?,?,?,?,?,?,?,?,?,?,?,?,?,?,?,default)]; SQL [insert into notifications (content_attributes,content_body,created_at,error_message,priority,recipient_attributes,recipient_device_token,recipient_email,recipient_phone,recipient_user_id,requester_id,retry_count,scheduled_for,sent_at,source_service,status,subject,template_id,uuid,id) values (?,?,?,?,?,?,?,?,?,?,?,?,?,?,?,?,?,?,?,default)]
	at org.springframework.orm.jpa.vendor.HibernateJpaDialect.convertHibernateAccessException(HibernateJpaDialect.java:297)
	at org.springframework.orm.jpa.vendor.HibernateJpaDialect.convertHibernateAccessException(HibernateJpaDialect.java:256)
	at org.springframework.orm.jpa.vendor.HibernateJpaDialect.translateExceptionIfPossible(HibernateJpaDialect.java:241)
	at org.springframework.orm.jpa.AbstractEntityManagerFactoryBean.translateExceptionIfPossible(AbstractEntityManagerFactoryBean.java:560)
	at org.springframework.dao.support.ChainedPersistenceExceptionTranslator.translateExceptionIfPossible(ChainedPersistenceExceptionTranslator.java:61)
	at org.springframework.dao.support.DataAccessUtils.translateIfNecessary(DataAccessUtils.java:343)
	at org.springframework.dao.support.PersistenceExceptionTranslationInterceptor.invoke(PersistenceExceptionTranslationInterceptor.java:160)
	at org.springframework.aop.framework.ReflectiveMethodInvocation.proceed(ReflectiveMethodInvocation.java:184)
	at org.springframework.data.jpa.repository.support.CrudMethodMetadataPostProcessor$CrudMethodMetadataPopulatingMethodInterceptor.invoke(CrudMethodMetadataPostProcessor.java:165)
	at org.springframework.aop.framework.ReflectiveMethodInvocation.proceed(ReflectiveMethodInvocation.java:184)
	at org.springframework.aop.framework.JdkDynamicAopProxy.invoke(JdkDynamicAopProxy.java:223)
	at jdk.proxy2/jdk.proxy2.$Proxy187.save(Unknown Source)
	at edu.market.notification.infrastructure.adapter.output.persistence.NotificationRepositoryAdapter.save(NotificationRepositoryAdapter.java:36)
	at java.base/jdk.internal.reflect.DirectMethodHandleAccessor.invoke(DirectMethodHandleAccessor.java:103)
	at java.base/java.lang.reflect.Method.invoke(Method.java:580)
	at org.springframework.aop.support.AopUtils.invokeJoinpointUsingReflection(AopUtils.java:359)
	at org.springframework.aop.framework.ReflectiveMethodInvocation.invokeJoinpoint(ReflectiveMethodInvocation.java:196)
	at org.springframework.aop.framework.ReflectiveMethodInvocation.proceed(ReflectiveMethodInvocation.java:163)
	at org.springframework.transaction.interceptor.TransactionAspectSupport.invokeWithinTransaction(TransactionAspectSupport.java:380)
	at org.springframework.transaction.interceptor.TransactionInterceptor.invoke(TransactionInterceptor.java:119)
	at org.springframework.aop.framework.ReflectiveMethodInvocation.proceed(ReflectiveMethodInvocation.java:184)
	at org.springframework.aop.framework.CglibAopProxy$DynamicAdvisedInterceptor.intercept(CglibAopProxy.java:728)
	at edu.market.notification.infrastructure.adapter.output.persistence.NotificationRepositoryAdapter$$SpringCGLIB$$0.save(<generated>)
	at edu.market.notification.application.usecase.notification.SendNotificationUseCase.send(SendNotificationUseCase.java:125)
	at edu.market.notification.infrastructure.adapter.input.web.controller.NotificationController.sendNotification(NotificationController.java:156)
	at java.base/jdk.internal.reflect.DirectMethodHandleAccessor.invoke(DirectMethodHandleAccessor.java:103)
	at java.base/java.lang.reflect.Method.invoke(Method.java:580)
	at org.springframework.web.method.support.InvocableHandlerMethod.doInvoke(InvocableHandlerMethod.java:258)
	at org.springframework.web.method.support.InvocableHandlerMethod.invokeForRequest(InvocableHandlerMethod.java:191)
	at org.springframework.web.servlet.mvc.method.annotation.ServletInvocableHandlerMethod.invokeAndHandle(ServletInvocableHandlerMethod.java:118)
	at org.springframework.web.servlet.mvc.method.annotation.RequestMappingHandlerAdapter.invokeHandlerMethod(RequestMappingHandlerAdapter.java:986)
	at org.springframework.web.servlet.mvc.method.annotation.RequestMappingHandlerAdapter.handleInternal(RequestMappingHandlerAdapter.java:891)
	at org.springframework.web.servlet.mvc.method.AbstractHandlerMethodAdapter.handle(AbstractHandlerMethodAdapter.java:87)
	at org.springframework.web.servlet.DispatcherServlet.doDispatch(DispatcherServlet.java:1089)
	at org.springframework.web.servlet.DispatcherServlet.doService(DispatcherServlet.java:979)
	at org.springframework.web.servlet.FrameworkServlet.processRequest(FrameworkServlet.java:1014)
	at org.springframework.web.servlet.FrameworkServlet.doPost(FrameworkServlet.java:914)
	at jakarta.servlet.http.HttpServlet.service(HttpServlet.java:590)
	at org.springframework.web.servlet.FrameworkServlet.service(FrameworkServlet.java:885)
	at jakarta.servlet.http.HttpServlet.service(HttpServlet.java:658)
	at org.apache.catalina.core.ApplicationFilterChain.internalDoFilter(ApplicationFilterChain.java:195)
	at org.apache.catalina.core.ApplicationFilterChain.doFilter(ApplicationFilterChain.java:140)
	at org.apache.tomcat.websocket.server.WsFilter.doFilter(WsFilter.java:51)
	at org.apache.catalina.core.ApplicationFilterChain.internalDoFilter(ApplicationFilterChain.java:164)
	at org.apache.catalina.core.ApplicationFilterChain.doFilter(ApplicationFilterChain.java:140)
	at org.springframework.web.filter.CompositeFilter$VirtualFilterChain.doFilter(CompositeFilter.java:108)
	at org.springframework.security.web.FilterChainProxy.lambda$doFilterInternal$3(FilterChainProxy.java:231)
	at org.springframework.security.web.ObservationFilterChainDecorator$FilterObservation$SimpleFilterObservation.lambda$wrap$1(ObservationFilterChainDecorator.java:479)
	at org.springframework.security.web.ObservationFilterChainDecorator$AroundFilterObservation$SimpleAroundFilterObservation.lambda$wrap$1(ObservationFilterChainDecorator.java:340)
	at org.springframework.security.web.ObservationFilterChainDecorator.lambda$wrapSecured$0(ObservationFilterChainDecorator.java:82)
	at org.springframework.security.web.ObservationFilterChainDecorator$VirtualFilterChain.doFilter(ObservationFilterChainDecorator.java:128)
	at org.springframework.security.web.access.intercept.AuthorizationFilter.doFilter(AuthorizationFilter.java:101)
	at org.springframework.security.web.ObservationFilterChainDecorator$ObservationFilter.wrapFilter(ObservationFilterChainDecorator.java:240)
	at org.springframework.security.web.ObservationFilterChainDecorator$ObservationFilter.doFilter(ObservationFilterChainDecorator.java:227)
	at org.springframework.security.web.ObservationFilterChainDecorator$VirtualFilterChain.doFilter(ObservationFilterChainDecorator.java:137)
	at org.springframework.security.web.access.ExceptionTranslationFilter.doFilter(ExceptionTranslationFilter.java:126)
	at org.springframework.security.web.access.ExceptionTranslationFilter.doFilter(ExceptionTranslationFilter.java:120)
	at org.springframework.security.web.ObservationFilterChainDecorator$ObservationFilter.wrapFilter(ObservationFilterChainDecorator.java:240)
	at org.springframework.security.web.ObservationFilterChainDecorator$ObservationFilter.doFilter(ObservationFilterChainDecorator.java:227)
	at org.springframework.security.web.ObservationFilterChainDecorator$VirtualFilterChain.doFilter(ObservationFilterChainDecorator.java:137)
	at org.springframework.security.web.authentication.AnonymousAuthenticationFilter.doFilter(AnonymousAuthenticationFilter.java:100)
	at org.springframework.security.web.ObservationFilterChainDecorator$ObservationFilter.wrapFilter(ObservationFilterChainDecorator.java:240)
	at org.springframework.security.web.ObservationFilterChainDecorator$ObservationFilter.doFilter(ObservationFilterChainDecorator.java:227)
	at org.springframework.security.web.ObservationFilterChainDecorator$VirtualFilterChain.doFilter(ObservationFilterChainDecorator.java:137)
	at org.springframework.security.web.servletapi.SecurityContextHolderAwareRequestFilter.doFilter(SecurityContextHolderAwareRequestFilter.java:179)
	at org.springframework.security.web.ObservationFilterChainDecorator$ObservationFilter.wrapFilter(ObservationFilterChainDecorator.java:240)
	at org.springframework.security.web.ObservationFilterChainDecorator$ObservationFilter.doFilter(ObservationFilterChainDecorator.java:227)
	at org.springframework.security.web.ObservationFilterChainDecorator$VirtualFilterChain.doFilter(ObservationFilterChainDecorator.java:137)
	at org.springframework.security.web.savedrequest.RequestCacheAwareFilter.doFilter(RequestCacheAwareFilter.java:63)
	at org.springframework.security.web.ObservationFilterChainDecorator$ObservationFilter.wrapFilter(ObservationFilterChainDecorator.java:240)
	at org.springframework.security.web.ObservationFilterChainDecorator$ObservationFilter.doFilter(ObservationFilterChainDecorator.java:227)
	at org.springframework.security.web.ObservationFilterChainDecorator$VirtualFilterChain.doFilter(ObservationFilterChainDecorator.java:137)
	at org.springframework.security.web.authentication.logout.LogoutFilter.doFilter(LogoutFilter.java:107)
	at org.springframework.security.web.authentication.logout.LogoutFilter.doFilter(LogoutFilter.java:93)
	at org.springframework.security.web.ObservationFilterChainDecorator$ObservationFilter.wrapFilter(ObservationFilterChainDecorator.java:240)
	at org.springframework.security.web.ObservationFilterChainDecorator$ObservationFilter.doFilter(ObservationFilterChainDecorator.java:227)
	at org.springframework.security.web.ObservationFilterChainDecorator$VirtualFilterChain.doFilter(ObservationFilterChainDecorator.java:137)
	at org.springframework.security.web.header.HeaderWriterFilter.doHeadersAfter(HeaderWriterFilter.java:90)
	at org.springframework.security.web.header.HeaderWriterFilter.doFilterInternal(HeaderWriterFilter.java:75)
	at org.springframework.web.filter.OncePerRequestFilter.doFilter(OncePerRequestFilter.java:116)
	at org.springframework.security.web.ObservationFilterChainDecorator$ObservationFilter.wrapFilter(ObservationFilterChainDecorator.java:240)
	at org.springframework.security.web.ObservationFilterChainDecorator$ObservationFilter.doFilter(ObservationFilterChainDecorator.java:227)
	at org.springframework.security.web.ObservationFilterChainDecorator$VirtualFilterChain.doFilter(ObservationFilterChainDecorator.java:137)
	at org.springframework.security.web.context.SecurityContextHolderFilter.doFilter(SecurityContextHolderFilter.java:82)
	at org.springframework.security.web.context.SecurityContextHolderFilter.doFilter(SecurityContextHolderFilter.java:69)
	at org.springframework.security.web.ObservationFilterChainDecorator$ObservationFilter.wrapFilter(ObservationFilterChainDecorator.java:240)
	at org.springframework.security.web.ObservationFilterChainDecorator$ObservationFilter.doFilter(ObservationFilterChainDecorator.java:227)
	at org.springframework.security.web.ObservationFilterChainDecorator$VirtualFilterChain.doFilter(ObservationFilterChainDecorator.java:137)
	at org.springframework.security.web.context.request.async.WebAsyncManagerIntegrationFilter.doFilterInternal(WebAsyncManagerIntegrationFilter.java:62)
	at org.springframework.web.filter.OncePerRequestFilter.doFilter(OncePerRequestFilter.java:116)
	at org.springframework.security.web.ObservationFilterChainDecorator$ObservationFilter.wrapFilter(ObservationFilterChainDecorator.java:240)
	at org.springframework.security.web.ObservationFilterChainDecorator$ObservationFilter.doFilter(ObservationFilterChainDecorator.java:227)
	at org.springframework.security.web.ObservationFilterChainDecorator$VirtualFilterChain.doFilter(ObservationFilterChainDecorator.java:137)
	at org.springframework.security.web.session.DisableEncodeUrlFilter.doFilterInternal(DisableEncodeUrlFilter.java:42)
	at org.springframework.web.filter.OncePerRequestFilter.doFilter(OncePerRequestFilter.java:116)
	at org.springframework.security.web.ObservationFilterChainDecorator$ObservationFilter.wrapFilter(ObservationFilterChainDecorator.java:240)
	at org.springframework.security.web.ObservationFilterChainDecorator$AroundFilterObservation$SimpleAroundFilterObservation.lambda$wrap$0(ObservationFilterChainDecorator.java:323)
	at org.springframework.security.web.ObservationFilterChainDecorator$ObservationFilter.doFilter(ObservationFilterChainDecorator.java:224)
	at org.springframework.security.web.ObservationFilterChainDecorator$VirtualFilterChain.doFilter(ObservationFilterChainDecorator.java:137)
	at org.springframework.security.web.FilterChainProxy.doFilterInternal(FilterChainProxy.java:233)
	at org.springframework.security.web.FilterChainProxy.doFilter(FilterChainProxy.java:191)
	at org.springframework.web.filter.CompositeFilter$VirtualFilterChain.doFilter(CompositeFilter.java:113)
	at org.springframework.web.servlet.handler.HandlerMappingIntrospector.lambda$createCacheFilter$3(HandlerMappingIntrospector.java:243)
	at org.springframework.web.filter.CompositeFilter$VirtualFilterChain.doFilter(CompositeFilter.java:113)
	at org.springframework.web.filter.CompositeFilter.doFilter(CompositeFilter.java:74)
	at org.springframework.security.config.annotation.web.configuration.WebMvcSecurityConfiguration$CompositeFilterChainProxy.doFilter(WebMvcSecurityConfiguration.java:238)
	at org.springframework.web.filter.DelegatingFilterProxy.invokeDelegate(DelegatingFilterProxy.java:362)
	at org.springframework.web.filter.DelegatingFilterProxy.doFilter(DelegatingFilterProxy.java:278)
	at org.apache.catalina.core.ApplicationFilterChain.internalDoFilter(ApplicationFilterChain.java:164)
	at org.apache.catalina.core.ApplicationFilterChain.doFilter(ApplicationFilterChain.java:140)
	at org.springframework.web.filter.RequestContextFilter.doFilterInternal(RequestContextFilter.java:100)
	at org.springframework.web.filter.OncePerRequestFilter.doFilter(OncePerRequestFilter.java:116)
	at org.apache.catalina.core.ApplicationFilterChain.internalDoFilter(ApplicationFilterChain.java:164)
	at org.apache.catalina.core.ApplicationFilterChain.doFilter(ApplicationFilterChain.java:140)
	at org.springframework.web.filter.FormContentFilter.doFilterInternal(FormContentFilter.java:93)
	at org.springframework.web.filter.OncePerRequestFilter.doFilter(OncePerRequestFilter.java:116)
	at org.apache.catalina.core.ApplicationFilterChain.internalDoFilter(ApplicationFilterChain.java:164)
	at org.apache.catalina.core.ApplicationFilterChain.doFilter(ApplicationFilterChain.java:140)
	at org.springframework.web.filter.ServerHttpObservationFilter.doFilterInternal(ServerHttpObservationFilter.java:114)
	at org.springframework.web.filter.OncePerRequestFilter.doFilter(OncePerRequestFilter.java:116)
	at org.apache.catalina.core.ApplicationFilterChain.internalDoFilter(ApplicationFilterChain.java:164)
	at org.apache.catalina.core.ApplicationFilterChain.doFilter(ApplicationFilterChain.java:140)
	at org.springframework.web.filter.CharacterEncodingFilter.doFilterInternal(CharacterEncodingFilter.java:201)
	at org.springframework.web.filter.OncePerRequestFilter.doFilter(OncePerRequestFilter.java:116)
	at org.apache.catalina.core.ApplicationFilterChain.internalDoFilter(ApplicationFilterChain.java:164)
	at org.apache.catalina.core.ApplicationFilterChain.doFilter(ApplicationFilterChain.java:140)
	at org.apache.catalina.core.StandardWrapperValve.invoke(StandardWrapperValve.java:167)
	at org.apache.catalina.core.StandardContextValve.invoke(StandardContextValve.java:90)
	at org.apache.catalina.authenticator.AuthenticatorBase.invoke(AuthenticatorBase.java:483)
	at org.apache.catalina.core.StandardHostValve.invoke(StandardHostValve.java:116)
	at org.apache.catalina.valves.ErrorReportValve.invoke(ErrorReportValve.java:93)
	at org.apache.catalina.core.StandardEngineValve.invoke(StandardEngineValve.java:74)
	at org.apache.catalina.connector.CoyoteAdapter.service(CoyoteAdapter.java:344)
	at org.apache.coyote.http11.Http11Processor.service(Http11Processor.java:398)
	at org.apache.coyote.AbstractProcessorLight.process(AbstractProcessorLight.java:63)
	at org.apache.coyote.AbstractProtocol$ConnectionHandler.process(AbstractProtocol.java:903)
	at org.apache.tomcat.util.net.NioEndpoint$SocketProcessor.doRun(NioEndpoint.java:1740)
	at org.apache.tomcat.util.net.SocketProcessorBase.run(SocketProcessorBase.java:52)
	at org.apache.tomcat.util.threads.ThreadPoolExecutor.runWorker(ThreadPoolExecutor.java:1189)
	at org.apache.tomcat.util.threads.ThreadPoolExecutor$Worker.run(ThreadPoolExecutor.java:658)
	at org.apache.tomcat.util.threads.TaskThread$WrappingRunnable.run(TaskThread.java:63)
	at java.base/java.lang.Thread.run(Thread.java:1583)
Caused by: org.hibernate.exception.DataException: could not execute statement [Valor demasiado largo para la columna "ERROR_MESSAGE CHARACTER VARYING(1000)": "U&'Error sending notification: could not execute statement [Violaci\\00f3n de ind... (1542)"
Value too long for column "ERROR_MESSAGE CHARACTER VARYING(1000)": "U&'Error sending notification: could not execute statement [Violaci\\00f3n de ind... (1542)"; SQL statement:
insert into notifications (content_attributes,content_body,created_at,error_message,priority,recipient_attributes,recipient_device_token,recipient_email,recipient_phone,recipient_user_id,requester_id,retry_count,scheduled_for,sent_at,source_service,status,subject,template_id,uuid,id) values (?,?,?,?,?,?,?,?,?,?,?,?,?,?,?,?,?,?,?,default) [22001-232]] [insert into notifications (content_attributes,content_body,created_at,error_message,priority,recipient_attributes,recipient_device_token,recipient_email,recipient_phone,recipient_user_id,requester_id,retry_count,scheduled_for,sent_at,source_service,status,subject,template_id,uuid,id) values (?,?,?,?,?,?,?,?,?,?,?,?,?,?,?,?,?,?,?,default)]
	at org.hibernate.exception.internal.SQLExceptionTypeDelegate.convert(SQLExceptionTypeDelegate.java:55)
	at org.hibernate.exception.internal.StandardSQLExceptionConverter.convert(StandardSQLExceptionConverter.java:58)
	at org.hibernate.engine.jdbc.spi.SqlExceptionHelper.convert(SqlExceptionHelper.java:108)
	at org.hibernate.engine.jdbc.internal.ResultSetReturnImpl.executeUpdate(ResultSetReturnImpl.java:197)
	at org.hibernate.id.insert.GetGeneratedKeysDelegate.performMutation(GetGeneratedKeysDelegate.java:116)
	at org.hibernate.engine.jdbc.mutation.internal.MutationExecutorSingleNonBatched.performNonBatchedOperations(MutationExecutorSingleNonBatched.java:47)
	at org.hibernate.engine.jdbc.mutation.internal.AbstractMutationExecutor.execute(AbstractMutationExecutor.java:55)
	at org.hibernate.persister.entity.mutation.InsertCoordinatorStandard.doStaticInserts(InsertCoordinatorStandard.java:194)
	at org.hibernate.persister.entity.mutation.InsertCoordinatorStandard.coordinateInsert(InsertCoordinatorStandard.java:132)
	at org.hibernate.persister.entity.mutation.InsertCoordinatorStandard.insert(InsertCoordinatorStandard.java:95)
	at org.hibernate.action.internal.EntityIdentityInsertAction.execute(EntityIdentityInsertAction.java:85)
	at org.hibernate.engine.spi.ActionQueue.execute(ActionQueue.java:682)
	at org.hibernate.engine.spi.ActionQueue.addResolvedEntityInsertAction(ActionQueue.java:293)
	at org.hibernate.engine.spi.ActionQueue.addInsertAction(ActionQueue.java:274)
	at org.hibernate.engine.spi.ActionQueue.addAction(ActionQueue.java:324)
	at org.hibernate.event.internal.AbstractSaveEventListener.addInsertAction(AbstractSaveEventListener.java:393)
	at org.hibernate.event.internal.AbstractSaveEventListener.performSaveOrReplicate(AbstractSaveEventListener.java:307)
	at org.hibernate.event.internal.AbstractSaveEventListener.performSave(AbstractSaveEventListener.java:223)
	at org.hibernate.event.internal.AbstractSaveEventListener.saveWithGeneratedId(AbstractSaveEventListener.java:136)
	at org.hibernate.event.internal.DefaultPersistEventListener.entityIsTransient(DefaultPersistEventListener.java:177)
	at org.hibernate.event.internal.DefaultPersistEventListener.persist(DefaultPersistEventListener.java:95)
	at org.hibernate.event.internal.DefaultPersistEventListener.onPersist(DefaultPersistEventListener.java:79)
	at org.hibernate.event.internal.DefaultPersistEventListener.onPersist(DefaultPersistEventListener.java:55)
	at org.hibernate.event.service.internal.EventListenerGroupImpl.fireEventOnEachListener(EventListenerGroupImpl.java:127)
	at org.hibernate.internal.SessionImpl.firePersist(SessionImpl.java:761)
	at org.hibernate.internal.SessionImpl.persist(SessionImpl.java:745)
	at java.base/jdk.internal.reflect.DirectMethodHandleAccessor.invoke(DirectMethodHandleAccessor.java:103)
	at java.base/java.lang.reflect.Method.invoke(Method.java:580)
	at org.springframework.orm.jpa.ExtendedEntityManagerCreator$ExtendedEntityManagerInvocationHandler.invoke(ExtendedEntityManagerCreator.java:364)
	at jdk.proxy2/jdk.proxy2.$Proxy176.persist(Unknown Source)
	at java.base/jdk.internal.reflect.DirectMethodHandleAccessor.invoke(DirectMethodHandleAccessor.java:103)
	at java.base/java.lang.reflect.Method.invoke(Method.java:580)
	at org.springframework.orm.jpa.SharedEntityManagerCreator$SharedEntityManagerInvocationHandler.invoke(SharedEntityManagerCreator.java:320)
	at jdk.proxy2/jdk.proxy2.$Proxy176.persist(Unknown Source)
	at org.springframework.data.jpa.repository.support.SimpleJpaRepository.save(SimpleJpaRepository.java:636)
	at java.base/jdk.internal.reflect.DirectMethodHandleAccessor.invoke(DirectMethodHandleAccessor.java:103)
	at java.base/java.lang.reflect.Method.invoke(Method.java:580)
	at org.springframework.aop.support.AopUtils.invokeJoinpointUsingReflection(AopUtils.java:359)
	at org.springframework.data.repository.core.support.RepositoryMethodInvoker$RepositoryFragmentMethodInvoker.lambda$new$0(RepositoryMethodInvoker.java:277)
	at org.springframework.data.repository.core.support.RepositoryMethodInvoker.doInvoke(RepositoryMethodInvoker.java:170)
	at org.springframework.data.repository.core.support.RepositoryMethodInvoker.invoke(RepositoryMethodInvoker.java:158)
	at org.springframework.data.repository.core.support.RepositoryComposition$RepositoryFragments.invoke(RepositoryComposition.java:515)
	at org.springframework.data.repository.core.support.RepositoryComposition.invoke(RepositoryComposition.java:284)
	at org.springframework.data.repository.core.support.RepositoryFactorySupport$ImplementationMethodExecutionInterceptor.invoke(RepositoryFactorySupport.java:731)
	at org.springframework.aop.framework.ReflectiveMethodInvocation.proceed(ReflectiveMethodInvocation.java:184)
	at org.springframework.data.repository.core.support.QueryExecutorMethodInterceptor.doInvoke(QueryExecutorMethodInterceptor.java:174)
	at org.springframework.data.repository.core.support.QueryExecutorMethodInterceptor.invoke(QueryExecutorMethodInterceptor.java:149)
	at org.springframework.aop.framework.ReflectiveMethodInvocation.proceed(ReflectiveMethodInvocation.java:184)
	at org.springframework.data.projection.DefaultMethodInvokingMethodInterceptor.invoke(DefaultMethodInvokingMethodInterceptor.java:69)
	at org.springframework.aop.framework.ReflectiveMethodInvocation.proceed(ReflectiveMethodInvocation.java:184)
	at org.springframework.transaction.interceptor.TransactionAspectSupport.invokeWithinTransaction(TransactionAspectSupport.java:380)
	at org.springframework.transaction.interceptor.TransactionInterceptor.invoke(TransactionInterceptor.java:119)
	at org.springframework.aop.framework.ReflectiveMethodInvocation.proceed(ReflectiveMethodInvocation.java:184)
	at org.springframework.dao.support.PersistenceExceptionTranslationInterceptor.invoke(PersistenceExceptionTranslationInterceptor.java:138)
	... 135 common frames omitted
Caused by: org.h2.jdbc.JdbcSQLDataException: Valor demasiado largo para la columna "ERROR_MESSAGE CHARACTER VARYING(1000)": "U&'Error sending notification: could not execute statement [Violaci\\00f3n de ind... (1542)"
Value too long for column "ERROR_MESSAGE CHARACTER VARYING(1000)": "U&'Error sending notification: could not execute statement [Violaci\\00f3n de ind... (1542)"; SQL statement:
insert into notifications (content_attributes,content_body,created_at,error_message,priority,recipient_attributes,recipient_device_token,recipient_email,recipient_phone,recipient_user_id,requester_id,retry_count,scheduled_for,sent_at,source_service,status,subject,template_id,uuid,id) values (?,?,?,?,?,?,?,?,?,?,?,?,?,?,?,?,?,?,?,default) [22001-232]
	at org.h2.message.DbException.getJdbcSQLException(DbException.java:518)
	at org.h2.message.DbException.getJdbcSQLException(DbException.java:489)
	at org.h2.message.DbException.get(DbException.java:223)
	at org.h2.message.DbException.getValueTooLongException(DbException.java:334)
	at org.h2.value.Value.getValueTooLongException(Value.java:2612)
	at org.h2.value.Value.convertToVarchar(Value.java:1287)
	at org.h2.value.Value.convertTo(Value.java:1143)
	at org.h2.value.Value.convertForAssignTo(Value.java:1118)
	at org.h2.table.Column.validateConvertUpdateSequence(Column.java:406)
	at org.h2.table.Table.convertInsertRow(Table.java:963)
	at org.h2.command.dml.Insert.insertRows(Insert.java:167)
	at org.h2.command.dml.Insert.update(Insert.java:135)
	at org.h2.command.CommandContainer.executeUpdateWithGeneratedKeys(CommandContainer.java:212)
	at org.h2.command.CommandContainer.update(CommandContainer.java:133)
	at org.h2.command.Command.executeUpdate(Command.java:304)
	at org.h2.command.Command.executeUpdate(Command.java:248)
	at org.h2.jdbc.JdbcPreparedStatement.executeUpdateInternal(JdbcPreparedStatement.java:213)
	at org.h2.jdbc.JdbcPreparedStatement.executeUpdate(JdbcPreparedStatement.java:172)
	at com.zaxxer.hikari.pool.ProxyPreparedStatement.executeUpdate(ProxyPreparedStatement.java:61)
	at com.zaxxer.hikari.pool.HikariProxyPreparedStatement.executeUpdate(HikariProxyPreparedStatement.java)
	at org.hibernate.engine.jdbc.internal.ResultSetReturnImpl.executeUpdate(ResultSetReturnImpl.java:194)
	... 185 common frames omitted
2025-07-30 16:41:31,830 [SpringApplicationShutdownHook] INFO  o.s.c.n.e.s.EurekaServiceRegistry                  - Unregistering application NOTIFICATION-SERVICE with eureka with status DOWN
2025-07-30 16:41:31,832 [SpringApplicationShutdownHook] INFO  o.s.b.w.embedded.tomcat.GracefulShutdown           - Commencing graceful shutdown. Waiting for active requests to complete
2025-07-30 16:41:31,837 [tomcat-shutdown] INFO  o.s.b.w.embedded.tomcat.GracefulShutdown           - Graceful shutdown complete
2025-07-30 16:41:31,846 [SpringApplicationShutdownHook] INFO  o.s.o.j.LocalContainerEntityManagerFactoryBean     - Closing JPA EntityManagerFactory for persistence unit 'default'
2025-07-30 16:41:31,847 [SpringApplicationShutdownHook] INFO  com.zaxxer.hikari.HikariDataSource                 - HikariPool-1 - Shutdown initiated...
2025-07-30 16:41:31,848 [SpringApplicationShutdownHook] INFO  com.zaxxer.hikari.HikariDataSource                 - HikariPool-1 - Shutdown completed.
2025-07-30 16:41:31,849 [SpringApplicationShutdownHook] INFO  com.netflix.discovery.DiscoveryClient              - Shutting down DiscoveryClient ...
2025-07-30 16:41:31,849 [SpringApplicationShutdownHook] INFO  com.netflix.discovery.DiscoveryClient              - Completed shut down of DiscoveryClient
2025-07-30 16:41:34,361 [background-preinit] INFO  o.h.validator.internal.util.Version                - HV000001: Hibernate Validator 8.0.2.Final
2025-07-30 16:41:34,401 [main] INFO  edu.market.notification.App                        - Starting App v1.0.0 using Java 21 with PID 25140 (C:\Users\ja2c\Desktop\Cursos\micro-servicio-archt\k8s\microservices\services\notification-service\target\classes started by ja2c in C:\Users\ja2c\Desktop\Cursos\micro-servicio-archt\k8s\microservices\services\notification-service)
2025-07-30 16:41:34,402 [main] DEBUG edu.market.notification.App                        - Running with Spring Boot v3.4.5, Spring v6.2.6
2025-07-30 16:41:34,402 [main] INFO  edu.market.notification.App                        - The following 1 profile is active: "dev"
2025-07-30 16:41:34,430 [main] INFO  o.s.c.c.c.ConfigServerConfigDataLoader             - Fetching config from server at : http://localhost:8890
2025-07-30 16:41:34,431 [main] INFO  o.s.c.c.c.ConfigServerConfigDataLoader             - Exception on Url - http://localhost:8890:org.springframework.web.client.ResourceAccessException: I/O error on GET request for "http://localhost:8890/notification-service/default": Connection refused: no further information. Will be trying the next url if available
2025-07-30 16:41:34,431 [main] WARN  o.s.c.c.c.ConfigServerConfigDataLoader             - Could not locate PropertySource ([ConfigServerConfigDataResource@437ebf59 uris = array<String>['http://localhost:8890'], optional = true, profiles = 'default']): I/O error on GET request for "http://localhost:8890/notification-service/default": Connection refused: no further information
2025-07-30 16:41:34,431 [main] INFO  o.s.c.c.c.ConfigServerConfigDataLoader             - Fetching config from server at : http://localhost:8890
2025-07-30 16:41:34,431 [main] INFO  o.s.c.c.c.ConfigServerConfigDataLoader             - Exception on Url - http://localhost:8890:org.springframework.web.client.ResourceAccessException: I/O error on GET request for "http://localhost:8890/notification-service/dev": Connection refused: no further information. Will be trying the next url if available
2025-07-30 16:41:34,431 [main] WARN  o.s.c.c.c.ConfigServerConfigDataLoader             - Could not locate PropertySource ([ConfigServerConfigDataResource@1d8e2eea uris = array<String>['http://localhost:8890'], optional = true, profiles = 'dev']): I/O error on GET request for "http://localhost:8890/notification-service/dev": Connection refused: no further information
2025-07-30 16:41:34,431 [main] INFO  o.s.c.c.c.ConfigServerConfigDataLoader             - Fetching config from server at : http://localhost:8890
2025-07-30 16:41:34,431 [main] INFO  o.s.c.c.c.ConfigServerConfigDataLoader             - Exception on Url - http://localhost:8890:org.springframework.web.client.ResourceAccessException: I/O error on GET request for "http://localhost:8890/notification-service/default": Connection refused: no further information. Will be trying the next url if available
2025-07-30 16:41:34,431 [main] WARN  o.s.c.c.c.ConfigServerConfigDataLoader             - Could not locate PropertySource ([ConfigServerConfigDataResource@240139e1 uris = array<String>['http://localhost:8890'], optional = true, profiles = 'default']): I/O error on GET request for "http://localhost:8890/notification-service/default": Connection refused: no further information
2025-07-30 16:41:35,387 [main] INFO  o.s.d.r.c.RepositoryConfigurationDelegate          - Bootstrapping Spring Data JPA repositories in DEFAULT mode.
2025-07-30 16:41:35,542 [main] INFO  o.s.d.r.c.RepositoryConfigurationDelegate          - Finished Spring Data repository scanning in 142 ms. Found 6 JPA repository interfaces.
2025-07-30 16:41:35,881 [main] INFO  o.s.cloud.context.scope.GenericScope               - BeanFactory id=3900db60-8d40-363c-9c55-ffe39cb1c59c
2025-07-30 16:41:36,635 [main] INFO  o.s.b.w.embedded.tomcat.TomcatWebServer            - Tomcat initialized with port 8080 (http)
2025-07-30 16:41:36,650 [main] INFO  o.apache.coyote.http11.Http11NioProtocol           - Initializing ProtocolHandler ["http-nio-8080"]
2025-07-30 16:41:36,653 [main] INFO  o.apache.catalina.core.StandardService             - Starting service [Tomcat]
2025-07-30 16:41:36,654 [main] INFO  org.apache.catalina.core.StandardEngine            - Starting Servlet engine: [Apache Tomcat/10.1.40]
2025-07-30 16:41:36,724 [main] INFO  o.a.c.c.C.[.[.[/notification-service]              - Initializing Spring embedded WebApplicationContext
2025-07-30 16:41:36,725 [main] INFO  o.s.b.w.s.c.ServletWebServerApplicationContext     - Root WebApplicationContext: initialization completed in 2292 ms
2025-07-30 16:41:37,143 [main] INFO  com.zaxxer.hikari.HikariDataSource                 - HikariPool-1 - Starting...
2025-07-30 16:41:37,325 [main] INFO  com.zaxxer.hikari.pool.HikariPool                  - HikariPool-1 - Added connection conn0: url=jdbc:h2:mem:userdb user=SA
2025-07-30 16:41:37,327 [main] INFO  com.zaxxer.hikari.HikariDataSource                 - HikariPool-1 - Start completed.
2025-07-30 16:41:37,604 [main] INFO  o.hibernate.jpa.internal.util.LogHelper            - HHH000204: Processing PersistenceUnitInfo [name: default]
2025-07-30 16:41:37,726 [main] INFO  org.hibernate.Version                              - HHH000412: Hibernate ORM core version 6.6.13.Final
2025-07-30 16:41:37,792 [main] INFO  o.h.c.internal.RegionFactoryInitiator              - HHH000026: Second-level cache disabled
2025-07-30 16:41:38,025 [main] INFO  o.s.o.j.p.SpringPersistenceUnitInfo                - No LoadTimeWeaver setup: ignoring JPA class transformer
2025-07-30 16:41:38,079 [main] INFO  org.hibernate.orm.connections.pooling              - HHH10001005: Database info:
	Database JDBC URL [Connecting through datasource 'HikariDataSource (HikariPool-1)']
	Database driver: undefined/unknown
	Database version: 2.3.232
	Autocommit mode: undefined/unknown
	Isolation level: undefined/unknown
	Minimum pool size: undefined/unknown
	Maximum pool size: undefined/unknown
2025-07-30 16:41:38,882 [main] INFO  o.h.e.t.j.p.i.JtaPlatformInitiator                 - HHH000489: No JTA platform available (set 'hibernate.transaction.jta.platform' to enable JTA platform integration)
2025-07-30 16:41:38,985 [main] INFO  o.s.o.j.LocalContainerEntityManagerFactoryBean     - Initialized JPA EntityManagerFactory for persistence unit 'default'
2025-07-30 16:41:39,385 [main] INFO  o.s.d.j.r.query.QueryEnhancerFactory               - Hibernate is in classpath; If applicable, HQL parser will be used.
2025-07-30 16:41:40,683 [main] WARN  o.s.b.a.o.j.JpaBaseConfiguration$JpaWebConfiguration - spring.jpa.open-in-view is enabled by default. Therefore, database queries may be performed during view rendering. Explicitly configure spring.jpa.open-in-view to disable this warning
2025-07-30 16:41:41,033 [main] INFO  o.s.b.a.e.web.EndpointLinksResolver                - Exposing 1 endpoint beneath base path '/actuator'
2025-07-30 16:41:41,447 [main] INFO  o.s.b.a.h2.H2ConsoleAutoConfiguration              - H2 console available at '/h2-console'. Database available at 'jdbc:h2:mem:userdb'
2025-07-30 16:41:41,484 [main] INFO  o.s.c.n.e.c.DiscoveryClientOptionalArgsConfiguration - Eureka HTTP Client uses RestTemplate.
2025-07-30 16:41:41,531 [main] WARN  o.s.c.l.c.LoadBalancerCacheAutoConfiguration$LoadBalancerCaffeineWarnLogger - Spring Cloud LoadBalancer is currently working with the default cache. While this cache implementation is useful for development and tests, it's recommended to use Caffeine cache in production.You can switch to using Caffeine cache, by adding it and org.springframework.cache.caffeine.CaffeineCacheManager to the classpath.
2025-07-30 16:41:41,577 [main] INFO  o.s.c.netflix.eureka.InstanceInfoFactory           - Setting initial instance status as: STARTING
2025-07-30 16:41:41,593 [main] INFO  com.netflix.discovery.DiscoveryClient              - Initializing Eureka in region us-east-1
2025-07-30 16:41:41,593 [main] INFO  com.netflix.discovery.DiscoveryClient              - Client configured to neither register nor query for data.
2025-07-30 16:41:41,594 [main] INFO  com.netflix.discovery.DiscoveryClient              - Discovery Client initialized at timestamp 1753908101594 with initial instances count: 0
2025-07-30 16:41:41,599 [main] INFO  o.s.c.n.e.s.EurekaServiceRegistry                  - Registering application NOTIFICATION-SERVICE with eureka with status UP
2025-07-30 16:41:41,600 [main] INFO  o.apache.coyote.http11.Http11NioProtocol           - Starting ProtocolHandler ["http-nio-8080"]
2025-07-30 16:41:41,611 [main] INFO  o.s.b.w.embedded.tomcat.TomcatWebServer            - Tomcat started on port 8080 (http) with context path '/notification-service'
2025-07-30 16:41:41,612 [main] INFO  o.s.c.n.e.s.EurekaAutoServiceRegistration          - Updating port to 8080
2025-07-30 16:41:41,627 [main] INFO  edu.market.notification.App                        - Started App in 8.092 seconds (process running for 8.537)
2025-07-30 16:42:03,426 [SpringApplicationShutdownHook] INFO  o.s.c.n.e.s.EurekaServiceRegistry                  - Unregistering application NOTIFICATION-SERVICE with eureka with status DOWN
2025-07-30 16:42:03,429 [SpringApplicationShutdownHook] INFO  o.s.b.w.embedded.tomcat.GracefulShutdown           - Commencing graceful shutdown. Waiting for active requests to complete
2025-07-30 16:42:03,433 [tomcat-shutdown] INFO  o.s.b.w.embedded.tomcat.GracefulShutdown           - Graceful shutdown complete
2025-07-30 16:42:03,442 [SpringApplicationShutdownHook] INFO  o.s.o.j.LocalContainerEntityManagerFactoryBean     - Closing JPA EntityManagerFactory for persistence unit 'default'
2025-07-30 16:42:03,444 [SpringApplicationShutdownHook] INFO  com.zaxxer.hikari.HikariDataSource                 - HikariPool-1 - Shutdown initiated...
2025-07-30 16:42:03,445 [SpringApplicationShutdownHook] INFO  com.zaxxer.hikari.HikariDataSource                 - HikariPool-1 - Shutdown completed.
2025-07-30 16:42:03,446 [SpringApplicationShutdownHook] INFO  com.netflix.discovery.DiscoveryClient              - Shutting down DiscoveryClient ...
2025-07-30 16:42:03,446 [SpringApplicationShutdownHook] INFO  com.netflix.discovery.DiscoveryClient              - Completed shut down of DiscoveryClient
2025-07-30 16:42:05,893 [background-preinit] INFO  o.h.validator.internal.util.Version                - HV000001: Hibernate Validator 8.0.2.Final
2025-07-30 16:42:05,936 [main] INFO  edu.market.notification.App                        - Starting App v1.0.0 using Java 21 with PID 11276 (C:\Users\ja2c\Desktop\Cursos\micro-servicio-archt\k8s\microservices\services\notification-service\target\classes started by ja2c in C:\Users\ja2c\Desktop\Cursos\micro-servicio-archt\k8s\microservices\services\notification-service)
2025-07-30 16:42:05,937 [main] DEBUG edu.market.notification.App                        - Running with Spring Boot v3.4.5, Spring v6.2.6
2025-07-30 16:42:05,938 [main] INFO  edu.market.notification.App                        - The following 1 profile is active: "dev"
2025-07-30 16:42:05,967 [main] INFO  o.s.c.c.c.ConfigServerConfigDataLoader             - Fetching config from server at : http://localhost:8890
2025-07-30 16:42:05,967 [main] INFO  o.s.c.c.c.ConfigServerConfigDataLoader             - Exception on Url - http://localhost:8890:org.springframework.web.client.ResourceAccessException: I/O error on GET request for "http://localhost:8890/notification-service/default": Connection refused: no further information. Will be trying the next url if available
2025-07-30 16:42:05,967 [main] WARN  o.s.c.c.c.ConfigServerConfigDataLoader             - Could not locate PropertySource ([ConfigServerConfigDataResource@437ebf59 uris = array<String>['http://localhost:8890'], optional = true, profiles = 'default']): I/O error on GET request for "http://localhost:8890/notification-service/default": Connection refused: no further information
2025-07-30 16:42:05,968 [main] INFO  o.s.c.c.c.ConfigServerConfigDataLoader             - Fetching config from server at : http://localhost:8890
2025-07-30 16:42:05,968 [main] INFO  o.s.c.c.c.ConfigServerConfigDataLoader             - Exception on Url - http://localhost:8890:org.springframework.web.client.ResourceAccessException: I/O error on GET request for "http://localhost:8890/notification-service/dev": Connection refused: no further information. Will be trying the next url if available
2025-07-30 16:42:05,968 [main] WARN  o.s.c.c.c.ConfigServerConfigDataLoader             - Could not locate PropertySource ([ConfigServerConfigDataResource@1d8e2eea uris = array<String>['http://localhost:8890'], optional = true, profiles = 'dev']): I/O error on GET request for "http://localhost:8890/notification-service/dev": Connection refused: no further information
2025-07-30 16:42:05,968 [main] INFO  o.s.c.c.c.ConfigServerConfigDataLoader             - Fetching config from server at : http://localhost:8890
2025-07-30 16:42:05,968 [main] INFO  o.s.c.c.c.ConfigServerConfigDataLoader             - Exception on Url - http://localhost:8890:org.springframework.web.client.ResourceAccessException: I/O error on GET request for "http://localhost:8890/notification-service/default": Connection refused: no further information. Will be trying the next url if available
2025-07-30 16:42:05,968 [main] WARN  o.s.c.c.c.ConfigServerConfigDataLoader             - Could not locate PropertySource ([ConfigServerConfigDataResource@240139e1 uris = array<String>['http://localhost:8890'], optional = true, profiles = 'default']): I/O error on GET request for "http://localhost:8890/notification-service/default": Connection refused: no further information
2025-07-30 16:42:06,939 [main] INFO  o.s.d.r.c.RepositoryConfigurationDelegate          - Bootstrapping Spring Data JPA repositories in DEFAULT mode.
2025-07-30 16:42:07,108 [main] INFO  o.s.d.r.c.RepositoryConfigurationDelegate          - Finished Spring Data repository scanning in 155 ms. Found 6 JPA repository interfaces.
2025-07-30 16:42:07,431 [main] INFO  o.s.cloud.context.scope.GenericScope               - BeanFactory id=3900db60-8d40-363c-9c55-ffe39cb1c59c
2025-07-30 16:42:08,266 [main] INFO  o.s.b.w.embedded.tomcat.TomcatWebServer            - Tomcat initialized with port 8080 (http)
2025-07-30 16:42:08,279 [main] INFO  o.apache.coyote.http11.Http11NioProtocol           - Initializing ProtocolHandler ["http-nio-8080"]
2025-07-30 16:42:08,281 [main] INFO  o.apache.catalina.core.StandardService             - Starting service [Tomcat]
2025-07-30 16:42:08,282 [main] INFO  org.apache.catalina.core.StandardEngine            - Starting Servlet engine: [Apache Tomcat/10.1.40]
2025-07-30 16:42:08,344 [main] INFO  o.a.c.c.C.[.[.[/notification-service]              - Initializing Spring embedded WebApplicationContext
2025-07-30 16:42:08,345 [main] INFO  o.s.b.w.s.c.ServletWebServerApplicationContext     - Root WebApplicationContext: initialization completed in 2375 ms
2025-07-30 16:42:08,779 [main] INFO  com.zaxxer.hikari.HikariDataSource                 - HikariPool-1 - Starting...
2025-07-30 16:42:08,948 [main] INFO  com.zaxxer.hikari.pool.HikariPool                  - HikariPool-1 - Added connection conn0: url=jdbc:h2:mem:userdb user=SA
2025-07-30 16:42:08,950 [main] INFO  com.zaxxer.hikari.HikariDataSource                 - HikariPool-1 - Start completed.
2025-07-30 16:42:09,209 [main] INFO  o.hibernate.jpa.internal.util.LogHelper            - HHH000204: Processing PersistenceUnitInfo [name: default]
2025-07-30 16:42:09,266 [main] INFO  org.hibernate.Version                              - HHH000412: Hibernate ORM core version 6.6.13.Final
2025-07-30 16:42:09,292 [main] INFO  o.h.c.internal.RegionFactoryInitiator              - HHH000026: Second-level cache disabled
2025-07-30 16:42:09,476 [main] INFO  o.s.o.j.p.SpringPersistenceUnitInfo                - No LoadTimeWeaver setup: ignoring JPA class transformer
2025-07-30 16:42:09,530 [main] INFO  org.hibernate.orm.connections.pooling              - HHH10001005: Database info:
	Database JDBC URL [Connecting through datasource 'HikariDataSource (HikariPool-1)']
	Database driver: undefined/unknown
	Database version: 2.3.232
	Autocommit mode: undefined/unknown
	Isolation level: undefined/unknown
	Minimum pool size: undefined/unknown
	Maximum pool size: undefined/unknown
2025-07-30 16:42:10,336 [main] INFO  o.h.e.t.j.p.i.JtaPlatformInitiator                 - HHH000489: No JTA platform available (set 'hibernate.transaction.jta.platform' to enable JTA platform integration)
2025-07-30 16:42:10,440 [main] INFO  o.s.o.j.LocalContainerEntityManagerFactoryBean     - Initialized JPA EntityManagerFactory for persistence unit 'default'
2025-07-30 16:42:10,932 [main] INFO  o.s.d.j.r.query.QueryEnhancerFactory               - Hibernate is in classpath; If applicable, HQL parser will be used.
2025-07-30 16:42:12,193 [main] WARN  o.s.b.a.o.j.JpaBaseConfiguration$JpaWebConfiguration - spring.jpa.open-in-view is enabled by default. Therefore, database queries may be performed during view rendering. Explicitly configure spring.jpa.open-in-view to disable this warning
2025-07-30 16:42:12,609 [main] INFO  o.s.b.a.e.web.EndpointLinksResolver                - Exposing 1 endpoint beneath base path '/actuator'
2025-07-30 16:42:13,059 [main] INFO  o.s.b.a.h2.H2ConsoleAutoConfiguration              - H2 console available at '/h2-console'. Database available at 'jdbc:h2:mem:userdb'
2025-07-30 16:42:13,097 [main] INFO  o.s.c.n.e.c.DiscoveryClientOptionalArgsConfiguration - Eureka HTTP Client uses RestTemplate.
2025-07-30 16:42:13,141 [main] WARN  o.s.c.l.c.LoadBalancerCacheAutoConfiguration$LoadBalancerCaffeineWarnLogger - Spring Cloud LoadBalancer is currently working with the default cache. While this cache implementation is useful for development and tests, it's recommended to use Caffeine cache in production.You can switch to using Caffeine cache, by adding it and org.springframework.cache.caffeine.CaffeineCacheManager to the classpath.
2025-07-30 16:42:13,194 [main] INFO  o.s.c.netflix.eureka.InstanceInfoFactory           - Setting initial instance status as: STARTING
2025-07-30 16:42:13,211 [main] INFO  com.netflix.discovery.DiscoveryClient              - Initializing Eureka in region us-east-1
2025-07-30 16:42:13,212 [main] INFO  com.netflix.discovery.DiscoveryClient              - Client configured to neither register nor query for data.
2025-07-30 16:42:13,213 [main] INFO  com.netflix.discovery.DiscoveryClient              - Discovery Client initialized at timestamp 1753908133213 with initial instances count: 0
2025-07-30 16:42:13,218 [main] INFO  o.s.c.n.e.s.EurekaServiceRegistry                  - Registering application NOTIFICATION-SERVICE with eureka with status UP
2025-07-30 16:42:13,219 [main] INFO  o.apache.coyote.http11.Http11NioProtocol           - Starting ProtocolHandler ["http-nio-8080"]
2025-07-30 16:42:13,231 [main] INFO  o.s.b.w.embedded.tomcat.TomcatWebServer            - Tomcat started on port 8080 (http) with context path '/notification-service'
2025-07-30 16:42:13,232 [main] INFO  o.s.c.n.e.s.EurekaAutoServiceRegistration          - Updating port to 8080
2025-07-30 16:42:13,248 [main] INFO  edu.market.notification.App                        - Started App in 8.196 seconds (process running for 8.646)
2025-07-30 16:42:27,975 [http-nio-8080-exec-1] INFO  o.a.c.c.C.[.[.[/notification-service]              - Initializing Spring DispatcherServlet 'dispatcherServlet'
2025-07-30 16:42:27,976 [http-nio-8080-exec-1] INFO  o.s.web.servlet.DispatcherServlet                  - Initializing Servlet 'dispatcherServlet'
2025-07-30 16:42:27,977 [http-nio-8080-exec-1] INFO  o.s.web.servlet.DispatcherServlet                  - Completed initialization in 1 ms
2025-07-30 16:42:28,039 [http-nio-8080-exec-1] INFO  e.m.n.i.a.i.w.c.NotificationController             - sendNotification - init
2025-07-30 16:42:28,039 [http-nio-8080-exec-1] DEBUG e.m.n.i.a.i.w.c.NotificationController             - sendNotification - Call notificationMapper.toNotificationCommand
2025-07-30 16:42:28,039 [http-nio-8080-exec-1] INFO  e.m.n.i.a.i.w.m.NotificationInputMapper            - toNotificationCommand - init
2025-07-30 16:42:28,039 [http-nio-8080-exec-1] INFO  e.m.n.i.a.i.w.m.NotificationInputMapper            - toNotificationCommand - end
2025-07-30 16:42:28,039 [http-nio-8080-exec-1] DEBUG e.m.n.i.a.i.w.c.NotificationController             - sendNotification - Create ClientContextCommand
2025-07-30 16:42:28,040 [http-nio-8080-exec-1] DEBUG e.m.n.i.a.i.web.util.RequestContextUtil            - Obteniendo IP del cliente
2025-07-30 16:42:28,040 [http-nio-8080-exec-1] DEBUG e.m.n.i.a.i.web.util.RequestContextUtil            - Obteniendo User-Agent del cliente
2025-07-30 16:42:28,040 [http-nio-8080-exec-1] DEBUG e.m.n.i.a.i.web.util.RequestContextUtil            - Obteniendo ruta de la petición
2025-07-30 16:42:28,040 [http-nio-8080-exec-1] DEBUG e.m.n.i.a.i.w.c.NotificationController             - sendNotification - Call sendNotificationUseCase.send
2025-07-30 16:42:28,040 [http-nio-8080-exec-1] INFO  e.m.n.i.a.o.monitoring.LoggingAdapter              - send - Init
2025-07-30 16:42:28,046 [http-nio-8080-exec-1] INFO  e.m.n.i.a.o.p.m.NotificationOutputMapper           - toEntity - Init
2025-07-30 16:42:28,046 [http-nio-8080-exec-1] INFO  e.m.n.i.a.o.p.m.NotificationOutputMapper           - toEntity - End
2025-07-30 16:42:28,112 [http-nio-8080-exec-1] DEBUG e.m.n.i.a.o.monitoring.LoggingAdapter              - send - Notification saved with ID: 7e64a9a9-5a66-4a84-a187-2553ab4db30d, channels: [SMS, EMAIL]
2025-07-30 16:42:28,113 [http-nio-8080-exec-1] DEBUG e.m.n.i.a.o.monitoring.LoggingAdapter              - NotificationChannelServiceAdapter.isAvailable - Verificando disponibilidad del canal {}
2025-07-30 16:42:28,113 [http-nio-8080-exec-1] DEBUG e.m.n.i.a.o.monitoring.LoggingAdapter              - send - Call notificationChannel.send
2025-07-30 16:42:28,113 [http-nio-8080-exec-1] INFO  e.m.n.i.a.o.monitoring.LoggingAdapter              - NotificationChannelServiceAdapter.send - Enviando notificación {} por canal {}
2025-07-30 16:42:28,117 [http-nio-8080-exec-1] INFO  e.m.n.i.a.o.monitoring.LoggingAdapter              - NotificationChannelServiceAdapter.send - Notificación {} enviada exitosamente
2025-07-30 16:42:28,117 [metricsCollectorExecutor-0] DEBUG e.m.n.i.a.o.m.MicrometerMetricsAdapter             - Incrementando contador de notificaciones para estado PROCESSING
2025-07-30 16:42:28,117 [metricsCollectorExecutor-1] DEBUG e.m.n.i.a.o.m.MicrometerMetricsAdapter             - Registrando métrica de notificación enviada para canal SMS
2025-07-30 16:42:28,118 [http-nio-8080-exec-1] DEBUG e.m.n.i.a.o.monitoring.LoggingAdapter              - send - Mark notification as sent
2025-07-30 16:42:28,118 [http-nio-8080-exec-1] DEBUG e.m.n.i.a.o.monitoring.LoggingAdapter              - send - Call notificationRepository.save for updated notification
2025-07-30 16:42:28,119 [http-nio-8080-exec-1] INFO  e.m.n.i.a.o.p.m.NotificationOutputMapper           - toEntity - Init
2025-07-30 16:42:28,119 [http-nio-8080-exec-1] INFO  e.m.n.i.a.o.p.m.NotificationOutputMapper           - toEntity - End
2025-07-30 16:42:28,119 [metricsCollectorExecutor-0] DEBUG e.m.n.i.a.o.m.MicrometerMetricsAdapter             - Contador de notificaciones incrementado exitosamente
2025-07-30 16:42:28,119 [metricsCollectorExecutor-1] DEBUG e.m.n.i.a.o.m.MicrometerMetricsAdapter             - Métrica de notificación enviada registrada exitosamente
2025-07-30 16:42:28,123 [http-nio-8080-exec-1] WARN  o.h.engine.jdbc.spi.SqlExceptionHelper             - SQL Error: 23505, SQLState: 23505
2025-07-30 16:42:28,123 [http-nio-8080-exec-1] ERROR o.h.engine.jdbc.spi.SqlExceptionHelper             - Violación de indice de Unicidad ó Clave primaria: "PUBLIC.UK_NOTIFICATIONS_UUID_INDEX_C ON PUBLIC.NOTIFICATIONS(UUID NULLS FIRST) VALUES ( /* 1 */ UUID '7e64a9a9-5a66-4a84-a187-2553ab4db30d' )"
Unique index or primary key violation: "PUBLIC.UK_NOTIFICATIONS_UUID_INDEX_C ON PUBLIC.NOTIFICATIONS(UUID NULLS FIRST) VALUES ( /* 1 */ UUID '7e64a9a9-5a66-4a84-a187-2553ab4db30d' )"; SQL statement:
insert into notifications (content_attributes,content_body,created_at,error_message,priority,recipient_attributes,recipient_device_token,recipient_email,recipient_phone,recipient_user_id,requester_id,retry_count,scheduled_for,sent_at,source_service,status,subject,template_id,uuid,id) values (?,?,?,?,?,?,?,?,?,?,?,?,?,?,?,?,?,?,?,default) [23505-232]
2025-07-30 16:42:28,130 [http-nio-8080-exec-1] ERROR e.m.n.i.a.o.monitoring.LoggingAdapter              - send - Exception occurred
org.springframework.dao.DataIntegrityViolationException: could not execute statement [Violación de indice de Unicidad ó Clave primaria: "PUBLIC.UK_NOTIFICATIONS_UUID_INDEX_C ON PUBLIC.NOTIFICATIONS(UUID NULLS FIRST) VALUES ( /* 1 */ UUID '7e64a9a9-5a66-4a84-a187-2553ab4db30d' )"
Unique index or primary key violation: "PUBLIC.UK_NOTIFICATIONS_UUID_INDEX_C ON PUBLIC.NOTIFICATIONS(UUID NULLS FIRST) VALUES ( /* 1 */ UUID '7e64a9a9-5a66-4a84-a187-2553ab4db30d' )"; SQL statement:
insert into notifications (content_attributes,content_body,created_at,error_message,priority,recipient_attributes,recipient_device_token,recipient_email,recipient_phone,recipient_user_id,requester_id,retry_count,scheduled_for,sent_at,source_service,status,subject,template_id,uuid,id) values (?,?,?,?,?,?,?,?,?,?,?,?,?,?,?,?,?,?,?,default) [23505-232]] [insert into notifications (content_attributes,content_body,created_at,error_message,priority,recipient_attributes,recipient_device_token,recipient_email,recipient_phone,recipient_user_id,requester_id,retry_count,scheduled_for,sent_at,source_service,status,subject,template_id,uuid,id) values (?,?,?,?,?,?,?,?,?,?,?,?,?,?,?,?,?,?,?,default)]; SQL [insert into notifications (content_attributes,content_body,created_at,error_message,priority,recipient_attributes,recipient_device_token,recipient_email,recipient_phone,recipient_user_id,requester_id,retry_count,scheduled_for,sent_at,source_service,status,subject,template_id,uuid,id) values (?,?,?,?,?,?,?,?,?,?,?,?,?,?,?,?,?,?,?,default)]; constraint [PUBLIC.UK_NOTIFICATIONS_UUID_INDEX_C]
	at org.springframework.orm.jpa.vendor.HibernateJpaDialect.convertHibernateAccessException(HibernateJpaDialect.java:294)
	at org.springframework.orm.jpa.vendor.HibernateJpaDialect.convertHibernateAccessException(HibernateJpaDialect.java:256)
	at org.springframework.orm.jpa.vendor.HibernateJpaDialect.translateExceptionIfPossible(HibernateJpaDialect.java:241)
	at org.springframework.orm.jpa.AbstractEntityManagerFactoryBean.translateExceptionIfPossible(AbstractEntityManagerFactoryBean.java:560)
	at org.springframework.dao.support.ChainedPersistenceExceptionTranslator.translateExceptionIfPossible(ChainedPersistenceExceptionTranslator.java:61)
	at org.springframework.dao.support.DataAccessUtils.translateIfNecessary(DataAccessUtils.java:343)
	at org.springframework.dao.support.PersistenceExceptionTranslationInterceptor.invoke(PersistenceExceptionTranslationInterceptor.java:160)
	at org.springframework.aop.framework.ReflectiveMethodInvocation.proceed(ReflectiveMethodInvocation.java:184)
	at org.springframework.data.jpa.repository.support.CrudMethodMetadataPostProcessor$CrudMethodMetadataPopulatingMethodInterceptor.invoke(CrudMethodMetadataPostProcessor.java:165)
	at org.springframework.aop.framework.ReflectiveMethodInvocation.proceed(ReflectiveMethodInvocation.java:184)
	at org.springframework.aop.framework.JdkDynamicAopProxy.invoke(JdkDynamicAopProxy.java:223)
	at jdk.proxy2/jdk.proxy2.$Proxy187.save(Unknown Source)
	at edu.market.notification.infrastructure.adapter.output.persistence.NotificationRepositoryAdapter.save(NotificationRepositoryAdapter.java:36)
	at java.base/jdk.internal.reflect.DirectMethodHandleAccessor.invoke(DirectMethodHandleAccessor.java:103)
	at java.base/java.lang.reflect.Method.invoke(Method.java:580)
	at org.springframework.aop.support.AopUtils.invokeJoinpointUsingReflection(AopUtils.java:359)
	at org.springframework.aop.framework.ReflectiveMethodInvocation.invokeJoinpoint(ReflectiveMethodInvocation.java:196)
	at org.springframework.aop.framework.ReflectiveMethodInvocation.proceed(ReflectiveMethodInvocation.java:163)
	at org.springframework.transaction.interceptor.TransactionAspectSupport.invokeWithinTransaction(TransactionAspectSupport.java:380)
	at org.springframework.transaction.interceptor.TransactionInterceptor.invoke(TransactionInterceptor.java:119)
	at org.springframework.aop.framework.ReflectiveMethodInvocation.proceed(ReflectiveMethodInvocation.java:184)
	at org.springframework.aop.framework.CglibAopProxy$DynamicAdvisedInterceptor.intercept(CglibAopProxy.java:728)
	at edu.market.notification.infrastructure.adapter.output.persistence.NotificationRepositoryAdapter$$SpringCGLIB$$0.save(<generated>)
	at edu.market.notification.application.usecase.notification.SendNotificationUseCase.send(SendNotificationUseCase.java:106)
	at edu.market.notification.infrastructure.adapter.input.web.controller.NotificationController.sendNotification(NotificationController.java:156)
	at java.base/jdk.internal.reflect.DirectMethodHandleAccessor.invoke(DirectMethodHandleAccessor.java:103)
	at java.base/java.lang.reflect.Method.invoke(Method.java:580)
	at org.springframework.web.method.support.InvocableHandlerMethod.doInvoke(InvocableHandlerMethod.java:258)
	at org.springframework.web.method.support.InvocableHandlerMethod.invokeForRequest(InvocableHandlerMethod.java:191)
	at org.springframework.web.servlet.mvc.method.annotation.ServletInvocableHandlerMethod.invokeAndHandle(ServletInvocableHandlerMethod.java:118)
	at org.springframework.web.servlet.mvc.method.annotation.RequestMappingHandlerAdapter.invokeHandlerMethod(RequestMappingHandlerAdapter.java:986)
	at org.springframework.web.servlet.mvc.method.annotation.RequestMappingHandlerAdapter.handleInternal(RequestMappingHandlerAdapter.java:891)
	at org.springframework.web.servlet.mvc.method.AbstractHandlerMethodAdapter.handle(AbstractHandlerMethodAdapter.java:87)
	at org.springframework.web.servlet.DispatcherServlet.doDispatch(DispatcherServlet.java:1089)
	at org.springframework.web.servlet.DispatcherServlet.doService(DispatcherServlet.java:979)
	at org.springframework.web.servlet.FrameworkServlet.processRequest(FrameworkServlet.java:1014)
	at org.springframework.web.servlet.FrameworkServlet.doPost(FrameworkServlet.java:914)
	at jakarta.servlet.http.HttpServlet.service(HttpServlet.java:590)
	at org.springframework.web.servlet.FrameworkServlet.service(FrameworkServlet.java:885)
	at jakarta.servlet.http.HttpServlet.service(HttpServlet.java:658)
	at org.apache.catalina.core.ApplicationFilterChain.internalDoFilter(ApplicationFilterChain.java:195)
	at org.apache.catalina.core.ApplicationFilterChain.doFilter(ApplicationFilterChain.java:140)
	at org.apache.tomcat.websocket.server.WsFilter.doFilter(WsFilter.java:51)
	at org.apache.catalina.core.ApplicationFilterChain.internalDoFilter(ApplicationFilterChain.java:164)
	at org.apache.catalina.core.ApplicationFilterChain.doFilter(ApplicationFilterChain.java:140)
	at org.springframework.web.filter.CompositeFilter$VirtualFilterChain.doFilter(CompositeFilter.java:108)
	at org.springframework.security.web.FilterChainProxy.lambda$doFilterInternal$3(FilterChainProxy.java:231)
	at org.springframework.security.web.ObservationFilterChainDecorator$FilterObservation$SimpleFilterObservation.lambda$wrap$1(ObservationFilterChainDecorator.java:479)
	at org.springframework.security.web.ObservationFilterChainDecorator$AroundFilterObservation$SimpleAroundFilterObservation.lambda$wrap$1(ObservationFilterChainDecorator.java:340)
	at org.springframework.security.web.ObservationFilterChainDecorator.lambda$wrapSecured$0(ObservationFilterChainDecorator.java:82)
	at org.springframework.security.web.ObservationFilterChainDecorator$VirtualFilterChain.doFilter(ObservationFilterChainDecorator.java:128)
	at org.springframework.security.web.access.intercept.AuthorizationFilter.doFilter(AuthorizationFilter.java:101)
	at org.springframework.security.web.ObservationFilterChainDecorator$ObservationFilter.wrapFilter(ObservationFilterChainDecorator.java:240)
	at org.springframework.security.web.ObservationFilterChainDecorator$ObservationFilter.doFilter(ObservationFilterChainDecorator.java:227)
	at org.springframework.security.web.ObservationFilterChainDecorator$VirtualFilterChain.doFilter(ObservationFilterChainDecorator.java:137)
	at org.springframework.security.web.access.ExceptionTranslationFilter.doFilter(ExceptionTranslationFilter.java:126)
	at org.springframework.security.web.access.ExceptionTranslationFilter.doFilter(ExceptionTranslationFilter.java:120)
	at org.springframework.security.web.ObservationFilterChainDecorator$ObservationFilter.wrapFilter(ObservationFilterChainDecorator.java:240)
	at org.springframework.security.web.ObservationFilterChainDecorator$ObservationFilter.doFilter(ObservationFilterChainDecorator.java:227)
	at org.springframework.security.web.ObservationFilterChainDecorator$VirtualFilterChain.doFilter(ObservationFilterChainDecorator.java:137)
	at org.springframework.security.web.authentication.AnonymousAuthenticationFilter.doFilter(AnonymousAuthenticationFilter.java:100)
	at org.springframework.security.web.ObservationFilterChainDecorator$ObservationFilter.wrapFilter(ObservationFilterChainDecorator.java:240)
	at org.springframework.security.web.ObservationFilterChainDecorator$ObservationFilter.doFilter(ObservationFilterChainDecorator.java:227)
	at org.springframework.security.web.ObservationFilterChainDecorator$VirtualFilterChain.doFilter(ObservationFilterChainDecorator.java:137)
	at org.springframework.security.web.servletapi.SecurityContextHolderAwareRequestFilter.doFilter(SecurityContextHolderAwareRequestFilter.java:179)
	at org.springframework.security.web.ObservationFilterChainDecorator$ObservationFilter.wrapFilter(ObservationFilterChainDecorator.java:240)
	at org.springframework.security.web.ObservationFilterChainDecorator$ObservationFilter.doFilter(ObservationFilterChainDecorator.java:227)
	at org.springframework.security.web.ObservationFilterChainDecorator$VirtualFilterChain.doFilter(ObservationFilterChainDecorator.java:137)
	at org.springframework.security.web.savedrequest.RequestCacheAwareFilter.doFilter(RequestCacheAwareFilter.java:63)
	at org.springframework.security.web.ObservationFilterChainDecorator$ObservationFilter.wrapFilter(ObservationFilterChainDecorator.java:240)
	at org.springframework.security.web.ObservationFilterChainDecorator$ObservationFilter.doFilter(ObservationFilterChainDecorator.java:227)
	at org.springframework.security.web.ObservationFilterChainDecorator$VirtualFilterChain.doFilter(ObservationFilterChainDecorator.java:137)
	at org.springframework.security.web.authentication.logout.LogoutFilter.doFilter(LogoutFilter.java:107)
	at org.springframework.security.web.authentication.logout.LogoutFilter.doFilter(LogoutFilter.java:93)
	at org.springframework.security.web.ObservationFilterChainDecorator$ObservationFilter.wrapFilter(ObservationFilterChainDecorator.java:240)
	at org.springframework.security.web.ObservationFilterChainDecorator$ObservationFilter.doFilter(ObservationFilterChainDecorator.java:227)
	at org.springframework.security.web.ObservationFilterChainDecorator$VirtualFilterChain.doFilter(ObservationFilterChainDecorator.java:137)
	at org.springframework.security.web.header.HeaderWriterFilter.doHeadersAfter(HeaderWriterFilter.java:90)
	at org.springframework.security.web.header.HeaderWriterFilter.doFilterInternal(HeaderWriterFilter.java:75)
	at org.springframework.web.filter.OncePerRequestFilter.doFilter(OncePerRequestFilter.java:116)
	at org.springframework.security.web.ObservationFilterChainDecorator$ObservationFilter.wrapFilter(ObservationFilterChainDecorator.java:240)
	at org.springframework.security.web.ObservationFilterChainDecorator$ObservationFilter.doFilter(ObservationFilterChainDecorator.java:227)
	at org.springframework.security.web.ObservationFilterChainDecorator$VirtualFilterChain.doFilter(ObservationFilterChainDecorator.java:137)
	at org.springframework.security.web.context.SecurityContextHolderFilter.doFilter(SecurityContextHolderFilter.java:82)
	at org.springframework.security.web.context.SecurityContextHolderFilter.doFilter(SecurityContextHolderFilter.java:69)
	at org.springframework.security.web.ObservationFilterChainDecorator$ObservationFilter.wrapFilter(ObservationFilterChainDecorator.java:240)
	at org.springframework.security.web.ObservationFilterChainDecorator$ObservationFilter.doFilter(ObservationFilterChainDecorator.java:227)
	at org.springframework.security.web.ObservationFilterChainDecorator$VirtualFilterChain.doFilter(ObservationFilterChainDecorator.java:137)
	at org.springframework.security.web.context.request.async.WebAsyncManagerIntegrationFilter.doFilterInternal(WebAsyncManagerIntegrationFilter.java:62)
	at org.springframework.web.filter.OncePerRequestFilter.doFilter(OncePerRequestFilter.java:116)
	at org.springframework.security.web.ObservationFilterChainDecorator$ObservationFilter.wrapFilter(ObservationFilterChainDecorator.java:240)
	at org.springframework.security.web.ObservationFilterChainDecorator$ObservationFilter.doFilter(ObservationFilterChainDecorator.java:227)
	at org.springframework.security.web.ObservationFilterChainDecorator$VirtualFilterChain.doFilter(ObservationFilterChainDecorator.java:137)
	at org.springframework.security.web.session.DisableEncodeUrlFilter.doFilterInternal(DisableEncodeUrlFilter.java:42)
	at org.springframework.web.filter.OncePerRequestFilter.doFilter(OncePerRequestFilter.java:116)
	at org.springframework.security.web.ObservationFilterChainDecorator$ObservationFilter.wrapFilter(ObservationFilterChainDecorator.java:240)
	at org.springframework.security.web.ObservationFilterChainDecorator$AroundFilterObservation$SimpleAroundFilterObservation.lambda$wrap$0(ObservationFilterChainDecorator.java:323)
	at org.springframework.security.web.ObservationFilterChainDecorator$ObservationFilter.doFilter(ObservationFilterChainDecorator.java:224)
	at org.springframework.security.web.ObservationFilterChainDecorator$VirtualFilterChain.doFilter(ObservationFilterChainDecorator.java:137)
	at org.springframework.security.web.FilterChainProxy.doFilterInternal(FilterChainProxy.java:233)
	at org.springframework.security.web.FilterChainProxy.doFilter(FilterChainProxy.java:191)
	at org.springframework.web.filter.CompositeFilter$VirtualFilterChain.doFilter(CompositeFilter.java:113)
	at org.springframework.web.servlet.handler.HandlerMappingIntrospector.lambda$createCacheFilter$3(HandlerMappingIntrospector.java:243)
	at org.springframework.web.filter.CompositeFilter$VirtualFilterChain.doFilter(CompositeFilter.java:113)
	at org.springframework.web.filter.CompositeFilter.doFilter(CompositeFilter.java:74)
	at org.springframework.security.config.annotation.web.configuration.WebMvcSecurityConfiguration$CompositeFilterChainProxy.doFilter(WebMvcSecurityConfiguration.java:238)
	at org.springframework.web.filter.DelegatingFilterProxy.invokeDelegate(DelegatingFilterProxy.java:362)
	at org.springframework.web.filter.DelegatingFilterProxy.doFilter(DelegatingFilterProxy.java:278)
	at org.apache.catalina.core.ApplicationFilterChain.internalDoFilter(ApplicationFilterChain.java:164)
	at org.apache.catalina.core.ApplicationFilterChain.doFilter(ApplicationFilterChain.java:140)
	at org.springframework.web.filter.RequestContextFilter.doFilterInternal(RequestContextFilter.java:100)
	at org.springframework.web.filter.OncePerRequestFilter.doFilter(OncePerRequestFilter.java:116)
	at org.apache.catalina.core.ApplicationFilterChain.internalDoFilter(ApplicationFilterChain.java:164)
	at org.apache.catalina.core.ApplicationFilterChain.doFilter(ApplicationFilterChain.java:140)
	at org.springframework.web.filter.FormContentFilter.doFilterInternal(FormContentFilter.java:93)
	at org.springframework.web.filter.OncePerRequestFilter.doFilter(OncePerRequestFilter.java:116)
	at org.apache.catalina.core.ApplicationFilterChain.internalDoFilter(ApplicationFilterChain.java:164)
	at org.apache.catalina.core.ApplicationFilterChain.doFilter(ApplicationFilterChain.java:140)
	at org.springframework.web.filter.ServerHttpObservationFilter.doFilterInternal(ServerHttpObservationFilter.java:114)
	at org.springframework.web.filter.OncePerRequestFilter.doFilter(OncePerRequestFilter.java:116)
	at org.apache.catalina.core.ApplicationFilterChain.internalDoFilter(ApplicationFilterChain.java:164)
	at org.apache.catalina.core.ApplicationFilterChain.doFilter(ApplicationFilterChain.java:140)
	at org.springframework.web.filter.CharacterEncodingFilter.doFilterInternal(CharacterEncodingFilter.java:201)
	at org.springframework.web.filter.OncePerRequestFilter.doFilter(OncePerRequestFilter.java:116)
	at org.apache.catalina.core.ApplicationFilterChain.internalDoFilter(ApplicationFilterChain.java:164)
	at org.apache.catalina.core.ApplicationFilterChain.doFilter(ApplicationFilterChain.java:140)
	at org.apache.catalina.core.StandardWrapperValve.invoke(StandardWrapperValve.java:167)
	at org.apache.catalina.core.StandardContextValve.invoke(StandardContextValve.java:90)
	at org.apache.catalina.authenticator.AuthenticatorBase.invoke(AuthenticatorBase.java:483)
	at org.apache.catalina.core.StandardHostValve.invoke(StandardHostValve.java:116)
	at org.apache.catalina.valves.ErrorReportValve.invoke(ErrorReportValve.java:93)
	at org.apache.catalina.core.StandardEngineValve.invoke(StandardEngineValve.java:74)
	at org.apache.catalina.connector.CoyoteAdapter.service(CoyoteAdapter.java:344)
	at org.apache.coyote.http11.Http11Processor.service(Http11Processor.java:398)
	at org.apache.coyote.AbstractProcessorLight.process(AbstractProcessorLight.java:63)
	at org.apache.coyote.AbstractProtocol$ConnectionHandler.process(AbstractProtocol.java:903)
	at org.apache.tomcat.util.net.NioEndpoint$SocketProcessor.doRun(NioEndpoint.java:1740)
	at org.apache.tomcat.util.net.SocketProcessorBase.run(SocketProcessorBase.java:52)
	at org.apache.tomcat.util.threads.ThreadPoolExecutor.runWorker(ThreadPoolExecutor.java:1189)
	at org.apache.tomcat.util.threads.ThreadPoolExecutor$Worker.run(ThreadPoolExecutor.java:658)
	at org.apache.tomcat.util.threads.TaskThread$WrappingRunnable.run(TaskThread.java:63)
	at java.base/java.lang.Thread.run(Thread.java:1583)
Caused by: org.hibernate.exception.ConstraintViolationException: could not execute statement [Violación de indice de Unicidad ó Clave primaria: "PUBLIC.UK_NOTIFICATIONS_UUID_INDEX_C ON PUBLIC.NOTIFICATIONS(UUID NULLS FIRST) VALUES ( /* 1 */ UUID '7e64a9a9-5a66-4a84-a187-2553ab4db30d' )"
Unique index or primary key violation: "PUBLIC.UK_NOTIFICATIONS_UUID_INDEX_C ON PUBLIC.NOTIFICATIONS(UUID NULLS FIRST) VALUES ( /* 1 */ UUID '7e64a9a9-5a66-4a84-a187-2553ab4db30d' )"; SQL statement:
insert into notifications (content_attributes,content_body,created_at,error_message,priority,recipient_attributes,recipient_device_token,recipient_email,recipient_phone,recipient_user_id,requester_id,retry_count,scheduled_for,sent_at,source_service,status,subject,template_id,uuid,id) values (?,?,?,?,?,?,?,?,?,?,?,?,?,?,?,?,?,?,?,default) [23505-232]] [insert into notifications (content_attributes,content_body,created_at,error_message,priority,recipient_attributes,recipient_device_token,recipient_email,recipient_phone,recipient_user_id,requester_id,retry_count,scheduled_for,sent_at,source_service,status,subject,template_id,uuid,id) values (?,?,?,?,?,?,?,?,?,?,?,?,?,?,?,?,?,?,?,default)]
	at org.hibernate.dialect.H2Dialect.lambda$buildSQLExceptionConversionDelegate$3(H2Dialect.java:759)
	at org.hibernate.exception.internal.StandardSQLExceptionConverter.convert(StandardSQLExceptionConverter.java:58)
	at org.hibernate.engine.jdbc.spi.SqlExceptionHelper.convert(SqlExceptionHelper.java:108)
	at org.hibernate.engine.jdbc.internal.ResultSetReturnImpl.executeUpdate(ResultSetReturnImpl.java:197)
	at org.hibernate.id.insert.GetGeneratedKeysDelegate.performMutation(GetGeneratedKeysDelegate.java:116)
	at org.hibernate.engine.jdbc.mutation.internal.MutationExecutorSingleNonBatched.performNonBatchedOperations(MutationExecutorSingleNonBatched.java:47)
	at org.hibernate.engine.jdbc.mutation.internal.AbstractMutationExecutor.execute(AbstractMutationExecutor.java:55)
	at org.hibernate.persister.entity.mutation.InsertCoordinatorStandard.doStaticInserts(InsertCoordinatorStandard.java:194)
	at org.hibernate.persister.entity.mutation.InsertCoordinatorStandard.coordinateInsert(InsertCoordinatorStandard.java:132)
	at org.hibernate.persister.entity.mutation.InsertCoordinatorStandard.insert(InsertCoordinatorStandard.java:95)
	at org.hibernate.action.internal.EntityIdentityInsertAction.execute(EntityIdentityInsertAction.java:85)
	at org.hibernate.engine.spi.ActionQueue.execute(ActionQueue.java:682)
	at org.hibernate.engine.spi.ActionQueue.addResolvedEntityInsertAction(ActionQueue.java:293)
	at org.hibernate.engine.spi.ActionQueue.addInsertAction(ActionQueue.java:274)
	at org.hibernate.engine.spi.ActionQueue.addAction(ActionQueue.java:324)
	at org.hibernate.event.internal.AbstractSaveEventListener.addInsertAction(AbstractSaveEventListener.java:393)
	at org.hibernate.event.internal.AbstractSaveEventListener.performSaveOrReplicate(AbstractSaveEventListener.java:307)
	at org.hibernate.event.internal.AbstractSaveEventListener.performSave(AbstractSaveEventListener.java:223)
	at org.hibernate.event.internal.AbstractSaveEventListener.saveWithGeneratedId(AbstractSaveEventListener.java:136)
	at org.hibernate.event.internal.DefaultPersistEventListener.entityIsTransient(DefaultPersistEventListener.java:177)
	at org.hibernate.event.internal.DefaultPersistEventListener.persist(DefaultPersistEventListener.java:95)
	at org.hibernate.event.internal.DefaultPersistEventListener.onPersist(DefaultPersistEventListener.java:79)
	at org.hibernate.event.internal.DefaultPersistEventListener.onPersist(DefaultPersistEventListener.java:55)
	at org.hibernate.event.service.internal.EventListenerGroupImpl.fireEventOnEachListener(EventListenerGroupImpl.java:127)
	at org.hibernate.internal.SessionImpl.firePersist(SessionImpl.java:761)
	at org.hibernate.internal.SessionImpl.persist(SessionImpl.java:745)
	at java.base/jdk.internal.reflect.DirectMethodHandleAccessor.invoke(DirectMethodHandleAccessor.java:103)
	at java.base/java.lang.reflect.Method.invoke(Method.java:580)
	at org.springframework.orm.jpa.ExtendedEntityManagerCreator$ExtendedEntityManagerInvocationHandler.invoke(ExtendedEntityManagerCreator.java:364)
	at jdk.proxy2/jdk.proxy2.$Proxy176.persist(Unknown Source)
	at java.base/jdk.internal.reflect.DirectMethodHandleAccessor.invoke(DirectMethodHandleAccessor.java:103)
	at java.base/java.lang.reflect.Method.invoke(Method.java:580)
	at org.springframework.orm.jpa.SharedEntityManagerCreator$SharedEntityManagerInvocationHandler.invoke(SharedEntityManagerCreator.java:320)
	at jdk.proxy2/jdk.proxy2.$Proxy176.persist(Unknown Source)
	at org.springframework.data.jpa.repository.support.SimpleJpaRepository.save(SimpleJpaRepository.java:636)
	at java.base/jdk.internal.reflect.DirectMethodHandleAccessor.invoke(DirectMethodHandleAccessor.java:103)
	at java.base/java.lang.reflect.Method.invoke(Method.java:580)
	at org.springframework.aop.support.AopUtils.invokeJoinpointUsingReflection(AopUtils.java:359)
	at org.springframework.data.repository.core.support.RepositoryMethodInvoker$RepositoryFragmentMethodInvoker.lambda$new$0(RepositoryMethodInvoker.java:277)
	at org.springframework.data.repository.core.support.RepositoryMethodInvoker.doInvoke(RepositoryMethodInvoker.java:170)
	at org.springframework.data.repository.core.support.RepositoryMethodInvoker.invoke(RepositoryMethodInvoker.java:158)
	at org.springframework.data.repository.core.support.RepositoryComposition$RepositoryFragments.invoke(RepositoryComposition.java:515)
	at org.springframework.data.repository.core.support.RepositoryComposition.invoke(RepositoryComposition.java:284)
	at org.springframework.data.repository.core.support.RepositoryFactorySupport$ImplementationMethodExecutionInterceptor.invoke(RepositoryFactorySupport.java:731)
	at org.springframework.aop.framework.ReflectiveMethodInvocation.proceed(ReflectiveMethodInvocation.java:184)
	at org.springframework.data.repository.core.support.QueryExecutorMethodInterceptor.doInvoke(QueryExecutorMethodInterceptor.java:174)
	at org.springframework.data.repository.core.support.QueryExecutorMethodInterceptor.invoke(QueryExecutorMethodInterceptor.java:149)
	at org.springframework.aop.framework.ReflectiveMethodInvocation.proceed(ReflectiveMethodInvocation.java:184)
	at org.springframework.data.projection.DefaultMethodInvokingMethodInterceptor.invoke(DefaultMethodInvokingMethodInterceptor.java:69)
	at org.springframework.aop.framework.ReflectiveMethodInvocation.proceed(ReflectiveMethodInvocation.java:184)
	at org.springframework.transaction.interceptor.TransactionAspectSupport.invokeWithinTransaction(TransactionAspectSupport.java:380)
	at org.springframework.transaction.interceptor.TransactionInterceptor.invoke(TransactionInterceptor.java:119)
	at org.springframework.aop.framework.ReflectiveMethodInvocation.proceed(ReflectiveMethodInvocation.java:184)
	at org.springframework.dao.support.PersistenceExceptionTranslationInterceptor.invoke(PersistenceExceptionTranslationInterceptor.java:138)
	... 135 common frames omitted
Caused by: org.h2.jdbc.JdbcSQLIntegrityConstraintViolationException: Violación de indice de Unicidad ó Clave primaria: "PUBLIC.UK_NOTIFICATIONS_UUID_INDEX_C ON PUBLIC.NOTIFICATIONS(UUID NULLS FIRST) VALUES ( /* 1 */ UUID '7e64a9a9-5a66-4a84-a187-2553ab4db30d' )"
Unique index or primary key violation: "PUBLIC.UK_NOTIFICATIONS_UUID_INDEX_C ON PUBLIC.NOTIFICATIONS(UUID NULLS FIRST) VALUES ( /* 1 */ UUID '7e64a9a9-5a66-4a84-a187-2553ab4db30d' )"; SQL statement:
insert into notifications (content_attributes,content_body,created_at,error_message,priority,recipient_attributes,recipient_device_token,recipient_email,recipient_phone,recipient_user_id,requester_id,retry_count,scheduled_for,sent_at,source_service,status,subject,template_id,uuid,id) values (?,?,?,?,?,?,?,?,?,?,?,?,?,?,?,?,?,?,?,default) [23505-232]
	at org.h2.message.DbException.getJdbcSQLException(DbException.java:520)
	at org.h2.message.DbException.getJdbcSQLException(DbException.java:489)
	at org.h2.message.DbException.get(DbException.java:223)
	at org.h2.message.DbException.get(DbException.java:199)
	at org.h2.index.Index.getDuplicateKeyException(Index.java:523)
	at org.h2.mvstore.db.MVSecondaryIndex.checkUnique(MVSecondaryIndex.java:223)
	at org.h2.mvstore.db.MVSecondaryIndex.add(MVSecondaryIndex.java:184)
	at org.h2.mvstore.db.MVTable.addRow(MVTable.java:517)
	at org.h2.command.dml.Insert.insertRows(Insert.java:174)
	at org.h2.command.dml.Insert.update(Insert.java:135)
	at org.h2.command.CommandContainer.executeUpdateWithGeneratedKeys(CommandContainer.java:212)
	at org.h2.command.CommandContainer.update(CommandContainer.java:133)
	at org.h2.command.Command.executeUpdate(Command.java:304)
	at org.h2.command.Command.executeUpdate(Command.java:248)
	at org.h2.jdbc.JdbcPreparedStatement.executeUpdateInternal(JdbcPreparedStatement.java:213)
	at org.h2.jdbc.JdbcPreparedStatement.executeUpdate(JdbcPreparedStatement.java:172)
	at com.zaxxer.hikari.pool.ProxyPreparedStatement.executeUpdate(ProxyPreparedStatement.java:61)
	at com.zaxxer.hikari.pool.HikariProxyPreparedStatement.executeUpdate(HikariProxyPreparedStatement.java)
	at org.hibernate.engine.jdbc.internal.ResultSetReturnImpl.executeUpdate(ResultSetReturnImpl.java:194)
	... 185 common frames omitted
2025-07-30 16:42:28,134 [http-nio-8080-exec-1] DEBUG e.m.n.i.a.o.monitoring.LoggingAdapter              - send - Call saveFailedEventToOutbox
2025-07-30 16:42:28,134 [http-nio-8080-exec-1] DEBUG e.m.n.i.a.o.monitoring.LoggingAdapter              - saveFailedEventToOutbox - Saving failed event to outbox for notification: 7e64a9a9-5a66-4a84-a187-2553ab4db30d, error: Error sending notification: could not execute statement [Violación de indice de Unicidad ó Clave primaria: "PUBLIC.UK_NOTIFICATIONS_UUID_INDEX_C ON PUBLIC.NOTIFICATIONS(UUID NULLS FIRST) VALUES ( /* 1 */ UUID '7e64a9a9-5a66-4a84-a187-2553ab4db30d' )"
Unique index or primary key violation: "PUBLIC.UK_NOTIFICATIONS_UUID_INDEX_C ON PUBLIC.NOTIFICATIONS(UUID NULLS FIRST) VALUES ( /* 1 */ UUID '7e64a9a9-5a66-4a84-a187-2553ab4db30d' )"; SQL statement:
insert into notifications (content_attributes,content_body,created_at,error_message,priority,recipient_attributes,recipient_device_token,recipient_email,recipient_phone,recipient_user_id,requester_id,retry_count,scheduled_for,sent_at,source_service,status,subject,template_id,uuid,id) values (?,?,?,?,?,?,?,?,?,?,?,?,?,?,?,?,?,?,?,default) [23505-232]] [insert into notifications (content_attributes,content_body,created_at,error_message,priority,recipient_attributes,recipient_device_token,recipient_email,recipient_phone,recipient_user_id,requester_id,retry_count,scheduled_for,sent_at,source_service,status,subject,template_id,uuid,id) values (?,?,?,?,?,?,?,?,?,?,?,?,?,?,?,?,?,?,?,default)]; SQL [insert into notifications (content_attributes,content_body,created_at,error_message,priority,recipient_attributes,recipient_device_token,recipient_email,recipient_phone,recipient_user_id,requester_id,retry_count,scheduled_for,sent_at,source_service,status,subject,template_id,uuid,id) values (?,?,?,?,?,?,?,?,?,?,?,?,?,?,?,?,?,?,?,default)]; constraint [PUBLIC.UK_NOTIFICATIONS_UUID_INDEX_C]
2025-07-30 16:42:28,135 [http-nio-8080-exec-1] DEBUG e.m.n.i.a.o.monitoring.LoggingAdapter              - SerializationServiceAdapter.serialize - Serializando objeto: {}
2025-07-30 16:42:28,146 [http-nio-8080-exec-1] DEBUG e.m.n.i.a.o.monitoring.LoggingAdapter              - saveFailedEventToOutbox - Call outboxRepository.save
2025-07-30 16:42:28,150 [http-nio-8080-exec-1] DEBUG e.m.n.i.a.o.monitoring.LoggingAdapter              - saveFailedEventToOutbox - Event saved successfully
2025-07-30 16:42:28,150 [http-nio-8080-exec-1] INFO  e.m.n.i.a.o.p.m.NotificationOutputMapper           - toEntity - Init
2025-07-30 16:42:28,150 [http-nio-8080-exec-1] INFO  e.m.n.i.a.o.p.m.NotificationOutputMapper           - toEntity - End
2025-07-30 16:42:28,152 [http-nio-8080-exec-1] WARN  o.h.engine.jdbc.spi.SqlExceptionHelper             - SQL Error: 22001, SQLState: 22001
2025-07-30 16:42:28,152 [http-nio-8080-exec-1] ERROR o.h.engine.jdbc.spi.SqlExceptionHelper             - Valor demasiado largo para la columna "ERROR_MESSAGE CHARACTER VARYING(1000)": "U&'Error sending notification: could not execute statement [Violaci\\00f3n de ind... (1542)"
Value too long for column "ERROR_MESSAGE CHARACTER VARYING(1000)": "U&'Error sending notification: could not execute statement [Violaci\\00f3n de ind... (1542)"; SQL statement:
insert into notifications (content_attributes,content_body,created_at,error_message,priority,recipient_attributes,recipient_device_token,recipient_email,recipient_phone,recipient_user_id,requester_id,retry_count,scheduled_for,sent_at,source_service,status,subject,template_id,uuid,id) values (?,?,?,?,?,?,?,?,?,?,?,?,?,?,?,?,?,?,?,default) [22001-232]
2025-07-30 16:42:28,157 [http-nio-8080-exec-1] ERROR e.m.n.i.a.i.w.e.RestExceptionHandler               - handleAllUncaughtException - Unexpected error occurred: could not execute statement [Valor demasiado largo para la columna "ERROR_MESSAGE CHARACTER VARYING(1000)": "U&'Error sending notification: could not execute statement [Violaci\\00f3n de ind... (1542)"
Value too long for column "ERROR_MESSAGE CHARACTER VARYING(1000)": "U&'Error sending notification: could not execute statement [Violaci\\00f3n de ind... (1542)"; SQL statement:
insert into notifications (content_attributes,content_body,created_at,error_message,priority,recipient_attributes,recipient_device_token,recipient_email,recipient_phone,recipient_user_id,requester_id,retry_count,scheduled_for,sent_at,source_service,status,subject,template_id,uuid,id) values (?,?,?,?,?,?,?,?,?,?,?,?,?,?,?,?,?,?,?,default) [22001-232]] [insert into notifications (content_attributes,content_body,created_at,error_message,priority,recipient_attributes,recipient_device_token,recipient_email,recipient_phone,recipient_user_id,requester_id,retry_count,scheduled_for,sent_at,source_service,status,subject,template_id,uuid,id) values (?,?,?,?,?,?,?,?,?,?,?,?,?,?,?,?,?,?,?,default)]; SQL [insert into notifications (content_attributes,content_body,created_at,error_message,priority,recipient_attributes,recipient_device_token,recipient_email,recipient_phone,recipient_user_id,requester_id,retry_count,scheduled_for,sent_at,source_service,status,subject,template_id,uuid,id) values (?,?,?,?,?,?,?,?,?,?,?,?,?,?,?,?,?,?,?,default)]
org.springframework.dao.DataIntegrityViolationException: could not execute statement [Valor demasiado largo para la columna "ERROR_MESSAGE CHARACTER VARYING(1000)": "U&'Error sending notification: could not execute statement [Violaci\\00f3n de ind... (1542)"
Value too long for column "ERROR_MESSAGE CHARACTER VARYING(1000)": "U&'Error sending notification: could not execute statement [Violaci\\00f3n de ind... (1542)"; SQL statement:
insert into notifications (content_attributes,content_body,created_at,error_message,priority,recipient_attributes,recipient_device_token,recipient_email,recipient_phone,recipient_user_id,requester_id,retry_count,scheduled_for,sent_at,source_service,status,subject,template_id,uuid,id) values (?,?,?,?,?,?,?,?,?,?,?,?,?,?,?,?,?,?,?,default) [22001-232]] [insert into notifications (content_attributes,content_body,created_at,error_message,priority,recipient_attributes,recipient_device_token,recipient_email,recipient_phone,recipient_user_id,requester_id,retry_count,scheduled_for,sent_at,source_service,status,subject,template_id,uuid,id) values (?,?,?,?,?,?,?,?,?,?,?,?,?,?,?,?,?,?,?,default)]; SQL [insert into notifications (content_attributes,content_body,created_at,error_message,priority,recipient_attributes,recipient_device_token,recipient_email,recipient_phone,recipient_user_id,requester_id,retry_count,scheduled_for,sent_at,source_service,status,subject,template_id,uuid,id) values (?,?,?,?,?,?,?,?,?,?,?,?,?,?,?,?,?,?,?,default)]
	at org.springframework.orm.jpa.vendor.HibernateJpaDialect.convertHibernateAccessException(HibernateJpaDialect.java:297)
	at org.springframework.orm.jpa.vendor.HibernateJpaDialect.convertHibernateAccessException(HibernateJpaDialect.java:256)
	at org.springframework.orm.jpa.vendor.HibernateJpaDialect.translateExceptionIfPossible(HibernateJpaDialect.java:241)
	at org.springframework.orm.jpa.AbstractEntityManagerFactoryBean.translateExceptionIfPossible(AbstractEntityManagerFactoryBean.java:560)
	at org.springframework.dao.support.ChainedPersistenceExceptionTranslator.translateExceptionIfPossible(ChainedPersistenceExceptionTranslator.java:61)
	at org.springframework.dao.support.DataAccessUtils.translateIfNecessary(DataAccessUtils.java:343)
	at org.springframework.dao.support.PersistenceExceptionTranslationInterceptor.invoke(PersistenceExceptionTranslationInterceptor.java:160)
	at org.springframework.aop.framework.ReflectiveMethodInvocation.proceed(ReflectiveMethodInvocation.java:184)
	at org.springframework.data.jpa.repository.support.CrudMethodMetadataPostProcessor$CrudMethodMetadataPopulatingMethodInterceptor.invoke(CrudMethodMetadataPostProcessor.java:165)
	at org.springframework.aop.framework.ReflectiveMethodInvocation.proceed(ReflectiveMethodInvocation.java:184)
	at org.springframework.aop.framework.JdkDynamicAopProxy.invoke(JdkDynamicAopProxy.java:223)
	at jdk.proxy2/jdk.proxy2.$Proxy187.save(Unknown Source)
	at edu.market.notification.infrastructure.adapter.output.persistence.NotificationRepositoryAdapter.save(NotificationRepositoryAdapter.java:36)
	at java.base/jdk.internal.reflect.DirectMethodHandleAccessor.invoke(DirectMethodHandleAccessor.java:103)
	at java.base/java.lang.reflect.Method.invoke(Method.java:580)
	at org.springframework.aop.support.AopUtils.invokeJoinpointUsingReflection(AopUtils.java:359)
	at org.springframework.aop.framework.ReflectiveMethodInvocation.invokeJoinpoint(ReflectiveMethodInvocation.java:196)
	at org.springframework.aop.framework.ReflectiveMethodInvocation.proceed(ReflectiveMethodInvocation.java:163)
	at org.springframework.transaction.interceptor.TransactionAspectSupport.invokeWithinTransaction(TransactionAspectSupport.java:380)
	at org.springframework.transaction.interceptor.TransactionInterceptor.invoke(TransactionInterceptor.java:119)
	at org.springframework.aop.framework.ReflectiveMethodInvocation.proceed(ReflectiveMethodInvocation.java:184)
	at org.springframework.aop.framework.CglibAopProxy$DynamicAdvisedInterceptor.intercept(CglibAopProxy.java:728)
	at edu.market.notification.infrastructure.adapter.output.persistence.NotificationRepositoryAdapter$$SpringCGLIB$$0.save(<generated>)
	at edu.market.notification.application.usecase.notification.SendNotificationUseCase.send(SendNotificationUseCase.java:125)
	at edu.market.notification.infrastructure.adapter.input.web.controller.NotificationController.sendNotification(NotificationController.java:156)
	at java.base/jdk.internal.reflect.DirectMethodHandleAccessor.invoke(DirectMethodHandleAccessor.java:103)
	at java.base/java.lang.reflect.Method.invoke(Method.java:580)
	at org.springframework.web.method.support.InvocableHandlerMethod.doInvoke(InvocableHandlerMethod.java:258)
	at org.springframework.web.method.support.InvocableHandlerMethod.invokeForRequest(InvocableHandlerMethod.java:191)
	at org.springframework.web.servlet.mvc.method.annotation.ServletInvocableHandlerMethod.invokeAndHandle(ServletInvocableHandlerMethod.java:118)
	at org.springframework.web.servlet.mvc.method.annotation.RequestMappingHandlerAdapter.invokeHandlerMethod(RequestMappingHandlerAdapter.java:986)
	at org.springframework.web.servlet.mvc.method.annotation.RequestMappingHandlerAdapter.handleInternal(RequestMappingHandlerAdapter.java:891)
	at org.springframework.web.servlet.mvc.method.AbstractHandlerMethodAdapter.handle(AbstractHandlerMethodAdapter.java:87)
	at org.springframework.web.servlet.DispatcherServlet.doDispatch(DispatcherServlet.java:1089)
	at org.springframework.web.servlet.DispatcherServlet.doService(DispatcherServlet.java:979)
	at org.springframework.web.servlet.FrameworkServlet.processRequest(FrameworkServlet.java:1014)
	at org.springframework.web.servlet.FrameworkServlet.doPost(FrameworkServlet.java:914)
	at jakarta.servlet.http.HttpServlet.service(HttpServlet.java:590)
	at org.springframework.web.servlet.FrameworkServlet.service(FrameworkServlet.java:885)
	at jakarta.servlet.http.HttpServlet.service(HttpServlet.java:658)
	at org.apache.catalina.core.ApplicationFilterChain.internalDoFilter(ApplicationFilterChain.java:195)
	at org.apache.catalina.core.ApplicationFilterChain.doFilter(ApplicationFilterChain.java:140)
	at org.apache.tomcat.websocket.server.WsFilter.doFilter(WsFilter.java:51)
	at org.apache.catalina.core.ApplicationFilterChain.internalDoFilter(ApplicationFilterChain.java:164)
	at org.apache.catalina.core.ApplicationFilterChain.doFilter(ApplicationFilterChain.java:140)
	at org.springframework.web.filter.CompositeFilter$VirtualFilterChain.doFilter(CompositeFilter.java:108)
	at org.springframework.security.web.FilterChainProxy.lambda$doFilterInternal$3(FilterChainProxy.java:231)
	at org.springframework.security.web.ObservationFilterChainDecorator$FilterObservation$SimpleFilterObservation.lambda$wrap$1(ObservationFilterChainDecorator.java:479)
	at org.springframework.security.web.ObservationFilterChainDecorator$AroundFilterObservation$SimpleAroundFilterObservation.lambda$wrap$1(ObservationFilterChainDecorator.java:340)
	at org.springframework.security.web.ObservationFilterChainDecorator.lambda$wrapSecured$0(ObservationFilterChainDecorator.java:82)
	at org.springframework.security.web.ObservationFilterChainDecorator$VirtualFilterChain.doFilter(ObservationFilterChainDecorator.java:128)
	at org.springframework.security.web.access.intercept.AuthorizationFilter.doFilter(AuthorizationFilter.java:101)
	at org.springframework.security.web.ObservationFilterChainDecorator$ObservationFilter.wrapFilter(ObservationFilterChainDecorator.java:240)
	at org.springframework.security.web.ObservationFilterChainDecorator$ObservationFilter.doFilter(ObservationFilterChainDecorator.java:227)
	at org.springframework.security.web.ObservationFilterChainDecorator$VirtualFilterChain.doFilter(ObservationFilterChainDecorator.java:137)
	at org.springframework.security.web.access.ExceptionTranslationFilter.doFilter(ExceptionTranslationFilter.java:126)
	at org.springframework.security.web.access.ExceptionTranslationFilter.doFilter(ExceptionTranslationFilter.java:120)
	at org.springframework.security.web.ObservationFilterChainDecorator$ObservationFilter.wrapFilter(ObservationFilterChainDecorator.java:240)
	at org.springframework.security.web.ObservationFilterChainDecorator$ObservationFilter.doFilter(ObservationFilterChainDecorator.java:227)
	at org.springframework.security.web.ObservationFilterChainDecorator$VirtualFilterChain.doFilter(ObservationFilterChainDecorator.java:137)
	at org.springframework.security.web.authentication.AnonymousAuthenticationFilter.doFilter(AnonymousAuthenticationFilter.java:100)
	at org.springframework.security.web.ObservationFilterChainDecorator$ObservationFilter.wrapFilter(ObservationFilterChainDecorator.java:240)
	at org.springframework.security.web.ObservationFilterChainDecorator$ObservationFilter.doFilter(ObservationFilterChainDecorator.java:227)
	at org.springframework.security.web.ObservationFilterChainDecorator$VirtualFilterChain.doFilter(ObservationFilterChainDecorator.java:137)
	at org.springframework.security.web.servletapi.SecurityContextHolderAwareRequestFilter.doFilter(SecurityContextHolderAwareRequestFilter.java:179)
	at org.springframework.security.web.ObservationFilterChainDecorator$ObservationFilter.wrapFilter(ObservationFilterChainDecorator.java:240)
	at org.springframework.security.web.ObservationFilterChainDecorator$ObservationFilter.doFilter(ObservationFilterChainDecorator.java:227)
	at org.springframework.security.web.ObservationFilterChainDecorator$VirtualFilterChain.doFilter(ObservationFilterChainDecorator.java:137)
	at org.springframework.security.web.savedrequest.RequestCacheAwareFilter.doFilter(RequestCacheAwareFilter.java:63)
	at org.springframework.security.web.ObservationFilterChainDecorator$ObservationFilter.wrapFilter(ObservationFilterChainDecorator.java:240)
	at org.springframework.security.web.ObservationFilterChainDecorator$ObservationFilter.doFilter(ObservationFilterChainDecorator.java:227)
	at org.springframework.security.web.ObservationFilterChainDecorator$VirtualFilterChain.doFilter(ObservationFilterChainDecorator.java:137)
	at org.springframework.security.web.authentication.logout.LogoutFilter.doFilter(LogoutFilter.java:107)
	at org.springframework.security.web.authentication.logout.LogoutFilter.doFilter(LogoutFilter.java:93)
	at org.springframework.security.web.ObservationFilterChainDecorator$ObservationFilter.wrapFilter(ObservationFilterChainDecorator.java:240)
	at org.springframework.security.web.ObservationFilterChainDecorator$ObservationFilter.doFilter(ObservationFilterChainDecorator.java:227)
	at org.springframework.security.web.ObservationFilterChainDecorator$VirtualFilterChain.doFilter(ObservationFilterChainDecorator.java:137)
	at org.springframework.security.web.header.HeaderWriterFilter.doHeadersAfter(HeaderWriterFilter.java:90)
	at org.springframework.security.web.header.HeaderWriterFilter.doFilterInternal(HeaderWriterFilter.java:75)
	at org.springframework.web.filter.OncePerRequestFilter.doFilter(OncePerRequestFilter.java:116)
	at org.springframework.security.web.ObservationFilterChainDecorator$ObservationFilter.wrapFilter(ObservationFilterChainDecorator.java:240)
	at org.springframework.security.web.ObservationFilterChainDecorator$ObservationFilter.doFilter(ObservationFilterChainDecorator.java:227)
	at org.springframework.security.web.ObservationFilterChainDecorator$VirtualFilterChain.doFilter(ObservationFilterChainDecorator.java:137)
	at org.springframework.security.web.context.SecurityContextHolderFilter.doFilter(SecurityContextHolderFilter.java:82)
	at org.springframework.security.web.context.SecurityContextHolderFilter.doFilter(SecurityContextHolderFilter.java:69)
	at org.springframework.security.web.ObservationFilterChainDecorator$ObservationFilter.wrapFilter(ObservationFilterChainDecorator.java:240)
	at org.springframework.security.web.ObservationFilterChainDecorator$ObservationFilter.doFilter(ObservationFilterChainDecorator.java:227)
	at org.springframework.security.web.ObservationFilterChainDecorator$VirtualFilterChain.doFilter(ObservationFilterChainDecorator.java:137)
	at org.springframework.security.web.context.request.async.WebAsyncManagerIntegrationFilter.doFilterInternal(WebAsyncManagerIntegrationFilter.java:62)
	at org.springframework.web.filter.OncePerRequestFilter.doFilter(OncePerRequestFilter.java:116)
	at org.springframework.security.web.ObservationFilterChainDecorator$ObservationFilter.wrapFilter(ObservationFilterChainDecorator.java:240)
	at org.springframework.security.web.ObservationFilterChainDecorator$ObservationFilter.doFilter(ObservationFilterChainDecorator.java:227)
	at org.springframework.security.web.ObservationFilterChainDecorator$VirtualFilterChain.doFilter(ObservationFilterChainDecorator.java:137)
	at org.springframework.security.web.session.DisableEncodeUrlFilter.doFilterInternal(DisableEncodeUrlFilter.java:42)
	at org.springframework.web.filter.OncePerRequestFilter.doFilter(OncePerRequestFilter.java:116)
	at org.springframework.security.web.ObservationFilterChainDecorator$ObservationFilter.wrapFilter(ObservationFilterChainDecorator.java:240)
	at org.springframework.security.web.ObservationFilterChainDecorator$AroundFilterObservation$SimpleAroundFilterObservation.lambda$wrap$0(ObservationFilterChainDecorator.java:323)
	at org.springframework.security.web.ObservationFilterChainDecorator$ObservationFilter.doFilter(ObservationFilterChainDecorator.java:224)
	at org.springframework.security.web.ObservationFilterChainDecorator$VirtualFilterChain.doFilter(ObservationFilterChainDecorator.java:137)
	at org.springframework.security.web.FilterChainProxy.doFilterInternal(FilterChainProxy.java:233)
	at org.springframework.security.web.FilterChainProxy.doFilter(FilterChainProxy.java:191)
	at org.springframework.web.filter.CompositeFilter$VirtualFilterChain.doFilter(CompositeFilter.java:113)
	at org.springframework.web.servlet.handler.HandlerMappingIntrospector.lambda$createCacheFilter$3(HandlerMappingIntrospector.java:243)
	at org.springframework.web.filter.CompositeFilter$VirtualFilterChain.doFilter(CompositeFilter.java:113)
	at org.springframework.web.filter.CompositeFilter.doFilter(CompositeFilter.java:74)
	at org.springframework.security.config.annotation.web.configuration.WebMvcSecurityConfiguration$CompositeFilterChainProxy.doFilter(WebMvcSecurityConfiguration.java:238)
	at org.springframework.web.filter.DelegatingFilterProxy.invokeDelegate(DelegatingFilterProxy.java:362)
	at org.springframework.web.filter.DelegatingFilterProxy.doFilter(DelegatingFilterProxy.java:278)
	at org.apache.catalina.core.ApplicationFilterChain.internalDoFilter(ApplicationFilterChain.java:164)
	at org.apache.catalina.core.ApplicationFilterChain.doFilter(ApplicationFilterChain.java:140)
	at org.springframework.web.filter.RequestContextFilter.doFilterInternal(RequestContextFilter.java:100)
	at org.springframework.web.filter.OncePerRequestFilter.doFilter(OncePerRequestFilter.java:116)
	at org.apache.catalina.core.ApplicationFilterChain.internalDoFilter(ApplicationFilterChain.java:164)
	at org.apache.catalina.core.ApplicationFilterChain.doFilter(ApplicationFilterChain.java:140)
	at org.springframework.web.filter.FormContentFilter.doFilterInternal(FormContentFilter.java:93)
	at org.springframework.web.filter.OncePerRequestFilter.doFilter(OncePerRequestFilter.java:116)
	at org.apache.catalina.core.ApplicationFilterChain.internalDoFilter(ApplicationFilterChain.java:164)
	at org.apache.catalina.core.ApplicationFilterChain.doFilter(ApplicationFilterChain.java:140)
	at org.springframework.web.filter.ServerHttpObservationFilter.doFilterInternal(ServerHttpObservationFilter.java:114)
	at org.springframework.web.filter.OncePerRequestFilter.doFilter(OncePerRequestFilter.java:116)
	at org.apache.catalina.core.ApplicationFilterChain.internalDoFilter(ApplicationFilterChain.java:164)
	at org.apache.catalina.core.ApplicationFilterChain.doFilter(ApplicationFilterChain.java:140)
	at org.springframework.web.filter.CharacterEncodingFilter.doFilterInternal(CharacterEncodingFilter.java:201)
	at org.springframework.web.filter.OncePerRequestFilter.doFilter(OncePerRequestFilter.java:116)
	at org.apache.catalina.core.ApplicationFilterChain.internalDoFilter(ApplicationFilterChain.java:164)
	at org.apache.catalina.core.ApplicationFilterChain.doFilter(ApplicationFilterChain.java:140)
	at org.apache.catalina.core.StandardWrapperValve.invoke(StandardWrapperValve.java:167)
	at org.apache.catalina.core.StandardContextValve.invoke(StandardContextValve.java:90)
	at org.apache.catalina.authenticator.AuthenticatorBase.invoke(AuthenticatorBase.java:483)
	at org.apache.catalina.core.StandardHostValve.invoke(StandardHostValve.java:116)
	at org.apache.catalina.valves.ErrorReportValve.invoke(ErrorReportValve.java:93)
	at org.apache.catalina.core.StandardEngineValve.invoke(StandardEngineValve.java:74)
	at org.apache.catalina.connector.CoyoteAdapter.service(CoyoteAdapter.java:344)
	at org.apache.coyote.http11.Http11Processor.service(Http11Processor.java:398)
	at org.apache.coyote.AbstractProcessorLight.process(AbstractProcessorLight.java:63)
	at org.apache.coyote.AbstractProtocol$ConnectionHandler.process(AbstractProtocol.java:903)
	at org.apache.tomcat.util.net.NioEndpoint$SocketProcessor.doRun(NioEndpoint.java:1740)
	at org.apache.tomcat.util.net.SocketProcessorBase.run(SocketProcessorBase.java:52)
	at org.apache.tomcat.util.threads.ThreadPoolExecutor.runWorker(ThreadPoolExecutor.java:1189)
	at org.apache.tomcat.util.threads.ThreadPoolExecutor$Worker.run(ThreadPoolExecutor.java:658)
	at org.apache.tomcat.util.threads.TaskThread$WrappingRunnable.run(TaskThread.java:63)
	at java.base/java.lang.Thread.run(Thread.java:1583)
Caused by: org.hibernate.exception.DataException: could not execute statement [Valor demasiado largo para la columna "ERROR_MESSAGE CHARACTER VARYING(1000)": "U&'Error sending notification: could not execute statement [Violaci\\00f3n de ind... (1542)"
Value too long for column "ERROR_MESSAGE CHARACTER VARYING(1000)": "U&'Error sending notification: could not execute statement [Violaci\\00f3n de ind... (1542)"; SQL statement:
insert into notifications (content_attributes,content_body,created_at,error_message,priority,recipient_attributes,recipient_device_token,recipient_email,recipient_phone,recipient_user_id,requester_id,retry_count,scheduled_for,sent_at,source_service,status,subject,template_id,uuid,id) values (?,?,?,?,?,?,?,?,?,?,?,?,?,?,?,?,?,?,?,default) [22001-232]] [insert into notifications (content_attributes,content_body,created_at,error_message,priority,recipient_attributes,recipient_device_token,recipient_email,recipient_phone,recipient_user_id,requester_id,retry_count,scheduled_for,sent_at,source_service,status,subject,template_id,uuid,id) values (?,?,?,?,?,?,?,?,?,?,?,?,?,?,?,?,?,?,?,default)]
	at org.hibernate.exception.internal.SQLExceptionTypeDelegate.convert(SQLExceptionTypeDelegate.java:55)
	at org.hibernate.exception.internal.StandardSQLExceptionConverter.convert(StandardSQLExceptionConverter.java:58)
	at org.hibernate.engine.jdbc.spi.SqlExceptionHelper.convert(SqlExceptionHelper.java:108)
	at org.hibernate.engine.jdbc.internal.ResultSetReturnImpl.executeUpdate(ResultSetReturnImpl.java:197)
	at org.hibernate.id.insert.GetGeneratedKeysDelegate.performMutation(GetGeneratedKeysDelegate.java:116)
	at org.hibernate.engine.jdbc.mutation.internal.MutationExecutorSingleNonBatched.performNonBatchedOperations(MutationExecutorSingleNonBatched.java:47)
	at org.hibernate.engine.jdbc.mutation.internal.AbstractMutationExecutor.execute(AbstractMutationExecutor.java:55)
	at org.hibernate.persister.entity.mutation.InsertCoordinatorStandard.doStaticInserts(InsertCoordinatorStandard.java:194)
	at org.hibernate.persister.entity.mutation.InsertCoordinatorStandard.coordinateInsert(InsertCoordinatorStandard.java:132)
	at org.hibernate.persister.entity.mutation.InsertCoordinatorStandard.insert(InsertCoordinatorStandard.java:95)
	at org.hibernate.action.internal.EntityIdentityInsertAction.execute(EntityIdentityInsertAction.java:85)
	at org.hibernate.engine.spi.ActionQueue.execute(ActionQueue.java:682)
	at org.hibernate.engine.spi.ActionQueue.addResolvedEntityInsertAction(ActionQueue.java:293)
	at org.hibernate.engine.spi.ActionQueue.addInsertAction(ActionQueue.java:274)
	at org.hibernate.engine.spi.ActionQueue.addAction(ActionQueue.java:324)
	at org.hibernate.event.internal.AbstractSaveEventListener.addInsertAction(AbstractSaveEventListener.java:393)
	at org.hibernate.event.internal.AbstractSaveEventListener.performSaveOrReplicate(AbstractSaveEventListener.java:307)
	at org.hibernate.event.internal.AbstractSaveEventListener.performSave(AbstractSaveEventListener.java:223)
	at org.hibernate.event.internal.AbstractSaveEventListener.saveWithGeneratedId(AbstractSaveEventListener.java:136)
	at org.hibernate.event.internal.DefaultPersistEventListener.entityIsTransient(DefaultPersistEventListener.java:177)
	at org.hibernate.event.internal.DefaultPersistEventListener.persist(DefaultPersistEventListener.java:95)
	at org.hibernate.event.internal.DefaultPersistEventListener.onPersist(DefaultPersistEventListener.java:79)
	at org.hibernate.event.internal.DefaultPersistEventListener.onPersist(DefaultPersistEventListener.java:55)
	at org.hibernate.event.service.internal.EventListenerGroupImpl.fireEventOnEachListener(EventListenerGroupImpl.java:127)
	at org.hibernate.internal.SessionImpl.firePersist(SessionImpl.java:761)
	at org.hibernate.internal.SessionImpl.persist(SessionImpl.java:745)
	at java.base/jdk.internal.reflect.DirectMethodHandleAccessor.invoke(DirectMethodHandleAccessor.java:103)
	at java.base/java.lang.reflect.Method.invoke(Method.java:580)
	at org.springframework.orm.jpa.ExtendedEntityManagerCreator$ExtendedEntityManagerInvocationHandler.invoke(ExtendedEntityManagerCreator.java:364)
	at jdk.proxy2/jdk.proxy2.$Proxy176.persist(Unknown Source)
	at java.base/jdk.internal.reflect.DirectMethodHandleAccessor.invoke(DirectMethodHandleAccessor.java:103)
	at java.base/java.lang.reflect.Method.invoke(Method.java:580)
	at org.springframework.orm.jpa.SharedEntityManagerCreator$SharedEntityManagerInvocationHandler.invoke(SharedEntityManagerCreator.java:320)
	at jdk.proxy2/jdk.proxy2.$Proxy176.persist(Unknown Source)
	at org.springframework.data.jpa.repository.support.SimpleJpaRepository.save(SimpleJpaRepository.java:636)
	at java.base/jdk.internal.reflect.DirectMethodHandleAccessor.invoke(DirectMethodHandleAccessor.java:103)
	at java.base/java.lang.reflect.Method.invoke(Method.java:580)
	at org.springframework.aop.support.AopUtils.invokeJoinpointUsingReflection(AopUtils.java:359)
	at org.springframework.data.repository.core.support.RepositoryMethodInvoker$RepositoryFragmentMethodInvoker.lambda$new$0(RepositoryMethodInvoker.java:277)
	at org.springframework.data.repository.core.support.RepositoryMethodInvoker.doInvoke(RepositoryMethodInvoker.java:170)
	at org.springframework.data.repository.core.support.RepositoryMethodInvoker.invoke(RepositoryMethodInvoker.java:158)
	at org.springframework.data.repository.core.support.RepositoryComposition$RepositoryFragments.invoke(RepositoryComposition.java:515)
	at org.springframework.data.repository.core.support.RepositoryComposition.invoke(RepositoryComposition.java:284)
	at org.springframework.data.repository.core.support.RepositoryFactorySupport$ImplementationMethodExecutionInterceptor.invoke(RepositoryFactorySupport.java:731)
	at org.springframework.aop.framework.ReflectiveMethodInvocation.proceed(ReflectiveMethodInvocation.java:184)
	at org.springframework.data.repository.core.support.QueryExecutorMethodInterceptor.doInvoke(QueryExecutorMethodInterceptor.java:174)
	at org.springframework.data.repository.core.support.QueryExecutorMethodInterceptor.invoke(QueryExecutorMethodInterceptor.java:149)
	at org.springframework.aop.framework.ReflectiveMethodInvocation.proceed(ReflectiveMethodInvocation.java:184)
	at org.springframework.data.projection.DefaultMethodInvokingMethodInterceptor.invoke(DefaultMethodInvokingMethodInterceptor.java:69)
	at org.springframework.aop.framework.ReflectiveMethodInvocation.proceed(ReflectiveMethodInvocation.java:184)
	at org.springframework.transaction.interceptor.TransactionAspectSupport.invokeWithinTransaction(TransactionAspectSupport.java:380)
	at org.springframework.transaction.interceptor.TransactionInterceptor.invoke(TransactionInterceptor.java:119)
	at org.springframework.aop.framework.ReflectiveMethodInvocation.proceed(ReflectiveMethodInvocation.java:184)
	at org.springframework.dao.support.PersistenceExceptionTranslationInterceptor.invoke(PersistenceExceptionTranslationInterceptor.java:138)
	... 135 common frames omitted
Caused by: org.h2.jdbc.JdbcSQLDataException: Valor demasiado largo para la columna "ERROR_MESSAGE CHARACTER VARYING(1000)": "U&'Error sending notification: could not execute statement [Violaci\\00f3n de ind... (1542)"
Value too long for column "ERROR_MESSAGE CHARACTER VARYING(1000)": "U&'Error sending notification: could not execute statement [Violaci\\00f3n de ind... (1542)"; SQL statement:
insert into notifications (content_attributes,content_body,created_at,error_message,priority,recipient_attributes,recipient_device_token,recipient_email,recipient_phone,recipient_user_id,requester_id,retry_count,scheduled_for,sent_at,source_service,status,subject,template_id,uuid,id) values (?,?,?,?,?,?,?,?,?,?,?,?,?,?,?,?,?,?,?,default) [22001-232]
	at org.h2.message.DbException.getJdbcSQLException(DbException.java:518)
	at org.h2.message.DbException.getJdbcSQLException(DbException.java:489)
	at org.h2.message.DbException.get(DbException.java:223)
	at org.h2.message.DbException.getValueTooLongException(DbException.java:334)
	at org.h2.value.Value.getValueTooLongException(Value.java:2612)
	at org.h2.value.Value.convertToVarchar(Value.java:1287)
	at org.h2.value.Value.convertTo(Value.java:1143)
	at org.h2.value.Value.convertForAssignTo(Value.java:1118)
	at org.h2.table.Column.validateConvertUpdateSequence(Column.java:406)
	at org.h2.table.Table.convertInsertRow(Table.java:963)
	at org.h2.command.dml.Insert.insertRows(Insert.java:167)
	at org.h2.command.dml.Insert.update(Insert.java:135)
	at org.h2.command.CommandContainer.executeUpdateWithGeneratedKeys(CommandContainer.java:212)
	at org.h2.command.CommandContainer.update(CommandContainer.java:133)
	at org.h2.command.Command.executeUpdate(Command.java:304)
	at org.h2.command.Command.executeUpdate(Command.java:248)
	at org.h2.jdbc.JdbcPreparedStatement.executeUpdateInternal(JdbcPreparedStatement.java:213)
	at org.h2.jdbc.JdbcPreparedStatement.executeUpdate(JdbcPreparedStatement.java:172)
	at com.zaxxer.hikari.pool.ProxyPreparedStatement.executeUpdate(ProxyPreparedStatement.java:61)
	at com.zaxxer.hikari.pool.HikariProxyPreparedStatement.executeUpdate(HikariProxyPreparedStatement.java)
	at org.hibernate.engine.jdbc.internal.ResultSetReturnImpl.executeUpdate(ResultSetReturnImpl.java:194)
	... 185 common frames omitted
2025-07-30 16:43:19,239 [SpringApplicationShutdownHook] INFO  o.s.c.n.e.s.EurekaServiceRegistry                  - Unregistering application NOTIFICATION-SERVICE with eureka with status DOWN
2025-07-30 16:43:19,240 [SpringApplicationShutdownHook] INFO  o.s.b.w.embedded.tomcat.GracefulShutdown           - Commencing graceful shutdown. Waiting for active requests to complete
2025-07-30 16:43:19,245 [tomcat-shutdown] INFO  o.s.b.w.embedded.tomcat.GracefulShutdown           - Graceful shutdown complete
2025-07-30 16:43:19,255 [SpringApplicationShutdownHook] INFO  o.s.o.j.LocalContainerEntityManagerFactoryBean     - Closing JPA EntityManagerFactory for persistence unit 'default'
2025-07-30 16:43:19,256 [SpringApplicationShutdownHook] INFO  com.zaxxer.hikari.HikariDataSource                 - HikariPool-1 - Shutdown initiated...
2025-07-30 16:43:19,257 [SpringApplicationShutdownHook] INFO  com.zaxxer.hikari.HikariDataSource                 - HikariPool-1 - Shutdown completed.
2025-07-30 16:43:19,258 [SpringApplicationShutdownHook] INFO  com.netflix.discovery.DiscoveryClient              - Shutting down DiscoveryClient ...
2025-07-30 16:43:19,258 [SpringApplicationShutdownHook] INFO  com.netflix.discovery.DiscoveryClient              - Completed shut down of DiscoveryClient
2025-07-30 16:43:23,221 [background-preinit] INFO  o.h.validator.internal.util.Version                - HV000001: Hibernate Validator 8.0.2.Final
2025-07-30 16:43:23,255 [main] INFO  edu.market.notification.App                        - Starting App v1.0.0 using Java 21 with PID 25912 (C:\Users\ja2c\Desktop\Cursos\micro-servicio-archt\k8s\microservices\services\notification-service\target\classes started by ja2c in C:\Users\ja2c\Desktop\Cursos\micro-servicio-archt\k8s\microservices\services\notification-service)
2025-07-30 16:43:23,256 [main] DEBUG edu.market.notification.App                        - Running with Spring Boot v3.4.5, Spring v6.2.6
2025-07-30 16:43:23,257 [main] INFO  edu.market.notification.App                        - The following 1 profile is active: "dev"
2025-07-30 16:43:23,284 [main] INFO  o.s.c.c.c.ConfigServerConfigDataLoader             - Fetching config from server at : http://localhost:8890
2025-07-30 16:43:23,285 [main] INFO  o.s.c.c.c.ConfigServerConfigDataLoader             - Exception on Url - http://localhost:8890:org.springframework.web.client.ResourceAccessException: I/O error on GET request for "http://localhost:8890/notification-service/default": Connection refused: no further information. Will be trying the next url if available
2025-07-30 16:43:23,285 [main] WARN  o.s.c.c.c.ConfigServerConfigDataLoader             - Could not locate PropertySource ([ConfigServerConfigDataResource@437ebf59 uris = array<String>['http://localhost:8890'], optional = true, profiles = 'default']): I/O error on GET request for "http://localhost:8890/notification-service/default": Connection refused: no further information
2025-07-30 16:43:23,285 [main] INFO  o.s.c.c.c.ConfigServerConfigDataLoader             - Fetching config from server at : http://localhost:8890
2025-07-30 16:43:23,285 [main] INFO  o.s.c.c.c.ConfigServerConfigDataLoader             - Exception on Url - http://localhost:8890:org.springframework.web.client.ResourceAccessException: I/O error on GET request for "http://localhost:8890/notification-service/dev": Connection refused: no further information. Will be trying the next url if available
2025-07-30 16:43:23,285 [main] WARN  o.s.c.c.c.ConfigServerConfigDataLoader             - Could not locate PropertySource ([ConfigServerConfigDataResource@1d8e2eea uris = array<String>['http://localhost:8890'], optional = true, profiles = 'dev']): I/O error on GET request for "http://localhost:8890/notification-service/dev": Connection refused: no further information
2025-07-30 16:43:23,285 [main] INFO  o.s.c.c.c.ConfigServerConfigDataLoader             - Fetching config from server at : http://localhost:8890
2025-07-30 16:43:23,285 [main] INFO  o.s.c.c.c.ConfigServerConfigDataLoader             - Exception on Url - http://localhost:8890:org.springframework.web.client.ResourceAccessException: I/O error on GET request for "http://localhost:8890/notification-service/default": Connection refused: no further information. Will be trying the next url if available
2025-07-30 16:43:23,285 [main] WARN  o.s.c.c.c.ConfigServerConfigDataLoader             - Could not locate PropertySource ([ConfigServerConfigDataResource@240139e1 uris = array<String>['http://localhost:8890'], optional = true, profiles = 'default']): I/O error on GET request for "http://localhost:8890/notification-service/default": Connection refused: no further information
2025-07-30 16:43:24,230 [main] INFO  o.s.d.r.c.RepositoryConfigurationDelegate          - Bootstrapping Spring Data JPA repositories in DEFAULT mode.
2025-07-30 16:43:24,386 [main] INFO  o.s.d.r.c.RepositoryConfigurationDelegate          - Finished Spring Data repository scanning in 137 ms. Found 6 JPA repository interfaces.
2025-07-30 16:43:24,704 [main] INFO  o.s.cloud.context.scope.GenericScope               - BeanFactory id=3900db60-8d40-363c-9c55-ffe39cb1c59c
2025-07-30 16:43:25,477 [main] INFO  o.s.b.w.embedded.tomcat.TomcatWebServer            - Tomcat initialized with port 8080 (http)
2025-07-30 16:43:25,491 [main] INFO  o.apache.coyote.http11.Http11NioProtocol           - Initializing ProtocolHandler ["http-nio-8080"]
2025-07-30 16:43:25,494 [main] INFO  o.apache.catalina.core.StandardService             - Starting service [Tomcat]
2025-07-30 16:43:25,495 [main] INFO  org.apache.catalina.core.StandardEngine            - Starting Servlet engine: [Apache Tomcat/10.1.40]
2025-07-30 16:43:25,583 [main] INFO  o.a.c.c.C.[.[.[/notification-service]              - Initializing Spring embedded WebApplicationContext
2025-07-30 16:43:25,583 [main] INFO  o.s.b.w.s.c.ServletWebServerApplicationContext     - Root WebApplicationContext: initialization completed in 2296 ms
2025-07-30 16:43:25,998 [main] INFO  com.zaxxer.hikari.HikariDataSource                 - HikariPool-1 - Starting...
2025-07-30 16:43:26,162 [main] INFO  com.zaxxer.hikari.pool.HikariPool                  - HikariPool-1 - Added connection conn0: url=jdbc:h2:mem:userdb user=SA
2025-07-30 16:43:26,163 [main] INFO  com.zaxxer.hikari.HikariDataSource                 - HikariPool-1 - Start completed.
2025-07-30 16:43:26,430 [main] INFO  o.hibernate.jpa.internal.util.LogHelper            - HHH000204: Processing PersistenceUnitInfo [name: default]
2025-07-30 16:43:26,555 [main] INFO  org.hibernate.Version                              - HHH000412: Hibernate ORM core version 6.6.13.Final
2025-07-30 16:43:26,609 [main] INFO  o.h.c.internal.RegionFactoryInitiator              - HHH000026: Second-level cache disabled
2025-07-30 16:43:26,899 [main] INFO  o.s.o.j.p.SpringPersistenceUnitInfo                - No LoadTimeWeaver setup: ignoring JPA class transformer
2025-07-30 16:43:26,949 [main] INFO  org.hibernate.orm.connections.pooling              - HHH10001005: Database info:
	Database JDBC URL [Connecting through datasource 'HikariDataSource (HikariPool-1)']
	Database driver: undefined/unknown
	Database version: 2.3.232
	Autocommit mode: undefined/unknown
	Isolation level: undefined/unknown
	Minimum pool size: undefined/unknown
	Maximum pool size: undefined/unknown
2025-07-30 16:43:27,759 [main] INFO  o.h.e.t.j.p.i.JtaPlatformInitiator                 - HHH000489: No JTA platform available (set 'hibernate.transaction.jta.platform' to enable JTA platform integration)
2025-07-30 16:43:27,864 [main] INFO  o.s.o.j.LocalContainerEntityManagerFactoryBean     - Initialized JPA EntityManagerFactory for persistence unit 'default'
2025-07-30 16:43:28,297 [main] INFO  o.s.d.j.r.query.QueryEnhancerFactory               - Hibernate is in classpath; If applicable, HQL parser will be used.
2025-07-30 16:43:29,411 [main] WARN  o.s.b.a.o.j.JpaBaseConfiguration$JpaWebConfiguration - spring.jpa.open-in-view is enabled by default. Therefore, database queries may be performed during view rendering. Explicitly configure spring.jpa.open-in-view to disable this warning
2025-07-30 16:43:29,777 [main] INFO  o.s.b.a.e.web.EndpointLinksResolver                - Exposing 1 endpoint beneath base path '/actuator'
2025-07-30 16:43:30,190 [main] INFO  o.s.b.a.h2.H2ConsoleAutoConfiguration              - H2 console available at '/h2-console'. Database available at 'jdbc:h2:mem:userdb'
2025-07-30 16:43:30,225 [main] INFO  o.s.c.n.e.c.DiscoveryClientOptionalArgsConfiguration - Eureka HTTP Client uses RestTemplate.
2025-07-30 16:43:30,265 [main] WARN  o.s.c.l.c.LoadBalancerCacheAutoConfiguration$LoadBalancerCaffeineWarnLogger - Spring Cloud LoadBalancer is currently working with the default cache. While this cache implementation is useful for development and tests, it's recommended to use Caffeine cache in production.You can switch to using Caffeine cache, by adding it and org.springframework.cache.caffeine.CaffeineCacheManager to the classpath.
2025-07-30 16:43:30,314 [main] INFO  o.s.c.netflix.eureka.InstanceInfoFactory           - Setting initial instance status as: STARTING
2025-07-30 16:43:30,330 [main] INFO  com.netflix.discovery.DiscoveryClient              - Initializing Eureka in region us-east-1
2025-07-30 16:43:30,330 [main] INFO  com.netflix.discovery.DiscoveryClient              - Client configured to neither register nor query for data.
2025-07-30 16:43:30,331 [main] INFO  com.netflix.discovery.DiscoveryClient              - Discovery Client initialized at timestamp 1753908210331 with initial instances count: 0
2025-07-30 16:43:30,336 [main] INFO  o.s.c.n.e.s.EurekaServiceRegistry                  - Registering application NOTIFICATION-SERVICE with eureka with status UP
2025-07-30 16:43:30,337 [main] INFO  o.apache.coyote.http11.Http11NioProtocol           - Starting ProtocolHandler ["http-nio-8080"]
2025-07-30 16:43:30,349 [main] INFO  o.s.b.w.embedded.tomcat.TomcatWebServer            - Tomcat started on port 8080 (http) with context path '/notification-service'
2025-07-30 16:43:30,350 [main] INFO  o.s.c.n.e.s.EurekaAutoServiceRegistration          - Updating port to 8080
2025-07-30 16:43:30,365 [main] INFO  edu.market.notification.App                        - Started App in 7.984 seconds (process running for 8.407)
2025-07-30 16:43:37,128 [http-nio-8080-exec-1] INFO  o.a.c.c.C.[.[.[/notification-service]              - Initializing Spring DispatcherServlet 'dispatcherServlet'
2025-07-30 16:43:37,128 [http-nio-8080-exec-1] INFO  o.s.web.servlet.DispatcherServlet                  - Initializing Servlet 'dispatcherServlet'
2025-07-30 16:43:37,130 [http-nio-8080-exec-1] INFO  o.s.web.servlet.DispatcherServlet                  - Completed initialization in 2 ms
2025-07-30 16:43:37,189 [http-nio-8080-exec-1] INFO  e.m.n.i.a.i.w.c.NotificationController             - sendNotification - init
2025-07-30 16:43:37,190 [http-nio-8080-exec-1] DEBUG e.m.n.i.a.i.w.c.NotificationController             - sendNotification - Call notificationMapper.toNotificationCommand
2025-07-30 16:43:37,190 [http-nio-8080-exec-1] INFO  e.m.n.i.a.i.w.m.NotificationInputMapper            - toNotificationCommand - init
2025-07-30 16:43:37,190 [http-nio-8080-exec-1] INFO  e.m.n.i.a.i.w.m.NotificationInputMapper            - toNotificationCommand - end
2025-07-30 16:43:37,190 [http-nio-8080-exec-1] DEBUG e.m.n.i.a.i.w.c.NotificationController             - sendNotification - Create ClientContextCommand
2025-07-30 16:43:37,190 [http-nio-8080-exec-1] DEBUG e.m.n.i.a.i.web.util.RequestContextUtil            - Obteniendo IP del cliente
2025-07-30 16:43:37,190 [http-nio-8080-exec-1] DEBUG e.m.n.i.a.i.web.util.RequestContextUtil            - Obteniendo User-Agent del cliente
2025-07-30 16:43:37,191 [http-nio-8080-exec-1] DEBUG e.m.n.i.a.i.web.util.RequestContextUtil            - Obteniendo ruta de la petición
2025-07-30 16:43:37,191 [http-nio-8080-exec-1] DEBUG e.m.n.i.a.i.w.c.NotificationController             - sendNotification - Call sendNotificationUseCase.send
2025-07-30 16:43:37,191 [http-nio-8080-exec-1] INFO  e.m.n.i.a.o.monitoring.LoggingAdapter              - send - Init
2025-07-30 16:43:37,195 [http-nio-8080-exec-1] INFO  e.m.n.i.a.o.p.m.NotificationOutputMapper           - toEntity - Init
2025-07-30 16:43:37,196 [http-nio-8080-exec-1] INFO  e.m.n.i.a.o.p.m.NotificationOutputMapper           - toEntity - End
2025-07-30 16:43:37,252 [http-nio-8080-exec-1] DEBUG e.m.n.i.a.o.monitoring.LoggingAdapter              - send - Notification saved with ID: a83723dd-5631-4bc5-8037-3cb772b77882, channels: [EMAIL, SMS]
2025-07-30 16:43:37,253 [http-nio-8080-exec-1] DEBUG e.m.n.i.a.o.monitoring.LoggingAdapter              - NotificationChannelServiceAdapter.isAvailable - Verificando disponibilidad del canal {}
2025-07-30 16:43:37,253 [http-nio-8080-exec-1] DEBUG e.m.n.i.a.o.monitoring.LoggingAdapter              - send - Call notificationChannel.send
2025-07-30 16:43:37,253 [http-nio-8080-exec-1] INFO  e.m.n.i.a.o.monitoring.LoggingAdapter              - NotificationChannelServiceAdapter.send - Enviando notificación {} por canal {}
2025-07-30 16:43:37,257 [http-nio-8080-exec-1] INFO  e.m.n.i.a.o.monitoring.LoggingAdapter              - NotificationChannelServiceAdapter.send - Notificación {} enviada exitosamente
2025-07-30 16:43:37,257 [metricsCollectorExecutor-1] DEBUG e.m.n.i.a.o.m.MicrometerMetricsAdapter             - Registrando métrica de notificación enviada para canal EMAIL
2025-07-30 16:43:37,257 [metricsCollectorExecutor-0] DEBUG e.m.n.i.a.o.m.MicrometerMetricsAdapter             - Incrementando contador de notificaciones para estado PROCESSING
2025-07-30 16:43:37,258 [http-nio-8080-exec-1] DEBUG e.m.n.i.a.o.monitoring.LoggingAdapter              - send - Mark notification as sent
2025-07-30 16:43:37,258 [http-nio-8080-exec-1] DEBUG e.m.n.i.a.o.monitoring.LoggingAdapter              - send - Call notificationRepository.save for updated notification
2025-07-30 16:43:37,258 [http-nio-8080-exec-1] INFO  e.m.n.i.a.o.p.m.NotificationOutputMapper           - toEntity - Init
2025-07-30 16:43:37,258 [http-nio-8080-exec-1] INFO  e.m.n.i.a.o.p.m.NotificationOutputMapper           - toEntity - End
2025-07-30 16:43:37,259 [metricsCollectorExecutor-0] DEBUG e.m.n.i.a.o.m.MicrometerMetricsAdapter             - Contador de notificaciones incrementado exitosamente
2025-07-30 16:43:37,259 [metricsCollectorExecutor-1] DEBUG e.m.n.i.a.o.m.MicrometerMetricsAdapter             - Métrica de notificación enviada registrada exitosamente
2025-07-30 16:43:37,263 [http-nio-8080-exec-1] WARN  o.h.engine.jdbc.spi.SqlExceptionHelper             - SQL Error: 23505, SQLState: 23505
2025-07-30 16:43:37,263 [http-nio-8080-exec-1] ERROR o.h.engine.jdbc.spi.SqlExceptionHelper             - Violación de indice de Unicidad ó Clave primaria: "PUBLIC.UK_NOTIFICATIONS_UUID_INDEX_C ON PUBLIC.NOTIFICATIONS(UUID NULLS FIRST) VALUES ( /* 1 */ UUID 'a83723dd-5631-4bc5-8037-3cb772b77882' )"
Unique index or primary key violation: "PUBLIC.UK_NOTIFICATIONS_UUID_INDEX_C ON PUBLIC.NOTIFICATIONS(UUID NULLS FIRST) VALUES ( /* 1 */ UUID 'a83723dd-5631-4bc5-8037-3cb772b77882' )"; SQL statement:
insert into notifications (content_attributes,content_body,created_at,error_message,priority,recipient_attributes,recipient_device_token,recipient_email,recipient_phone,recipient_user_id,requester_id,retry_count,scheduled_for,sent_at,source_service,status,subject,template_id,uuid,id) values (?,?,?,?,?,?,?,?,?,?,?,?,?,?,?,?,?,?,?,default) [23505-232]
2025-07-30 16:43:37,268 [http-nio-8080-exec-1] ERROR e.m.n.i.a.o.monitoring.LoggingAdapter              - send - Exception occurred
org.springframework.dao.DataIntegrityViolationException: could not execute statement [Violación de indice de Unicidad ó Clave primaria: "PUBLIC.UK_NOTIFICATIONS_UUID_INDEX_C ON PUBLIC.NOTIFICATIONS(UUID NULLS FIRST) VALUES ( /* 1 */ UUID 'a83723dd-5631-4bc5-8037-3cb772b77882' )"
Unique index or primary key violation: "PUBLIC.UK_NOTIFICATIONS_UUID_INDEX_C ON PUBLIC.NOTIFICATIONS(UUID NULLS FIRST) VALUES ( /* 1 */ UUID 'a83723dd-5631-4bc5-8037-3cb772b77882' )"; SQL statement:
insert into notifications (content_attributes,content_body,created_at,error_message,priority,recipient_attributes,recipient_device_token,recipient_email,recipient_phone,recipient_user_id,requester_id,retry_count,scheduled_for,sent_at,source_service,status,subject,template_id,uuid,id) values (?,?,?,?,?,?,?,?,?,?,?,?,?,?,?,?,?,?,?,default) [23505-232]] [insert into notifications (content_attributes,content_body,created_at,error_message,priority,recipient_attributes,recipient_device_token,recipient_email,recipient_phone,recipient_user_id,requester_id,retry_count,scheduled_for,sent_at,source_service,status,subject,template_id,uuid,id) values (?,?,?,?,?,?,?,?,?,?,?,?,?,?,?,?,?,?,?,default)]; SQL [insert into notifications (content_attributes,content_body,created_at,error_message,priority,recipient_attributes,recipient_device_token,recipient_email,recipient_phone,recipient_user_id,requester_id,retry_count,scheduled_for,sent_at,source_service,status,subject,template_id,uuid,id) values (?,?,?,?,?,?,?,?,?,?,?,?,?,?,?,?,?,?,?,default)]; constraint [PUBLIC.UK_NOTIFICATIONS_UUID_INDEX_C]
	at org.springframework.orm.jpa.vendor.HibernateJpaDialect.convertHibernateAccessException(HibernateJpaDialect.java:294)
	at org.springframework.orm.jpa.vendor.HibernateJpaDialect.convertHibernateAccessException(HibernateJpaDialect.java:256)
	at org.springframework.orm.jpa.vendor.HibernateJpaDialect.translateExceptionIfPossible(HibernateJpaDialect.java:241)
	at org.springframework.orm.jpa.AbstractEntityManagerFactoryBean.translateExceptionIfPossible(AbstractEntityManagerFactoryBean.java:560)
	at org.springframework.dao.support.ChainedPersistenceExceptionTranslator.translateExceptionIfPossible(ChainedPersistenceExceptionTranslator.java:61)
	at org.springframework.dao.support.DataAccessUtils.translateIfNecessary(DataAccessUtils.java:343)
	at org.springframework.dao.support.PersistenceExceptionTranslationInterceptor.invoke(PersistenceExceptionTranslationInterceptor.java:160)
	at org.springframework.aop.framework.ReflectiveMethodInvocation.proceed(ReflectiveMethodInvocation.java:184)
	at org.springframework.data.jpa.repository.support.CrudMethodMetadataPostProcessor$CrudMethodMetadataPopulatingMethodInterceptor.invoke(CrudMethodMetadataPostProcessor.java:165)
	at org.springframework.aop.framework.ReflectiveMethodInvocation.proceed(ReflectiveMethodInvocation.java:184)
	at org.springframework.aop.framework.JdkDynamicAopProxy.invoke(JdkDynamicAopProxy.java:223)
	at jdk.proxy2/jdk.proxy2.$Proxy187.save(Unknown Source)
	at edu.market.notification.infrastructure.adapter.output.persistence.NotificationRepositoryAdapter.save(NotificationRepositoryAdapter.java:36)
	at java.base/jdk.internal.reflect.DirectMethodHandleAccessor.invoke(DirectMethodHandleAccessor.java:103)
	at java.base/java.lang.reflect.Method.invoke(Method.java:580)
	at org.springframework.aop.support.AopUtils.invokeJoinpointUsingReflection(AopUtils.java:359)
	at org.springframework.aop.framework.ReflectiveMethodInvocation.invokeJoinpoint(ReflectiveMethodInvocation.java:196)
	at org.springframework.aop.framework.ReflectiveMethodInvocation.proceed(ReflectiveMethodInvocation.java:163)
	at org.springframework.transaction.interceptor.TransactionAspectSupport.invokeWithinTransaction(TransactionAspectSupport.java:380)
	at org.springframework.transaction.interceptor.TransactionInterceptor.invoke(TransactionInterceptor.java:119)
	at org.springframework.aop.framework.ReflectiveMethodInvocation.proceed(ReflectiveMethodInvocation.java:184)
	at org.springframework.aop.framework.CglibAopProxy$DynamicAdvisedInterceptor.intercept(CglibAopProxy.java:728)
	at edu.market.notification.infrastructure.adapter.output.persistence.NotificationRepositoryAdapter$$SpringCGLIB$$0.save(<generated>)
	at edu.market.notification.application.usecase.notification.SendNotificationUseCase.send(SendNotificationUseCase.java:106)
	at edu.market.notification.infrastructure.adapter.input.web.controller.NotificationController.sendNotification(NotificationController.java:156)
	at java.base/jdk.internal.reflect.DirectMethodHandleAccessor.invoke(DirectMethodHandleAccessor.java:103)
	at java.base/java.lang.reflect.Method.invoke(Method.java:580)
	at org.springframework.web.method.support.InvocableHandlerMethod.doInvoke(InvocableHandlerMethod.java:258)
	at org.springframework.web.method.support.InvocableHandlerMethod.invokeForRequest(InvocableHandlerMethod.java:191)
	at org.springframework.web.servlet.mvc.method.annotation.ServletInvocableHandlerMethod.invokeAndHandle(ServletInvocableHandlerMethod.java:118)
	at org.springframework.web.servlet.mvc.method.annotation.RequestMappingHandlerAdapter.invokeHandlerMethod(RequestMappingHandlerAdapter.java:986)
	at org.springframework.web.servlet.mvc.method.annotation.RequestMappingHandlerAdapter.handleInternal(RequestMappingHandlerAdapter.java:891)
	at org.springframework.web.servlet.mvc.method.AbstractHandlerMethodAdapter.handle(AbstractHandlerMethodAdapter.java:87)
	at org.springframework.web.servlet.DispatcherServlet.doDispatch(DispatcherServlet.java:1089)
	at org.springframework.web.servlet.DispatcherServlet.doService(DispatcherServlet.java:979)
	at org.springframework.web.servlet.FrameworkServlet.processRequest(FrameworkServlet.java:1014)
	at org.springframework.web.servlet.FrameworkServlet.doPost(FrameworkServlet.java:914)
	at jakarta.servlet.http.HttpServlet.service(HttpServlet.java:590)
	at org.springframework.web.servlet.FrameworkServlet.service(FrameworkServlet.java:885)
	at jakarta.servlet.http.HttpServlet.service(HttpServlet.java:658)
	at org.apache.catalina.core.ApplicationFilterChain.internalDoFilter(ApplicationFilterChain.java:195)
	at org.apache.catalina.core.ApplicationFilterChain.doFilter(ApplicationFilterChain.java:140)
	at org.apache.tomcat.websocket.server.WsFilter.doFilter(WsFilter.java:51)
	at org.apache.catalina.core.ApplicationFilterChain.internalDoFilter(ApplicationFilterChain.java:164)
	at org.apache.catalina.core.ApplicationFilterChain.doFilter(ApplicationFilterChain.java:140)
	at org.springframework.web.filter.CompositeFilter$VirtualFilterChain.doFilter(CompositeFilter.java:108)
	at org.springframework.security.web.FilterChainProxy.lambda$doFilterInternal$3(FilterChainProxy.java:231)
	at org.springframework.security.web.ObservationFilterChainDecorator$FilterObservation$SimpleFilterObservation.lambda$wrap$1(ObservationFilterChainDecorator.java:479)
	at org.springframework.security.web.ObservationFilterChainDecorator$AroundFilterObservation$SimpleAroundFilterObservation.lambda$wrap$1(ObservationFilterChainDecorator.java:340)
	at org.springframework.security.web.ObservationFilterChainDecorator.lambda$wrapSecured$0(ObservationFilterChainDecorator.java:82)
	at org.springframework.security.web.ObservationFilterChainDecorator$VirtualFilterChain.doFilter(ObservationFilterChainDecorator.java:128)
	at org.springframework.security.web.access.intercept.AuthorizationFilter.doFilter(AuthorizationFilter.java:101)
	at org.springframework.security.web.ObservationFilterChainDecorator$ObservationFilter.wrapFilter(ObservationFilterChainDecorator.java:240)
	at org.springframework.security.web.ObservationFilterChainDecorator$ObservationFilter.doFilter(ObservationFilterChainDecorator.java:227)
	at org.springframework.security.web.ObservationFilterChainDecorator$VirtualFilterChain.doFilter(ObservationFilterChainDecorator.java:137)
	at org.springframework.security.web.access.ExceptionTranslationFilter.doFilter(ExceptionTranslationFilter.java:126)
	at org.springframework.security.web.access.ExceptionTranslationFilter.doFilter(ExceptionTranslationFilter.java:120)
	at org.springframework.security.web.ObservationFilterChainDecorator$ObservationFilter.wrapFilter(ObservationFilterChainDecorator.java:240)
	at org.springframework.security.web.ObservationFilterChainDecorator$ObservationFilter.doFilter(ObservationFilterChainDecorator.java:227)
	at org.springframework.security.web.ObservationFilterChainDecorator$VirtualFilterChain.doFilter(ObservationFilterChainDecorator.java:137)
	at org.springframework.security.web.authentication.AnonymousAuthenticationFilter.doFilter(AnonymousAuthenticationFilter.java:100)
	at org.springframework.security.web.ObservationFilterChainDecorator$ObservationFilter.wrapFilter(ObservationFilterChainDecorator.java:240)
	at org.springframework.security.web.ObservationFilterChainDecorator$ObservationFilter.doFilter(ObservationFilterChainDecorator.java:227)
	at org.springframework.security.web.ObservationFilterChainDecorator$VirtualFilterChain.doFilter(ObservationFilterChainDecorator.java:137)
	at org.springframework.security.web.servletapi.SecurityContextHolderAwareRequestFilter.doFilter(SecurityContextHolderAwareRequestFilter.java:179)
	at org.springframework.security.web.ObservationFilterChainDecorator$ObservationFilter.wrapFilter(ObservationFilterChainDecorator.java:240)
	at org.springframework.security.web.ObservationFilterChainDecorator$ObservationFilter.doFilter(ObservationFilterChainDecorator.java:227)
	at org.springframework.security.web.ObservationFilterChainDecorator$VirtualFilterChain.doFilter(ObservationFilterChainDecorator.java:137)
	at org.springframework.security.web.savedrequest.RequestCacheAwareFilter.doFilter(RequestCacheAwareFilter.java:63)
	at org.springframework.security.web.ObservationFilterChainDecorator$ObservationFilter.wrapFilter(ObservationFilterChainDecorator.java:240)
	at org.springframework.security.web.ObservationFilterChainDecorator$ObservationFilter.doFilter(ObservationFilterChainDecorator.java:227)
	at org.springframework.security.web.ObservationFilterChainDecorator$VirtualFilterChain.doFilter(ObservationFilterChainDecorator.java:137)
	at org.springframework.security.web.authentication.logout.LogoutFilter.doFilter(LogoutFilter.java:107)
	at org.springframework.security.web.authentication.logout.LogoutFilter.doFilter(LogoutFilter.java:93)
	at org.springframework.security.web.ObservationFilterChainDecorator$ObservationFilter.wrapFilter(ObservationFilterChainDecorator.java:240)
	at org.springframework.security.web.ObservationFilterChainDecorator$ObservationFilter.doFilter(ObservationFilterChainDecorator.java:227)
	at org.springframework.security.web.ObservationFilterChainDecorator$VirtualFilterChain.doFilter(ObservationFilterChainDecorator.java:137)
	at org.springframework.security.web.header.HeaderWriterFilter.doHeadersAfter(HeaderWriterFilter.java:90)
	at org.springframework.security.web.header.HeaderWriterFilter.doFilterInternal(HeaderWriterFilter.java:75)
	at org.springframework.web.filter.OncePerRequestFilter.doFilter(OncePerRequestFilter.java:116)
	at org.springframework.security.web.ObservationFilterChainDecorator$ObservationFilter.wrapFilter(ObservationFilterChainDecorator.java:240)
	at org.springframework.security.web.ObservationFilterChainDecorator$ObservationFilter.doFilter(ObservationFilterChainDecorator.java:227)
	at org.springframework.security.web.ObservationFilterChainDecorator$VirtualFilterChain.doFilter(ObservationFilterChainDecorator.java:137)
	at org.springframework.security.web.context.SecurityContextHolderFilter.doFilter(SecurityContextHolderFilter.java:82)
	at org.springframework.security.web.context.SecurityContextHolderFilter.doFilter(SecurityContextHolderFilter.java:69)
	at org.springframework.security.web.ObservationFilterChainDecorator$ObservationFilter.wrapFilter(ObservationFilterChainDecorator.java:240)
	at org.springframework.security.web.ObservationFilterChainDecorator$ObservationFilter.doFilter(ObservationFilterChainDecorator.java:227)
	at org.springframework.security.web.ObservationFilterChainDecorator$VirtualFilterChain.doFilter(ObservationFilterChainDecorator.java:137)
	at org.springframework.security.web.context.request.async.WebAsyncManagerIntegrationFilter.doFilterInternal(WebAsyncManagerIntegrationFilter.java:62)
	at org.springframework.web.filter.OncePerRequestFilter.doFilter(OncePerRequestFilter.java:116)
	at org.springframework.security.web.ObservationFilterChainDecorator$ObservationFilter.wrapFilter(ObservationFilterChainDecorator.java:240)
	at org.springframework.security.web.ObservationFilterChainDecorator$ObservationFilter.doFilter(ObservationFilterChainDecorator.java:227)
	at org.springframework.security.web.ObservationFilterChainDecorator$VirtualFilterChain.doFilter(ObservationFilterChainDecorator.java:137)
	at org.springframework.security.web.session.DisableEncodeUrlFilter.doFilterInternal(DisableEncodeUrlFilter.java:42)
	at org.springframework.web.filter.OncePerRequestFilter.doFilter(OncePerRequestFilter.java:116)
	at org.springframework.security.web.ObservationFilterChainDecorator$ObservationFilter.wrapFilter(ObservationFilterChainDecorator.java:240)
	at org.springframework.security.web.ObservationFilterChainDecorator$AroundFilterObservation$SimpleAroundFilterObservation.lambda$wrap$0(ObservationFilterChainDecorator.java:323)
	at org.springframework.security.web.ObservationFilterChainDecorator$ObservationFilter.doFilter(ObservationFilterChainDecorator.java:224)
	at org.springframework.security.web.ObservationFilterChainDecorator$VirtualFilterChain.doFilter(ObservationFilterChainDecorator.java:137)
	at org.springframework.security.web.FilterChainProxy.doFilterInternal(FilterChainProxy.java:233)
	at org.springframework.security.web.FilterChainProxy.doFilter(FilterChainProxy.java:191)
	at org.springframework.web.filter.CompositeFilter$VirtualFilterChain.doFilter(CompositeFilter.java:113)
	at org.springframework.web.servlet.handler.HandlerMappingIntrospector.lambda$createCacheFilter$3(HandlerMappingIntrospector.java:243)
	at org.springframework.web.filter.CompositeFilter$VirtualFilterChain.doFilter(CompositeFilter.java:113)
	at org.springframework.web.filter.CompositeFilter.doFilter(CompositeFilter.java:74)
	at org.springframework.security.config.annotation.web.configuration.WebMvcSecurityConfiguration$CompositeFilterChainProxy.doFilter(WebMvcSecurityConfiguration.java:238)
	at org.springframework.web.filter.DelegatingFilterProxy.invokeDelegate(DelegatingFilterProxy.java:362)
	at org.springframework.web.filter.DelegatingFilterProxy.doFilter(DelegatingFilterProxy.java:278)
	at org.apache.catalina.core.ApplicationFilterChain.internalDoFilter(ApplicationFilterChain.java:164)
	at org.apache.catalina.core.ApplicationFilterChain.doFilter(ApplicationFilterChain.java:140)
	at org.springframework.web.filter.RequestContextFilter.doFilterInternal(RequestContextFilter.java:100)
	at org.springframework.web.filter.OncePerRequestFilter.doFilter(OncePerRequestFilter.java:116)
	at org.apache.catalina.core.ApplicationFilterChain.internalDoFilter(ApplicationFilterChain.java:164)
	at org.apache.catalina.core.ApplicationFilterChain.doFilter(ApplicationFilterChain.java:140)
	at org.springframework.web.filter.FormContentFilter.doFilterInternal(FormContentFilter.java:93)
	at org.springframework.web.filter.OncePerRequestFilter.doFilter(OncePerRequestFilter.java:116)
	at org.apache.catalina.core.ApplicationFilterChain.internalDoFilter(ApplicationFilterChain.java:164)
	at org.apache.catalina.core.ApplicationFilterChain.doFilter(ApplicationFilterChain.java:140)
	at org.springframework.web.filter.ServerHttpObservationFilter.doFilterInternal(ServerHttpObservationFilter.java:114)
	at org.springframework.web.filter.OncePerRequestFilter.doFilter(OncePerRequestFilter.java:116)
	at org.apache.catalina.core.ApplicationFilterChain.internalDoFilter(ApplicationFilterChain.java:164)
	at org.apache.catalina.core.ApplicationFilterChain.doFilter(ApplicationFilterChain.java:140)
	at org.springframework.web.filter.CharacterEncodingFilter.doFilterInternal(CharacterEncodingFilter.java:201)
	at org.springframework.web.filter.OncePerRequestFilter.doFilter(OncePerRequestFilter.java:116)
	at org.apache.catalina.core.ApplicationFilterChain.internalDoFilter(ApplicationFilterChain.java:164)
	at org.apache.catalina.core.ApplicationFilterChain.doFilter(ApplicationFilterChain.java:140)
	at org.apache.catalina.core.StandardWrapperValve.invoke(StandardWrapperValve.java:167)
	at org.apache.catalina.core.StandardContextValve.invoke(StandardContextValve.java:90)
	at org.apache.catalina.authenticator.AuthenticatorBase.invoke(AuthenticatorBase.java:483)
	at org.apache.catalina.core.StandardHostValve.invoke(StandardHostValve.java:116)
	at org.apache.catalina.valves.ErrorReportValve.invoke(ErrorReportValve.java:93)
	at org.apache.catalina.core.StandardEngineValve.invoke(StandardEngineValve.java:74)
	at org.apache.catalina.connector.CoyoteAdapter.service(CoyoteAdapter.java:344)
	at org.apache.coyote.http11.Http11Processor.service(Http11Processor.java:398)
	at org.apache.coyote.AbstractProcessorLight.process(AbstractProcessorLight.java:63)
	at org.apache.coyote.AbstractProtocol$ConnectionHandler.process(AbstractProtocol.java:903)
	at org.apache.tomcat.util.net.NioEndpoint$SocketProcessor.doRun(NioEndpoint.java:1740)
	at org.apache.tomcat.util.net.SocketProcessorBase.run(SocketProcessorBase.java:52)
	at org.apache.tomcat.util.threads.ThreadPoolExecutor.runWorker(ThreadPoolExecutor.java:1189)
	at org.apache.tomcat.util.threads.ThreadPoolExecutor$Worker.run(ThreadPoolExecutor.java:658)
	at org.apache.tomcat.util.threads.TaskThread$WrappingRunnable.run(TaskThread.java:63)
	at java.base/java.lang.Thread.run(Thread.java:1583)
Caused by: org.hibernate.exception.ConstraintViolationException: could not execute statement [Violación de indice de Unicidad ó Clave primaria: "PUBLIC.UK_NOTIFICATIONS_UUID_INDEX_C ON PUBLIC.NOTIFICATIONS(UUID NULLS FIRST) VALUES ( /* 1 */ UUID 'a83723dd-5631-4bc5-8037-3cb772b77882' )"
Unique index or primary key violation: "PUBLIC.UK_NOTIFICATIONS_UUID_INDEX_C ON PUBLIC.NOTIFICATIONS(UUID NULLS FIRST) VALUES ( /* 1 */ UUID 'a83723dd-5631-4bc5-8037-3cb772b77882' )"; SQL statement:
insert into notifications (content_attributes,content_body,created_at,error_message,priority,recipient_attributes,recipient_device_token,recipient_email,recipient_phone,recipient_user_id,requester_id,retry_count,scheduled_for,sent_at,source_service,status,subject,template_id,uuid,id) values (?,?,?,?,?,?,?,?,?,?,?,?,?,?,?,?,?,?,?,default) [23505-232]] [insert into notifications (content_attributes,content_body,created_at,error_message,priority,recipient_attributes,recipient_device_token,recipient_email,recipient_phone,recipient_user_id,requester_id,retry_count,scheduled_for,sent_at,source_service,status,subject,template_id,uuid,id) values (?,?,?,?,?,?,?,?,?,?,?,?,?,?,?,?,?,?,?,default)]
	at org.hibernate.dialect.H2Dialect.lambda$buildSQLExceptionConversionDelegate$3(H2Dialect.java:759)
	at org.hibernate.exception.internal.StandardSQLExceptionConverter.convert(StandardSQLExceptionConverter.java:58)
	at org.hibernate.engine.jdbc.spi.SqlExceptionHelper.convert(SqlExceptionHelper.java:108)
	at org.hibernate.engine.jdbc.internal.ResultSetReturnImpl.executeUpdate(ResultSetReturnImpl.java:197)
	at org.hibernate.id.insert.GetGeneratedKeysDelegate.performMutation(GetGeneratedKeysDelegate.java:116)
	at org.hibernate.engine.jdbc.mutation.internal.MutationExecutorSingleNonBatched.performNonBatchedOperations(MutationExecutorSingleNonBatched.java:47)
	at org.hibernate.engine.jdbc.mutation.internal.AbstractMutationExecutor.execute(AbstractMutationExecutor.java:55)
	at org.hibernate.persister.entity.mutation.InsertCoordinatorStandard.doStaticInserts(InsertCoordinatorStandard.java:194)
	at org.hibernate.persister.entity.mutation.InsertCoordinatorStandard.coordinateInsert(InsertCoordinatorStandard.java:132)
	at org.hibernate.persister.entity.mutation.InsertCoordinatorStandard.insert(InsertCoordinatorStandard.java:95)
	at org.hibernate.action.internal.EntityIdentityInsertAction.execute(EntityIdentityInsertAction.java:85)
	at org.hibernate.engine.spi.ActionQueue.execute(ActionQueue.java:682)
	at org.hibernate.engine.spi.ActionQueue.addResolvedEntityInsertAction(ActionQueue.java:293)
	at org.hibernate.engine.spi.ActionQueue.addInsertAction(ActionQueue.java:274)
	at org.hibernate.engine.spi.ActionQueue.addAction(ActionQueue.java:324)
	at org.hibernate.event.internal.AbstractSaveEventListener.addInsertAction(AbstractSaveEventListener.java:393)
	at org.hibernate.event.internal.AbstractSaveEventListener.performSaveOrReplicate(AbstractSaveEventListener.java:307)
	at org.hibernate.event.internal.AbstractSaveEventListener.performSave(AbstractSaveEventListener.java:223)
	at org.hibernate.event.internal.AbstractSaveEventListener.saveWithGeneratedId(AbstractSaveEventListener.java:136)
	at org.hibernate.event.internal.DefaultPersistEventListener.entityIsTransient(DefaultPersistEventListener.java:177)
	at org.hibernate.event.internal.DefaultPersistEventListener.persist(DefaultPersistEventListener.java:95)
	at org.hibernate.event.internal.DefaultPersistEventListener.onPersist(DefaultPersistEventListener.java:79)
	at org.hibernate.event.internal.DefaultPersistEventListener.onPersist(DefaultPersistEventListener.java:55)
	at org.hibernate.event.service.internal.EventListenerGroupImpl.fireEventOnEachListener(EventListenerGroupImpl.java:127)
	at org.hibernate.internal.SessionImpl.firePersist(SessionImpl.java:761)
	at org.hibernate.internal.SessionImpl.persist(SessionImpl.java:745)
	at java.base/jdk.internal.reflect.DirectMethodHandleAccessor.invoke(DirectMethodHandleAccessor.java:103)
	at java.base/java.lang.reflect.Method.invoke(Method.java:580)
	at org.springframework.orm.jpa.ExtendedEntityManagerCreator$ExtendedEntityManagerInvocationHandler.invoke(ExtendedEntityManagerCreator.java:364)
	at jdk.proxy2/jdk.proxy2.$Proxy176.persist(Unknown Source)
	at java.base/jdk.internal.reflect.DirectMethodHandleAccessor.invoke(DirectMethodHandleAccessor.java:103)
	at java.base/java.lang.reflect.Method.invoke(Method.java:580)
	at org.springframework.orm.jpa.SharedEntityManagerCreator$SharedEntityManagerInvocationHandler.invoke(SharedEntityManagerCreator.java:320)
	at jdk.proxy2/jdk.proxy2.$Proxy176.persist(Unknown Source)
	at org.springframework.data.jpa.repository.support.SimpleJpaRepository.save(SimpleJpaRepository.java:636)
	at java.base/jdk.internal.reflect.DirectMethodHandleAccessor.invoke(DirectMethodHandleAccessor.java:103)
	at java.base/java.lang.reflect.Method.invoke(Method.java:580)
	at org.springframework.aop.support.AopUtils.invokeJoinpointUsingReflection(AopUtils.java:359)
	at org.springframework.data.repository.core.support.RepositoryMethodInvoker$RepositoryFragmentMethodInvoker.lambda$new$0(RepositoryMethodInvoker.java:277)
	at org.springframework.data.repository.core.support.RepositoryMethodInvoker.doInvoke(RepositoryMethodInvoker.java:170)
	at org.springframework.data.repository.core.support.RepositoryMethodInvoker.invoke(RepositoryMethodInvoker.java:158)
	at org.springframework.data.repository.core.support.RepositoryComposition$RepositoryFragments.invoke(RepositoryComposition.java:515)
	at org.springframework.data.repository.core.support.RepositoryComposition.invoke(RepositoryComposition.java:284)
	at org.springframework.data.repository.core.support.RepositoryFactorySupport$ImplementationMethodExecutionInterceptor.invoke(RepositoryFactorySupport.java:731)
	at org.springframework.aop.framework.ReflectiveMethodInvocation.proceed(ReflectiveMethodInvocation.java:184)
	at org.springframework.data.repository.core.support.QueryExecutorMethodInterceptor.doInvoke(QueryExecutorMethodInterceptor.java:174)
	at org.springframework.data.repository.core.support.QueryExecutorMethodInterceptor.invoke(QueryExecutorMethodInterceptor.java:149)
	at org.springframework.aop.framework.ReflectiveMethodInvocation.proceed(ReflectiveMethodInvocation.java:184)
	at org.springframework.data.projection.DefaultMethodInvokingMethodInterceptor.invoke(DefaultMethodInvokingMethodInterceptor.java:69)
	at org.springframework.aop.framework.ReflectiveMethodInvocation.proceed(ReflectiveMethodInvocation.java:184)
	at org.springframework.transaction.interceptor.TransactionAspectSupport.invokeWithinTransaction(TransactionAspectSupport.java:380)
	at org.springframework.transaction.interceptor.TransactionInterceptor.invoke(TransactionInterceptor.java:119)
	at org.springframework.aop.framework.ReflectiveMethodInvocation.proceed(ReflectiveMethodInvocation.java:184)
	at org.springframework.dao.support.PersistenceExceptionTranslationInterceptor.invoke(PersistenceExceptionTranslationInterceptor.java:138)
	... 135 common frames omitted
Caused by: org.h2.jdbc.JdbcSQLIntegrityConstraintViolationException: Violación de indice de Unicidad ó Clave primaria: "PUBLIC.UK_NOTIFICATIONS_UUID_INDEX_C ON PUBLIC.NOTIFICATIONS(UUID NULLS FIRST) VALUES ( /* 1 */ UUID 'a83723dd-5631-4bc5-8037-3cb772b77882' )"
Unique index or primary key violation: "PUBLIC.UK_NOTIFICATIONS_UUID_INDEX_C ON PUBLIC.NOTIFICATIONS(UUID NULLS FIRST) VALUES ( /* 1 */ UUID 'a83723dd-5631-4bc5-8037-3cb772b77882' )"; SQL statement:
insert into notifications (content_attributes,content_body,created_at,error_message,priority,recipient_attributes,recipient_device_token,recipient_email,recipient_phone,recipient_user_id,requester_id,retry_count,scheduled_for,sent_at,source_service,status,subject,template_id,uuid,id) values (?,?,?,?,?,?,?,?,?,?,?,?,?,?,?,?,?,?,?,default) [23505-232]
	at org.h2.message.DbException.getJdbcSQLException(DbException.java:520)
	at org.h2.message.DbException.getJdbcSQLException(DbException.java:489)
	at org.h2.message.DbException.get(DbException.java:223)
	at org.h2.message.DbException.get(DbException.java:199)
	at org.h2.index.Index.getDuplicateKeyException(Index.java:523)
	at org.h2.mvstore.db.MVSecondaryIndex.checkUnique(MVSecondaryIndex.java:223)
	at org.h2.mvstore.db.MVSecondaryIndex.add(MVSecondaryIndex.java:184)
	at org.h2.mvstore.db.MVTable.addRow(MVTable.java:517)
	at org.h2.command.dml.Insert.insertRows(Insert.java:174)
	at org.h2.command.dml.Insert.update(Insert.java:135)
	at org.h2.command.CommandContainer.executeUpdateWithGeneratedKeys(CommandContainer.java:212)
	at org.h2.command.CommandContainer.update(CommandContainer.java:133)
	at org.h2.command.Command.executeUpdate(Command.java:304)
	at org.h2.command.Command.executeUpdate(Command.java:248)
	at org.h2.jdbc.JdbcPreparedStatement.executeUpdateInternal(JdbcPreparedStatement.java:213)
	at org.h2.jdbc.JdbcPreparedStatement.executeUpdate(JdbcPreparedStatement.java:172)
	at com.zaxxer.hikari.pool.ProxyPreparedStatement.executeUpdate(ProxyPreparedStatement.java:61)
	at com.zaxxer.hikari.pool.HikariProxyPreparedStatement.executeUpdate(HikariProxyPreparedStatement.java)
	at org.hibernate.engine.jdbc.internal.ResultSetReturnImpl.executeUpdate(ResultSetReturnImpl.java:194)
	... 185 common frames omitted
2025-07-30 16:43:37,273 [http-nio-8080-exec-1] DEBUG e.m.n.i.a.o.monitoring.LoggingAdapter              - send - Call saveFailedEventToOutbox
2025-07-30 16:43:37,273 [http-nio-8080-exec-1] DEBUG e.m.n.i.a.o.monitoring.LoggingAdapter              - saveFailedEventToOutbox - Saving failed event to outbox for notification: a83723dd-5631-4bc5-8037-3cb772b77882, error: Error sending notification: could not execute statement [Violación de indice de Unicidad ó Clave primaria: "PUBLIC.UK_NOTIFICATIONS_UUID_INDEX_C ON PUBLIC.NOTIFICATIONS(UUID NULLS FIRST) VALUES ( /* 1 */ UUID 'a83723dd-5631-4bc5-8037-3cb772b77882' )"
Unique index or primary key violation: "PUBLIC.UK_NOTIFICATIONS_UUID_INDEX_C ON PUBLIC.NOTIFICATIONS(UUID NULLS FIRST) VALUES ( /* 1 */ UUID 'a83723dd-5631-4bc5-8037-3cb772b77882' )"; SQL statement:
insert into notifications (content_attributes,content_body,created_at,error_message,priority,recipient_attributes,recipient_device_token,recipient_email,recipient_phone,recipient_user_id,requester_id,retry_count,scheduled_for,sent_at,source_service,status,subject,template_id,uuid,id) values (?,?,?,?,?,?,?,?,?,?,?,?,?,?,?,?,?,?,?,default) [23505-232]] [insert into notifications (content_attributes,content_body,created_at,error_message,priority,recipient_attributes,recipient_device_token,recipient_email,recipient_phone,recipient_user_id,requester_id,retry_count,scheduled_for,sent_at,source_service,status,subject,template_id,uuid,id) values (?,?,?,?,?,?,?,?,?,?,?,?,?,?,?,?,?,?,?,default)]; SQL [insert into notifications (content_attributes,content_body,created_at,error_message,priority,recipient_attributes,recipient_device_token,recipient_email,recipient_phone,recipient_user_id,requester_id,retry_count,scheduled_for,sent_at,source_service,status,subject,template_id,uuid,id) values (?,?,?,?,?,?,?,?,?,?,?,?,?,?,?,?,?,?,?,default)]; constraint [PUBLIC.UK_NOTIFICATIONS_UUID_INDEX_C]
2025-07-30 16:43:37,274 [http-nio-8080-exec-1] DEBUG e.m.n.i.a.o.monitoring.LoggingAdapter              - SerializationServiceAdapter.serialize - Serializando objeto: {}
2025-07-30 16:43:37,284 [http-nio-8080-exec-1] DEBUG e.m.n.i.a.o.monitoring.LoggingAdapter              - saveFailedEventToOutbox - Call outboxRepository.save
2025-07-30 16:43:37,287 [http-nio-8080-exec-1] DEBUG e.m.n.i.a.o.monitoring.LoggingAdapter              - saveFailedEventToOutbox - Event saved successfully
2025-07-30 16:43:37,288 [http-nio-8080-exec-1] INFO  e.m.n.i.a.o.p.m.NotificationOutputMapper           - toEntity - Init
2025-07-30 16:43:37,288 [http-nio-8080-exec-1] INFO  e.m.n.i.a.o.p.m.NotificationOutputMapper           - toEntity - End
2025-07-30 16:43:37,289 [http-nio-8080-exec-1] WARN  o.h.engine.jdbc.spi.SqlExceptionHelper             - SQL Error: 22001, SQLState: 22001
2025-07-30 16:43:37,289 [http-nio-8080-exec-1] ERROR o.h.engine.jdbc.spi.SqlExceptionHelper             - Valor demasiado largo para la columna "ERROR_MESSAGE CHARACTER VARYING(255)": "U&'Error sending notification: could not execute statement [Violaci\\00f3n de ind... (1542)"
Value too long for column "ERROR_MESSAGE CHARACTER VARYING(255)": "U&'Error sending notification: could not execute statement [Violaci\\00f3n de ind... (1542)"; SQL statement:
insert into notifications (content_attributes,content_body,created_at,error_message,priority,recipient_attributes,recipient_device_token,recipient_email,recipient_phone,recipient_user_id,requester_id,retry_count,scheduled_for,sent_at,source_service,status,subject,template_id,uuid,id) values (?,?,?,?,?,?,?,?,?,?,?,?,?,?,?,?,?,?,?,default) [22001-232]
2025-07-30 16:43:37,292 [http-nio-8080-exec-1] ERROR e.m.n.i.a.i.w.e.RestExceptionHandler               - handleAllUncaughtException - Unexpected error occurred: could not execute statement [Valor demasiado largo para la columna "ERROR_MESSAGE CHARACTER VARYING(255)": "U&'Error sending notification: could not execute statement [Violaci\\00f3n de ind... (1542)"
Value too long for column "ERROR_MESSAGE CHARACTER VARYING(255)": "U&'Error sending notification: could not execute statement [Violaci\\00f3n de ind... (1542)"; SQL statement:
insert into notifications (content_attributes,content_body,created_at,error_message,priority,recipient_attributes,recipient_device_token,recipient_email,recipient_phone,recipient_user_id,requester_id,retry_count,scheduled_for,sent_at,source_service,status,subject,template_id,uuid,id) values (?,?,?,?,?,?,?,?,?,?,?,?,?,?,?,?,?,?,?,default) [22001-232]] [insert into notifications (content_attributes,content_body,created_at,error_message,priority,recipient_attributes,recipient_device_token,recipient_email,recipient_phone,recipient_user_id,requester_id,retry_count,scheduled_for,sent_at,source_service,status,subject,template_id,uuid,id) values (?,?,?,?,?,?,?,?,?,?,?,?,?,?,?,?,?,?,?,default)]; SQL [insert into notifications (content_attributes,content_body,created_at,error_message,priority,recipient_attributes,recipient_device_token,recipient_email,recipient_phone,recipient_user_id,requester_id,retry_count,scheduled_for,sent_at,source_service,status,subject,template_id,uuid,id) values (?,?,?,?,?,?,?,?,?,?,?,?,?,?,?,?,?,?,?,default)]
org.springframework.dao.DataIntegrityViolationException: could not execute statement [Valor demasiado largo para la columna "ERROR_MESSAGE CHARACTER VARYING(255)": "U&'Error sending notification: could not execute statement [Violaci\\00f3n de ind... (1542)"
Value too long for column "ERROR_MESSAGE CHARACTER VARYING(255)": "U&'Error sending notification: could not execute statement [Violaci\\00f3n de ind... (1542)"; SQL statement:
insert into notifications (content_attributes,content_body,created_at,error_message,priority,recipient_attributes,recipient_device_token,recipient_email,recipient_phone,recipient_user_id,requester_id,retry_count,scheduled_for,sent_at,source_service,status,subject,template_id,uuid,id) values (?,?,?,?,?,?,?,?,?,?,?,?,?,?,?,?,?,?,?,default) [22001-232]] [insert into notifications (content_attributes,content_body,created_at,error_message,priority,recipient_attributes,recipient_device_token,recipient_email,recipient_phone,recipient_user_id,requester_id,retry_count,scheduled_for,sent_at,source_service,status,subject,template_id,uuid,id) values (?,?,?,?,?,?,?,?,?,?,?,?,?,?,?,?,?,?,?,default)]; SQL [insert into notifications (content_attributes,content_body,created_at,error_message,priority,recipient_attributes,recipient_device_token,recipient_email,recipient_phone,recipient_user_id,requester_id,retry_count,scheduled_for,sent_at,source_service,status,subject,template_id,uuid,id) values (?,?,?,?,?,?,?,?,?,?,?,?,?,?,?,?,?,?,?,default)]
	at org.springframework.orm.jpa.vendor.HibernateJpaDialect.convertHibernateAccessException(HibernateJpaDialect.java:297)
	at org.springframework.orm.jpa.vendor.HibernateJpaDialect.convertHibernateAccessException(HibernateJpaDialect.java:256)
	at org.springframework.orm.jpa.vendor.HibernateJpaDialect.translateExceptionIfPossible(HibernateJpaDialect.java:241)
	at org.springframework.orm.jpa.AbstractEntityManagerFactoryBean.translateExceptionIfPossible(AbstractEntityManagerFactoryBean.java:560)
	at org.springframework.dao.support.ChainedPersistenceExceptionTranslator.translateExceptionIfPossible(ChainedPersistenceExceptionTranslator.java:61)
	at org.springframework.dao.support.DataAccessUtils.translateIfNecessary(DataAccessUtils.java:343)
	at org.springframework.dao.support.PersistenceExceptionTranslationInterceptor.invoke(PersistenceExceptionTranslationInterceptor.java:160)
	at org.springframework.aop.framework.ReflectiveMethodInvocation.proceed(ReflectiveMethodInvocation.java:184)
	at org.springframework.data.jpa.repository.support.CrudMethodMetadataPostProcessor$CrudMethodMetadataPopulatingMethodInterceptor.invoke(CrudMethodMetadataPostProcessor.java:165)
	at org.springframework.aop.framework.ReflectiveMethodInvocation.proceed(ReflectiveMethodInvocation.java:184)
	at org.springframework.aop.framework.JdkDynamicAopProxy.invoke(JdkDynamicAopProxy.java:223)
	at jdk.proxy2/jdk.proxy2.$Proxy187.save(Unknown Source)
	at edu.market.notification.infrastructure.adapter.output.persistence.NotificationRepositoryAdapter.save(NotificationRepositoryAdapter.java:36)
	at java.base/jdk.internal.reflect.DirectMethodHandleAccessor.invoke(DirectMethodHandleAccessor.java:103)
	at java.base/java.lang.reflect.Method.invoke(Method.java:580)
	at org.springframework.aop.support.AopUtils.invokeJoinpointUsingReflection(AopUtils.java:359)
	at org.springframework.aop.framework.ReflectiveMethodInvocation.invokeJoinpoint(ReflectiveMethodInvocation.java:196)
	at org.springframework.aop.framework.ReflectiveMethodInvocation.proceed(ReflectiveMethodInvocation.java:163)
	at org.springframework.transaction.interceptor.TransactionAspectSupport.invokeWithinTransaction(TransactionAspectSupport.java:380)
	at org.springframework.transaction.interceptor.TransactionInterceptor.invoke(TransactionInterceptor.java:119)
	at org.springframework.aop.framework.ReflectiveMethodInvocation.proceed(ReflectiveMethodInvocation.java:184)
	at org.springframework.aop.framework.CglibAopProxy$DynamicAdvisedInterceptor.intercept(CglibAopProxy.java:728)
	at edu.market.notification.infrastructure.adapter.output.persistence.NotificationRepositoryAdapter$$SpringCGLIB$$0.save(<generated>)
	at edu.market.notification.application.usecase.notification.SendNotificationUseCase.send(SendNotificationUseCase.java:125)
	at edu.market.notification.infrastructure.adapter.input.web.controller.NotificationController.sendNotification(NotificationController.java:156)
	at java.base/jdk.internal.reflect.DirectMethodHandleAccessor.invoke(DirectMethodHandleAccessor.java:103)
	at java.base/java.lang.reflect.Method.invoke(Method.java:580)
	at org.springframework.web.method.support.InvocableHandlerMethod.doInvoke(InvocableHandlerMethod.java:258)
	at org.springframework.web.method.support.InvocableHandlerMethod.invokeForRequest(InvocableHandlerMethod.java:191)
	at org.springframework.web.servlet.mvc.method.annotation.ServletInvocableHandlerMethod.invokeAndHandle(ServletInvocableHandlerMethod.java:118)
	at org.springframework.web.servlet.mvc.method.annotation.RequestMappingHandlerAdapter.invokeHandlerMethod(RequestMappingHandlerAdapter.java:986)
	at org.springframework.web.servlet.mvc.method.annotation.RequestMappingHandlerAdapter.handleInternal(RequestMappingHandlerAdapter.java:891)
	at org.springframework.web.servlet.mvc.method.AbstractHandlerMethodAdapter.handle(AbstractHandlerMethodAdapter.java:87)
	at org.springframework.web.servlet.DispatcherServlet.doDispatch(DispatcherServlet.java:1089)
	at org.springframework.web.servlet.DispatcherServlet.doService(DispatcherServlet.java:979)
	at org.springframework.web.servlet.FrameworkServlet.processRequest(FrameworkServlet.java:1014)
	at org.springframework.web.servlet.FrameworkServlet.doPost(FrameworkServlet.java:914)
	at jakarta.servlet.http.HttpServlet.service(HttpServlet.java:590)
	at org.springframework.web.servlet.FrameworkServlet.service(FrameworkServlet.java:885)
	at jakarta.servlet.http.HttpServlet.service(HttpServlet.java:658)
	at org.apache.catalina.core.ApplicationFilterChain.internalDoFilter(ApplicationFilterChain.java:195)
	at org.apache.catalina.core.ApplicationFilterChain.doFilter(ApplicationFilterChain.java:140)
	at org.apache.tomcat.websocket.server.WsFilter.doFilter(WsFilter.java:51)
	at org.apache.catalina.core.ApplicationFilterChain.internalDoFilter(ApplicationFilterChain.java:164)
	at org.apache.catalina.core.ApplicationFilterChain.doFilter(ApplicationFilterChain.java:140)
	at org.springframework.web.filter.CompositeFilter$VirtualFilterChain.doFilter(CompositeFilter.java:108)
	at org.springframework.security.web.FilterChainProxy.lambda$doFilterInternal$3(FilterChainProxy.java:231)
	at org.springframework.security.web.ObservationFilterChainDecorator$FilterObservation$SimpleFilterObservation.lambda$wrap$1(ObservationFilterChainDecorator.java:479)
	at org.springframework.security.web.ObservationFilterChainDecorator$AroundFilterObservation$SimpleAroundFilterObservation.lambda$wrap$1(ObservationFilterChainDecorator.java:340)
	at org.springframework.security.web.ObservationFilterChainDecorator.lambda$wrapSecured$0(ObservationFilterChainDecorator.java:82)
	at org.springframework.security.web.ObservationFilterChainDecorator$VirtualFilterChain.doFilter(ObservationFilterChainDecorator.java:128)
	at org.springframework.security.web.access.intercept.AuthorizationFilter.doFilter(AuthorizationFilter.java:101)
	at org.springframework.security.web.ObservationFilterChainDecorator$ObservationFilter.wrapFilter(ObservationFilterChainDecorator.java:240)
	at org.springframework.security.web.ObservationFilterChainDecorator$ObservationFilter.doFilter(ObservationFilterChainDecorator.java:227)
	at org.springframework.security.web.ObservationFilterChainDecorator$VirtualFilterChain.doFilter(ObservationFilterChainDecorator.java:137)
	at org.springframework.security.web.access.ExceptionTranslationFilter.doFilter(ExceptionTranslationFilter.java:126)
	at org.springframework.security.web.access.ExceptionTranslationFilter.doFilter(ExceptionTranslationFilter.java:120)
	at org.springframework.security.web.ObservationFilterChainDecorator$ObservationFilter.wrapFilter(ObservationFilterChainDecorator.java:240)
	at org.springframework.security.web.ObservationFilterChainDecorator$ObservationFilter.doFilter(ObservationFilterChainDecorator.java:227)
	at org.springframework.security.web.ObservationFilterChainDecorator$VirtualFilterChain.doFilter(ObservationFilterChainDecorator.java:137)
	at org.springframework.security.web.authentication.AnonymousAuthenticationFilter.doFilter(AnonymousAuthenticationFilter.java:100)
	at org.springframework.security.web.ObservationFilterChainDecorator$ObservationFilter.wrapFilter(ObservationFilterChainDecorator.java:240)
	at org.springframework.security.web.ObservationFilterChainDecorator$ObservationFilter.doFilter(ObservationFilterChainDecorator.java:227)
	at org.springframework.security.web.ObservationFilterChainDecorator$VirtualFilterChain.doFilter(ObservationFilterChainDecorator.java:137)
	at org.springframework.security.web.servletapi.SecurityContextHolderAwareRequestFilter.doFilter(SecurityContextHolderAwareRequestFilter.java:179)
	at org.springframework.security.web.ObservationFilterChainDecorator$ObservationFilter.wrapFilter(ObservationFilterChainDecorator.java:240)
	at org.springframework.security.web.ObservationFilterChainDecorator$ObservationFilter.doFilter(ObservationFilterChainDecorator.java:227)
	at org.springframework.security.web.ObservationFilterChainDecorator$VirtualFilterChain.doFilter(ObservationFilterChainDecorator.java:137)
	at org.springframework.security.web.savedrequest.RequestCacheAwareFilter.doFilter(RequestCacheAwareFilter.java:63)
	at org.springframework.security.web.ObservationFilterChainDecorator$ObservationFilter.wrapFilter(ObservationFilterChainDecorator.java:240)
	at org.springframework.security.web.ObservationFilterChainDecorator$ObservationFilter.doFilter(ObservationFilterChainDecorator.java:227)
	at org.springframework.security.web.ObservationFilterChainDecorator$VirtualFilterChain.doFilter(ObservationFilterChainDecorator.java:137)
	at org.springframework.security.web.authentication.logout.LogoutFilter.doFilter(LogoutFilter.java:107)
	at org.springframework.security.web.authentication.logout.LogoutFilter.doFilter(LogoutFilter.java:93)
	at org.springframework.security.web.ObservationFilterChainDecorator$ObservationFilter.wrapFilter(ObservationFilterChainDecorator.java:240)
	at org.springframework.security.web.ObservationFilterChainDecorator$ObservationFilter.doFilter(ObservationFilterChainDecorator.java:227)
	at org.springframework.security.web.ObservationFilterChainDecorator$VirtualFilterChain.doFilter(ObservationFilterChainDecorator.java:137)
	at org.springframework.security.web.header.HeaderWriterFilter.doHeadersAfter(HeaderWriterFilter.java:90)
	at org.springframework.security.web.header.HeaderWriterFilter.doFilterInternal(HeaderWriterFilter.java:75)
	at org.springframework.web.filter.OncePerRequestFilter.doFilter(OncePerRequestFilter.java:116)
	at org.springframework.security.web.ObservationFilterChainDecorator$ObservationFilter.wrapFilter(ObservationFilterChainDecorator.java:240)
	at org.springframework.security.web.ObservationFilterChainDecorator$ObservationFilter.doFilter(ObservationFilterChainDecorator.java:227)
	at org.springframework.security.web.ObservationFilterChainDecorator$VirtualFilterChain.doFilter(ObservationFilterChainDecorator.java:137)
	at org.springframework.security.web.context.SecurityContextHolderFilter.doFilter(SecurityContextHolderFilter.java:82)
	at org.springframework.security.web.context.SecurityContextHolderFilter.doFilter(SecurityContextHolderFilter.java:69)
	at org.springframework.security.web.ObservationFilterChainDecorator$ObservationFilter.wrapFilter(ObservationFilterChainDecorator.java:240)
	at org.springframework.security.web.ObservationFilterChainDecorator$ObservationFilter.doFilter(ObservationFilterChainDecorator.java:227)
	at org.springframework.security.web.ObservationFilterChainDecorator$VirtualFilterChain.doFilter(ObservationFilterChainDecorator.java:137)
	at org.springframework.security.web.context.request.async.WebAsyncManagerIntegrationFilter.doFilterInternal(WebAsyncManagerIntegrationFilter.java:62)
	at org.springframework.web.filter.OncePerRequestFilter.doFilter(OncePerRequestFilter.java:116)
	at org.springframework.security.web.ObservationFilterChainDecorator$ObservationFilter.wrapFilter(ObservationFilterChainDecorator.java:240)
	at org.springframework.security.web.ObservationFilterChainDecorator$ObservationFilter.doFilter(ObservationFilterChainDecorator.java:227)
	at org.springframework.security.web.ObservationFilterChainDecorator$VirtualFilterChain.doFilter(ObservationFilterChainDecorator.java:137)
	at org.springframework.security.web.session.DisableEncodeUrlFilter.doFilterInternal(DisableEncodeUrlFilter.java:42)
	at org.springframework.web.filter.OncePerRequestFilter.doFilter(OncePerRequestFilter.java:116)
	at org.springframework.security.web.ObservationFilterChainDecorator$ObservationFilter.wrapFilter(ObservationFilterChainDecorator.java:240)
	at org.springframework.security.web.ObservationFilterChainDecorator$AroundFilterObservation$SimpleAroundFilterObservation.lambda$wrap$0(ObservationFilterChainDecorator.java:323)
	at org.springframework.security.web.ObservationFilterChainDecorator$ObservationFilter.doFilter(ObservationFilterChainDecorator.java:224)
	at org.springframework.security.web.ObservationFilterChainDecorator$VirtualFilterChain.doFilter(ObservationFilterChainDecorator.java:137)
	at org.springframework.security.web.FilterChainProxy.doFilterInternal(FilterChainProxy.java:233)
	at org.springframework.security.web.FilterChainProxy.doFilter(FilterChainProxy.java:191)
	at org.springframework.web.filter.CompositeFilter$VirtualFilterChain.doFilter(CompositeFilter.java:113)
	at org.springframework.web.servlet.handler.HandlerMappingIntrospector.lambda$createCacheFilter$3(HandlerMappingIntrospector.java:243)
	at org.springframework.web.filter.CompositeFilter$VirtualFilterChain.doFilter(CompositeFilter.java:113)
	at org.springframework.web.filter.CompositeFilter.doFilter(CompositeFilter.java:74)
	at org.springframework.security.config.annotation.web.configuration.WebMvcSecurityConfiguration$CompositeFilterChainProxy.doFilter(WebMvcSecurityConfiguration.java:238)
	at org.springframework.web.filter.DelegatingFilterProxy.invokeDelegate(DelegatingFilterProxy.java:362)
	at org.springframework.web.filter.DelegatingFilterProxy.doFilter(DelegatingFilterProxy.java:278)
	at org.apache.catalina.core.ApplicationFilterChain.internalDoFilter(ApplicationFilterChain.java:164)
	at org.apache.catalina.core.ApplicationFilterChain.doFilter(ApplicationFilterChain.java:140)
	at org.springframework.web.filter.RequestContextFilter.doFilterInternal(RequestContextFilter.java:100)
	at org.springframework.web.filter.OncePerRequestFilter.doFilter(OncePerRequestFilter.java:116)
	at org.apache.catalina.core.ApplicationFilterChain.internalDoFilter(ApplicationFilterChain.java:164)
	at org.apache.catalina.core.ApplicationFilterChain.doFilter(ApplicationFilterChain.java:140)
	at org.springframework.web.filter.FormContentFilter.doFilterInternal(FormContentFilter.java:93)
	at org.springframework.web.filter.OncePerRequestFilter.doFilter(OncePerRequestFilter.java:116)
	at org.apache.catalina.core.ApplicationFilterChain.internalDoFilter(ApplicationFilterChain.java:164)
	at org.apache.catalina.core.ApplicationFilterChain.doFilter(ApplicationFilterChain.java:140)
	at org.springframework.web.filter.ServerHttpObservationFilter.doFilterInternal(ServerHttpObservationFilter.java:114)
	at org.springframework.web.filter.OncePerRequestFilter.doFilter(OncePerRequestFilter.java:116)
	at org.apache.catalina.core.ApplicationFilterChain.internalDoFilter(ApplicationFilterChain.java:164)
	at org.apache.catalina.core.ApplicationFilterChain.doFilter(ApplicationFilterChain.java:140)
	at org.springframework.web.filter.CharacterEncodingFilter.doFilterInternal(CharacterEncodingFilter.java:201)
	at org.springframework.web.filter.OncePerRequestFilter.doFilter(OncePerRequestFilter.java:116)
	at org.apache.catalina.core.ApplicationFilterChain.internalDoFilter(ApplicationFilterChain.java:164)
	at org.apache.catalina.core.ApplicationFilterChain.doFilter(ApplicationFilterChain.java:140)
	at org.apache.catalina.core.StandardWrapperValve.invoke(StandardWrapperValve.java:167)
	at org.apache.catalina.core.StandardContextValve.invoke(StandardContextValve.java:90)
	at org.apache.catalina.authenticator.AuthenticatorBase.invoke(AuthenticatorBase.java:483)
	at org.apache.catalina.core.StandardHostValve.invoke(StandardHostValve.java:116)
	at org.apache.catalina.valves.ErrorReportValve.invoke(ErrorReportValve.java:93)
	at org.apache.catalina.core.StandardEngineValve.invoke(StandardEngineValve.java:74)
	at org.apache.catalina.connector.CoyoteAdapter.service(CoyoteAdapter.java:344)
	at org.apache.coyote.http11.Http11Processor.service(Http11Processor.java:398)
	at org.apache.coyote.AbstractProcessorLight.process(AbstractProcessorLight.java:63)
	at org.apache.coyote.AbstractProtocol$ConnectionHandler.process(AbstractProtocol.java:903)
	at org.apache.tomcat.util.net.NioEndpoint$SocketProcessor.doRun(NioEndpoint.java:1740)
	at org.apache.tomcat.util.net.SocketProcessorBase.run(SocketProcessorBase.java:52)
	at org.apache.tomcat.util.threads.ThreadPoolExecutor.runWorker(ThreadPoolExecutor.java:1189)
	at org.apache.tomcat.util.threads.ThreadPoolExecutor$Worker.run(ThreadPoolExecutor.java:658)
	at org.apache.tomcat.util.threads.TaskThread$WrappingRunnable.run(TaskThread.java:63)
	at java.base/java.lang.Thread.run(Thread.java:1583)
Caused by: org.hibernate.exception.DataException: could not execute statement [Valor demasiado largo para la columna "ERROR_MESSAGE CHARACTER VARYING(255)": "U&'Error sending notification: could not execute statement [Violaci\\00f3n de ind... (1542)"
Value too long for column "ERROR_MESSAGE CHARACTER VARYING(255)": "U&'Error sending notification: could not execute statement [Violaci\\00f3n de ind... (1542)"; SQL statement:
insert into notifications (content_attributes,content_body,created_at,error_message,priority,recipient_attributes,recipient_device_token,recipient_email,recipient_phone,recipient_user_id,requester_id,retry_count,scheduled_for,sent_at,source_service,status,subject,template_id,uuid,id) values (?,?,?,?,?,?,?,?,?,?,?,?,?,?,?,?,?,?,?,default) [22001-232]] [insert into notifications (content_attributes,content_body,created_at,error_message,priority,recipient_attributes,recipient_device_token,recipient_email,recipient_phone,recipient_user_id,requester_id,retry_count,scheduled_for,sent_at,source_service,status,subject,template_id,uuid,id) values (?,?,?,?,?,?,?,?,?,?,?,?,?,?,?,?,?,?,?,default)]
	at org.hibernate.exception.internal.SQLExceptionTypeDelegate.convert(SQLExceptionTypeDelegate.java:55)
	at org.hibernate.exception.internal.StandardSQLExceptionConverter.convert(StandardSQLExceptionConverter.java:58)
	at org.hibernate.engine.jdbc.spi.SqlExceptionHelper.convert(SqlExceptionHelper.java:108)
	at org.hibernate.engine.jdbc.internal.ResultSetReturnImpl.executeUpdate(ResultSetReturnImpl.java:197)
	at org.hibernate.id.insert.GetGeneratedKeysDelegate.performMutation(GetGeneratedKeysDelegate.java:116)
	at org.hibernate.engine.jdbc.mutation.internal.MutationExecutorSingleNonBatched.performNonBatchedOperations(MutationExecutorSingleNonBatched.java:47)
	at org.hibernate.engine.jdbc.mutation.internal.AbstractMutationExecutor.execute(AbstractMutationExecutor.java:55)
	at org.hibernate.persister.entity.mutation.InsertCoordinatorStandard.doStaticInserts(InsertCoordinatorStandard.java:194)
	at org.hibernate.persister.entity.mutation.InsertCoordinatorStandard.coordinateInsert(InsertCoordinatorStandard.java:132)
	at org.hibernate.persister.entity.mutation.InsertCoordinatorStandard.insert(InsertCoordinatorStandard.java:95)
	at org.hibernate.action.internal.EntityIdentityInsertAction.execute(EntityIdentityInsertAction.java:85)
	at org.hibernate.engine.spi.ActionQueue.execute(ActionQueue.java:682)
	at org.hibernate.engine.spi.ActionQueue.addResolvedEntityInsertAction(ActionQueue.java:293)
	at org.hibernate.engine.spi.ActionQueue.addInsertAction(ActionQueue.java:274)
	at org.hibernate.engine.spi.ActionQueue.addAction(ActionQueue.java:324)
	at org.hibernate.event.internal.AbstractSaveEventListener.addInsertAction(AbstractSaveEventListener.java:393)
	at org.hibernate.event.internal.AbstractSaveEventListener.performSaveOrReplicate(AbstractSaveEventListener.java:307)
	at org.hibernate.event.internal.AbstractSaveEventListener.performSave(AbstractSaveEventListener.java:223)
	at org.hibernate.event.internal.AbstractSaveEventListener.saveWithGeneratedId(AbstractSaveEventListener.java:136)
	at org.hibernate.event.internal.DefaultPersistEventListener.entityIsTransient(DefaultPersistEventListener.java:177)
	at org.hibernate.event.internal.DefaultPersistEventListener.persist(DefaultPersistEventListener.java:95)
	at org.hibernate.event.internal.DefaultPersistEventListener.onPersist(DefaultPersistEventListener.java:79)
	at org.hibernate.event.internal.DefaultPersistEventListener.onPersist(DefaultPersistEventListener.java:55)
	at org.hibernate.event.service.internal.EventListenerGroupImpl.fireEventOnEachListener(EventListenerGroupImpl.java:127)
	at org.hibernate.internal.SessionImpl.firePersist(SessionImpl.java:761)
	at org.hibernate.internal.SessionImpl.persist(SessionImpl.java:745)
	at java.base/jdk.internal.reflect.DirectMethodHandleAccessor.invoke(DirectMethodHandleAccessor.java:103)
	at java.base/java.lang.reflect.Method.invoke(Method.java:580)
	at org.springframework.orm.jpa.ExtendedEntityManagerCreator$ExtendedEntityManagerInvocationHandler.invoke(ExtendedEntityManagerCreator.java:364)
	at jdk.proxy2/jdk.proxy2.$Proxy176.persist(Unknown Source)
	at java.base/jdk.internal.reflect.DirectMethodHandleAccessor.invoke(DirectMethodHandleAccessor.java:103)
	at java.base/java.lang.reflect.Method.invoke(Method.java:580)
	at org.springframework.orm.jpa.SharedEntityManagerCreator$SharedEntityManagerInvocationHandler.invoke(SharedEntityManagerCreator.java:320)
	at jdk.proxy2/jdk.proxy2.$Proxy176.persist(Unknown Source)
	at org.springframework.data.jpa.repository.support.SimpleJpaRepository.save(SimpleJpaRepository.java:636)
	at java.base/jdk.internal.reflect.DirectMethodHandleAccessor.invoke(DirectMethodHandleAccessor.java:103)
	at java.base/java.lang.reflect.Method.invoke(Method.java:580)
	at org.springframework.aop.support.AopUtils.invokeJoinpointUsingReflection(AopUtils.java:359)
	at org.springframework.data.repository.core.support.RepositoryMethodInvoker$RepositoryFragmentMethodInvoker.lambda$new$0(RepositoryMethodInvoker.java:277)
	at org.springframework.data.repository.core.support.RepositoryMethodInvoker.doInvoke(RepositoryMethodInvoker.java:170)
	at org.springframework.data.repository.core.support.RepositoryMethodInvoker.invoke(RepositoryMethodInvoker.java:158)
	at org.springframework.data.repository.core.support.RepositoryComposition$RepositoryFragments.invoke(RepositoryComposition.java:515)
	at org.springframework.data.repository.core.support.RepositoryComposition.invoke(RepositoryComposition.java:284)
	at org.springframework.data.repository.core.support.RepositoryFactorySupport$ImplementationMethodExecutionInterceptor.invoke(RepositoryFactorySupport.java:731)
	at org.springframework.aop.framework.ReflectiveMethodInvocation.proceed(ReflectiveMethodInvocation.java:184)
	at org.springframework.data.repository.core.support.QueryExecutorMethodInterceptor.doInvoke(QueryExecutorMethodInterceptor.java:174)
	at org.springframework.data.repository.core.support.QueryExecutorMethodInterceptor.invoke(QueryExecutorMethodInterceptor.java:149)
	at org.springframework.aop.framework.ReflectiveMethodInvocation.proceed(ReflectiveMethodInvocation.java:184)
	at org.springframework.data.projection.DefaultMethodInvokingMethodInterceptor.invoke(DefaultMethodInvokingMethodInterceptor.java:69)
	at org.springframework.aop.framework.ReflectiveMethodInvocation.proceed(ReflectiveMethodInvocation.java:184)
	at org.springframework.transaction.interceptor.TransactionAspectSupport.invokeWithinTransaction(TransactionAspectSupport.java:380)
	at org.springframework.transaction.interceptor.TransactionInterceptor.invoke(TransactionInterceptor.java:119)
	at org.springframework.aop.framework.ReflectiveMethodInvocation.proceed(ReflectiveMethodInvocation.java:184)
	at org.springframework.dao.support.PersistenceExceptionTranslationInterceptor.invoke(PersistenceExceptionTranslationInterceptor.java:138)
	... 135 common frames omitted
Caused by: org.h2.jdbc.JdbcSQLDataException: Valor demasiado largo para la columna "ERROR_MESSAGE CHARACTER VARYING(255)": "U&'Error sending notification: could not execute statement [Violaci\\00f3n de ind... (1542)"
Value too long for column "ERROR_MESSAGE CHARACTER VARYING(255)": "U&'Error sending notification: could not execute statement [Violaci\\00f3n de ind... (1542)"; SQL statement:
insert into notifications (content_attributes,content_body,created_at,error_message,priority,recipient_attributes,recipient_device_token,recipient_email,recipient_phone,recipient_user_id,requester_id,retry_count,scheduled_for,sent_at,source_service,status,subject,template_id,uuid,id) values (?,?,?,?,?,?,?,?,?,?,?,?,?,?,?,?,?,?,?,default) [22001-232]
	at org.h2.message.DbException.getJdbcSQLException(DbException.java:518)
	at org.h2.message.DbException.getJdbcSQLException(DbException.java:489)
	at org.h2.message.DbException.get(DbException.java:223)
	at org.h2.message.DbException.getValueTooLongException(DbException.java:334)
	at org.h2.value.Value.getValueTooLongException(Value.java:2612)
	at org.h2.value.Value.convertToVarchar(Value.java:1287)
	at org.h2.value.Value.convertTo(Value.java:1143)
	at org.h2.value.Value.convertForAssignTo(Value.java:1118)
	at org.h2.table.Column.validateConvertUpdateSequence(Column.java:406)
	at org.h2.table.Table.convertInsertRow(Table.java:963)
	at org.h2.command.dml.Insert.insertRows(Insert.java:167)
	at org.h2.command.dml.Insert.update(Insert.java:135)
	at org.h2.command.CommandContainer.executeUpdateWithGeneratedKeys(CommandContainer.java:212)
	at org.h2.command.CommandContainer.update(CommandContainer.java:133)
	at org.h2.command.Command.executeUpdate(Command.java:304)
	at org.h2.command.Command.executeUpdate(Command.java:248)
	at org.h2.jdbc.JdbcPreparedStatement.executeUpdateInternal(JdbcPreparedStatement.java:213)
	at org.h2.jdbc.JdbcPreparedStatement.executeUpdate(JdbcPreparedStatement.java:172)
	at com.zaxxer.hikari.pool.ProxyPreparedStatement.executeUpdate(ProxyPreparedStatement.java:61)
	at com.zaxxer.hikari.pool.HikariProxyPreparedStatement.executeUpdate(HikariProxyPreparedStatement.java)
	at org.hibernate.engine.jdbc.internal.ResultSetReturnImpl.executeUpdate(ResultSetReturnImpl.java:194)
	... 185 common frames omitted
2025-07-30 16:46:19,453 [SpringApplicationShutdownHook] INFO  o.s.c.n.e.s.EurekaServiceRegistry                  - Unregistering application NOTIFICATION-SERVICE with eureka with status DOWN
2025-07-30 16:46:19,455 [SpringApplicationShutdownHook] INFO  o.s.b.w.embedded.tomcat.GracefulShutdown           - Commencing graceful shutdown. Waiting for active requests to complete
2025-07-30 16:46:19,460 [tomcat-shutdown] INFO  o.s.b.w.embedded.tomcat.GracefulShutdown           - Graceful shutdown complete
2025-07-30 16:46:19,468 [SpringApplicationShutdownHook] INFO  o.s.o.j.LocalContainerEntityManagerFactoryBean     - Closing JPA EntityManagerFactory for persistence unit 'default'
2025-07-30 16:46:19,469 [SpringApplicationShutdownHook] INFO  com.zaxxer.hikari.HikariDataSource                 - HikariPool-1 - Shutdown initiated...
2025-07-30 16:46:19,470 [SpringApplicationShutdownHook] INFO  com.zaxxer.hikari.HikariDataSource                 - HikariPool-1 - Shutdown completed.
2025-07-30 16:46:19,471 [SpringApplicationShutdownHook] INFO  com.netflix.discovery.DiscoveryClient              - Shutting down DiscoveryClient ...
2025-07-30 16:46:19,471 [SpringApplicationShutdownHook] INFO  com.netflix.discovery.DiscoveryClient              - Completed shut down of DiscoveryClient
2025-07-30 16:46:22,496 [background-preinit] INFO  o.h.validator.internal.util.Version                - HV000001: Hibernate Validator 8.0.2.Final
2025-07-30 16:46:22,539 [main] INFO  edu.market.notification.App                        - Starting App v1.0.0 using Java 21 with PID 18000 (C:\Users\ja2c\Desktop\Cursos\micro-servicio-archt\k8s\microservices\services\notification-service\target\classes started by ja2c in C:\Users\ja2c\Desktop\Cursos\micro-servicio-archt\k8s\microservices\services\notification-service)
2025-07-30 16:46:22,539 [main] DEBUG edu.market.notification.App                        - Running with Spring Boot v3.4.5, Spring v6.2.6
2025-07-30 16:46:22,540 [main] INFO  edu.market.notification.App                        - The following 1 profile is active: "dev"
2025-07-30 16:46:22,569 [main] INFO  o.s.c.c.c.ConfigServerConfigDataLoader             - Fetching config from server at : http://localhost:8890
2025-07-30 16:46:22,570 [main] INFO  o.s.c.c.c.ConfigServerConfigDataLoader             - Exception on Url - http://localhost:8890:org.springframework.web.client.ResourceAccessException: I/O error on GET request for "http://localhost:8890/notification-service/default": Connection refused: no further information. Will be trying the next url if available
2025-07-30 16:46:22,570 [main] WARN  o.s.c.c.c.ConfigServerConfigDataLoader             - Could not locate PropertySource ([ConfigServerConfigDataResource@1da6ee17 uris = array<String>['http://localhost:8890'], optional = true, profiles = 'default']): I/O error on GET request for "http://localhost:8890/notification-service/default": Connection refused: no further information
2025-07-30 16:46:22,570 [main] INFO  o.s.c.c.c.ConfigServerConfigDataLoader             - Fetching config from server at : http://localhost:8890
2025-07-30 16:46:22,570 [main] INFO  o.s.c.c.c.ConfigServerConfigDataLoader             - Exception on Url - http://localhost:8890:org.springframework.web.client.ResourceAccessException: I/O error on GET request for "http://localhost:8890/notification-service/dev": Connection refused: no further information. Will be trying the next url if available
2025-07-30 16:46:22,570 [main] WARN  o.s.c.c.c.ConfigServerConfigDataLoader             - Could not locate PropertySource ([ConfigServerConfigDataResource@503fbbc6 uris = array<String>['http://localhost:8890'], optional = true, profiles = 'dev']): I/O error on GET request for "http://localhost:8890/notification-service/dev": Connection refused: no further information
2025-07-30 16:46:22,571 [main] INFO  o.s.c.c.c.ConfigServerConfigDataLoader             - Fetching config from server at : http://localhost:8890
2025-07-30 16:46:22,571 [main] INFO  o.s.c.c.c.ConfigServerConfigDataLoader             - Exception on Url - http://localhost:8890:org.springframework.web.client.ResourceAccessException: I/O error on GET request for "http://localhost:8890/notification-service/default": Connection refused: no further information. Will be trying the next url if available
2025-07-30 16:46:22,571 [main] WARN  o.s.c.c.c.ConfigServerConfigDataLoader             - Could not locate PropertySource ([ConfigServerConfigDataResource@55f45b92 uris = array<String>['http://localhost:8890'], optional = true, profiles = 'default']): I/O error on GET request for "http://localhost:8890/notification-service/default": Connection refused: no further information
2025-07-30 16:46:23,533 [main] INFO  o.s.d.r.c.RepositoryConfigurationDelegate          - Bootstrapping Spring Data JPA repositories in DEFAULT mode.
2025-07-30 16:46:23,699 [main] INFO  o.s.d.r.c.RepositoryConfigurationDelegate          - Finished Spring Data repository scanning in 148 ms. Found 6 JPA repository interfaces.
2025-07-30 16:46:24,025 [main] INFO  o.s.cloud.context.scope.GenericScope               - BeanFactory id=3900db60-8d40-363c-9c55-ffe39cb1c59c
2025-07-30 16:46:24,853 [main] INFO  o.s.b.w.embedded.tomcat.TomcatWebServer            - Tomcat initialized with port 8080 (http)
2025-07-30 16:46:24,869 [main] INFO  o.apache.coyote.http11.Http11NioProtocol           - Initializing ProtocolHandler ["http-nio-8080"]
2025-07-30 16:46:24,872 [main] INFO  o.apache.catalina.core.StandardService             - Starting service [Tomcat]
2025-07-30 16:46:24,873 [main] INFO  org.apache.catalina.core.StandardEngine            - Starting Servlet engine: [Apache Tomcat/10.1.40]
2025-07-30 16:46:24,973 [main] INFO  o.a.c.c.C.[.[.[/notification-service]              - Initializing Spring embedded WebApplicationContext
2025-07-30 16:46:24,974 [main] INFO  o.s.b.w.s.c.ServletWebServerApplicationContext     - Root WebApplicationContext: initialization completed in 2402 ms
2025-07-30 16:46:25,415 [main] INFO  com.zaxxer.hikari.HikariDataSource                 - HikariPool-1 - Starting...
2025-07-30 16:46:25,583 [main] INFO  com.zaxxer.hikari.pool.HikariPool                  - HikariPool-1 - Added connection conn0: url=jdbc:h2:mem:userdb user=SA
2025-07-30 16:46:25,584 [main] INFO  com.zaxxer.hikari.HikariDataSource                 - HikariPool-1 - Start completed.
2025-07-30 16:46:25,849 [main] INFO  o.hibernate.jpa.internal.util.LogHelper            - HHH000204: Processing PersistenceUnitInfo [name: default]
2025-07-30 16:46:25,944 [main] INFO  org.hibernate.Version                              - HHH000412: Hibernate ORM core version 6.6.13.Final
2025-07-30 16:46:26,028 [main] INFO  o.h.c.internal.RegionFactoryInitiator              - HHH000026: Second-level cache disabled
2025-07-30 16:46:26,267 [main] INFO  o.s.o.j.p.SpringPersistenceUnitInfo                - No LoadTimeWeaver setup: ignoring JPA class transformer
2025-07-30 16:46:26,326 [main] INFO  org.hibernate.orm.connections.pooling              - HHH10001005: Database info:
	Database JDBC URL [Connecting through datasource 'HikariDataSource (HikariPool-1)']
	Database driver: undefined/unknown
	Database version: 2.3.232
	Autocommit mode: undefined/unknown
	Isolation level: undefined/unknown
	Minimum pool size: undefined/unknown
	Maximum pool size: undefined/unknown
2025-07-30 16:46:27,155 [main] INFO  o.h.e.t.j.p.i.JtaPlatformInitiator                 - HHH000489: No JTA platform available (set 'hibernate.transaction.jta.platform' to enable JTA platform integration)
2025-07-30 16:46:27,267 [main] INFO  o.s.o.j.LocalContainerEntityManagerFactoryBean     - Initialized JPA EntityManagerFactory for persistence unit 'default'
2025-07-30 16:46:27,735 [main] INFO  o.s.d.j.r.query.QueryEnhancerFactory               - Hibernate is in classpath; If applicable, HQL parser will be used.
2025-07-30 16:46:28,896 [main] WARN  o.s.b.a.o.j.JpaBaseConfiguration$JpaWebConfiguration - spring.jpa.open-in-view is enabled by default. Therefore, database queries may be performed during view rendering. Explicitly configure spring.jpa.open-in-view to disable this warning
2025-07-30 16:46:29,300 [main] INFO  o.s.b.a.e.web.EndpointLinksResolver                - Exposing 1 endpoint beneath base path '/actuator'
2025-07-30 16:46:29,764 [main] INFO  o.s.b.a.h2.H2ConsoleAutoConfiguration              - H2 console available at '/h2-console'. Database available at 'jdbc:h2:mem:userdb'
2025-07-30 16:46:29,802 [main] INFO  o.s.c.n.e.c.DiscoveryClientOptionalArgsConfiguration - Eureka HTTP Client uses RestTemplate.
2025-07-30 16:46:29,847 [main] WARN  o.s.c.l.c.LoadBalancerCacheAutoConfiguration$LoadBalancerCaffeineWarnLogger - Spring Cloud LoadBalancer is currently working with the default cache. While this cache implementation is useful for development and tests, it's recommended to use Caffeine cache in production.You can switch to using Caffeine cache, by adding it and org.springframework.cache.caffeine.CaffeineCacheManager to the classpath.
2025-07-30 16:46:29,894 [main] INFO  o.s.c.netflix.eureka.InstanceInfoFactory           - Setting initial instance status as: STARTING
2025-07-30 16:46:29,912 [main] INFO  com.netflix.discovery.DiscoveryClient              - Initializing Eureka in region us-east-1
2025-07-30 16:46:29,912 [main] INFO  com.netflix.discovery.DiscoveryClient              - Client configured to neither register nor query for data.
2025-07-30 16:46:29,913 [main] INFO  com.netflix.discovery.DiscoveryClient              - Discovery Client initialized at timestamp 1753908389913 with initial instances count: 0
2025-07-30 16:46:29,919 [main] INFO  o.s.c.n.e.s.EurekaServiceRegistry                  - Registering application NOTIFICATION-SERVICE with eureka with status UP
2025-07-30 16:46:29,921 [main] INFO  o.apache.coyote.http11.Http11NioProtocol           - Starting ProtocolHandler ["http-nio-8080"]
2025-07-30 16:46:29,933 [main] INFO  o.s.b.w.embedded.tomcat.TomcatWebServer            - Tomcat started on port 8080 (http) with context path '/notification-service'
2025-07-30 16:46:29,934 [main] INFO  o.s.c.n.e.s.EurekaAutoServiceRegistration          - Updating port to 8080
2025-07-30 16:46:29,948 [main] INFO  edu.market.notification.App                        - Started App in 8.322 seconds (process running for 8.78)
2025-07-30 16:46:41,754 [http-nio-8080-exec-1] INFO  o.a.c.c.C.[.[.[/notification-service]              - Initializing Spring DispatcherServlet 'dispatcherServlet'
2025-07-30 16:46:41,754 [http-nio-8080-exec-1] INFO  o.s.web.servlet.DispatcherServlet                  - Initializing Servlet 'dispatcherServlet'
2025-07-30 16:46:41,756 [http-nio-8080-exec-1] INFO  o.s.web.servlet.DispatcherServlet                  - Completed initialization in 2 ms
2025-07-30 16:46:41,816 [http-nio-8080-exec-1] INFO  e.m.n.i.a.i.w.c.NotificationController             - sendNotification - init
2025-07-30 16:46:41,816 [http-nio-8080-exec-1] DEBUG e.m.n.i.a.i.w.c.NotificationController             - sendNotification - Call notificationMapper.toNotificationCommand
2025-07-30 16:46:41,816 [http-nio-8080-exec-1] INFO  e.m.n.i.a.i.w.m.NotificationInputMapper            - toNotificationCommand - init
2025-07-30 16:46:41,817 [http-nio-8080-exec-1] INFO  e.m.n.i.a.i.w.m.NotificationInputMapper            - toNotificationCommand - end
2025-07-30 16:46:41,817 [http-nio-8080-exec-1] DEBUG e.m.n.i.a.i.w.c.NotificationController             - sendNotification - Create ClientContextCommand
2025-07-30 16:46:41,817 [http-nio-8080-exec-1] DEBUG e.m.n.i.a.i.web.util.RequestContextUtil            - Obteniendo IP del cliente
2025-07-30 16:46:41,817 [http-nio-8080-exec-1] DEBUG e.m.n.i.a.i.web.util.RequestContextUtil            - Obteniendo User-Agent del cliente
2025-07-30 16:46:41,817 [http-nio-8080-exec-1] DEBUG e.m.n.i.a.i.web.util.RequestContextUtil            - Obteniendo ruta de la petición
2025-07-30 16:46:41,817 [http-nio-8080-exec-1] DEBUG e.m.n.i.a.i.w.c.NotificationController             - sendNotification - Call sendNotificationUseCase.send
2025-07-30 16:46:41,818 [http-nio-8080-exec-1] INFO  e.m.n.i.a.o.monitoring.LoggingAdapter              - send - Init
2025-07-30 16:46:41,823 [http-nio-8080-exec-1] INFO  e.m.n.i.a.o.p.m.NotificationOutputMapper           - toEntity - Init
2025-07-30 16:46:41,823 [http-nio-8080-exec-1] INFO  e.m.n.i.a.o.p.m.NotificationOutputMapper           - toEntity - End
2025-07-30 16:46:41,879 [http-nio-8080-exec-1] DEBUG e.m.n.i.a.o.monitoring.LoggingAdapter              - send - Notification saved with ID: 92207767-8134-4bf9-a047-2f7def8e4f35, channels: [EMAIL, SMS]
2025-07-30 16:46:41,880 [http-nio-8080-exec-1] DEBUG e.m.n.i.a.o.monitoring.LoggingAdapter              - NotificationChannelServiceAdapter.isAvailable - Verificando disponibilidad del canal {}
2025-07-30 16:46:41,880 [http-nio-8080-exec-1] DEBUG e.m.n.i.a.o.monitoring.LoggingAdapter              - send - Call notificationChannel.send
2025-07-30 16:46:41,880 [http-nio-8080-exec-1] INFO  e.m.n.i.a.o.monitoring.LoggingAdapter              - NotificationChannelServiceAdapter.send - Enviando notificación {} por canal {}
2025-07-30 16:46:41,883 [http-nio-8080-exec-1] INFO  e.m.n.i.a.o.monitoring.LoggingAdapter              - NotificationChannelServiceAdapter.send - Notificación {} enviada exitosamente
2025-07-30 16:46:41,884 [metricsCollectorExecutor-0] DEBUG e.m.n.i.a.o.m.MicrometerMetricsAdapter             - Incrementando contador de notificaciones para estado PROCESSING
2025-07-30 16:46:41,884 [metricsCollectorExecutor-1] DEBUG e.m.n.i.a.o.m.MicrometerMetricsAdapter             - Registrando métrica de notificación enviada para canal EMAIL
2025-07-30 16:46:41,884 [http-nio-8080-exec-1] DEBUG e.m.n.i.a.o.monitoring.LoggingAdapter              - send - Mark notification as sent
2025-07-30 16:46:41,884 [http-nio-8080-exec-1] DEBUG e.m.n.i.a.o.monitoring.LoggingAdapter              - send - Call notificationRepository.save for updated notification
2025-07-30 16:46:41,885 [http-nio-8080-exec-1] INFO  e.m.n.i.a.o.p.m.NotificationOutputMapper           - toEntity - Init
2025-07-30 16:46:41,885 [http-nio-8080-exec-1] INFO  e.m.n.i.a.o.p.m.NotificationOutputMapper           - toEntity - End
2025-07-30 16:46:41,885 [metricsCollectorExecutor-0] DEBUG e.m.n.i.a.o.m.MicrometerMetricsAdapter             - Contador de notificaciones incrementado exitosamente
2025-07-30 16:46:41,886 [metricsCollectorExecutor-1] DEBUG e.m.n.i.a.o.m.MicrometerMetricsAdapter             - Métrica de notificación enviada registrada exitosamente
2025-07-30 16:46:41,888 [http-nio-8080-exec-1] WARN  o.h.engine.jdbc.spi.SqlExceptionHelper             - SQL Error: 23505, SQLState: 23505
2025-07-30 16:46:41,888 [http-nio-8080-exec-1] ERROR o.h.engine.jdbc.spi.SqlExceptionHelper             - Violación de indice de Unicidad ó Clave primaria: "PUBLIC.UK_NOTIFICATIONS_UUID_INDEX_C ON PUBLIC.NOTIFICATIONS(UUID NULLS FIRST) VALUES ( /* 1 */ UUID '92207767-8134-4bf9-a047-2f7def8e4f35' )"
Unique index or primary key violation: "PUBLIC.UK_NOTIFICATIONS_UUID_INDEX_C ON PUBLIC.NOTIFICATIONS(UUID NULLS FIRST) VALUES ( /* 1 */ UUID '92207767-8134-4bf9-a047-2f7def8e4f35' )"; SQL statement:
insert into notifications (content_attributes,content_body,created_at,error_message,priority,recipient_attributes,recipient_device_token,recipient_email,recipient_phone,recipient_user_id,requester_id,retry_count,scheduled_for,sent_at,source_service,status,subject,template_id,uuid,id) values (?,?,?,?,?,?,?,?,?,?,?,?,?,?,?,?,?,?,?,default) [23505-232]
2025-07-30 16:46:41,893 [http-nio-8080-exec-1] ERROR e.m.n.i.a.o.monitoring.LoggingAdapter              - send - Exception occurred
org.springframework.dao.DataIntegrityViolationException: could not execute statement [Violación de indice de Unicidad ó Clave primaria: "PUBLIC.UK_NOTIFICATIONS_UUID_INDEX_C ON PUBLIC.NOTIFICATIONS(UUID NULLS FIRST) VALUES ( /* 1 */ UUID '92207767-8134-4bf9-a047-2f7def8e4f35' )"
Unique index or primary key violation: "PUBLIC.UK_NOTIFICATIONS_UUID_INDEX_C ON PUBLIC.NOTIFICATIONS(UUID NULLS FIRST) VALUES ( /* 1 */ UUID '92207767-8134-4bf9-a047-2f7def8e4f35' )"; SQL statement:
insert into notifications (content_attributes,content_body,created_at,error_message,priority,recipient_attributes,recipient_device_token,recipient_email,recipient_phone,recipient_user_id,requester_id,retry_count,scheduled_for,sent_at,source_service,status,subject,template_id,uuid,id) values (?,?,?,?,?,?,?,?,?,?,?,?,?,?,?,?,?,?,?,default) [23505-232]] [insert into notifications (content_attributes,content_body,created_at,error_message,priority,recipient_attributes,recipient_device_token,recipient_email,recipient_phone,recipient_user_id,requester_id,retry_count,scheduled_for,sent_at,source_service,status,subject,template_id,uuid,id) values (?,?,?,?,?,?,?,?,?,?,?,?,?,?,?,?,?,?,?,default)]; SQL [insert into notifications (content_attributes,content_body,created_at,error_message,priority,recipient_attributes,recipient_device_token,recipient_email,recipient_phone,recipient_user_id,requester_id,retry_count,scheduled_for,sent_at,source_service,status,subject,template_id,uuid,id) values (?,?,?,?,?,?,?,?,?,?,?,?,?,?,?,?,?,?,?,default)]; constraint [PUBLIC.UK_NOTIFICATIONS_UUID_INDEX_C]
	at org.springframework.orm.jpa.vendor.HibernateJpaDialect.convertHibernateAccessException(HibernateJpaDialect.java:294)
	at org.springframework.orm.jpa.vendor.HibernateJpaDialect.convertHibernateAccessException(HibernateJpaDialect.java:256)
	at org.springframework.orm.jpa.vendor.HibernateJpaDialect.translateExceptionIfPossible(HibernateJpaDialect.java:241)
	at org.springframework.orm.jpa.AbstractEntityManagerFactoryBean.translateExceptionIfPossible(AbstractEntityManagerFactoryBean.java:560)
	at org.springframework.dao.support.ChainedPersistenceExceptionTranslator.translateExceptionIfPossible(ChainedPersistenceExceptionTranslator.java:61)
	at org.springframework.dao.support.DataAccessUtils.translateIfNecessary(DataAccessUtils.java:343)
	at org.springframework.dao.support.PersistenceExceptionTranslationInterceptor.invoke(PersistenceExceptionTranslationInterceptor.java:160)
	at org.springframework.aop.framework.ReflectiveMethodInvocation.proceed(ReflectiveMethodInvocation.java:184)
	at org.springframework.data.jpa.repository.support.CrudMethodMetadataPostProcessor$CrudMethodMetadataPopulatingMethodInterceptor.invoke(CrudMethodMetadataPostProcessor.java:165)
	at org.springframework.aop.framework.ReflectiveMethodInvocation.proceed(ReflectiveMethodInvocation.java:184)
	at org.springframework.aop.framework.JdkDynamicAopProxy.invoke(JdkDynamicAopProxy.java:223)
	at jdk.proxy2/jdk.proxy2.$Proxy186.save(Unknown Source)
	at edu.market.notification.infrastructure.adapter.output.persistence.NotificationRepositoryAdapter.save(NotificationRepositoryAdapter.java:36)
	at java.base/jdk.internal.reflect.DirectMethodHandleAccessor.invoke(DirectMethodHandleAccessor.java:103)
	at java.base/java.lang.reflect.Method.invoke(Method.java:580)
	at org.springframework.aop.support.AopUtils.invokeJoinpointUsingReflection(AopUtils.java:359)
	at org.springframework.aop.framework.ReflectiveMethodInvocation.invokeJoinpoint(ReflectiveMethodInvocation.java:196)
	at org.springframework.aop.framework.ReflectiveMethodInvocation.proceed(ReflectiveMethodInvocation.java:163)
	at org.springframework.transaction.interceptor.TransactionAspectSupport.invokeWithinTransaction(TransactionAspectSupport.java:380)
	at org.springframework.transaction.interceptor.TransactionInterceptor.invoke(TransactionInterceptor.java:119)
	at org.springframework.aop.framework.ReflectiveMethodInvocation.proceed(ReflectiveMethodInvocation.java:184)
	at org.springframework.aop.framework.CglibAopProxy$DynamicAdvisedInterceptor.intercept(CglibAopProxy.java:728)
	at edu.market.notification.infrastructure.adapter.output.persistence.NotificationRepositoryAdapter$$SpringCGLIB$$0.save(<generated>)
	at edu.market.notification.application.usecase.notification.SendNotificationUseCase.send(SendNotificationUseCase.java:106)
	at edu.market.notification.infrastructure.adapter.input.web.controller.NotificationController.sendNotification(NotificationController.java:156)
	at java.base/jdk.internal.reflect.DirectMethodHandleAccessor.invoke(DirectMethodHandleAccessor.java:103)
	at java.base/java.lang.reflect.Method.invoke(Method.java:580)
	at org.springframework.web.method.support.InvocableHandlerMethod.doInvoke(InvocableHandlerMethod.java:258)
	at org.springframework.web.method.support.InvocableHandlerMethod.invokeForRequest(InvocableHandlerMethod.java:191)
	at org.springframework.web.servlet.mvc.method.annotation.ServletInvocableHandlerMethod.invokeAndHandle(ServletInvocableHandlerMethod.java:118)
	at org.springframework.web.servlet.mvc.method.annotation.RequestMappingHandlerAdapter.invokeHandlerMethod(RequestMappingHandlerAdapter.java:986)
	at org.springframework.web.servlet.mvc.method.annotation.RequestMappingHandlerAdapter.handleInternal(RequestMappingHandlerAdapter.java:891)
	at org.springframework.web.servlet.mvc.method.AbstractHandlerMethodAdapter.handle(AbstractHandlerMethodAdapter.java:87)
	at org.springframework.web.servlet.DispatcherServlet.doDispatch(DispatcherServlet.java:1089)
	at org.springframework.web.servlet.DispatcherServlet.doService(DispatcherServlet.java:979)
	at org.springframework.web.servlet.FrameworkServlet.processRequest(FrameworkServlet.java:1014)
	at org.springframework.web.servlet.FrameworkServlet.doPost(FrameworkServlet.java:914)
	at jakarta.servlet.http.HttpServlet.service(HttpServlet.java:590)
	at org.springframework.web.servlet.FrameworkServlet.service(FrameworkServlet.java:885)
	at jakarta.servlet.http.HttpServlet.service(HttpServlet.java:658)
	at org.apache.catalina.core.ApplicationFilterChain.internalDoFilter(ApplicationFilterChain.java:195)
	at org.apache.catalina.core.ApplicationFilterChain.doFilter(ApplicationFilterChain.java:140)
	at org.apache.tomcat.websocket.server.WsFilter.doFilter(WsFilter.java:51)
	at org.apache.catalina.core.ApplicationFilterChain.internalDoFilter(ApplicationFilterChain.java:164)
	at org.apache.catalina.core.ApplicationFilterChain.doFilter(ApplicationFilterChain.java:140)
	at org.springframework.web.filter.CompositeFilter$VirtualFilterChain.doFilter(CompositeFilter.java:108)
	at org.springframework.security.web.FilterChainProxy.lambda$doFilterInternal$3(FilterChainProxy.java:231)
	at org.springframework.security.web.ObservationFilterChainDecorator$FilterObservation$SimpleFilterObservation.lambda$wrap$1(ObservationFilterChainDecorator.java:479)
	at org.springframework.security.web.ObservationFilterChainDecorator$AroundFilterObservation$SimpleAroundFilterObservation.lambda$wrap$1(ObservationFilterChainDecorator.java:340)
	at org.springframework.security.web.ObservationFilterChainDecorator.lambda$wrapSecured$0(ObservationFilterChainDecorator.java:82)
	at org.springframework.security.web.ObservationFilterChainDecorator$VirtualFilterChain.doFilter(ObservationFilterChainDecorator.java:128)
	at org.springframework.security.web.access.intercept.AuthorizationFilter.doFilter(AuthorizationFilter.java:101)
	at org.springframework.security.web.ObservationFilterChainDecorator$ObservationFilter.wrapFilter(ObservationFilterChainDecorator.java:240)
	at org.springframework.security.web.ObservationFilterChainDecorator$ObservationFilter.doFilter(ObservationFilterChainDecorator.java:227)
	at org.springframework.security.web.ObservationFilterChainDecorator$VirtualFilterChain.doFilter(ObservationFilterChainDecorator.java:137)
	at org.springframework.security.web.access.ExceptionTranslationFilter.doFilter(ExceptionTranslationFilter.java:126)
	at org.springframework.security.web.access.ExceptionTranslationFilter.doFilter(ExceptionTranslationFilter.java:120)
	at org.springframework.security.web.ObservationFilterChainDecorator$ObservationFilter.wrapFilter(ObservationFilterChainDecorator.java:240)
	at org.springframework.security.web.ObservationFilterChainDecorator$ObservationFilter.doFilter(ObservationFilterChainDecorator.java:227)
	at org.springframework.security.web.ObservationFilterChainDecorator$VirtualFilterChain.doFilter(ObservationFilterChainDecorator.java:137)
	at org.springframework.security.web.authentication.AnonymousAuthenticationFilter.doFilter(AnonymousAuthenticationFilter.java:100)
	at org.springframework.security.web.ObservationFilterChainDecorator$ObservationFilter.wrapFilter(ObservationFilterChainDecorator.java:240)
	at org.springframework.security.web.ObservationFilterChainDecorator$ObservationFilter.doFilter(ObservationFilterChainDecorator.java:227)
	at org.springframework.security.web.ObservationFilterChainDecorator$VirtualFilterChain.doFilter(ObservationFilterChainDecorator.java:137)
	at org.springframework.security.web.servletapi.SecurityContextHolderAwareRequestFilter.doFilter(SecurityContextHolderAwareRequestFilter.java:179)
	at org.springframework.security.web.ObservationFilterChainDecorator$ObservationFilter.wrapFilter(ObservationFilterChainDecorator.java:240)
	at org.springframework.security.web.ObservationFilterChainDecorator$ObservationFilter.doFilter(ObservationFilterChainDecorator.java:227)
	at org.springframework.security.web.ObservationFilterChainDecorator$VirtualFilterChain.doFilter(ObservationFilterChainDecorator.java:137)
	at org.springframework.security.web.savedrequest.RequestCacheAwareFilter.doFilter(RequestCacheAwareFilter.java:63)
	at org.springframework.security.web.ObservationFilterChainDecorator$ObservationFilter.wrapFilter(ObservationFilterChainDecorator.java:240)
	at org.springframework.security.web.ObservationFilterChainDecorator$ObservationFilter.doFilter(ObservationFilterChainDecorator.java:227)
	at org.springframework.security.web.ObservationFilterChainDecorator$VirtualFilterChain.doFilter(ObservationFilterChainDecorator.java:137)
	at org.springframework.security.web.authentication.logout.LogoutFilter.doFilter(LogoutFilter.java:107)
	at org.springframework.security.web.authentication.logout.LogoutFilter.doFilter(LogoutFilter.java:93)
	at org.springframework.security.web.ObservationFilterChainDecorator$ObservationFilter.wrapFilter(ObservationFilterChainDecorator.java:240)
	at org.springframework.security.web.ObservationFilterChainDecorator$ObservationFilter.doFilter(ObservationFilterChainDecorator.java:227)
	at org.springframework.security.web.ObservationFilterChainDecorator$VirtualFilterChain.doFilter(ObservationFilterChainDecorator.java:137)
	at org.springframework.security.web.header.HeaderWriterFilter.doHeadersAfter(HeaderWriterFilter.java:90)
	at org.springframework.security.web.header.HeaderWriterFilter.doFilterInternal(HeaderWriterFilter.java:75)
	at org.springframework.web.filter.OncePerRequestFilter.doFilter(OncePerRequestFilter.java:116)
	at org.springframework.security.web.ObservationFilterChainDecorator$ObservationFilter.wrapFilter(ObservationFilterChainDecorator.java:240)
	at org.springframework.security.web.ObservationFilterChainDecorator$ObservationFilter.doFilter(ObservationFilterChainDecorator.java:227)
	at org.springframework.security.web.ObservationFilterChainDecorator$VirtualFilterChain.doFilter(ObservationFilterChainDecorator.java:137)
	at org.springframework.security.web.context.SecurityContextHolderFilter.doFilter(SecurityContextHolderFilter.java:82)
	at org.springframework.security.web.context.SecurityContextHolderFilter.doFilter(SecurityContextHolderFilter.java:69)
	at org.springframework.security.web.ObservationFilterChainDecorator$ObservationFilter.wrapFilter(ObservationFilterChainDecorator.java:240)
	at org.springframework.security.web.ObservationFilterChainDecorator$ObservationFilter.doFilter(ObservationFilterChainDecorator.java:227)
	at org.springframework.security.web.ObservationFilterChainDecorator$VirtualFilterChain.doFilter(ObservationFilterChainDecorator.java:137)
	at org.springframework.security.web.context.request.async.WebAsyncManagerIntegrationFilter.doFilterInternal(WebAsyncManagerIntegrationFilter.java:62)
	at org.springframework.web.filter.OncePerRequestFilter.doFilter(OncePerRequestFilter.java:116)
	at org.springframework.security.web.ObservationFilterChainDecorator$ObservationFilter.wrapFilter(ObservationFilterChainDecorator.java:240)
	at org.springframework.security.web.ObservationFilterChainDecorator$ObservationFilter.doFilter(ObservationFilterChainDecorator.java:227)
	at org.springframework.security.web.ObservationFilterChainDecorator$VirtualFilterChain.doFilter(ObservationFilterChainDecorator.java:137)
	at org.springframework.security.web.session.DisableEncodeUrlFilter.doFilterInternal(DisableEncodeUrlFilter.java:42)
	at org.springframework.web.filter.OncePerRequestFilter.doFilter(OncePerRequestFilter.java:116)
	at org.springframework.security.web.ObservationFilterChainDecorator$ObservationFilter.wrapFilter(ObservationFilterChainDecorator.java:240)
	at org.springframework.security.web.ObservationFilterChainDecorator$AroundFilterObservation$SimpleAroundFilterObservation.lambda$wrap$0(ObservationFilterChainDecorator.java:323)
	at org.springframework.security.web.ObservationFilterChainDecorator$ObservationFilter.doFilter(ObservationFilterChainDecorator.java:224)
	at org.springframework.security.web.ObservationFilterChainDecorator$VirtualFilterChain.doFilter(ObservationFilterChainDecorator.java:137)
	at org.springframework.security.web.FilterChainProxy.doFilterInternal(FilterChainProxy.java:233)
	at org.springframework.security.web.FilterChainProxy.doFilter(FilterChainProxy.java:191)
	at org.springframework.web.filter.CompositeFilter$VirtualFilterChain.doFilter(CompositeFilter.java:113)
	at org.springframework.web.servlet.handler.HandlerMappingIntrospector.lambda$createCacheFilter$3(HandlerMappingIntrospector.java:243)
	at org.springframework.web.filter.CompositeFilter$VirtualFilterChain.doFilter(CompositeFilter.java:113)
	at org.springframework.web.filter.CompositeFilter.doFilter(CompositeFilter.java:74)
	at org.springframework.security.config.annotation.web.configuration.WebMvcSecurityConfiguration$CompositeFilterChainProxy.doFilter(WebMvcSecurityConfiguration.java:238)
	at org.springframework.web.filter.DelegatingFilterProxy.invokeDelegate(DelegatingFilterProxy.java:362)
	at org.springframework.web.filter.DelegatingFilterProxy.doFilter(DelegatingFilterProxy.java:278)
	at org.apache.catalina.core.ApplicationFilterChain.internalDoFilter(ApplicationFilterChain.java:164)
	at org.apache.catalina.core.ApplicationFilterChain.doFilter(ApplicationFilterChain.java:140)
	at org.springframework.web.filter.RequestContextFilter.doFilterInternal(RequestContextFilter.java:100)
	at org.springframework.web.filter.OncePerRequestFilter.doFilter(OncePerRequestFilter.java:116)
	at org.apache.catalina.core.ApplicationFilterChain.internalDoFilter(ApplicationFilterChain.java:164)
	at org.apache.catalina.core.ApplicationFilterChain.doFilter(ApplicationFilterChain.java:140)
	at org.springframework.web.filter.FormContentFilter.doFilterInternal(FormContentFilter.java:93)
	at org.springframework.web.filter.OncePerRequestFilter.doFilter(OncePerRequestFilter.java:116)
	at org.apache.catalina.core.ApplicationFilterChain.internalDoFilter(ApplicationFilterChain.java:164)
	at org.apache.catalina.core.ApplicationFilterChain.doFilter(ApplicationFilterChain.java:140)
	at org.springframework.web.filter.ServerHttpObservationFilter.doFilterInternal(ServerHttpObservationFilter.java:114)
	at org.springframework.web.filter.OncePerRequestFilter.doFilter(OncePerRequestFilter.java:116)
	at org.apache.catalina.core.ApplicationFilterChain.internalDoFilter(ApplicationFilterChain.java:164)
	at org.apache.catalina.core.ApplicationFilterChain.doFilter(ApplicationFilterChain.java:140)
	at org.springframework.web.filter.CharacterEncodingFilter.doFilterInternal(CharacterEncodingFilter.java:201)
	at org.springframework.web.filter.OncePerRequestFilter.doFilter(OncePerRequestFilter.java:116)
	at org.apache.catalina.core.ApplicationFilterChain.internalDoFilter(ApplicationFilterChain.java:164)
	at org.apache.catalina.core.ApplicationFilterChain.doFilter(ApplicationFilterChain.java:140)
	at org.apache.catalina.core.StandardWrapperValve.invoke(StandardWrapperValve.java:167)
	at org.apache.catalina.core.StandardContextValve.invoke(StandardContextValve.java:90)
	at org.apache.catalina.authenticator.AuthenticatorBase.invoke(AuthenticatorBase.java:483)
	at org.apache.catalina.core.StandardHostValve.invoke(StandardHostValve.java:116)
	at org.apache.catalina.valves.ErrorReportValve.invoke(ErrorReportValve.java:93)
	at org.apache.catalina.core.StandardEngineValve.invoke(StandardEngineValve.java:74)
	at org.apache.catalina.connector.CoyoteAdapter.service(CoyoteAdapter.java:344)
	at org.apache.coyote.http11.Http11Processor.service(Http11Processor.java:398)
	at org.apache.coyote.AbstractProcessorLight.process(AbstractProcessorLight.java:63)
	at org.apache.coyote.AbstractProtocol$ConnectionHandler.process(AbstractProtocol.java:903)
	at org.apache.tomcat.util.net.NioEndpoint$SocketProcessor.doRun(NioEndpoint.java:1740)
	at org.apache.tomcat.util.net.SocketProcessorBase.run(SocketProcessorBase.java:52)
	at org.apache.tomcat.util.threads.ThreadPoolExecutor.runWorker(ThreadPoolExecutor.java:1189)
	at org.apache.tomcat.util.threads.ThreadPoolExecutor$Worker.run(ThreadPoolExecutor.java:658)
	at org.apache.tomcat.util.threads.TaskThread$WrappingRunnable.run(TaskThread.java:63)
	at java.base/java.lang.Thread.run(Thread.java:1583)
Caused by: org.hibernate.exception.ConstraintViolationException: could not execute statement [Violación de indice de Unicidad ó Clave primaria: "PUBLIC.UK_NOTIFICATIONS_UUID_INDEX_C ON PUBLIC.NOTIFICATIONS(UUID NULLS FIRST) VALUES ( /* 1 */ UUID '92207767-8134-4bf9-a047-2f7def8e4f35' )"
Unique index or primary key violation: "PUBLIC.UK_NOTIFICATIONS_UUID_INDEX_C ON PUBLIC.NOTIFICATIONS(UUID NULLS FIRST) VALUES ( /* 1 */ UUID '92207767-8134-4bf9-a047-2f7def8e4f35' )"; SQL statement:
insert into notifications (content_attributes,content_body,created_at,error_message,priority,recipient_attributes,recipient_device_token,recipient_email,recipient_phone,recipient_user_id,requester_id,retry_count,scheduled_for,sent_at,source_service,status,subject,template_id,uuid,id) values (?,?,?,?,?,?,?,?,?,?,?,?,?,?,?,?,?,?,?,default) [23505-232]] [insert into notifications (content_attributes,content_body,created_at,error_message,priority,recipient_attributes,recipient_device_token,recipient_email,recipient_phone,recipient_user_id,requester_id,retry_count,scheduled_for,sent_at,source_service,status,subject,template_id,uuid,id) values (?,?,?,?,?,?,?,?,?,?,?,?,?,?,?,?,?,?,?,default)]
	at org.hibernate.dialect.H2Dialect.lambda$buildSQLExceptionConversionDelegate$3(H2Dialect.java:759)
	at org.hibernate.exception.internal.StandardSQLExceptionConverter.convert(StandardSQLExceptionConverter.java:58)
	at org.hibernate.engine.jdbc.spi.SqlExceptionHelper.convert(SqlExceptionHelper.java:108)
	at org.hibernate.engine.jdbc.internal.ResultSetReturnImpl.executeUpdate(ResultSetReturnImpl.java:197)
	at org.hibernate.id.insert.GetGeneratedKeysDelegate.performMutation(GetGeneratedKeysDelegate.java:116)
	at org.hibernate.engine.jdbc.mutation.internal.MutationExecutorSingleNonBatched.performNonBatchedOperations(MutationExecutorSingleNonBatched.java:47)
	at org.hibernate.engine.jdbc.mutation.internal.AbstractMutationExecutor.execute(AbstractMutationExecutor.java:55)
	at org.hibernate.persister.entity.mutation.InsertCoordinatorStandard.doStaticInserts(InsertCoordinatorStandard.java:194)
	at org.hibernate.persister.entity.mutation.InsertCoordinatorStandard.coordinateInsert(InsertCoordinatorStandard.java:132)
	at org.hibernate.persister.entity.mutation.InsertCoordinatorStandard.insert(InsertCoordinatorStandard.java:95)
	at org.hibernate.action.internal.EntityIdentityInsertAction.execute(EntityIdentityInsertAction.java:85)
	at org.hibernate.engine.spi.ActionQueue.execute(ActionQueue.java:682)
	at org.hibernate.engine.spi.ActionQueue.addResolvedEntityInsertAction(ActionQueue.java:293)
	at org.hibernate.engine.spi.ActionQueue.addInsertAction(ActionQueue.java:274)
	at org.hibernate.engine.spi.ActionQueue.addAction(ActionQueue.java:324)
	at org.hibernate.event.internal.AbstractSaveEventListener.addInsertAction(AbstractSaveEventListener.java:393)
	at org.hibernate.event.internal.AbstractSaveEventListener.performSaveOrReplicate(AbstractSaveEventListener.java:307)
	at org.hibernate.event.internal.AbstractSaveEventListener.performSave(AbstractSaveEventListener.java:223)
	at org.hibernate.event.internal.AbstractSaveEventListener.saveWithGeneratedId(AbstractSaveEventListener.java:136)
	at org.hibernate.event.internal.DefaultPersistEventListener.entityIsTransient(DefaultPersistEventListener.java:177)
	at org.hibernate.event.internal.DefaultPersistEventListener.persist(DefaultPersistEventListener.java:95)
	at org.hibernate.event.internal.DefaultPersistEventListener.onPersist(DefaultPersistEventListener.java:79)
	at org.hibernate.event.internal.DefaultPersistEventListener.onPersist(DefaultPersistEventListener.java:55)
	at org.hibernate.event.service.internal.EventListenerGroupImpl.fireEventOnEachListener(EventListenerGroupImpl.java:127)
	at org.hibernate.internal.SessionImpl.firePersist(SessionImpl.java:761)
	at org.hibernate.internal.SessionImpl.persist(SessionImpl.java:745)
	at java.base/jdk.internal.reflect.DirectMethodHandleAccessor.invoke(DirectMethodHandleAccessor.java:103)
	at java.base/java.lang.reflect.Method.invoke(Method.java:580)
	at org.springframework.orm.jpa.ExtendedEntityManagerCreator$ExtendedEntityManagerInvocationHandler.invoke(ExtendedEntityManagerCreator.java:364)
	at jdk.proxy2/jdk.proxy2.$Proxy175.persist(Unknown Source)
	at java.base/jdk.internal.reflect.DirectMethodHandleAccessor.invoke(DirectMethodHandleAccessor.java:103)
	at java.base/java.lang.reflect.Method.invoke(Method.java:580)
	at org.springframework.orm.jpa.SharedEntityManagerCreator$SharedEntityManagerInvocationHandler.invoke(SharedEntityManagerCreator.java:320)
	at jdk.proxy2/jdk.proxy2.$Proxy175.persist(Unknown Source)
	at org.springframework.data.jpa.repository.support.SimpleJpaRepository.save(SimpleJpaRepository.java:636)
	at java.base/jdk.internal.reflect.DirectMethodHandleAccessor.invoke(DirectMethodHandleAccessor.java:103)
	at java.base/java.lang.reflect.Method.invoke(Method.java:580)
	at org.springframework.aop.support.AopUtils.invokeJoinpointUsingReflection(AopUtils.java:359)
	at org.springframework.data.repository.core.support.RepositoryMethodInvoker$RepositoryFragmentMethodInvoker.lambda$new$0(RepositoryMethodInvoker.java:277)
	at org.springframework.data.repository.core.support.RepositoryMethodInvoker.doInvoke(RepositoryMethodInvoker.java:170)
	at org.springframework.data.repository.core.support.RepositoryMethodInvoker.invoke(RepositoryMethodInvoker.java:158)
	at org.springframework.data.repository.core.support.RepositoryComposition$RepositoryFragments.invoke(RepositoryComposition.java:515)
	at org.springframework.data.repository.core.support.RepositoryComposition.invoke(RepositoryComposition.java:284)
	at org.springframework.data.repository.core.support.RepositoryFactorySupport$ImplementationMethodExecutionInterceptor.invoke(RepositoryFactorySupport.java:731)
	at org.springframework.aop.framework.ReflectiveMethodInvocation.proceed(ReflectiveMethodInvocation.java:184)
	at org.springframework.data.repository.core.support.QueryExecutorMethodInterceptor.doInvoke(QueryExecutorMethodInterceptor.java:174)
	at org.springframework.data.repository.core.support.QueryExecutorMethodInterceptor.invoke(QueryExecutorMethodInterceptor.java:149)
	at org.springframework.aop.framework.ReflectiveMethodInvocation.proceed(ReflectiveMethodInvocation.java:184)
	at org.springframework.data.projection.DefaultMethodInvokingMethodInterceptor.invoke(DefaultMethodInvokingMethodInterceptor.java:69)
	at org.springframework.aop.framework.ReflectiveMethodInvocation.proceed(ReflectiveMethodInvocation.java:184)
	at org.springframework.transaction.interceptor.TransactionAspectSupport.invokeWithinTransaction(TransactionAspectSupport.java:380)
	at org.springframework.transaction.interceptor.TransactionInterceptor.invoke(TransactionInterceptor.java:119)
	at org.springframework.aop.framework.ReflectiveMethodInvocation.proceed(ReflectiveMethodInvocation.java:184)
	at org.springframework.dao.support.PersistenceExceptionTranslationInterceptor.invoke(PersistenceExceptionTranslationInterceptor.java:138)
	... 135 common frames omitted
Caused by: org.h2.jdbc.JdbcSQLIntegrityConstraintViolationException: Violación de indice de Unicidad ó Clave primaria: "PUBLIC.UK_NOTIFICATIONS_UUID_INDEX_C ON PUBLIC.NOTIFICATIONS(UUID NULLS FIRST) VALUES ( /* 1 */ UUID '92207767-8134-4bf9-a047-2f7def8e4f35' )"
Unique index or primary key violation: "PUBLIC.UK_NOTIFICATIONS_UUID_INDEX_C ON PUBLIC.NOTIFICATIONS(UUID NULLS FIRST) VALUES ( /* 1 */ UUID '92207767-8134-4bf9-a047-2f7def8e4f35' )"; SQL statement:
insert into notifications (content_attributes,content_body,created_at,error_message,priority,recipient_attributes,recipient_device_token,recipient_email,recipient_phone,recipient_user_id,requester_id,retry_count,scheduled_for,sent_at,source_service,status,subject,template_id,uuid,id) values (?,?,?,?,?,?,?,?,?,?,?,?,?,?,?,?,?,?,?,default) [23505-232]
	at org.h2.message.DbException.getJdbcSQLException(DbException.java:520)
	at org.h2.message.DbException.getJdbcSQLException(DbException.java:489)
	at org.h2.message.DbException.get(DbException.java:223)
	at org.h2.message.DbException.get(DbException.java:199)
	at org.h2.index.Index.getDuplicateKeyException(Index.java:523)
	at org.h2.mvstore.db.MVSecondaryIndex.checkUnique(MVSecondaryIndex.java:223)
	at org.h2.mvstore.db.MVSecondaryIndex.add(MVSecondaryIndex.java:184)
	at org.h2.mvstore.db.MVTable.addRow(MVTable.java:517)
	at org.h2.command.dml.Insert.insertRows(Insert.java:174)
	at org.h2.command.dml.Insert.update(Insert.java:135)
	at org.h2.command.CommandContainer.executeUpdateWithGeneratedKeys(CommandContainer.java:212)
	at org.h2.command.CommandContainer.update(CommandContainer.java:133)
	at org.h2.command.Command.executeUpdate(Command.java:304)
	at org.h2.command.Command.executeUpdate(Command.java:248)
	at org.h2.jdbc.JdbcPreparedStatement.executeUpdateInternal(JdbcPreparedStatement.java:213)
	at org.h2.jdbc.JdbcPreparedStatement.executeUpdate(JdbcPreparedStatement.java:172)
	at com.zaxxer.hikari.pool.ProxyPreparedStatement.executeUpdate(ProxyPreparedStatement.java:61)
	at com.zaxxer.hikari.pool.HikariProxyPreparedStatement.executeUpdate(HikariProxyPreparedStatement.java)
	at org.hibernate.engine.jdbc.internal.ResultSetReturnImpl.executeUpdate(ResultSetReturnImpl.java:194)
	... 185 common frames omitted
2025-07-30 16:46:41,897 [http-nio-8080-exec-1] DEBUG e.m.n.i.a.o.monitoring.LoggingAdapter              - send - Call saveFailedEventToOutbox
2025-07-30 16:46:41,897 [http-nio-8080-exec-1] DEBUG e.m.n.i.a.o.monitoring.LoggingAdapter              - saveFailedEventToOutbox - Saving failed event to outbox for notification: 92207767-8134-4bf9-a047-2f7def8e4f35, error: Error sending notification: could not execute statement [Violación de indice de Unicidad ó Clave primaria: "PUBLIC.UK_NOTIFICATIONS_UUID_INDEX_C ON PUBLIC.NOTIFICATIONS(UUID NULLS FIRST) VALUES ( /* 1 */ UUID '92207767-8134-4bf9-a047-2f7def8e4f35' )"
Unique index or primary key violation: "PUBLIC.UK_NOTIFICATIONS_UUID_INDEX_C ON PUBLIC.NOTIFICATIONS(UUID NULLS FIRST) VALUES ( /* 1 */ UUID '92207767-8134-4bf9-a047-2f7def8e4f35' )"; SQL statement:
insert into notifications (content_attributes,content_body,created_at,error_message,priority,recipient_attributes,recipient_device_token,recipient_email,recipient_phone,recipient_user_id,requester_id,retry_count,scheduled_for,sent_at,source_service,status,subject,template_id,uuid,id) values (?,?,?,?,?,?,?,?,?,?,?,?,?,?,?,?,?,?,?,default) [23505-232]] [insert into notifications (content_attributes,content_body,created_at,error_message,priority,recipient_attributes,recipient_device_token,recipient_email,recipient_phone,recipient_user_id,requester_id,retry_count,scheduled_for,sent_at,source_service,status,subject,template_id,uuid,id) values (?,?,?,?,?,?,?,?,?,?,?,?,?,?,?,?,?,?,?,default)]; SQL [insert into notifications (content_attributes,content_body,created_at,error_message,priority,recipient_attributes,recipient_device_token,recipient_email,recipient_phone,recipient_user_id,requester_id,retry_count,scheduled_for,sent_at,source_service,status,subject,template_id,uuid,id) values (?,?,?,?,?,?,?,?,?,?,?,?,?,?,?,?,?,?,?,default)]; constraint [PUBLIC.UK_NOTIFICATIONS_UUID_INDEX_C]
2025-07-30 16:46:41,898 [http-nio-8080-exec-1] DEBUG e.m.n.i.a.o.monitoring.LoggingAdapter              - SerializationServiceAdapter.serialize - Serializando objeto: {}
2025-07-30 16:46:41,909 [http-nio-8080-exec-1] DEBUG e.m.n.i.a.o.monitoring.LoggingAdapter              - saveFailedEventToOutbox - Call outboxRepository.save
2025-07-30 16:46:41,912 [http-nio-8080-exec-1] DEBUG e.m.n.i.a.o.monitoring.LoggingAdapter              - saveFailedEventToOutbox - Event saved successfully
2025-07-30 16:46:41,912 [http-nio-8080-exec-1] INFO  e.m.n.i.a.o.p.m.NotificationOutputMapper           - toEntity - Init
2025-07-30 16:46:41,912 [http-nio-8080-exec-1] INFO  e.m.n.i.a.o.p.m.NotificationOutputMapper           - toEntity - End
2025-07-30 16:46:41,914 [http-nio-8080-exec-1] WARN  o.h.engine.jdbc.spi.SqlExceptionHelper             - SQL Error: 22001, SQLState: 22001
2025-07-30 16:46:41,914 [http-nio-8080-exec-1] ERROR o.h.engine.jdbc.spi.SqlExceptionHelper             - Valor demasiado largo para la columna "ERROR_MESSAGE CHARACTER VARYING(255)": "U&'Error sending notification: could not execute statement [Violaci\\00f3n de ind... (1542)"
Value too long for column "ERROR_MESSAGE CHARACTER VARYING(255)": "U&'Error sending notification: could not execute statement [Violaci\\00f3n de ind... (1542)"; SQL statement:
insert into notifications (content_attributes,content_body,created_at,error_message,priority,recipient_attributes,recipient_device_token,recipient_email,recipient_phone,recipient_user_id,requester_id,retry_count,scheduled_for,sent_at,source_service,status,subject,template_id,uuid,id) values (?,?,?,?,?,?,?,?,?,?,?,?,?,?,?,?,?,?,?,default) [22001-232]
2025-07-30 16:46:41,917 [http-nio-8080-exec-1] ERROR e.m.n.i.a.i.w.e.RestExceptionHandler               - handleAllUncaughtException - Unexpected error occurred: could not execute statement [Valor demasiado largo para la columna "ERROR_MESSAGE CHARACTER VARYING(255)": "U&'Error sending notification: could not execute statement [Violaci\\00f3n de ind... (1542)"
Value too long for column "ERROR_MESSAGE CHARACTER VARYING(255)": "U&'Error sending notification: could not execute statement [Violaci\\00f3n de ind... (1542)"; SQL statement:
insert into notifications (content_attributes,content_body,created_at,error_message,priority,recipient_attributes,recipient_device_token,recipient_email,recipient_phone,recipient_user_id,requester_id,retry_count,scheduled_for,sent_at,source_service,status,subject,template_id,uuid,id) values (?,?,?,?,?,?,?,?,?,?,?,?,?,?,?,?,?,?,?,default) [22001-232]] [insert into notifications (content_attributes,content_body,created_at,error_message,priority,recipient_attributes,recipient_device_token,recipient_email,recipient_phone,recipient_user_id,requester_id,retry_count,scheduled_for,sent_at,source_service,status,subject,template_id,uuid,id) values (?,?,?,?,?,?,?,?,?,?,?,?,?,?,?,?,?,?,?,default)]; SQL [insert into notifications (content_attributes,content_body,created_at,error_message,priority,recipient_attributes,recipient_device_token,recipient_email,recipient_phone,recipient_user_id,requester_id,retry_count,scheduled_for,sent_at,source_service,status,subject,template_id,uuid,id) values (?,?,?,?,?,?,?,?,?,?,?,?,?,?,?,?,?,?,?,default)]
org.springframework.dao.DataIntegrityViolationException: could not execute statement [Valor demasiado largo para la columna "ERROR_MESSAGE CHARACTER VARYING(255)": "U&'Error sending notification: could not execute statement [Violaci\\00f3n de ind... (1542)"
Value too long for column "ERROR_MESSAGE CHARACTER VARYING(255)": "U&'Error sending notification: could not execute statement [Violaci\\00f3n de ind... (1542)"; SQL statement:
insert into notifications (content_attributes,content_body,created_at,error_message,priority,recipient_attributes,recipient_device_token,recipient_email,recipient_phone,recipient_user_id,requester_id,retry_count,scheduled_for,sent_at,source_service,status,subject,template_id,uuid,id) values (?,?,?,?,?,?,?,?,?,?,?,?,?,?,?,?,?,?,?,default) [22001-232]] [insert into notifications (content_attributes,content_body,created_at,error_message,priority,recipient_attributes,recipient_device_token,recipient_email,recipient_phone,recipient_user_id,requester_id,retry_count,scheduled_for,sent_at,source_service,status,subject,template_id,uuid,id) values (?,?,?,?,?,?,?,?,?,?,?,?,?,?,?,?,?,?,?,default)]; SQL [insert into notifications (content_attributes,content_body,created_at,error_message,priority,recipient_attributes,recipient_device_token,recipient_email,recipient_phone,recipient_user_id,requester_id,retry_count,scheduled_for,sent_at,source_service,status,subject,template_id,uuid,id) values (?,?,?,?,?,?,?,?,?,?,?,?,?,?,?,?,?,?,?,default)]
	at org.springframework.orm.jpa.vendor.HibernateJpaDialect.convertHibernateAccessException(HibernateJpaDialect.java:297)
	at org.springframework.orm.jpa.vendor.HibernateJpaDialect.convertHibernateAccessException(HibernateJpaDialect.java:256)
	at org.springframework.orm.jpa.vendor.HibernateJpaDialect.translateExceptionIfPossible(HibernateJpaDialect.java:241)
	at org.springframework.orm.jpa.AbstractEntityManagerFactoryBean.translateExceptionIfPossible(AbstractEntityManagerFactoryBean.java:560)
	at org.springframework.dao.support.ChainedPersistenceExceptionTranslator.translateExceptionIfPossible(ChainedPersistenceExceptionTranslator.java:61)
	at org.springframework.dao.support.DataAccessUtils.translateIfNecessary(DataAccessUtils.java:343)
	at org.springframework.dao.support.PersistenceExceptionTranslationInterceptor.invoke(PersistenceExceptionTranslationInterceptor.java:160)
	at org.springframework.aop.framework.ReflectiveMethodInvocation.proceed(ReflectiveMethodInvocation.java:184)
	at org.springframework.data.jpa.repository.support.CrudMethodMetadataPostProcessor$CrudMethodMetadataPopulatingMethodInterceptor.invoke(CrudMethodMetadataPostProcessor.java:165)
	at org.springframework.aop.framework.ReflectiveMethodInvocation.proceed(ReflectiveMethodInvocation.java:184)
	at org.springframework.aop.framework.JdkDynamicAopProxy.invoke(JdkDynamicAopProxy.java:223)
	at jdk.proxy2/jdk.proxy2.$Proxy186.save(Unknown Source)
	at edu.market.notification.infrastructure.adapter.output.persistence.NotificationRepositoryAdapter.save(NotificationRepositoryAdapter.java:36)
	at java.base/jdk.internal.reflect.DirectMethodHandleAccessor.invoke(DirectMethodHandleAccessor.java:103)
	at java.base/java.lang.reflect.Method.invoke(Method.java:580)
	at org.springframework.aop.support.AopUtils.invokeJoinpointUsingReflection(AopUtils.java:359)
	at org.springframework.aop.framework.ReflectiveMethodInvocation.invokeJoinpoint(ReflectiveMethodInvocation.java:196)
	at org.springframework.aop.framework.ReflectiveMethodInvocation.proceed(ReflectiveMethodInvocation.java:163)
	at org.springframework.transaction.interceptor.TransactionAspectSupport.invokeWithinTransaction(TransactionAspectSupport.java:380)
	at org.springframework.transaction.interceptor.TransactionInterceptor.invoke(TransactionInterceptor.java:119)
	at org.springframework.aop.framework.ReflectiveMethodInvocation.proceed(ReflectiveMethodInvocation.java:184)
	at org.springframework.aop.framework.CglibAopProxy$DynamicAdvisedInterceptor.intercept(CglibAopProxy.java:728)
	at edu.market.notification.infrastructure.adapter.output.persistence.NotificationRepositoryAdapter$$SpringCGLIB$$0.save(<generated>)
	at edu.market.notification.application.usecase.notification.SendNotificationUseCase.send(SendNotificationUseCase.java:125)
	at edu.market.notification.infrastructure.adapter.input.web.controller.NotificationController.sendNotification(NotificationController.java:156)
	at java.base/jdk.internal.reflect.DirectMethodHandleAccessor.invoke(DirectMethodHandleAccessor.java:103)
	at java.base/java.lang.reflect.Method.invoke(Method.java:580)
	at org.springframework.web.method.support.InvocableHandlerMethod.doInvoke(InvocableHandlerMethod.java:258)
	at org.springframework.web.method.support.InvocableHandlerMethod.invokeForRequest(InvocableHandlerMethod.java:191)
	at org.springframework.web.servlet.mvc.method.annotation.ServletInvocableHandlerMethod.invokeAndHandle(ServletInvocableHandlerMethod.java:118)
	at org.springframework.web.servlet.mvc.method.annotation.RequestMappingHandlerAdapter.invokeHandlerMethod(RequestMappingHandlerAdapter.java:986)
	at org.springframework.web.servlet.mvc.method.annotation.RequestMappingHandlerAdapter.handleInternal(RequestMappingHandlerAdapter.java:891)
	at org.springframework.web.servlet.mvc.method.AbstractHandlerMethodAdapter.handle(AbstractHandlerMethodAdapter.java:87)
	at org.springframework.web.servlet.DispatcherServlet.doDispatch(DispatcherServlet.java:1089)
	at org.springframework.web.servlet.DispatcherServlet.doService(DispatcherServlet.java:979)
	at org.springframework.web.servlet.FrameworkServlet.processRequest(FrameworkServlet.java:1014)
	at org.springframework.web.servlet.FrameworkServlet.doPost(FrameworkServlet.java:914)
	at jakarta.servlet.http.HttpServlet.service(HttpServlet.java:590)
	at org.springframework.web.servlet.FrameworkServlet.service(FrameworkServlet.java:885)
	at jakarta.servlet.http.HttpServlet.service(HttpServlet.java:658)
	at org.apache.catalina.core.ApplicationFilterChain.internalDoFilter(ApplicationFilterChain.java:195)
	at org.apache.catalina.core.ApplicationFilterChain.doFilter(ApplicationFilterChain.java:140)
	at org.apache.tomcat.websocket.server.WsFilter.doFilter(WsFilter.java:51)
	at org.apache.catalina.core.ApplicationFilterChain.internalDoFilter(ApplicationFilterChain.java:164)
	at org.apache.catalina.core.ApplicationFilterChain.doFilter(ApplicationFilterChain.java:140)
	at org.springframework.web.filter.CompositeFilter$VirtualFilterChain.doFilter(CompositeFilter.java:108)
	at org.springframework.security.web.FilterChainProxy.lambda$doFilterInternal$3(FilterChainProxy.java:231)
	at org.springframework.security.web.ObservationFilterChainDecorator$FilterObservation$SimpleFilterObservation.lambda$wrap$1(ObservationFilterChainDecorator.java:479)
	at org.springframework.security.web.ObservationFilterChainDecorator$AroundFilterObservation$SimpleAroundFilterObservation.lambda$wrap$1(ObservationFilterChainDecorator.java:340)
	at org.springframework.security.web.ObservationFilterChainDecorator.lambda$wrapSecured$0(ObservationFilterChainDecorator.java:82)
	at org.springframework.security.web.ObservationFilterChainDecorator$VirtualFilterChain.doFilter(ObservationFilterChainDecorator.java:128)
	at org.springframework.security.web.access.intercept.AuthorizationFilter.doFilter(AuthorizationFilter.java:101)
	at org.springframework.security.web.ObservationFilterChainDecorator$ObservationFilter.wrapFilter(ObservationFilterChainDecorator.java:240)
	at org.springframework.security.web.ObservationFilterChainDecorator$ObservationFilter.doFilter(ObservationFilterChainDecorator.java:227)
	at org.springframework.security.web.ObservationFilterChainDecorator$VirtualFilterChain.doFilter(ObservationFilterChainDecorator.java:137)
	at org.springframework.security.web.access.ExceptionTranslationFilter.doFilter(ExceptionTranslationFilter.java:126)
	at org.springframework.security.web.access.ExceptionTranslationFilter.doFilter(ExceptionTranslationFilter.java:120)
	at org.springframework.security.web.ObservationFilterChainDecorator$ObservationFilter.wrapFilter(ObservationFilterChainDecorator.java:240)
	at org.springframework.security.web.ObservationFilterChainDecorator$ObservationFilter.doFilter(ObservationFilterChainDecorator.java:227)
	at org.springframework.security.web.ObservationFilterChainDecorator$VirtualFilterChain.doFilter(ObservationFilterChainDecorator.java:137)
	at org.springframework.security.web.authentication.AnonymousAuthenticationFilter.doFilter(AnonymousAuthenticationFilter.java:100)
	at org.springframework.security.web.ObservationFilterChainDecorator$ObservationFilter.wrapFilter(ObservationFilterChainDecorator.java:240)
	at org.springframework.security.web.ObservationFilterChainDecorator$ObservationFilter.doFilter(ObservationFilterChainDecorator.java:227)
	at org.springframework.security.web.ObservationFilterChainDecorator$VirtualFilterChain.doFilter(ObservationFilterChainDecorator.java:137)
	at org.springframework.security.web.servletapi.SecurityContextHolderAwareRequestFilter.doFilter(SecurityContextHolderAwareRequestFilter.java:179)
	at org.springframework.security.web.ObservationFilterChainDecorator$ObservationFilter.wrapFilter(ObservationFilterChainDecorator.java:240)
	at org.springframework.security.web.ObservationFilterChainDecorator$ObservationFilter.doFilter(ObservationFilterChainDecorator.java:227)
	at org.springframework.security.web.ObservationFilterChainDecorator$VirtualFilterChain.doFilter(ObservationFilterChainDecorator.java:137)
	at org.springframework.security.web.savedrequest.RequestCacheAwareFilter.doFilter(RequestCacheAwareFilter.java:63)
	at org.springframework.security.web.ObservationFilterChainDecorator$ObservationFilter.wrapFilter(ObservationFilterChainDecorator.java:240)
	at org.springframework.security.web.ObservationFilterChainDecorator$ObservationFilter.doFilter(ObservationFilterChainDecorator.java:227)
	at org.springframework.security.web.ObservationFilterChainDecorator$VirtualFilterChain.doFilter(ObservationFilterChainDecorator.java:137)
	at org.springframework.security.web.authentication.logout.LogoutFilter.doFilter(LogoutFilter.java:107)
	at org.springframework.security.web.authentication.logout.LogoutFilter.doFilter(LogoutFilter.java:93)
	at org.springframework.security.web.ObservationFilterChainDecorator$ObservationFilter.wrapFilter(ObservationFilterChainDecorator.java:240)
	at org.springframework.security.web.ObservationFilterChainDecorator$ObservationFilter.doFilter(ObservationFilterChainDecorator.java:227)
	at org.springframework.security.web.ObservationFilterChainDecorator$VirtualFilterChain.doFilter(ObservationFilterChainDecorator.java:137)
	at org.springframework.security.web.header.HeaderWriterFilter.doHeadersAfter(HeaderWriterFilter.java:90)
	at org.springframework.security.web.header.HeaderWriterFilter.doFilterInternal(HeaderWriterFilter.java:75)
	at org.springframework.web.filter.OncePerRequestFilter.doFilter(OncePerRequestFilter.java:116)
	at org.springframework.security.web.ObservationFilterChainDecorator$ObservationFilter.wrapFilter(ObservationFilterChainDecorator.java:240)
	at org.springframework.security.web.ObservationFilterChainDecorator$ObservationFilter.doFilter(ObservationFilterChainDecorator.java:227)
	at org.springframework.security.web.ObservationFilterChainDecorator$VirtualFilterChain.doFilter(ObservationFilterChainDecorator.java:137)
	at org.springframework.security.web.context.SecurityContextHolderFilter.doFilter(SecurityContextHolderFilter.java:82)
	at org.springframework.security.web.context.SecurityContextHolderFilter.doFilter(SecurityContextHolderFilter.java:69)
	at org.springframework.security.web.ObservationFilterChainDecorator$ObservationFilter.wrapFilter(ObservationFilterChainDecorator.java:240)
	at org.springframework.security.web.ObservationFilterChainDecorator$ObservationFilter.doFilter(ObservationFilterChainDecorator.java:227)
	at org.springframework.security.web.ObservationFilterChainDecorator$VirtualFilterChain.doFilter(ObservationFilterChainDecorator.java:137)
	at org.springframework.security.web.context.request.async.WebAsyncManagerIntegrationFilter.doFilterInternal(WebAsyncManagerIntegrationFilter.java:62)
	at org.springframework.web.filter.OncePerRequestFilter.doFilter(OncePerRequestFilter.java:116)
	at org.springframework.security.web.ObservationFilterChainDecorator$ObservationFilter.wrapFilter(ObservationFilterChainDecorator.java:240)
	at org.springframework.security.web.ObservationFilterChainDecorator$ObservationFilter.doFilter(ObservationFilterChainDecorator.java:227)
	at org.springframework.security.web.ObservationFilterChainDecorator$VirtualFilterChain.doFilter(ObservationFilterChainDecorator.java:137)
	at org.springframework.security.web.session.DisableEncodeUrlFilter.doFilterInternal(DisableEncodeUrlFilter.java:42)
	at org.springframework.web.filter.OncePerRequestFilter.doFilter(OncePerRequestFilter.java:116)
	at org.springframework.security.web.ObservationFilterChainDecorator$ObservationFilter.wrapFilter(ObservationFilterChainDecorator.java:240)
	at org.springframework.security.web.ObservationFilterChainDecorator$AroundFilterObservation$SimpleAroundFilterObservation.lambda$wrap$0(ObservationFilterChainDecorator.java:323)
	at org.springframework.security.web.ObservationFilterChainDecorator$ObservationFilter.doFilter(ObservationFilterChainDecorator.java:224)
	at org.springframework.security.web.ObservationFilterChainDecorator$VirtualFilterChain.doFilter(ObservationFilterChainDecorator.java:137)
	at org.springframework.security.web.FilterChainProxy.doFilterInternal(FilterChainProxy.java:233)
	at org.springframework.security.web.FilterChainProxy.doFilter(FilterChainProxy.java:191)
	at org.springframework.web.filter.CompositeFilter$VirtualFilterChain.doFilter(CompositeFilter.java:113)
	at org.springframework.web.servlet.handler.HandlerMappingIntrospector.lambda$createCacheFilter$3(HandlerMappingIntrospector.java:243)
	at org.springframework.web.filter.CompositeFilter$VirtualFilterChain.doFilter(CompositeFilter.java:113)
	at org.springframework.web.filter.CompositeFilter.doFilter(CompositeFilter.java:74)
	at org.springframework.security.config.annotation.web.configuration.WebMvcSecurityConfiguration$CompositeFilterChainProxy.doFilter(WebMvcSecurityConfiguration.java:238)
	at org.springframework.web.filter.DelegatingFilterProxy.invokeDelegate(DelegatingFilterProxy.java:362)
	at org.springframework.web.filter.DelegatingFilterProxy.doFilter(DelegatingFilterProxy.java:278)
	at org.apache.catalina.core.ApplicationFilterChain.internalDoFilter(ApplicationFilterChain.java:164)
	at org.apache.catalina.core.ApplicationFilterChain.doFilter(ApplicationFilterChain.java:140)
	at org.springframework.web.filter.RequestContextFilter.doFilterInternal(RequestContextFilter.java:100)
	at org.springframework.web.filter.OncePerRequestFilter.doFilter(OncePerRequestFilter.java:116)
	at org.apache.catalina.core.ApplicationFilterChain.internalDoFilter(ApplicationFilterChain.java:164)
	at org.apache.catalina.core.ApplicationFilterChain.doFilter(ApplicationFilterChain.java:140)
	at org.springframework.web.filter.FormContentFilter.doFilterInternal(FormContentFilter.java:93)
	at org.springframework.web.filter.OncePerRequestFilter.doFilter(OncePerRequestFilter.java:116)
	at org.apache.catalina.core.ApplicationFilterChain.internalDoFilter(ApplicationFilterChain.java:164)
	at org.apache.catalina.core.ApplicationFilterChain.doFilter(ApplicationFilterChain.java:140)
	at org.springframework.web.filter.ServerHttpObservationFilter.doFilterInternal(ServerHttpObservationFilter.java:114)
	at org.springframework.web.filter.OncePerRequestFilter.doFilter(OncePerRequestFilter.java:116)
	at org.apache.catalina.core.ApplicationFilterChain.internalDoFilter(ApplicationFilterChain.java:164)
	at org.apache.catalina.core.ApplicationFilterChain.doFilter(ApplicationFilterChain.java:140)
	at org.springframework.web.filter.CharacterEncodingFilter.doFilterInternal(CharacterEncodingFilter.java:201)
	at org.springframework.web.filter.OncePerRequestFilter.doFilter(OncePerRequestFilter.java:116)
	at org.apache.catalina.core.ApplicationFilterChain.internalDoFilter(ApplicationFilterChain.java:164)
	at org.apache.catalina.core.ApplicationFilterChain.doFilter(ApplicationFilterChain.java:140)
	at org.apache.catalina.core.StandardWrapperValve.invoke(StandardWrapperValve.java:167)
	at org.apache.catalina.core.StandardContextValve.invoke(StandardContextValve.java:90)
	at org.apache.catalina.authenticator.AuthenticatorBase.invoke(AuthenticatorBase.java:483)
	at org.apache.catalina.core.StandardHostValve.invoke(StandardHostValve.java:116)
	at org.apache.catalina.valves.ErrorReportValve.invoke(ErrorReportValve.java:93)
	at org.apache.catalina.core.StandardEngineValve.invoke(StandardEngineValve.java:74)
	at org.apache.catalina.connector.CoyoteAdapter.service(CoyoteAdapter.java:344)
	at org.apache.coyote.http11.Http11Processor.service(Http11Processor.java:398)
	at org.apache.coyote.AbstractProcessorLight.process(AbstractProcessorLight.java:63)
	at org.apache.coyote.AbstractProtocol$ConnectionHandler.process(AbstractProtocol.java:903)
	at org.apache.tomcat.util.net.NioEndpoint$SocketProcessor.doRun(NioEndpoint.java:1740)
	at org.apache.tomcat.util.net.SocketProcessorBase.run(SocketProcessorBase.java:52)
	at org.apache.tomcat.util.threads.ThreadPoolExecutor.runWorker(ThreadPoolExecutor.java:1189)
	at org.apache.tomcat.util.threads.ThreadPoolExecutor$Worker.run(ThreadPoolExecutor.java:658)
	at org.apache.tomcat.util.threads.TaskThread$WrappingRunnable.run(TaskThread.java:63)
	at java.base/java.lang.Thread.run(Thread.java:1583)
Caused by: org.hibernate.exception.DataException: could not execute statement [Valor demasiado largo para la columna "ERROR_MESSAGE CHARACTER VARYING(255)": "U&'Error sending notification: could not execute statement [Violaci\\00f3n de ind... (1542)"
Value too long for column "ERROR_MESSAGE CHARACTER VARYING(255)": "U&'Error sending notification: could not execute statement [Violaci\\00f3n de ind... (1542)"; SQL statement:
insert into notifications (content_attributes,content_body,created_at,error_message,priority,recipient_attributes,recipient_device_token,recipient_email,recipient_phone,recipient_user_id,requester_id,retry_count,scheduled_for,sent_at,source_service,status,subject,template_id,uuid,id) values (?,?,?,?,?,?,?,?,?,?,?,?,?,?,?,?,?,?,?,default) [22001-232]] [insert into notifications (content_attributes,content_body,created_at,error_message,priority,recipient_attributes,recipient_device_token,recipient_email,recipient_phone,recipient_user_id,requester_id,retry_count,scheduled_for,sent_at,source_service,status,subject,template_id,uuid,id) values (?,?,?,?,?,?,?,?,?,?,?,?,?,?,?,?,?,?,?,default)]
	at org.hibernate.exception.internal.SQLExceptionTypeDelegate.convert(SQLExceptionTypeDelegate.java:55)
	at org.hibernate.exception.internal.StandardSQLExceptionConverter.convert(StandardSQLExceptionConverter.java:58)
	at org.hibernate.engine.jdbc.spi.SqlExceptionHelper.convert(SqlExceptionHelper.java:108)
	at org.hibernate.engine.jdbc.internal.ResultSetReturnImpl.executeUpdate(ResultSetReturnImpl.java:197)
	at org.hibernate.id.insert.GetGeneratedKeysDelegate.performMutation(GetGeneratedKeysDelegate.java:116)
	at org.hibernate.engine.jdbc.mutation.internal.MutationExecutorSingleNonBatched.performNonBatchedOperations(MutationExecutorSingleNonBatched.java:47)
	at org.hibernate.engine.jdbc.mutation.internal.AbstractMutationExecutor.execute(AbstractMutationExecutor.java:55)
	at org.hibernate.persister.entity.mutation.InsertCoordinatorStandard.doStaticInserts(InsertCoordinatorStandard.java:194)
	at org.hibernate.persister.entity.mutation.InsertCoordinatorStandard.coordinateInsert(InsertCoordinatorStandard.java:132)
	at org.hibernate.persister.entity.mutation.InsertCoordinatorStandard.insert(InsertCoordinatorStandard.java:95)
	at org.hibernate.action.internal.EntityIdentityInsertAction.execute(EntityIdentityInsertAction.java:85)
	at org.hibernate.engine.spi.ActionQueue.execute(ActionQueue.java:682)
	at org.hibernate.engine.spi.ActionQueue.addResolvedEntityInsertAction(ActionQueue.java:293)
	at org.hibernate.engine.spi.ActionQueue.addInsertAction(ActionQueue.java:274)
	at org.hibernate.engine.spi.ActionQueue.addAction(ActionQueue.java:324)
	at org.hibernate.event.internal.AbstractSaveEventListener.addInsertAction(AbstractSaveEventListener.java:393)
	at org.hibernate.event.internal.AbstractSaveEventListener.performSaveOrReplicate(AbstractSaveEventListener.java:307)
	at org.hibernate.event.internal.AbstractSaveEventListener.performSave(AbstractSaveEventListener.java:223)
	at org.hibernate.event.internal.AbstractSaveEventListener.saveWithGeneratedId(AbstractSaveEventListener.java:136)
	at org.hibernate.event.internal.DefaultPersistEventListener.entityIsTransient(DefaultPersistEventListener.java:177)
	at org.hibernate.event.internal.DefaultPersistEventListener.persist(DefaultPersistEventListener.java:95)
	at org.hibernate.event.internal.DefaultPersistEventListener.onPersist(DefaultPersistEventListener.java:79)
	at org.hibernate.event.internal.DefaultPersistEventListener.onPersist(DefaultPersistEventListener.java:55)
	at org.hibernate.event.service.internal.EventListenerGroupImpl.fireEventOnEachListener(EventListenerGroupImpl.java:127)
	at org.hibernate.internal.SessionImpl.firePersist(SessionImpl.java:761)
	at org.hibernate.internal.SessionImpl.persist(SessionImpl.java:745)
	at java.base/jdk.internal.reflect.DirectMethodHandleAccessor.invoke(DirectMethodHandleAccessor.java:103)
	at java.base/java.lang.reflect.Method.invoke(Method.java:580)
	at org.springframework.orm.jpa.ExtendedEntityManagerCreator$ExtendedEntityManagerInvocationHandler.invoke(ExtendedEntityManagerCreator.java:364)
	at jdk.proxy2/jdk.proxy2.$Proxy175.persist(Unknown Source)
	at java.base/jdk.internal.reflect.DirectMethodHandleAccessor.invoke(DirectMethodHandleAccessor.java:103)
	at java.base/java.lang.reflect.Method.invoke(Method.java:580)
	at org.springframework.orm.jpa.SharedEntityManagerCreator$SharedEntityManagerInvocationHandler.invoke(SharedEntityManagerCreator.java:320)
	at jdk.proxy2/jdk.proxy2.$Proxy175.persist(Unknown Source)
	at org.springframework.data.jpa.repository.support.SimpleJpaRepository.save(SimpleJpaRepository.java:636)
	at java.base/jdk.internal.reflect.DirectMethodHandleAccessor.invoke(DirectMethodHandleAccessor.java:103)
	at java.base/java.lang.reflect.Method.invoke(Method.java:580)
	at org.springframework.aop.support.AopUtils.invokeJoinpointUsingReflection(AopUtils.java:359)
	at org.springframework.data.repository.core.support.RepositoryMethodInvoker$RepositoryFragmentMethodInvoker.lambda$new$0(RepositoryMethodInvoker.java:277)
	at org.springframework.data.repository.core.support.RepositoryMethodInvoker.doInvoke(RepositoryMethodInvoker.java:170)
	at org.springframework.data.repository.core.support.RepositoryMethodInvoker.invoke(RepositoryMethodInvoker.java:158)
	at org.springframework.data.repository.core.support.RepositoryComposition$RepositoryFragments.invoke(RepositoryComposition.java:515)
	at org.springframework.data.repository.core.support.RepositoryComposition.invoke(RepositoryComposition.java:284)
	at org.springframework.data.repository.core.support.RepositoryFactorySupport$ImplementationMethodExecutionInterceptor.invoke(RepositoryFactorySupport.java:731)
	at org.springframework.aop.framework.ReflectiveMethodInvocation.proceed(ReflectiveMethodInvocation.java:184)
	at org.springframework.data.repository.core.support.QueryExecutorMethodInterceptor.doInvoke(QueryExecutorMethodInterceptor.java:174)
	at org.springframework.data.repository.core.support.QueryExecutorMethodInterceptor.invoke(QueryExecutorMethodInterceptor.java:149)
	at org.springframework.aop.framework.ReflectiveMethodInvocation.proceed(ReflectiveMethodInvocation.java:184)
	at org.springframework.data.projection.DefaultMethodInvokingMethodInterceptor.invoke(DefaultMethodInvokingMethodInterceptor.java:69)
	at org.springframework.aop.framework.ReflectiveMethodInvocation.proceed(ReflectiveMethodInvocation.java:184)
	at org.springframework.transaction.interceptor.TransactionAspectSupport.invokeWithinTransaction(TransactionAspectSupport.java:380)
	at org.springframework.transaction.interceptor.TransactionInterceptor.invoke(TransactionInterceptor.java:119)
	at org.springframework.aop.framework.ReflectiveMethodInvocation.proceed(ReflectiveMethodInvocation.java:184)
	at org.springframework.dao.support.PersistenceExceptionTranslationInterceptor.invoke(PersistenceExceptionTranslationInterceptor.java:138)
	... 135 common frames omitted
Caused by: org.h2.jdbc.JdbcSQLDataException: Valor demasiado largo para la columna "ERROR_MESSAGE CHARACTER VARYING(255)": "U&'Error sending notification: could not execute statement [Violaci\\00f3n de ind... (1542)"
Value too long for column "ERROR_MESSAGE CHARACTER VARYING(255)": "U&'Error sending notification: could not execute statement [Violaci\\00f3n de ind... (1542)"; SQL statement:
insert into notifications (content_attributes,content_body,created_at,error_message,priority,recipient_attributes,recipient_device_token,recipient_email,recipient_phone,recipient_user_id,requester_id,retry_count,scheduled_for,sent_at,source_service,status,subject,template_id,uuid,id) values (?,?,?,?,?,?,?,?,?,?,?,?,?,?,?,?,?,?,?,default) [22001-232]
	at org.h2.message.DbException.getJdbcSQLException(DbException.java:518)
	at org.h2.message.DbException.getJdbcSQLException(DbException.java:489)
	at org.h2.message.DbException.get(DbException.java:223)
	at org.h2.message.DbException.getValueTooLongException(DbException.java:334)
	at org.h2.value.Value.getValueTooLongException(Value.java:2612)
	at org.h2.value.Value.convertToVarchar(Value.java:1287)
	at org.h2.value.Value.convertTo(Value.java:1143)
	at org.h2.value.Value.convertForAssignTo(Value.java:1118)
	at org.h2.table.Column.validateConvertUpdateSequence(Column.java:406)
	at org.h2.table.Table.convertInsertRow(Table.java:963)
	at org.h2.command.dml.Insert.insertRows(Insert.java:167)
	at org.h2.command.dml.Insert.update(Insert.java:135)
	at org.h2.command.CommandContainer.executeUpdateWithGeneratedKeys(CommandContainer.java:212)
	at org.h2.command.CommandContainer.update(CommandContainer.java:133)
	at org.h2.command.Command.executeUpdate(Command.java:304)
	at org.h2.command.Command.executeUpdate(Command.java:248)
	at org.h2.jdbc.JdbcPreparedStatement.executeUpdateInternal(JdbcPreparedStatement.java:213)
	at org.h2.jdbc.JdbcPreparedStatement.executeUpdate(JdbcPreparedStatement.java:172)
	at com.zaxxer.hikari.pool.ProxyPreparedStatement.executeUpdate(ProxyPreparedStatement.java:61)
	at com.zaxxer.hikari.pool.HikariProxyPreparedStatement.executeUpdate(HikariProxyPreparedStatement.java)
	at org.hibernate.engine.jdbc.internal.ResultSetReturnImpl.executeUpdate(ResultSetReturnImpl.java:194)
	... 185 common frames omitted
2025-07-30 16:47:11,787 [SpringApplicationShutdownHook] INFO  o.s.c.n.e.s.EurekaServiceRegistry                  - Unregistering application NOTIFICATION-SERVICE with eureka with status DOWN
2025-07-30 16:47:11,790 [SpringApplicationShutdownHook] INFO  o.s.b.w.embedded.tomcat.GracefulShutdown           - Commencing graceful shutdown. Waiting for active requests to complete
2025-07-30 16:47:11,794 [tomcat-shutdown] INFO  o.s.b.w.embedded.tomcat.GracefulShutdown           - Graceful shutdown complete
2025-07-30 16:47:11,804 [SpringApplicationShutdownHook] INFO  o.s.o.j.LocalContainerEntityManagerFactoryBean     - Closing JPA EntityManagerFactory for persistence unit 'default'
2025-07-30 16:47:11,805 [SpringApplicationShutdownHook] INFO  com.zaxxer.hikari.HikariDataSource                 - HikariPool-1 - Shutdown initiated...
2025-07-30 16:47:11,806 [SpringApplicationShutdownHook] INFO  com.zaxxer.hikari.HikariDataSource                 - HikariPool-1 - Shutdown completed.
2025-07-30 16:47:11,807 [SpringApplicationShutdownHook] INFO  com.netflix.discovery.DiscoveryClient              - Shutting down DiscoveryClient ...
2025-07-30 16:47:11,807 [SpringApplicationShutdownHook] INFO  com.netflix.discovery.DiscoveryClient              - Completed shut down of DiscoveryClient
2025-07-30 16:48:16,421 [background-preinit] INFO  o.h.validator.internal.util.Version                - HV000001: Hibernate Validator 8.0.2.Final
2025-07-30 16:48:16,457 [main] INFO  edu.market.notification.App                        - Starting App v1.0.0 using Java 21 with PID 4568 (C:\Users\ja2c\Desktop\Cursos\micro-servicio-archt\k8s\microservices\services\notification-service\target\classes started by ja2c in C:\Users\ja2c\Desktop\Cursos\micro-servicio-archt\k8s\microservices\services\notification-service)
2025-07-30 16:48:16,458 [main] DEBUG edu.market.notification.App                        - Running with Spring Boot v3.4.5, Spring v6.2.6
2025-07-30 16:48:16,458 [main] INFO  edu.market.notification.App                        - The following 1 profile is active: "dev"
2025-07-30 16:48:16,486 [main] INFO  o.s.c.c.c.ConfigServerConfigDataLoader             - Fetching config from server at : http://localhost:8890
2025-07-30 16:48:16,487 [main] INFO  o.s.c.c.c.ConfigServerConfigDataLoader             - Exception on Url - http://localhost:8890:org.springframework.web.client.ResourceAccessException: I/O error on GET request for "http://localhost:8890/notification-service/default": Connection refused: no further information. Will be trying the next url if available
2025-07-30 16:48:16,487 [main] WARN  o.s.c.c.c.ConfigServerConfigDataLoader             - Could not locate PropertySource ([ConfigServerConfigDataResource@1da6ee17 uris = array<String>['http://localhost:8890'], optional = true, profiles = 'default']): I/O error on GET request for "http://localhost:8890/notification-service/default": Connection refused: no further information
2025-07-30 16:48:16,487 [main] INFO  o.s.c.c.c.ConfigServerConfigDataLoader             - Fetching config from server at : http://localhost:8890
2025-07-30 16:48:16,487 [main] INFO  o.s.c.c.c.ConfigServerConfigDataLoader             - Exception on Url - http://localhost:8890:org.springframework.web.client.ResourceAccessException: I/O error on GET request for "http://localhost:8890/notification-service/dev": Connection refused: no further information. Will be trying the next url if available
2025-07-30 16:48:16,487 [main] WARN  o.s.c.c.c.ConfigServerConfigDataLoader             - Could not locate PropertySource ([ConfigServerConfigDataResource@503fbbc6 uris = array<String>['http://localhost:8890'], optional = true, profiles = 'dev']): I/O error on GET request for "http://localhost:8890/notification-service/dev": Connection refused: no further information
2025-07-30 16:48:16,487 [main] INFO  o.s.c.c.c.ConfigServerConfigDataLoader             - Fetching config from server at : http://localhost:8890
2025-07-30 16:48:16,487 [main] INFO  o.s.c.c.c.ConfigServerConfigDataLoader             - Exception on Url - http://localhost:8890:org.springframework.web.client.ResourceAccessException: I/O error on GET request for "http://localhost:8890/notification-service/default": Connection refused: no further information. Will be trying the next url if available
2025-07-30 16:48:16,488 [main] WARN  o.s.c.c.c.ConfigServerConfigDataLoader             - Could not locate PropertySource ([ConfigServerConfigDataResource@55f45b92 uris = array<String>['http://localhost:8890'], optional = true, profiles = 'default']): I/O error on GET request for "http://localhost:8890/notification-service/default": Connection refused: no further information
2025-07-30 16:48:17,429 [main] INFO  o.s.d.r.c.RepositoryConfigurationDelegate          - Bootstrapping Spring Data JPA repositories in DEFAULT mode.
2025-07-30 16:48:17,592 [main] INFO  o.s.d.r.c.RepositoryConfigurationDelegate          - Finished Spring Data repository scanning in 150 ms. Found 6 JPA repository interfaces.
2025-07-30 16:48:17,886 [main] INFO  o.s.cloud.context.scope.GenericScope               - BeanFactory id=3900db60-8d40-363c-9c55-ffe39cb1c59c
2025-07-30 16:48:18,603 [main] INFO  o.s.b.w.embedded.tomcat.TomcatWebServer            - Tomcat initialized with port 8080 (http)
2025-07-30 16:48:18,620 [main] INFO  o.apache.coyote.http11.Http11NioProtocol           - Initializing ProtocolHandler ["http-nio-8080"]
2025-07-30 16:48:18,624 [main] INFO  o.apache.catalina.core.StandardService             - Starting service [Tomcat]
2025-07-30 16:48:18,625 [main] INFO  org.apache.catalina.core.StandardEngine            - Starting Servlet engine: [Apache Tomcat/10.1.40]
2025-07-30 16:48:18,715 [main] INFO  o.a.c.c.C.[.[.[/notification-service]              - Initializing Spring embedded WebApplicationContext
2025-07-30 16:48:18,716 [main] INFO  o.s.b.w.s.c.ServletWebServerApplicationContext     - Root WebApplicationContext: initialization completed in 2227 ms
2025-07-30 16:48:19,129 [main] INFO  com.zaxxer.hikari.HikariDataSource                 - HikariPool-1 - Starting...
2025-07-30 16:48:19,308 [main] INFO  com.zaxxer.hikari.pool.HikariPool                  - HikariPool-1 - Added connection conn0: url=jdbc:h2:mem:userdb user=SA
2025-07-30 16:48:19,309 [main] INFO  com.zaxxer.hikari.HikariDataSource                 - HikariPool-1 - Start completed.
2025-07-30 16:48:19,576 [main] INFO  o.hibernate.jpa.internal.util.LogHelper            - HHH000204: Processing PersistenceUnitInfo [name: default]
2025-07-30 16:48:19,683 [main] INFO  org.hibernate.Version                              - HHH000412: Hibernate ORM core version 6.6.13.Final
2025-07-30 16:48:19,746 [main] INFO  o.h.c.internal.RegionFactoryInitiator              - HHH000026: Second-level cache disabled
2025-07-30 16:48:20,116 [main] INFO  o.s.o.j.p.SpringPersistenceUnitInfo                - No LoadTimeWeaver setup: ignoring JPA class transformer
2025-07-30 16:48:20,171 [main] INFO  org.hibernate.orm.connections.pooling              - HHH10001005: Database info:
	Database JDBC URL [Connecting through datasource 'HikariDataSource (HikariPool-1)']
	Database driver: undefined/unknown
	Database version: 2.3.232
	Autocommit mode: undefined/unknown
	Isolation level: undefined/unknown
	Minimum pool size: undefined/unknown
	Maximum pool size: undefined/unknown
2025-07-30 16:48:20,991 [main] INFO  o.h.e.t.j.p.i.JtaPlatformInitiator                 - HHH000489: No JTA platform available (set 'hibernate.transaction.jta.platform' to enable JTA platform integration)
2025-07-30 16:48:21,101 [main] INFO  o.s.o.j.LocalContainerEntityManagerFactoryBean     - Initialized JPA EntityManagerFactory for persistence unit 'default'
2025-07-30 16:48:21,534 [main] INFO  o.s.d.j.r.query.QueryEnhancerFactory               - Hibernate is in classpath; If applicable, HQL parser will be used.
2025-07-30 16:48:22,729 [main] WARN  o.s.b.a.o.j.JpaBaseConfiguration$JpaWebConfiguration - spring.jpa.open-in-view is enabled by default. Therefore, database queries may be performed during view rendering. Explicitly configure spring.jpa.open-in-view to disable this warning
2025-07-30 16:48:23,115 [main] INFO  o.s.b.a.e.web.EndpointLinksResolver                - Exposing 1 endpoint beneath base path '/actuator'
2025-07-30 16:48:23,523 [main] INFO  o.s.b.a.h2.H2ConsoleAutoConfiguration              - H2 console available at '/h2-console'. Database available at 'jdbc:h2:mem:userdb'
2025-07-30 16:48:23,566 [main] INFO  o.s.c.n.e.c.DiscoveryClientOptionalArgsConfiguration - Eureka HTTP Client uses RestTemplate.
2025-07-30 16:48:23,609 [main] WARN  o.s.c.l.c.LoadBalancerCacheAutoConfiguration$LoadBalancerCaffeineWarnLogger - Spring Cloud LoadBalancer is currently working with the default cache. While this cache implementation is useful for development and tests, it's recommended to use Caffeine cache in production.You can switch to using Caffeine cache, by adding it and org.springframework.cache.caffeine.CaffeineCacheManager to the classpath.
2025-07-30 16:48:23,659 [main] INFO  o.s.c.netflix.eureka.InstanceInfoFactory           - Setting initial instance status as: STARTING
2025-07-30 16:48:23,683 [main] INFO  com.netflix.discovery.DiscoveryClient              - Initializing Eureka in region us-east-1
2025-07-30 16:48:23,683 [main] INFO  com.netflix.discovery.DiscoveryClient              - Client configured to neither register nor query for data.
2025-07-30 16:48:23,685 [main] INFO  com.netflix.discovery.DiscoveryClient              - Discovery Client initialized at timestamp 1753908503684 with initial instances count: 0
2025-07-30 16:48:23,691 [main] INFO  o.s.c.n.e.s.EurekaServiceRegistry                  - Registering application NOTIFICATION-SERVICE with eureka with status UP
2025-07-30 16:48:23,692 [main] INFO  o.apache.coyote.http11.Http11NioProtocol           - Starting ProtocolHandler ["http-nio-8080"]
2025-07-30 16:48:23,704 [main] INFO  o.s.b.w.embedded.tomcat.TomcatWebServer            - Tomcat started on port 8080 (http) with context path '/notification-service'
2025-07-30 16:48:23,705 [main] INFO  o.s.c.n.e.s.EurekaAutoServiceRegistration          - Updating port to 8080
2025-07-30 16:48:23,719 [main] INFO  edu.market.notification.App                        - Started App in 8.123 seconds (process running for 8.568)
2025-07-30 16:51:58,648 [SpringApplicationShutdownHook] INFO  o.s.c.n.e.s.EurekaServiceRegistry                  - Unregistering application NOTIFICATION-SERVICE with eureka with status DOWN
2025-07-30 16:51:58,648 [SpringApplicationShutdownHook] INFO  o.s.b.w.embedded.tomcat.GracefulShutdown           - Commencing graceful shutdown. Waiting for active requests to complete
2025-07-30 16:51:58,654 [tomcat-shutdown] INFO  o.s.b.w.embedded.tomcat.GracefulShutdown           - Graceful shutdown complete
2025-07-30 16:51:58,664 [SpringApplicationShutdownHook] INFO  o.s.o.j.LocalContainerEntityManagerFactoryBean     - Closing JPA EntityManagerFactory for persistence unit 'default'
2025-07-30 16:51:58,665 [SpringApplicationShutdownHook] INFO  com.zaxxer.hikari.HikariDataSource                 - HikariPool-1 - Shutdown initiated...
2025-07-30 16:51:58,665 [SpringApplicationShutdownHook] INFO  com.zaxxer.hikari.HikariDataSource                 - HikariPool-1 - Shutdown completed.
2025-07-30 16:51:58,665 [SpringApplicationShutdownHook] INFO  com.netflix.discovery.DiscoveryClient              - Shutting down DiscoveryClient ...
2025-07-30 16:51:58,665 [SpringApplicationShutdownHook] INFO  com.netflix.discovery.DiscoveryClient              - Completed shut down of DiscoveryClient
